uid,namedLocation,date,eventID,domainID,siteID,plotID,individualID,growthForm,stemDiameter,measurementHeight,height
4df67da3-c0a5-448a-a3d4-a5f96475f327,DELA_044.basePlot.vst,2017-11-01,vst_DELA_2017,D08,DELA,DELA_044,NEON.PLA.D08.DELA.04425,NA,NA,NA,NA
1d7acf34-73d2-4553-af6a-8ab2059a952a,DELA_044.basePlot.vst,2017-11-01,vst_DELA_2017,D08,DELA,DELA_044,NEON.PLA.D08.DELA.04402,single bole tree,16.2,130,14.2
b7c6ca71-6226-48a2-ba52-51423a5a7501,DELA_044.basePlot.vst,2017-11-01,vst_DELA_2017,D08,DELA,DELA_044,NEON.PLA.D08.DELA.04433,single bole tree,19.3,130,15.3
31c383de-2d46-46bc-ab0b-7fb05d117832,DELA_044.basePlot.vst,2017-11-01,vst_DELA_2017,D08,DELA,DELA_044,NEON.PLA.D08.DELA.04443,single bole tree,22.8,130,16.0
5313e57a-370e-46bf-807c-70b1db3810aa,DELA_044.basePlot.vst,2017-11-01,vst_DELA_2017,D08,DELA,DELA_044,NEON.PLA.D08.DELA.04404,single bole tree,12.9,130,8.5
97b3d2ae-ff7f-42c0-bc2f-24177cead2fa,DELA_044.basePlot.vst,2017-11-01,vst_DELA_2017,D08,DELA,DELA_044,NEON.PLA.D08.DELA.04496,single bole tree,13.0,130,8.7
0328a71d-1c90-4376-a4cf-f66b403eb9ee,DELA_044.basePlot.vst,2017-11-01,vst_DELA_2017,D08,DELA,DELA_044,NEON.PLA.D08.DELA.04484,single bole tree,44.4,130,21.7
063f8621-0c99-4d8a-b6b9-fe42de2e3d8c,DELA_044.basePlot.vst,2017-11-01,vst_DELA_2017,D08,DELA,DELA_044,NEON.PLA.D08.DELA.04493,single bole tree,80.2,130,27.9
10924cfb-e220-4c43-bc60-e08585fca41d,DELA_044.basePlot.vst,2017-11-01,vst_DELA_2017,D08,DELA,DELA_044,NEON.PLA.D08.DELA.09663,single bole tree,11.2,130,9.6
2214de9b-54a5-4b13-9d35-3277f17aa3f7,DELA_044.basePlot.vst,2017-11-01,vst_DELA_2017,D08,DELA,DELA_044,NEON.PLA.D08.DELA.04440,single bole tree,103.2,130,27.1
bbb115a5-4f09-414b-977d-8d442fb21f9b,DELA_044.basePlot.vst,2017-11-01,vst_DELA_2017,D08,DELA,DELA_044,NEON.PLA.D08.DELA.04491,single bole tree,16.8,130,12.2
92b3ecce-b03e-4903-8d4a-e4ee3bd429de,DELA_044.basePlot.vst,2017-11-01,vst_DELA_2017,D08,DELA,DELA_044,NEON.PLA.D08.DELA.04432,single bole tree,26.7,130,17.9
d8f7b048-4097-4f63-bc9b-5fe524d6a303,DELA_044.basePlot.vst,2017-11-01,vst_DELA_2017,D08,DELA,DELA_044,NEON.PLA.D08.DELA.04490,single bole tree,29.2,130,15.8
afd49644-dfcd-40a7-bea3-97c37c73e076,DELA_044.basePlot.vst,2017-11-01,vst_DELA_2017,D08,DELA,DELA_044,NEON.PLA.D08.DELA.01296,single bole tree,17.6,130,11.7
db104ed0-47ad-45d1-a489-4768a8f489eb,DELA_044.basePlot.vst,2017-11-01,vst_DELA_2017,D08,DELA,DELA_044,NEON.PLA.D08.DELA.04406,single bole tree,12.8,130,9.0
6b3bc1b0-3fc8-4db5-abfc-610c939dd8c7,DELA_044.basePlot.vst,2017-11-01,vst_DELA_2017,D08,DELA,DELA_044,NEON.PLA.D08.DELA.04495,NA,NA,NA,NA
ae75d7cb-c236-4880-89d6-4c84ceadff6a,DELA_044.basePlot.vst,2017-11-01,vst_DELA_2017,D08,DELA,DELA_044,NEON.PLA.D08.DELA.04492,single bole tree,14.3,130,12.5
1a9ff626-6550-4c00-8782-ec3de16bdf36,DELA_044.basePlot.vst,2017-11-01,vst_DELA_2017,D08,DELA,DELA_044,NEON.PLA.D08.DELA.04494,single bole tree,19.1,130,13.2
44538993-c613-459d-b270-c539987582b8,DELA_044.basePlot.vst,2017-11-01,vst_DELA_2017,D08,DELA,DELA_044,NEON.PLA.D08.DELA.04444,single bole tree,13.9,130,11.9
eae0bff0-cc8c-4eb0-873c-3ec6e41069b6,DELA_044.basePlot.vst,2017-11-01,vst_DELA_2017,D08,DELA,DELA_044,NEON.PLA.D08.DELA.04470,single bole tree,11.0,130,8.9
f6268425-2014-413f-8dfc-c7c5f2d02406,DELA_044.basePlot.vst,2017-11-01,vst_DELA_2017,D08,DELA,DELA_044,NEON.PLA.D08.DELA.04446,single bole tree,25.3,130,17.8
8cb3ee47-555e-4c8c-a102-fd4e939e131f,DELA_044.basePlot.vst,2017-11-01,vst_DELA_2017,D08,DELA,DELA_044,NEON.PLA.D08.DELA.04464,single bole tree,24.2,130,13.5
5be4a11d-654f-4520-bea9-b22ebd5525f3,DELA_044.basePlot.vst,2017-11-01,vst_DELA_2017,D08,DELA,DELA_044,NEON.PLA.D08.DELA.09657,single bole tree,14.0,130,10.5
a3af3461-b183-41ad-ab0c-98a9dd002bd8,DELA_044.basePlot.vst,2017-11-01,vst_DELA_2017,D08,DELA,DELA_044,NEON.PLA.D08.DELA.04450,single bole tree,25.2,130,13.7
b5088bcd-a865-49ff-996a-81054e983030,DELA_044.basePlot.vst,2017-11-01,vst_DELA_2017,D08,DELA,DELA_044,NEON.PLA.D08.DELA.04441,single bole tree,12.3,130,12.1
11302729-a4c7-4e6f-8886-012f06900051,DELA_044.basePlot.vst,2017-11-01,vst_DELA_2017,D08,DELA,DELA_044,NEON.PLA.D08.DELA.04423,multi-bole tree,10.2,130,5.9
10f68e80-88ac-4e50-ae5a-2dc5d756717a,DELA_044.basePlot.vst,2017-11-01,vst_DELA_2017,D08,DELA,DELA_044,NEON.PLA.D08.DELA.04462,single bole tree,11.8,130,7.3
96038b4a-7ff8-4cb7-8919-7eca57b3df73,DELA_044.basePlot.vst,2017-11-01,vst_DELA_2017,D08,DELA,DELA_044,NEON.PLA.D08.DELA.04472A,multi-bole tree,14.8,130,NA
c5a97463-8b14-44f3-aa4a-46ab4256186e,DELA_044.basePlot.vst,2017-11-01,vst_DELA_2017,D08,DELA,DELA_044,NEON.PLA.D08.DELA.04430,single bole tree,16.7,130,17.9
3f592b8a-9082-4723-9c36-cc903393e1f2,DELA_044.basePlot.vst,2017-11-01,vst_DELA_2017,D08,DELA,DELA_044,NEON.PLA.D08.DELA.09656,single bole tree,22.2,130,19.3
822df9b5-0f9f-445b-bfb6-f2e99484aa25,DELA_044.basePlot.vst,2017-11-01,vst_DELA_2017,D08,DELA,DELA_044,NEON.PLA.D08.DELA.04472,multi-bole tree,12.2,130,8.4
99794d55-8477-4e62-b227-6488e32b3673,DELA_044.basePlot.vst,2017-11-01,vst_DELA_2017,D08,DELA,DELA_044,NEON.PLA.D08.DELA.04445,single bole tree,13.7,130,7.1
a58afbe6-92d2-47a3-a55e-09597d26fe8b,DELA_044.basePlot.vst,2017-11-01,vst_DELA_2017,D08,DELA,DELA_044,NEON.PLA.D08.DELA.04421,single bole tree,17.9,130,17.4
d18bfa3d-e2ea-49b4-a9ea-e0a3328e18f0,DELA_044.basePlot.vst,2017-11-01,vst_DELA_2017,D08,DELA,DELA_044,NEON.PLA.D08.DELA.04442,single bole tree,25.0,130,13.1
691573e7-a5db-468e-865b-00c7efa9c935,DELA_044.basePlot.vst,2017-11-01,vst_DELA_2017,D08,DELA,DELA_044,NEON.PLA.D08.DELA.04434,single bole tree,22.5,130,13.1
6738d500-90e1-42a1-8028-54bd79b98044,DELA_046.basePlot.vst,2017-11-02,vst_DELA_2017,D08,DELA,DELA_046,NEON.PLA.D08.DELA.04026,single bole tree,31.0,130,24.2
f8d82f48-cb0b-47fd-a589-3899e7fa61cf,DELA_046.basePlot.vst,2017-11-02,vst_DELA_2017,D08,DELA,DELA_046,NEON.PLA.D08.DELA.04036,single bole tree,20.3,130,21.4
61f99fbd-c520-43de-9e57-b8e3c064c53f,DELA_045.basePlot.vst,2017-11-02,vst_DELA_2017,D08,DELA,DELA_045,NEON.PLA.D08.DELA.04870,single bole tree,30.1,130,19.7
79659b11-7193-461e-8015-54bdee9b2e5b,DELA_045.basePlot.vst,2017-11-02,vst_DELA_2017,D08,DELA,DELA_045,NEON.PLA.D08.DELA.04859,single bole tree,39.2,130,25.5
537a35db-abbd-4fcc-9414-6e8bed1a94b5,DELA_045.basePlot.vst,2017-11-02,vst_DELA_2017,D08,DELA,DELA_045,NEON.PLA.D08.DELA.04872,single bole tree,23.2,130,21.9
52381051-21bd-4428-b658-f80ef004dcd3,DELA_045.basePlot.vst,2017-11-02,vst_DELA_2017,D08,DELA,DELA_045,NEON.PLA.D08.DELA.04860,single bole tree,19.6,130,19.5
37d0c018-f646-40d6-8650-cbcc11b588b5,DELA_045.basePlot.vst,2017-11-02,vst_DELA_2017,D08,DELA,DELA_045,NEON.PLA.D08.DELA.04878,single bole tree,24.4,130,24.7
8a965c92-b829-4377-9931-37400bea6b10,DELA_045.basePlot.vst,2017-11-02,vst_DELA_2017,D08,DELA,DELA_045,NEON.PLA.D08.DELA.04871,single bole tree,27.3,130,18.9
29b0fd49-582e-4651-8f45-9b6df2f76d4d,DELA_045.basePlot.vst,2017-11-02,vst_DELA_2017,D08,DELA,DELA_045,NEON.PLA.D08.DELA.04856,single bole tree,21.1,130,19.8
59827038-11ca-45c2-a277-ab121c8b3215,DELA_045.basePlot.vst,2017-11-02,vst_DELA_2017,D08,DELA,DELA_045,NEON.PLA.D08.DELA.04862,multi-bole tree,13.8,130,8.1
550e9182-2bca-4da1-9b3e-69d415286a96,DELA_045.basePlot.vst,2017-11-02,vst_DELA_2017,D08,DELA,DELA_045,NEON.PLA.D08.DELA.04853,single bole tree,57.8,130,28.4
347cc627-7fc7-43ba-bfc2-52c2a00e4dbd,DELA_045.basePlot.vst,2017-11-02,vst_DELA_2017,D08,DELA,DELA_045,NEON.PLA.D08.DELA.04883,single bole tree,21.8,130,18.2
4a3120c1-5313-4268-ad48-37f82de4c8bb,DELA_045.basePlot.vst,2017-11-02,vst_DELA_2017,D08,DELA,DELA_045,NEON.PLA.D08.DELA.04830,single bole tree,37.3,130,25.4
eead4f73-0ec4-4be8-8915-3c9edb5d3a42,DELA_045.basePlot.vst,2017-11-02,vst_DELA_2017,D08,DELA,DELA_045,NEON.PLA.D08.DELA.04886,single bole tree,27.2,130,17.2
ced97879-bd82-4e0f-b86d-8fc8c713d759,DELA_045.basePlot.vst,2017-11-02,vst_DELA_2017,D08,DELA,DELA_045,NEON.PLA.D08.DELA.09801,single bole tree,15.7,130,15.4
f392d37c-e52b-4bfb-a588-66281ba2a194,DELA_045.basePlot.vst,2017-11-02,vst_DELA_2017,D08,DELA,DELA_045,NEON.PLA.D08.DELA.04865,single bole tree,27.9,130,20.7
79a6eb74-edec-4110-b741-31dd23fe4bea,DELA_045.basePlot.vst,2017-11-02,vst_DELA_2017,D08,DELA,DELA_045,NEON.PLA.D08.DELA.04877,single bole tree,13.4,130,15.5
ee8f55cd-1f96-4282-bc37-89625803338b,DELA_046.basePlot.vst,2017-11-02,vst_DELA_2017,D08,DELA,DELA_046,NEON.PLA.D08.DELA.04016,single bole tree,10.4,130,4.8
211fc867-509f-446d-88ec-02ec28c9ca76,DELA_046.basePlot.vst,2017-11-02,vst_DELA_2017,D08,DELA,DELA_046,NEON.PLA.D08.DELA.04047A,multi-bole tree,16.6,175,NA
2608b183-c3f2-47f6-856e-86b226251f8a,DELA_046.basePlot.vst,2017-11-02,vst_DELA_2017,D08,DELA,DELA_046,NEON.PLA.D08.DELA.04056,single bole tree,12.5,130,12.8
5d90f7f1-70b0-4e65-aafb-d5d7dd7bb6e9,DELA_045.basePlot.vst,2017-11-02,vst_DELA_2017,D08,DELA,DELA_045,NEON.PLA.D08.DELA.04873,single bole tree,31.5,130,25.7
0a14cfb3-83d2-41ff-8348-a51a7b050bc9,DELA_046.basePlot.vst,2017-11-02,vst_DELA_2017,D08,DELA,DELA_046,NEON.PLA.D08.DELA.04023,single bole tree,60.1,130,13.1
22a24f76-19c1-471d-b870-827bf53b7b0e,DELA_046.basePlot.vst,2017-11-02,vst_DELA_2017,D08,DELA,DELA_046,NEON.PLA.D08.DELA.04060,multi-bole tree,37.4,130,24.0
af71e253-fca1-4ae8-aedd-4b8f014b400a,DELA_046.basePlot.vst,2017-11-02,vst_DELA_2017,D08,DELA,DELA_046,NEON.PLA.D08.DELA.01166,single bole tree,14.0,130,4.9
196e5e1c-d2fd-4f2d-bc40-0744d7e07b96,DELA_046.basePlot.vst,2017-11-02,vst_DELA_2017,D08,DELA,DELA_046,NEON.PLA.D08.DELA.04061,single bole tree,23.3,130,20.0
829156d1-8b2d-4117-8bf6-c6cb4f3db7ad,DELA_046.basePlot.vst,2017-11-02,vst_DELA_2017,D08,DELA,DELA_046,NEON.PLA.D08.DELA.04066,single bole tree,24.1,130,22.9
abf1dacf-c0f5-46bc-ad89-0d720f2fa87e,DELA_046.basePlot.vst,2017-11-02,vst_DELA_2017,D08,DELA,DELA_046,NEON.PLA.D08.DELA.04018,single bole tree,48.4,130,25.6
11d9d5bf-90c9-4d25-a167-033f802dc3ee,DELA_046.basePlot.vst,2017-11-02,vst_DELA_2017,D08,DELA,DELA_046,NEON.PLA.D08.DELA.04071,single bole tree,20.8,130,9.5
27fb0de8-18dd-46ab-9aed-3b7bda080f38,DELA_046.basePlot.vst,2017-11-02,vst_DELA_2017,D08,DELA,DELA_046,NEON.PLA.D08.DELA.04065,single bole tree,15.7,130,15.3
f25bab46-8a31-4161-a7ec-56d4b1be24eb,DELA_046.basePlot.vst,2017-11-02,vst_DELA_2017,D08,DELA,DELA_046,NEON.PLA.D08.DELA.12514,single bole tree,11.1,130,6.7
1d4e2402-3db8-423b-bf61-2961da5e3eb7,DELA_045.basePlot.vst,2017-11-02,vst_DELA_2017,D08,DELA,DELA_045,NEON.PLA.D08.DELA.04876,single bole tree,14.5,130,6.9
ddfb928a-7059-4ea2-ae2e-6e02e16a72e6,DELA_045.basePlot.vst,2017-11-02,vst_DELA_2017,D08,DELA,DELA_045,NEON.PLA.D08.DELA.04858A,multi-bole tree,7.0,130,16.1
396d1c45-edf7-4688-bebf-5969fbb6da52,DELA_045.basePlot.vst,2017-11-02,vst_DELA_2017,D08,DELA,DELA_045,NEON.PLA.D08.DELA.12276,single bole tree,17.5,130,8.8
6c0a9664-4b3b-4a4d-bfc1-7e51c9981e7a,DELA_045.basePlot.vst,2017-11-02,vst_DELA_2017,D08,DELA,DELA_045,NEON.PLA.D08.DELA.04854,single bole tree,12.4,130,11.0
9923e4ca-e24a-4319-86be-338ccda3fe2b,DELA_045.basePlot.vst,2017-11-02,vst_DELA_2017,D08,DELA,DELA_045,NEON.PLA.D08.DELA.04831,single bole tree,20.6,130,15.5
f34b8795-a4f9-4706-b39d-b6185a71e0a6,DELA_045.basePlot.vst,2017-11-02,vst_DELA_2017,D08,DELA,DELA_045,NEON.PLA.D08.DELA.04858,multi-bole tree,17.2,130,16.1
1f1d4b58-3c5e-44a5-9513-b07448848830,DELA_045.basePlot.vst,2017-11-02,vst_DELA_2017,D08,DELA,DELA_045,NEON.PLA.D08.DELA.04862A,multi-bole tree,8.5,130,8.1
4b1bf0f9-4817-428f-9abf-b31c08e0f375,DELA_045.basePlot.vst,2017-11-02,vst_DELA_2017,D08,DELA,DELA_045,NEON.PLA.D08.DELA.04880,single bole tree,34.4,130,24.1
5331b353-630b-47bc-971e-3d9e418dfa6f,DELA_045.basePlot.vst,2017-11-02,vst_DELA_2017,D08,DELA,DELA_045,NEON.PLA.D08.DELA.04864,single bole tree,64.0,130,27.1
b7335efa-4d56-426b-91da-c97b1c840e47,DELA_045.basePlot.vst,2017-11-02,vst_DELA_2017,D08,DELA,DELA_045,NEON.PLA.D08.DELA.04855,single bole tree,15.2,130,10.6
4d7298a6-c974-49cb-b509-fc1a3ee1a955,DELA_045.basePlot.vst,2017-11-02,vst_DELA_2017,D08,DELA,DELA_045,NEON.PLA.D08.DELA.04875,single bole tree,27.9,130,17.4
39c7d173-d743-49a9-bf01-6a73775007d6,DELA_045.basePlot.vst,2017-11-02,vst_DELA_2017,D08,DELA,DELA_045,NEON.PLA.D08.DELA.04861,single bole tree,16.7,130,13.3
1121372b-471f-4d59-a678-c2e7ed78b386,DELA_045.basePlot.vst,2017-11-02,vst_DELA_2017,D08,DELA,DELA_045,NEON.PLA.D08.DELA.04882,single bole tree,38.4,130,26.7
e090a54d-076f-4eee-abb2-f75f64f320f7,DELA_045.basePlot.vst,2017-11-02,vst_DELA_2017,D08,DELA,DELA_045,NEON.PLA.D08.DELA.04863,single bole tree,23.5,130,18.2
96339def-4577-4aa1-8c56-bf37767315f0,DELA_046.basePlot.vst,2017-11-02,vst_DELA_2017,D08,DELA,DELA_046,NEON.PLA.D08.DELA.04063,single bole tree,14.4,130,7.1
2a07db84-b51e-451d-af5d-69a26263bf99,DELA_046.basePlot.vst,2017-11-02,vst_DELA_2017,D08,DELA,DELA_046,NEON.PLA.D08.DELA.04058,single bole tree,23.8,130,19.9
fcf0c812-2310-42ab-9f7c-367fab1e77db,DELA_046.basePlot.vst,2017-11-02,vst_DELA_2017,D08,DELA,DELA_046,NEON.PLA.D08.DELA.04068,single bole tree,19.1,130,17.2
e48bb8a7-e1ef-4ec5-9e47-ea18e720b254,DELA_046.basePlot.vst,2017-11-02,vst_DELA_2017,D08,DELA,DELA_046,NEON.PLA.D08.DELA.04031,single bole tree,12.7,130,12.6
bcfc594f-7508-405e-86cc-213fc16cf04f,DELA_046.basePlot.vst,2017-11-02,vst_DELA_2017,D08,DELA,DELA_046,NEON.PLA.D08.DELA.04054,single bole tree,22.0,130,16.4
e2601b8b-4e58-4a75-9733-27022142b0b1,DELA_046.basePlot.vst,2017-11-02,vst_DELA_2017,D08,DELA,DELA_046,NEON.PLA.D08.DELA.04048,single bole tree,27.3,130,24.3
f5364640-f080-4ba5-8ccd-cde360ac43e9,DELA_046.basePlot.vst,2017-11-02,vst_DELA_2017,D08,DELA,DELA_046,NEON.PLA.D08.DELA.04059,single bole tree,11.9,130,15.8
3b3fa47d-fade-4c83-a3db-c5daa4af0606,DELA_046.basePlot.vst,2017-11-02,vst_DELA_2017,D08,DELA,DELA_046,NEON.PLA.D08.DELA.04047,multi-bole tree,30.7,175,20.7
226a31ee-7cb9-4cab-a152-0f7047b72505,DELA_046.basePlot.vst,2017-11-02,vst_DELA_2017,D08,DELA,DELA_046,NEON.PLA.D08.DELA.04049,single bole tree,12.0,130,9.7
5cca7922-f67a-461a-8340-7ad0742c3f30,DELA_046.basePlot.vst,2017-11-02,vst_DELA_2017,D08,DELA,DELA_046,NEON.PLA.D08.DELA.04050,single bole tree,39.5,130,27.4
6e135e31-56fc-475b-befb-1b7b08019fba,DELA_046.basePlot.vst,2017-11-02,vst_DELA_2017,D08,DELA,DELA_046,NEON.PLA.D08.DELA.04070,single bole tree,47.6,130,22.1
80f56812-05a1-431e-8961-1e793ee10dac,DELA_046.basePlot.vst,2017-11-02,vst_DELA_2017,D08,DELA,DELA_046,NEON.PLA.D08.DELA.04042,single bole tree,17.0,130,17.2
25ced574-9b12-4e8e-a5dc-720abb57576b,DELA_046.basePlot.vst,2017-11-02,vst_DELA_2017,D08,DELA,DELA_046,NEON.PLA.D08.DELA.04046,single bole tree,29.0,130,20.5
e23a3360-799b-41bd-98db-926c425d17c7,DELA_046.basePlot.vst,2017-11-02,vst_DELA_2017,D08,DELA,DELA_046,NEON.PLA.D08.DELA.04034,multi-bole tree,14.9,130,13.9
a36c6138-3c60-4638-a85f-6378db8a8816,DELA_046.basePlot.vst,2017-11-02,vst_DELA_2017,D08,DELA,DELA_046,NEON.PLA.D08.DELA.04029,single bole tree,20.5,130,18.3
0649c15e-e4a9-4969-9a6a-ad26480804ec,DELA_046.basePlot.vst,2017-11-02,vst_DELA_2017,D08,DELA,DELA_046,NEON.PLA.D08.DELA.04038,single bole tree,10.8,130,10.4
791133af-a564-492a-95c7-2920fb50cd1c,DELA_046.basePlot.vst,2017-11-02,vst_DELA_2017,D08,DELA,DELA_046,NEON.PLA.D08.DELA.04008,single bole tree,17.7,130,10.2
31911a6e-0000-4258-8bdf-451838308668,DELA_046.basePlot.vst,2017-11-02,vst_DELA_2017,D08,DELA,DELA_046,NEON.PLA.D08.DELA.04044,single bole tree,16.7,130,16.9
dfd8e4f4-a792-460e-908c-dd8bc4f98e05,DELA_046.basePlot.vst,2017-11-02,vst_DELA_2017,D08,DELA,DELA_046,NEON.PLA.D08.DELA.04060A,multi-bole tree,16.6,130,NA
65cd2653-6576-490a-85b1-d6ac132a6bad,DELA_046.basePlot.vst,2017-11-02,vst_DELA_2017,D08,DELA,DELA_046,NEON.PLA.D08.DELA.04057,single bole tree,34.4,130,20.3
023977d1-501b-4616-9970-23b608a22dba,DELA_046.basePlot.vst,2017-11-02,vst_DELA_2017,D08,DELA,DELA_046,NEON.PLA.D08.DELA.04006,single bole tree,20.7,130,16.0
fc0767a0-dd6d-4376-93ae-7ac8214ff3f8,DELA_046.basePlot.vst,2017-11-02,vst_DELA_2017,D08,DELA,DELA_046,NEON.PLA.D08.DELA.12506,single bole tree,11.0,130,6.1
586f92a7-1b16-4057-8389-afdf81f2459a,DELA_046.basePlot.vst,2017-11-02,vst_DELA_2017,D08,DELA,DELA_046,NEON.PLA.D08.DELA.04069,single bole tree,NA,NA,NA
19336484-9e4d-4ca8-b190-89b81e29f906,DELA_046.basePlot.vst,2017-11-02,vst_DELA_2017,D08,DELA,DELA_046,NEON.PLA.D08.DELA.04028,single bole tree,22.5,130,19.2
08e55f8f-0ba2-4db4-9554-361536a68be2,DELA_046.basePlot.vst,2017-11-02,vst_DELA_2017,D08,DELA,DELA_046,NEON.PLA.D08.DELA.04067,NA,NA,NA,NA
de2e2a1c-ba65-4fcc-a783-f7bd47eb232d,DELA_047.basePlot.vst,2017-11-07,vst_DELA_2017,D08,DELA,DELA_047,NEON.PLA.D08.DELA.03857,single bole tree,27.8,130,15.2
cda6bed6-56b1-48af-89d3-cfdce42ff251,DELA_047.basePlot.vst,2017-11-07,vst_DELA_2017,D08,DELA,DELA_047,NEON.PLA.D08.DELA.03835,single bole tree,11.2,130,6.9
cdfcc612-cf5a-417f-8cfd-bd123a3f3e7a,DELA_047.basePlot.vst,2017-11-07,vst_DELA_2017,D08,DELA,DELA_047,NEON.PLA.D08.DELA.03885,single bole tree,14.7,130,8.9
5c0b4d04-0fdc-4204-9b75-68610e7394ad,DELA_047.basePlot.vst,2017-11-07,vst_DELA_2017,D08,DELA,DELA_047,NEON.PLA.D08.DELA.03901,single bole tree,15.6,130,11.4
1fb0b592-d4c9-4523-b072-b20acbd0ecd7,DELA_047.basePlot.vst,2017-11-07,vst_DELA_2017,D08,DELA,DELA_047,NEON.PLA.D08.DELA.03826,single bole tree,23.0,130,13.2
ac933035-708e-4e45-a643-a3a44958fefa,DELA_050.basePlot.vst,2017-11-07,vst_DELA_2017,D08,DELA,DELA_050,NEON.PLA.D08.DELA.04332,single bole tree,49.5,130,23.4
bed0cc2d-9465-4e77-bcd3-74cd728074a5,DELA_050.basePlot.vst,2017-11-07,vst_DELA_2017,D08,DELA,DELA_050,NEON.PLA.D08.DELA.04394,single bole tree,46.9,130,22.4
d3c3fbbc-a8dc-4328-8889-c9e0f11d0363,DELA_047.basePlot.vst,2017-11-07,vst_DELA_2017,D08,DELA,DELA_047,NEON.PLA.D08.DELA.03888,single bole tree,13.1,130,10.2
f9367ed2-bdb0-4c50-898a-346d5382d336,DELA_047.basePlot.vst,2017-11-07,vst_DELA_2017,D08,DELA,DELA_047,NEON.PLA.D08.DELA.03788,single bole tree,18.3,130,10.7
c7a5e3f0-094b-4b33-9b1c-4e5a55bb7beb,DELA_047.basePlot.vst,2017-11-07,vst_DELA_2017,D08,DELA,DELA_047,NEON.PLA.D08.DELA.03903,single bole tree,13.5,130,5.4
244b6dd4-c48c-478a-8e4a-8b0fb2c8cda3,DELA_050.basePlot.vst,2017-11-07,vst_DELA_2017,D08,DELA,DELA_050,NEON.PLA.D08.DELA.04388,single bole tree,11.8,130,11.6
0d6fd2de-039b-44c9-aa5e-b4b5f2168f37,DELA_050.basePlot.vst,2017-11-07,vst_DELA_2017,D08,DELA,DELA_050,NEON.PLA.D08.DELA.04331,single bole tree,13.5,130,12.2
83c10e25-a106-4764-836a-0d6e147f6118,DELA_050.basePlot.vst,2017-11-07,vst_DELA_2017,D08,DELA,DELA_050,NEON.PLA.D08.DELA.04302,single bole tree,13.6,135,10.1
532f1ded-73ef-4f10-a55d-7399d5a70db9,DELA_050.basePlot.vst,2017-11-07,vst_DELA_2017,D08,DELA,DELA_050,NEON.PLA.D08.DELA.04338,small tree,9.8,130,7.6
82d700e1-852d-4839-8d55-4bbab88eb2c8,DELA_047.basePlot.vst,2017-11-07,vst_DELA_2017,D08,DELA,DELA_047,NEON.PLA.D08.DELA.10054,single bole tree,15.2,130,9.2
7003eff7-4811-4ba8-8eef-4db1bf02f39f,DELA_047.basePlot.vst,2017-11-07,vst_DELA_2017,D08,DELA,DELA_047,NEON.PLA.D08.DELA.03842,single bole tree,17.6,130,9.1
5cb93e91-d6f5-4233-bcf5-4121ae5013ff,DELA_050.basePlot.vst,2017-11-07,vst_DELA_2017,D08,DELA,DELA_050,NEON.PLA.D08.DELA.04384,single bole tree,16.6,130,15.7
8eade01c-15be-4110-ab8c-bd45fe00ddc6,DELA_050.basePlot.vst,2017-11-07,vst_DELA_2017,D08,DELA,DELA_050,NEON.PLA.D08.DELA.04312,single bole tree,16.7,130,14.5
bdc33630-bcb9-4e4a-ac76-b165cb60dba7,DELA_047.basePlot.vst,2017-11-07,vst_DELA_2017,D08,DELA,DELA_047,NEON.PLA.D08.DELA.03899,multi-bole tree,17.6,130,9.6
35be8917-dc1f-4ffd-9c70-95a929966e26,DELA_047.basePlot.vst,2017-11-07,vst_DELA_2017,D08,DELA,DELA_047,NEON.PLA.D08.DELA.03830,single bole tree,18.5,130,16.2
16c1e7be-2ca3-44b0-9c13-5f1f69fc60b9,DELA_047.basePlot.vst,2017-11-07,vst_DELA_2017,D08,DELA,DELA_047,NEON.PLA.D08.DELA.03898,single bole tree,20.8,130,11.4
6acf11ad-11f1-4099-bddd-e290ae56511e,DELA_047.basePlot.vst,2017-11-07,vst_DELA_2017,D08,DELA,DELA_047,NEON.PLA.D08.DELA.03833,single bole tree,39.2,130,13.4
63a90642-794f-4381-a37d-5b63c6488db4,DELA_047.basePlot.vst,2017-11-07,vst_DELA_2017,D08,DELA,DELA_047,NEON.PLA.D08.DELA.03834,multi-bole tree,22.0,130,10.5
4514eb20-6689-46b4-8133-f3884476fe25,DELA_047.basePlot.vst,2017-11-07,vst_DELA_2017,D08,DELA,DELA_047,NEON.PLA.D08.DELA.03836,single bole tree,14.4,130,6.5
3aa2a7fd-8715-49d0-88fa-d8a4d003ad96,DELA_047.basePlot.vst,2017-11-07,vst_DELA_2017,D08,DELA,DELA_047,NEON.PLA.D08.DELA.03869,single bole tree,14.1,130,6.8
ced35c47-87bc-4f1b-b599-bba47edc9ae9,DELA_050.basePlot.vst,2017-11-07,vst_DELA_2017,D08,DELA,DELA_050,NEON.PLA.D08.DELA.09953,single bole tree,14.3,130,13.5
1b7e723b-ffcc-4431-89df-980d564f9245,DELA_050.basePlot.vst,2017-11-07,vst_DELA_2017,D08,DELA,DELA_050,NEON.PLA.D08.DELA.04329,single bole tree,42.8,130,16.4
ee1349b1-84ce-49df-8048-66b4cf5fb140,DELA_050.basePlot.vst,2017-11-07,vst_DELA_2017,D08,DELA,DELA_050,NEON.PLA.D08.DELA.04288,single bole tree,37.8,130,19.2
0b1b1540-2487-407f-997e-b312d49ea696,DELA_047.basePlot.vst,2017-11-07,vst_DELA_2017,D08,DELA,DELA_047,NEON.PLA.D08.DELA.03829,single bole tree,21.7,130,13.1
5f871ceb-e75e-453d-a4d4-052f8ff99918,DELA_047.basePlot.vst,2017-11-07,vst_DELA_2017,D08,DELA,DELA_047,NEON.PLA.D08.DELA.03859,single bole tree,51.1,130,14.8
d37e3318-330d-4738-b199-13c9355acd3f,DELA_050.basePlot.vst,2017-11-07,vst_DELA_2017,D08,DELA,DELA_050,NEON.PLA.D08.DELA.04322,single bole tree,43.3,130,23.1
a54604b0-1266-492d-9a1c-ab56b6ee87e8,DELA_050.basePlot.vst,2017-11-07,vst_DELA_2017,D08,DELA,DELA_050,NEON.PLA.D08.DELA.04392,multi-bole tree,18.3,130,20.0
59ad94ff-9f4c-4982-9eeb-00bcf3d5697d,DELA_047.basePlot.vst,2017-11-07,vst_DELA_2017,D08,DELA,DELA_047,NEON.PLA.D08.DELA.03860,single bole tree,12.0,130,8.9
11a7d2e7-ffac-41c2-910e-64d8181edd8b,DELA_047.basePlot.vst,2017-11-07,vst_DELA_2017,D08,DELA,DELA_047,NEON.PLA.D08.DELA.03793,single bole tree,21.5,130,11.3
014e275a-b95a-4e9b-844a-80289a79d43e,DELA_047.basePlot.vst,2017-11-07,vst_DELA_2017,D08,DELA,DELA_047,NEON.PLA.D08.DELA.10058,single bole tree,13.5,130,5.1
b17c14a2-5efd-44e6-a097-8011342bcbc7,DELA_047.basePlot.vst,2017-11-07,vst_DELA_2017,D08,DELA,DELA_047,NEON.PLA.D08.DELA.03782,single bole tree,18.3,130,9.1
d657f788-4fd5-4b38-a85e-87aa677c72e2,DELA_050.basePlot.vst,2017-11-07,vst_DELA_2017,D08,DELA,DELA_050,NEON.PLA.D08.DELA.04330,single bole tree,15.0,130,10.5
73911474-20b3-4568-8fc0-d74db6f71e6b,DELA_047.basePlot.vst,2017-11-07,vst_DELA_2017,D08,DELA,DELA_047,NEON.PLA.D08.DELA.03841,single bole tree,16.6,130,11.3
b1895a3b-766f-43e0-81da-665ceba666f2,DELA_047.basePlot.vst,2017-11-07,vst_DELA_2017,D08,DELA,DELA_047,NEON.PLA.D08.DELA.10050,single bole tree,22.3,160,12.2
2f4c6807-8f17-45a3-b4bc-7841d5456bb3,DELA_047.basePlot.vst,2017-11-07,vst_DELA_2017,D08,DELA,DELA_047,NEON.PLA.D08.DELA.12187,multi-bole tree,28.8,130,9.4
bac53b2b-b30a-4bff-8c51-8ba5d00506f2,DELA_050.basePlot.vst,2017-11-07,vst_DELA_2017,D08,DELA,DELA_050,NEON.PLA.D08.DELA.04398,single bole tree,12.9,130,12.9
914ad737-082f-47d6-be50-160310cfe8f5,DELA_047.basePlot.vst,2017-11-07,vst_DELA_2017,D08,DELA,DELA_047,NEON.PLA.D08.DELA.03831,single bole tree,20.5,130,9.1
c4e3259c-317f-403a-a800-36b613b86d2b,DELA_047.basePlot.vst,2017-11-07,vst_DELA_2017,D08,DELA,DELA_047,NEON.PLA.D08.DELA.12187A,multi-bole tree,12.7,130,NA
6564c4bb-ffef-4781-a81e-f89552290d64,DELA_047.basePlot.vst,2017-11-07,vst_DELA_2017,D08,DELA,DELA_047,NEON.PLA.D08.DELA.10051,single bole tree,32.1,130,16.8
e64f00a6-8de2-47ac-b134-be567628afbe,DELA_050.basePlot.vst,2017-11-07,vst_DELA_2017,D08,DELA,DELA_050,NEON.PLA.D08.DELA.04391,single bole tree,11.6,130,13.1
a0bfa643-0d1d-40da-9e82-d5c6ec26b19c,DELA_050.basePlot.vst,2017-11-07,vst_DELA_2017,D08,DELA,DELA_050,NEON.PLA.D08.DELA.04395,single bole tree,14.0,130,13.0
d68403f7-f3c7-4fe8-b4e3-1f52bb17ebcf,DELA_047.basePlot.vst,2017-11-07,vst_DELA_2017,D08,DELA,DELA_047,NEON.PLA.D08.DELA.03873,single bole tree,14.5,130,12.0
56285da9-91d0-4042-8351-faa7a814a1a3,DELA_047.basePlot.vst,2017-11-07,vst_DELA_2017,D08,DELA,DELA_047,NEON.PLA.D08.DELA.03891,single bole tree,15.3,130,8.0
808a4147-ffd5-4bdf-9f4f-39c558ba3f05,DELA_050.basePlot.vst,2017-11-07,vst_DELA_2017,D08,DELA,DELA_050,NEON.PLA.D08.DELA.04308,single bole tree,23.4,130,15.8
38451f25-a203-4280-9a65-e78bee2d1101,DELA_047.basePlot.vst,2017-11-07,vst_DELA_2017,D08,DELA,DELA_047,NEON.PLA.D08.DELA.10052,single bole tree,13.2,130,11.5
8af69e72-ab1e-4895-b3a7-c425fe979bb0,DELA_050.basePlot.vst,2017-11-07,vst_DELA_2017,D08,DELA,DELA_050,NEON.PLA.D08.DELA.04333,single bole tree,13.4,130,6.3
1be56c77-8191-463f-b30d-30381557e31a,DELA_050.basePlot.vst,2017-11-07,vst_DELA_2017,D08,DELA,DELA_050,NEON.PLA.D08.DELA.04327,single bole tree,24.9,130,16.1
2ca9c65e-e3c8-4e44-b0aa-b6aa12f95629,DELA_047.basePlot.vst,2017-11-07,vst_DELA_2017,D08,DELA,DELA_047,NEON.PLA.D08.DELA.03802,single shrub,7.3,130,2.6
51ebc3cd-76f3-4515-9989-4db5f5c1f1da,DELA_050.basePlot.vst,2017-11-07,vst_DELA_2017,D08,DELA,DELA_050,NEON.PLA.D08.DELA.04304,single bole tree,15.9,130,17.3
a384e7e6-11a3-4b75-923d-5286610230ae,DELA_047.basePlot.vst,2017-11-07,vst_DELA_2017,D08,DELA,DELA_047,NEON.PLA.D08.DELA.03902,single bole tree,39.5,130,19.1
b65f996d-62ee-4fcc-9b19-72dd95a267c8,DELA_047.basePlot.vst,2017-11-07,vst_DELA_2017,D08,DELA,DELA_047,NEON.PLA.D08.DELA.10053,single bole tree,13.4,130,15.7
d9469d77-ce90-431a-af71-8073f635a724,DELA_047.basePlot.vst,2017-11-07,vst_DELA_2017,D08,DELA,DELA_047,NEON.PLA.D08.DELA.03900,single bole tree,15.5,130,9.7
eb9e6a6c-1cc1-49fa-9508-c7aa55d3e782,DELA_050.basePlot.vst,2017-11-07,vst_DELA_2017,D08,DELA,DELA_050,NEON.PLA.D08.DELA.04380,single bole tree,10.6,130,9.6
417aba77-d8fb-4f28-a28f-3171d59b522a,DELA_055.basePlot.vst,2017-11-08,vst_DELA_2017,D08,DELA,DELA_055,NEON.PLA.D08.DELA.03666,single bole tree,52.0,130,15.8
5216c3f6-3b18-49cc-8720-72faba6fc2a2,DELA_048.basePlot.vst,2017-11-08,vst_DELA_2017,D08,DELA,DELA_048,NEON.PLA.D08.DELA.10321,single bole tree,10.0,130,6.9
14cc8f3a-d1cc-4211-b54c-7317bbb88335,DELA_052.basePlot.vst,2017-11-08,vst_DELA_2017,D08,DELA,DELA_052,NEON.PLA.D08.DELA.04574,single bole tree,14.7,130,11.4
56941a67-f11d-4ba2-a6da-35e2c1376471,DELA_055.basePlot.vst,2017-11-08,vst_DELA_2017,D08,DELA,DELA_055,NEON.PLA.D08.DELA.03652,single bole tree,15.5,130,6.3
4d7cc692-31ae-4cf4-999f-94bbd0f7a441,DELA_055.basePlot.vst,2017-11-08,vst_DELA_2017,D08,DELA,DELA_055,NEON.PLA.D08.DELA.03672,single bole tree,19.3,130,7.0
61f42df5-7a18-4cee-a19e-1251c13b35cd,DELA_054.basePlot.vst,2017-11-08,vst_DELA_2017,D08,DELA,DELA_054,NEON.PLA.D08.DELA.04727,single bole tree,15.0,130,12.5
828bde03-7b1d-48cb-bbcb-6854ec5a2ff7,DELA_055.basePlot.vst,2017-11-08,vst_DELA_2017,D08,DELA,DELA_055,NEON.PLA.D08.DELA.03680,single bole tree,11.5,130,7.2
767f9f40-3628-48ff-aa2a-365b8138bcc3,DELA_052.basePlot.vst,2017-11-08,vst_DELA_2017,D08,DELA,DELA_052,NEON.PLA.D08.DELA.04587,single bole tree,31.8,130,27.9
648266d9-549b-46ca-8a87-8443dd76cb27,DELA_048.basePlot.vst,2017-11-08,vst_DELA_2017,D08,DELA,DELA_048,NEON.PLA.D08.DELA.03719,single bole tree,39.5,130,14.2
1404f603-34cb-4ac1-9252-0c26e967d24b,DELA_052.basePlot.vst,2017-11-08,vst_DELA_2017,D08,DELA,DELA_052,NEON.PLA.D08.DELA.04614,single bole tree,25.9,130,20.5
e8d53374-1da8-4a85-aff0-df405ff42e60,DELA_048.basePlot.vst,2017-11-08,vst_DELA_2017,D08,DELA,DELA_048,NEON.PLA.D08.DELA.03751,single bole tree,17.7,130,12.0
a958400f-8032-4aa9-afee-64c756cdde0c,DELA_052.basePlot.vst,2017-11-08,vst_DELA_2017,D08,DELA,DELA_052,NEON.PLA.D08.DELA.04575,single bole tree,17.2,130,9.8
a796c901-abff-4f67-86d8-5b44adaab462,DELA_052.basePlot.vst,2017-11-08,vst_DELA_2017,D08,DELA,DELA_052,NEON.PLA.D08.DELA.04570A,multi-bole tree,9.5,130,10.0
2b6b29c7-402a-481b-a04f-8ef551919e5a,DELA_048.basePlot.vst,2017-11-08,vst_DELA_2017,D08,DELA,DELA_048,NEON.PLA.D08.DELA.03778,single bole tree,11.8,130,8.1
f4eceb9d-a054-4f94-b0a0-2e8a4288c5ed,DELA_054.basePlot.vst,2017-11-08,vst_DELA_2017,D08,DELA,DELA_054,NEON.PLA.D08.DELA.12191,single bole tree,10.0,130,3.1
facf298b-3b53-40f9-aa90-7493187792e6,DELA_055.basePlot.vst,2017-11-08,vst_DELA_2017,D08,DELA,DELA_055,NEON.PLA.D08.DELA.01177,single bole tree,13.5,130,7.0
0eec1021-aa85-4246-bd63-06d43d7f37f6,DELA_055.basePlot.vst,2017-11-08,vst_DELA_2017,D08,DELA,DELA_055,NEON.PLA.D08.DELA.03644,single bole tree,12.6,130,8.0
7679d8b9-0542-45a0-83bd-5d6908fe0423,DELA_054.basePlot.vst,2017-11-08,vst_DELA_2017,D08,DELA,DELA_054,NEON.PLA.D08.DELA.04734,single bole tree,19.6,130,8.1
3052b501-c7cc-4c78-bc08-a5e941db2e25,DELA_054.basePlot.vst,2017-11-08,vst_DELA_2017,D08,DELA,DELA_054,NEON.PLA.D08.DELA.04746,single bole tree,70.3,130,30.8
d2cdf267-38c5-4b89-bdd8-b8e8b205e954,DELA_052.basePlot.vst,2017-11-08,vst_DELA_2017,D08,DELA,DELA_052,NEON.PLA.D08.DELA.04559,single bole tree,66.0,130,18.8
53231757-3b4a-4e52-94a6-a5fac75e4f32,DELA_048.basePlot.vst,2017-11-08,vst_DELA_2017,D08,DELA,DELA_048,NEON.PLA.D08.DELA.03774,single bole tree,25.0,138,15.2
c1e08a80-ed51-492d-a4c2-17bc05729721,DELA_048.basePlot.vst,2017-11-08,vst_DELA_2017,D08,DELA,DELA_048,NEON.PLA.D08.DELA.03777,single bole tree,27.1,130,7.5
314da47f-a6ca-4fff-b139-b18107397f66,DELA_054.basePlot.vst,2017-11-08,vst_DELA_2017,D08,DELA,DELA_054,NEON.PLA.D08.DELA.04729,single bole tree,13.1,140,10.5
04253b73-5e20-486b-9e71-e81ea14657a3,DELA_055.basePlot.vst,2017-11-08,vst_DELA_2017,D08,DELA,DELA_055,NEON.PLA.D08.DELA.03664,single bole tree,23.6,135,4.5
4012335c-e575-4dc9-8727-de63a7ca02f2,DELA_048.basePlot.vst,2017-11-08,vst_DELA_2017,D08,DELA,DELA_048,NEON.PLA.D08.DELA.10322,single bole tree,12.5,130,7.7
17ebf2c7-03e4-41ac-813b-f8348734ee1b,DELA_055.basePlot.vst,2017-11-08,vst_DELA_2017,D08,DELA,DELA_055,NEON.PLA.D08.DELA.03674,single bole tree,28.5,130,11.2
1a5dea87-0743-4212-935c-c6dc0c128fa1,DELA_055.basePlot.vst,2017-11-08,vst_DELA_2017,D08,DELA,DELA_055,NEON.PLA.D08.DELA.03661,single bole tree,21.0,130,9.3
6b8b9758-3ab7-4d19-bfb2-23c0454e8e03,DELA_048.basePlot.vst,2017-11-08,vst_DELA_2017,D08,DELA,DELA_048,NEON.PLA.D08.DELA.03696,single bole tree,13.8,130,7.1
a9b7d248-a438-47b5-b4d4-7dec8f1864c7,DELA_055.basePlot.vst,2017-11-08,vst_DELA_2017,D08,DELA,DELA_055,NEON.PLA.D08.DELA.03649,single bole tree,34.8,130,12.9
a938a95c-ddf3-4b96-bf99-912b23cf9d0b,DELA_052.basePlot.vst,2017-11-08,vst_DELA_2017,D08,DELA,DELA_052,NEON.PLA.D08.DELA.04585,single bole tree,32.8,130,17.2
70857a1e-2ad7-49cd-a6c3-9cb25c63e2c0,DELA_055.basePlot.vst,2017-11-08,vst_DELA_2017,D08,DELA,DELA_055,NEON.PLA.D08.DELA.12810,single bole tree,11.1,130,8.3
71357e69-32e7-4456-af82-177f1f095ee7,DELA_055.basePlot.vst,2017-11-08,vst_DELA_2017,D08,DELA,DELA_055,NEON.PLA.D08.DELA.12808,single bole tree,12.1,130,7.8
d297177e-a772-45cd-a567-650b2f8ee6f1,DELA_054.basePlot.vst,2017-11-08,vst_DELA_2017,D08,DELA,DELA_054,NEON.PLA.D08.DELA.04730,single bole tree,28.5,130,18.4
4768a07a-d01c-4cc9-8da8-72063703451a,DELA_054.basePlot.vst,2017-11-08,vst_DELA_2017,D08,DELA,DELA_054,NEON.PLA.D08.DELA.04894,single bole tree,11.0,130,7.6
61441305-9e69-4669-a806-bb2fdce1cf2d,DELA_055.basePlot.vst,2017-11-08,vst_DELA_2017,D08,DELA,DELA_055,NEON.PLA.D08.DELA.12811,single bole tree,13.6,130,5.9
da34429b-1915-4e90-917c-8aa5e3f5b3eb,DELA_048.basePlot.vst,2017-11-08,vst_DELA_2017,D08,DELA,DELA_048,NEON.PLA.D08.DELA.03780,single bole tree,45.9,130,16.9
38dd2969-10bb-45b9-9ac1-79357233f074,DELA_054.basePlot.vst,2017-11-08,vst_DELA_2017,D08,DELA,DELA_054,NEON.PLA.D08.DELA.04887,single bole tree,11.6,130,11.5
e0c99762-d17c-44d3-b187-a0b598b1f6a5,DELA_052.basePlot.vst,2017-11-08,vst_DELA_2017,D08,DELA,DELA_052,NEON.PLA.D08.DELA.04616,single bole tree,31.7,130,18.7
163888ef-3c86-404a-be2c-e43b86c770a0,DELA_048.basePlot.vst,2017-11-08,vst_DELA_2017,D08,DELA,DELA_048,NEON.PLA.D08.DELA.03753,single bole tree,14.8,130,12.8
76dd3484-1052-414d-8a3d-4f3fdd903821,DELA_048.basePlot.vst,2017-11-08,vst_DELA_2017,D08,DELA,DELA_048,NEON.PLA.D08.DELA.03713,single bole tree,18.6,130,9.2
db110134-5ed6-4504-bac2-df2cf9fca629,DELA_055.basePlot.vst,2017-11-08,vst_DELA_2017,D08,DELA,DELA_055,NEON.PLA.D08.DELA.03655,single bole tree,32.5,130,9.5
fe094fb7-7253-4ca1-9013-1a60b56af573,DELA_048.basePlot.vst,2017-11-08,vst_DELA_2017,D08,DELA,DELA_048,NEON.PLA.D08.DELA.03752,single bole tree,19.8,130,14.2
699916ff-ee57-43fb-93f3-1b10024e700a,DELA_055.basePlot.vst,2017-11-08,vst_DELA_2017,D08,DELA,DELA_055,NEON.PLA.D08.DELA.01178,single bole tree,20.6,130,7.0
b43c9d75-59d6-4e16-a1ad-5fc8395e60c7,DELA_052.basePlot.vst,2017-11-08,vst_DELA_2017,D08,DELA,DELA_052,NEON.PLA.D08.DELA.04619,single bole tree,13.8,130,10.5
039df4c8-a806-4955-b207-14b3fd5bbfa3,DELA_055.basePlot.vst,2017-11-08,vst_DELA_2017,D08,DELA,DELA_055,NEON.PLA.D08.DELA.03673,single bole tree,10.5,130,5.5
d800ff4a-d91a-4514-958c-a4c782fe31c5,DELA_055.basePlot.vst,2017-11-08,vst_DELA_2017,D08,DELA,DELA_055,NEON.PLA.D08.DELA.03675,single bole tree,28.3,130,9.2
c4e57e31-80bf-4440-ae99-a2e99707eddb,DELA_052.basePlot.vst,2017-11-08,vst_DELA_2017,D08,DELA,DELA_052,NEON.PLA.D08.DELA.04576,single bole tree,37.7,130,18.9
36fa7516-2e3b-4877-813e-ed63da5244f1,DELA_055.basePlot.vst,2017-11-08,vst_DELA_2017,D08,DELA,DELA_055,NEON.PLA.D08.DELA.03627,single bole tree,13.0,130,8.7
c659ae57-9f1c-4f60-8159-5e6247c01f23,DELA_048.basePlot.vst,2017-11-08,vst_DELA_2017,D08,DELA,DELA_048,NEON.PLA.D08.DELA.03769,single bole tree,28.1,138,17.0
26d96e4a-528e-4bd8-a4d6-8f295f7d9492,DELA_052.basePlot.vst,2017-11-08,vst_DELA_2017,D08,DELA,DELA_052,NEON.PLA.D08.DELA.04611,single bole tree,29.6,130,11.6
e737a63a-eaaf-4adb-a1f9-22b2e2e15e8c,DELA_054.basePlot.vst,2017-11-08,vst_DELA_2017,D08,DELA,DELA_054,NEON.PLA.D08.DELA.04755,single bole tree,59.8,130,31.0
c4a194df-2beb-4f12-940a-f1751013d8b5,DELA_052.basePlot.vst,2017-11-08,vst_DELA_2017,D08,DELA,DELA_052,NEON.PLA.D08.DELA.04620,single bole tree,17.7,130,9.7
a426b05f-7ef7-4f8b-b218-918d596c718e,DELA_048.basePlot.vst,2017-11-08,vst_DELA_2017,D08,DELA,DELA_048,NEON.PLA.D08.DELA.03768,single bole tree,11.8,130,10.6
af5369bc-d30d-44bf-b605-0bb151df8255,DELA_048.basePlot.vst,2017-11-08,vst_DELA_2017,D08,DELA,DELA_048,NEON.PLA.D08.DELA.03715,multi-bole tree,24.0,130,13.5
6638df60-4aaf-478a-8e93-fa692c8cd672,DELA_052.basePlot.vst,2017-11-08,vst_DELA_2017,D08,DELA,DELA_052,NEON.PLA.D08.DELA.04613,single bole tree,27.9,130,13.8
b6fa0124-bbe5-4f68-b435-5f00ee643428,DELA_054.basePlot.vst,2017-11-08,vst_DELA_2017,D08,DELA,DELA_054,NEON.PLA.D08.DELA.04750,single bole tree,14.3,130,11.0
b6ca583a-1580-4ef7-a30b-aeb4ae7aaf55,DELA_052.basePlot.vst,2017-11-08,vst_DELA_2017,D08,DELA,DELA_052,NEON.PLA.D08.DELA.04582,single bole tree,28.9,130,21.5
056b27e0-a393-4901-8d03-1fd30cad05c4,DELA_055.basePlot.vst,2017-11-08,vst_DELA_2017,D08,DELA,DELA_055,NEON.PLA.D08.DELA.12801,single bole tree,10.3,140,5.9
363d7345-f311-42c9-99ef-63b4f6705436,DELA_052.basePlot.vst,2017-11-08,vst_DELA_2017,D08,DELA,DELA_052,NEON.PLA.D08.DELA.04579,single bole tree,19.8,120,3.9
cdade7b4-589e-4b12-a3be-dc0dbf38a1d0,DELA_052.basePlot.vst,2017-11-08,vst_DELA_2017,D08,DELA,DELA_052,NEON.PLA.D08.DELA.04577,single bole tree,19.0,130,13.1
65c400fb-4ea7-4316-ac57-d970f54885e4,DELA_053.basePlot.vst,2017-11-08,vst_DELA_2017,D08,DELA,DELA_053,NEON.PLA.D08.DELA.04284,single bole tree,12.7,130,14.4
5d242d56-bf3c-4fc2-b263-79d5e35ea1c9,DELA_053.basePlot.vst,2017-11-08,vst_DELA_2017,D08,DELA,DELA_053,NEON.PLA.D08.DELA.04208,single bole tree,14.3,130,11.8
449370fe-626a-4017-acfd-4bbb81f738a4,DELA_053.basePlot.vst,2017-11-08,vst_DELA_2017,D08,DELA,DELA_053,NEON.PLA.D08.DELA.04252,multi-bole tree,29.8,130,22.9
b9fa2d35-18d9-4086-999e-2c5ef4bf302d,DELA_053.basePlot.vst,2017-11-08,vst_DELA_2017,D08,DELA,DELA_053,NEON.PLA.D08.DELA.04277,single bole tree,10.4,130,12.1
d9515ce1-a76c-4315-a786-0de18f79dbc1,DELA_053.basePlot.vst,2017-11-08,vst_DELA_2017,D08,DELA,DELA_053,NEON.PLA.D08.DELA.04211A,multi-bole tree,19.6,130,14.4
44b8d24d-26df-4434-80cd-563b28964615,DELA_053.basePlot.vst,2017-11-08,vst_DELA_2017,D08,DELA,DELA_053,NEON.PLA.D08.DELA.04240,single bole tree,20.8,130,17.9
6d716f44-2949-4509-b3f8-ad499f6895a2,DELA_053.basePlot.vst,2017-11-08,vst_DELA_2017,D08,DELA,DELA_053,NEON.PLA.D08.DELA.04261,single bole tree,15.7,130,15.3
a457f812-efb2-4609-a098-bc7ed394d02c,DELA_053.basePlot.vst,2017-11-08,vst_DELA_2017,D08,DELA,DELA_053,NEON.PLA.D08.DELA.04274,single bole tree,11.8,130,13.7
aa5829cd-3136-47b3-a411-f4916ff75dca,DELA_053.basePlot.vst,2017-11-08,vst_DELA_2017,D08,DELA,DELA_053,NEON.PLA.D08.DELA.04230,single bole tree,33.3,130,20.1
3481d10b-38ca-4a22-a771-985baa5433ed,DELA_053.basePlot.vst,2017-11-08,vst_DELA_2017,D08,DELA,DELA_053,NEON.PLA.D08.DELA.04205,single bole tree,11.7,130,10.8
07a2ad4d-ddf9-4475-a392-e5deab2616c6,DELA_053.basePlot.vst,2017-11-08,vst_DELA_2017,D08,DELA,DELA_053,NEON.PLA.D08.DELA.04278,single bole tree,18.8,130,16.5
00e1ddca-da20-47b9-bfbf-7b7325b68e09,DELA_053.basePlot.vst,2017-11-08,vst_DELA_2017,D08,DELA,DELA_053,NEON.PLA.D08.DELA.04209,single bole tree,16.9,130,14.1
3d0de19e-4036-4bad-a069-91bcf885b625,DELA_053.basePlot.vst,2017-11-08,vst_DELA_2017,D08,DELA,DELA_053,NEON.PLA.D08.DELA.12594,single bole tree,14.1,130,14.3
a2a3b38e-4613-4980-ada9-65013768cfb6,DELA_053.basePlot.vst,2017-11-08,vst_DELA_2017,D08,DELA,DELA_053,NEON.PLA.D08.DELA.04241,single bole tree,11.8,130,13.6
984ac8b8-449d-4e68-a88c-bc229cd1e47e,DELA_053.basePlot.vst,2017-11-08,vst_DELA_2017,D08,DELA,DELA_053,NEON.PLA.D08.DELA.04281,multi-bole tree,40.4,170,25.5
26984315-104f-4e9e-9596-54d74b6cfb28,DELA_053.basePlot.vst,2017-11-08,vst_DELA_2017,D08,DELA,DELA_053,NEON.PLA.D08.DELA.04238,single bole tree,19.7,130,16.6
651d7782-7905-4b98-b780-3fa950fd0591,DELA_053.basePlot.vst,2017-11-08,vst_DELA_2017,D08,DELA,DELA_053,NEON.PLA.D08.DELA.12886,small tree,9.8,130,9.7
5313274a-f86f-43c3-b167-bbe8c347c585,DELA_053.basePlot.vst,2017-11-08,vst_DELA_2017,D08,DELA,DELA_053,NEON.PLA.D08.DELA.04281A,multi-bole tree,20.4,170,25.5
b0d37bed-fff5-40b3-b4f1-2859a7757401,DELA_053.basePlot.vst,2017-11-08,vst_DELA_2017,D08,DELA,DELA_053,NEON.PLA.D08.DELA.04252A,multi-bole tree,20.3,130,23.0
fdbda0b9-305d-4e3d-87ff-4e892092af64,DELA_053.basePlot.vst,2017-11-08,vst_DELA_2017,D08,DELA,DELA_053,NEON.PLA.D08.DELA.04279,single bole tree,14.6,130,13.1
74658792-7f1b-4a9d-938c-b1bb62be6ba6,DELA_053.basePlot.vst,2017-11-08,vst_DELA_2017,D08,DELA,DELA_053,NEON.PLA.D08.DELA.04282,single bole tree,26.2,130,16.3
a93170fb-b825-4cbf-a730-e0e8060e899c,DELA_053.basePlot.vst,2017-11-08,vst_DELA_2017,D08,DELA,DELA_053,NEON.PLA.D08.DELA.04263,single bole tree,44.2,130,25.0
8905715c-7cec-4a57-a8fd-776fb7a282ab,DELA_053.basePlot.vst,2017-11-08,vst_DELA_2017,D08,DELA,DELA_053,NEON.PLA.D08.DELA.04286,single bole tree,23.3,130,23.1
a8ae78ce-a28b-4954-8d76-cb6b49ac4f90,DELA_053.basePlot.vst,2017-11-08,vst_DELA_2017,D08,DELA,DELA_053,NEON.PLA.D08.DELA.04280,single bole tree,18.4,130,16.5
4c15ca48-7aee-4854-8e0f-b3c52d423467,DELA_053.basePlot.vst,2017-11-08,vst_DELA_2017,D08,DELA,DELA_053,NEON.PLA.D08.DELA.04276,single bole tree,14.2,130,15.0
2050116a-856c-44a3-bf88-862e813405a0,DELA_051.basePlot.vst,2017-11-08,vst_DELA_2017,D08,DELA,DELA_051,NEON.PLA.D08.DELA.04095,single bole tree,30.7,130,18.0
176007f3-7e74-4d54-8b18-2e580e59fabd,DELA_051.basePlot.vst,2017-11-08,vst_DELA_2017,D08,DELA,DELA_051,NEON.PLA.D08.DELA.09158,single bole tree,25.7,130,13.2
c8337931-26bb-419e-b7ad-4abcdec96329,DELA_051.basePlot.vst,2017-11-08,vst_DELA_2017,D08,DELA,DELA_051,NEON.PLA.D08.DELA.04072,single bole tree,14.2,130,15.1
90f71a09-32e1-4736-9627-0b4a47d1bfff,DELA_051.basePlot.vst,2017-11-08,vst_DELA_2017,D08,DELA,DELA_051,NEON.PLA.D08.DELA.04099,single bole tree,22.3,130,17.9
d49583e9-913b-49f2-80bf-ca9ab0e119f7,DELA_051.basePlot.vst,2017-11-08,vst_DELA_2017,D08,DELA,DELA_051,NEON.PLA.D08.DELA.04082,single bole tree,12.1,130,13.3
25baf78f-941a-456b-b38d-58cdbe688d2e,DELA_051.basePlot.vst,2017-11-08,vst_DELA_2017,D08,DELA,DELA_051,NEON.PLA.D08.DELA.09146,single bole tree,15.6,130,18.5
7f0c984d-847d-4f0d-86ad-d046e033fff1,DELA_051.basePlot.vst,2017-11-08,vst_DELA_2017,D08,DELA,DELA_051,NEON.PLA.D08.DELA.04073B,multi-bole tree,14.2,175,6.3
7e900b12-f589-4b87-84d5-e97dcab3258a,DELA_051.basePlot.vst,2017-11-08,vst_DELA_2017,D08,DELA,DELA_051,NEON.PLA.D08.DELA.04136,small tree,25.2,130,19.0
62ffa015-c906-4627-b487-29ae868f83b3,DELA_051.basePlot.vst,2017-11-08,vst_DELA_2017,D08,DELA,DELA_051,NEON.PLA.D08.DELA.09163,single bole tree,20.6,130,23.1
33352502-293d-4235-ab25-e79c23d21573,DELA_053.basePlot.vst,2017-11-08,vst_DELA_2017,D08,DELA,DELA_053,NEON.PLA.D08.DELA.04207,single bole tree,30.8,130,20.1
4926b47a-c176-4349-9907-e1653165fa01,DELA_053.basePlot.vst,2017-11-08,vst_DELA_2017,D08,DELA,DELA_053,NEON.PLA.D08.DELA.04220,single bole tree,71.7,130,24.6
7372d519-317a-4810-b297-7002056dac2e,DELA_053.basePlot.vst,2017-11-08,vst_DELA_2017,D08,DELA,DELA_053,NEON.PLA.D08.DELA.04255,single bole tree,30.3,130,22.8
0356fafa-d343-4f60-bed0-22802b0c1ef6,DELA_053.basePlot.vst,2017-11-08,vst_DELA_2017,D08,DELA,DELA_053,NEON.PLA.D08.DELA.04271A,multi-bole tree,10.7,130,11.8
de9eaf1c-1ea4-4745-9da9-20be4a45ec62,DELA_053.basePlot.vst,2017-11-08,vst_DELA_2017,D08,DELA,DELA_053,NEON.PLA.D08.DELA.04259,single bole tree,26.4,130,20.4
bf38b0c3-e85a-4baa-a265-91d96caae3bf,DELA_053.basePlot.vst,2017-11-08,vst_DELA_2017,D08,DELA,DELA_053,NEON.PLA.D08.DELA.04270,single bole tree,32.9,130,24.1
cd6e2ac2-1c73-4f2a-a687-46b6d88b78bf,DELA_053.basePlot.vst,2017-11-08,vst_DELA_2017,D08,DELA,DELA_053,NEON.PLA.D08.DELA.04243,single bole tree,14.4,130,13.8
266e772a-03b6-49e7-8d2b-24131c9ccf32,DELA_053.basePlot.vst,2017-11-08,vst_DELA_2017,D08,DELA,DELA_053,NEON.PLA.D08.DELA.04246,single bole tree,11.3,130,13.7
06a9d456-8de9-4f99-99cc-75edfc2c166e,DELA_053.basePlot.vst,2017-11-08,vst_DELA_2017,D08,DELA,DELA_053,NEON.PLA.D08.DELA.04223,single bole tree,20.2,130,21.6
95ebd9b5-a526-4086-80b9-1d3dd3865885,DELA_053.basePlot.vst,2017-11-08,vst_DELA_2017,D08,DELA,DELA_053,NEON.PLA.D08.DELA.04268,single bole tree,13.7,130,9.2
2d2a4cc4-aa61-4d2f-8a24-7479919973b8,DELA_053.basePlot.vst,2017-11-08,vst_DELA_2017,D08,DELA,DELA_053,NEON.PLA.D08.DELA.04211,multi-bole tree,26.8,130,20.5
68d453ed-b74c-4034-9136-00bbfb07f3a4,DELA_053.basePlot.vst,2017-11-08,vst_DELA_2017,D08,DELA,DELA_053,NEON.PLA.D08.DELA.04248,single bole tree,24.4,130,15.2
f9139b6a-ad01-4d55-bc08-fc2257d04d10,DELA_053.basePlot.vst,2017-11-08,vst_DELA_2017,D08,DELA,DELA_053,NEON.PLA.D08.DELA.04224,single bole tree,22.2,130,18.1
6f387d1a-8270-4dea-93dd-d973d86605a4,DELA_053.basePlot.vst,2017-11-08,vst_DELA_2017,D08,DELA,DELA_053,NEON.PLA.D08.DELA.04283,single bole tree,15.0,130,15.7
0ff7c134-a3ee-410e-8cdf-360f0235bb5a,DELA_053.basePlot.vst,2017-11-08,vst_DELA_2017,D08,DELA,DELA_053,NEON.PLA.D08.DELA.04285,single bole tree,20.4,130,20.3
4264d2aa-2b5d-4043-a20d-16ffb52a8827,DELA_053.basePlot.vst,2017-11-08,vst_DELA_2017,D08,DELA,DELA_053,NEON.PLA.D08.DELA.04256,single bole tree,17.9,130,16.1
0ca9b7c6-b74e-4861-8413-809ef10eb998,DELA_051.basePlot.vst,2017-11-08,vst_DELA_2017,D08,DELA,DELA_051,NEON.PLA.D08.DELA.04141,multi-bole tree,11.7,165,10.5
0500be1a-fee3-4952-84dd-87605458cfbe,DELA_051.basePlot.vst,2017-11-08,vst_DELA_2017,D08,DELA,DELA_051,NEON.PLA.D08.DELA.04135,single bole tree,15.1,130,14.0
ee987cce-ab41-4a16-b643-c6bcc84fb669,DELA_051.basePlot.vst,2017-11-08,vst_DELA_2017,D08,DELA,DELA_051,NEON.PLA.D08.DELA.04119A,multi-bole tree,41.3,145,12.3
a71d91c6-9090-414f-b54b-cbabbac3b484,DELA_051.basePlot.vst,2017-11-08,vst_DELA_2017,D08,DELA,DELA_051,NEON.PLA.D08.DELA.04074,multi-bole tree,11.2,130,8.5
15b28339-e821-4bea-9beb-254eecbbe309,DELA_051.basePlot.vst,2017-11-08,vst_DELA_2017,D08,DELA,DELA_051,NEON.PLA.D08.DELA.04086,single bole tree,27.1,130,22.9
73ebe9ee-1857-482f-8f39-cdd75c7d1f7f,DELA_051.basePlot.vst,2017-11-08,vst_DELA_2017,D08,DELA,DELA_051,NEON.PLA.D08.DELA.09161,small tree,7.1,130,8.7
6488fb1e-c0c2-4b22-94c0-2b2284ce1ae9,DELA_051.basePlot.vst,2017-11-08,vst_DELA_2017,D08,DELA,DELA_051,NEON.PLA.D08.DELA.04112,single bole tree,48.2,130,21.5
fe5f7085-1050-4bcc-9db4-737e711dfb85,DELA_051.basePlot.vst,2017-11-08,vst_DELA_2017,D08,DELA,DELA_051,NEON.PLA.D08.DELA.04142,single bole tree,16.7,130,16.5
8095e085-93af-4968-931a-226ef91d6903,DELA_051.basePlot.vst,2017-11-08,vst_DELA_2017,D08,DELA,DELA_051,NEON.PLA.D08.DELA.04111,single bole tree,12.3,130,10.6
9b19e3ea-a30c-4e13-a851-ceeb4abade78,DELA_051.basePlot.vst,2017-11-08,vst_DELA_2017,D08,DELA,DELA_051,NEON.PLA.D08.DELA.04132,multi-bole tree,39.0,130,22.0
44c60b87-8e81-4e02-a70f-21bcdce5af3a,DELA_051.basePlot.vst,2017-11-08,vst_DELA_2017,D08,DELA,DELA_051,NEON.PLA.D08.DELA.04131,single bole tree,13.7,130,13.4
415f40ac-57a9-442a-a959-aab58b3e408e,DELA_051.basePlot.vst,2017-11-08,vst_DELA_2017,D08,DELA,DELA_051,NEON.PLA.D08.DELA.09147,single bole tree,12.5,130,2.6
cd340517-506c-4a8f-8fb1-5d46b9ca21a0,DELA_051.basePlot.vst,2017-11-08,vst_DELA_2017,D08,DELA,DELA_051,NEON.PLA.D08.DELA.04132A,multi-bole tree,25.1,130,21.4
c505b5e1-98ce-4ad8-8fec-4deeae974ec8,DELA_051.basePlot.vst,2017-11-08,vst_DELA_2017,D08,DELA,DELA_051,NEON.PLA.D08.DELA.09164A,multi-bole tree,10.3,130,12.7
6d5efb38-ec5a-48f2-90ab-09213d2ef6b4,DELA_051.basePlot.vst,2017-11-08,vst_DELA_2017,D08,DELA,DELA_051,NEON.PLA.D08.DELA.04089,multi-bole tree,21.9,155,20.9
7a4f37ea-6027-4f2d-9985-3643a95ad1eb,DELA_051.basePlot.vst,2017-11-08,vst_DELA_2017,D08,DELA,DELA_051,NEON.PLA.D08.DELA.04136A,multi-bole tree,14.3,130,3.2
5965497d-a509-4ba5-b9dd-a70e42a5136e,DELA_051.basePlot.vst,2017-11-08,vst_DELA_2017,D08,DELA,DELA_051,NEON.PLA.D08.DELA.04108,single bole tree,23.7,130,18.0
668b08d8-5b81-4c0b-a323-098f9d83a2da,DELA_051.basePlot.vst,2017-11-08,vst_DELA_2017,D08,DELA,DELA_051,NEON.PLA.D08.DELA.09160,single bole tree,33.1,130,21.2
6562dbe3-8347-4b52-a889-3ed190d1ef48,DELA_051.basePlot.vst,2017-11-08,vst_DELA_2017,D08,DELA,DELA_051,NEON.PLA.D08.DELA.09164,multi-bole tree,12.4,130,13.8
f19ce678-28bd-4778-841e-1b8e82b01468,DELA_051.basePlot.vst,2017-11-08,vst_DELA_2017,D08,DELA,DELA_051,NEON.PLA.D08.DELA.04073,multi-bole tree,39.1,170,18.3
41d77323-4519-4e92-a468-16e557c24381,DELA_051.basePlot.vst,2017-11-08,vst_DELA_2017,D08,DELA,DELA_051,NEON.PLA.D08.DELA.09157,single bole tree,12.0,130,13.7
3bf2047a-862e-4806-9d2d-fd35d3515ef7,DELA_051.basePlot.vst,2017-11-08,vst_DELA_2017,D08,DELA,DELA_051,NEON.PLA.D08.DELA.04109,single bole tree,10.1,130,8.2
3a42334e-a34b-45b0-bb9d-a3058844ed08,DELA_051.basePlot.vst,2017-11-08,vst_DELA_2017,D08,DELA,DELA_051,NEON.PLA.D08.DELA.04116,single bole tree,11.6,130,7.1
a771c784-8337-4a2d-b4f7-c47ba6360b8a,DELA_051.basePlot.vst,2017-11-08,vst_DELA_2017,D08,DELA,DELA_051,NEON.PLA.D08.DELA.04088A,multi-bole tree,10.0,175,13.0
b765469a-519e-46cb-b5a5-2fc612e67bde,DELA_051.basePlot.vst,2017-11-08,vst_DELA_2017,D08,DELA,DELA_051,NEON.PLA.D08.DELA.04081,single bole tree,13.1,130,11.0
d1ee1488-a844-4ce6-86e3-0c775ef02269,DELA_051.basePlot.vst,2017-11-08,vst_DELA_2017,D08,DELA,DELA_051,NEON.PLA.D08.DELA.04140,single bole tree,10.6,130,9.7
9903ec60-ead8-4bd5-8978-b5932e8fd9f9,DELA_051.basePlot.vst,2017-11-08,vst_DELA_2017,D08,DELA,DELA_051,NEON.PLA.D08.DELA.04088,multi-bole tree,27.7,175,21.7
99287d8e-8466-4140-98bf-26f01f5e2959,DELA_051.basePlot.vst,2017-11-08,vst_DELA_2017,D08,DELA,DELA_051,NEON.PLA.D08.DELA.04088B,multi-bole tree,13.5,175,17.3
d7e6efc9-c5c1-4065-97ae-5a489ad72d81,DELA_051.basePlot.vst,2017-11-08,vst_DELA_2017,D08,DELA,DELA_051,NEON.PLA.D08.DELA.04117,single bole tree,23.4,130,16.7
079cf1ab-841a-4d01-83c4-f78c9cc2364b,DELA_051.basePlot.vst,2017-11-08,vst_DELA_2017,D08,DELA,DELA_051,NEON.PLA.D08.DELA.04087,single bole tree,29.7,130,24.2
3ddb9554-9443-4983-9423-7023a1e5e631,DELA_051.basePlot.vst,2017-11-08,vst_DELA_2017,D08,DELA,DELA_051,NEON.PLA.D08.DELA.09159,single bole tree,15.4,130,17.2
1e32bac8-0795-4419-9140-860536d806f9,DELA_051.basePlot.vst,2017-11-08,vst_DELA_2017,D08,DELA,DELA_051,NEON.PLA.D08.DELA.04078,single bole tree,14.3,130,12.4
28a1b01f-01da-4ae8-ad57-8462ee43291d,DELA_055.basePlot.vst,2017-11-08,vst_DELA_2017,D08,DELA,DELA_055,NEON.PLA.D08.DELA.03659,single bole tree,12.8,130,7.6
8cfe50ee-81e7-431c-8acf-dbd76dd1dd0a,DELA_048.basePlot.vst,2017-11-08,vst_DELA_2017,D08,DELA,DELA_048,NEON.PLA.D08.DELA.03773,single bole tree,66.2,130,30.4
4722f264-9150-4139-a650-9760328b5b55,DELA_052.basePlot.vst,2017-11-08,vst_DELA_2017,D08,DELA,DELA_052,NEON.PLA.D08.DELA.04570,multi-bole tree,10.4,130,10.0
e923fd60-3533-46c0-88d9-91e1956cc782,DELA_055.basePlot.vst,2017-11-08,vst_DELA_2017,D08,DELA,DELA_055,NEON.PLA.D08.DELA.12536,single bole tree,32.2,130,10.9
b8e331c7-3a0d-4153-9341-cc1fce9de586,DELA_052.basePlot.vst,2017-11-08,vst_DELA_2017,D08,DELA,DELA_052,NEON.PLA.D08.DELA.04618,single bole tree,62.4,130,28.8
ca7a723c-b983-44d9-89a2-eb95b2766505,DELA_055.basePlot.vst,2017-11-08,vst_DELA_2017,D08,DELA,DELA_055,NEON.PLA.D08.DELA.03656,single bole tree,14.3,130,7.7
08d85add-4b60-4b9d-8ad1-c8081bccdd6c,DELA_054.basePlot.vst,2017-11-08,vst_DELA_2017,D08,DELA,DELA_054,NEON.PLA.D08.DELA.04891,single bole tree,25.5,130,18.1
ffd06f98-7691-4fcc-931b-9f067356873c,DELA_055.basePlot.vst,2017-11-08,vst_DELA_2017,D08,DELA,DELA_055,NEON.PLA.D08.DELA.03671,single bole tree,12.6,135,5.0
f729ee04-b780-4709-94bd-fca7718200e1,DELA_051.basePlot.vst,2017-11-08,vst_DELA_2017,D08,DELA,DELA_051,NEON.PLA.D08.DELA.04089A,multi-bole tree,22.2,155,19.2
dccc7341-8a11-4683-9b77-98f26e1d2c6f,DELA_051.basePlot.vst,2017-11-08,vst_DELA_2017,D08,DELA,DELA_051,NEON.PLA.D08.DELA.04079A,multi-bole tree,12.8,150,13.7
ffc284c3-c5bb-4700-aef7-639ebb072c44,DELA_051.basePlot.vst,2017-11-08,vst_DELA_2017,D08,DELA,DELA_051,NEON.PLA.D08.DELA.04079,multi-bole tree,25.9,150,17.8
a47a576f-604a-4537-9927-b8d53b905f93,DELA_051.basePlot.vst,2017-11-08,vst_DELA_2017,D08,DELA,DELA_051,NEON.PLA.D08.DELA.04119,multi-bole tree,27.6,145,19.1
0a637401-f433-477e-9b47-cdd5f9cc220a,DELA_051.basePlot.vst,2017-11-08,vst_DELA_2017,D08,DELA,DELA_051,NEON.PLA.D08.DELA.04085,multi-bole tree,40.2,200,21.5
a47610bc-cfdc-4ef6-8fdb-f52a444b1785,DELA_051.basePlot.vst,2017-11-08,vst_DELA_2017,D08,DELA,DELA_051,NEON.PLA.D08.DELA.04073A,multi-bole tree,21.4,175,13.7
b8c0e00b-eb32-4ce6-9624-b50e690b7036,DELA_051.basePlot.vst,2017-11-08,vst_DELA_2017,D08,DELA,DELA_051,NEON.PLA.D08.DELA.04137,single bole tree,19.0,130,15.8
4f2680f0-e22a-4462-9b2f-0b864cb00b4a,DELA_051.basePlot.vst,2017-11-08,vst_DELA_2017,D08,DELA,DELA_051,NEON.PLA.D08.DELA.09162,single bole tree,30.0,130,21.4
87ae1996-c527-44a8-943d-78a490a2e925,DELA_051.basePlot.vst,2017-11-08,vst_DELA_2017,D08,DELA,DELA_051,NEON.PLA.D08.DELA.012280,small tree,9.7,130,9.0
61ebb040-de07-4996-a91f-c96591ca6373,DELA_048.basePlot.vst,2017-11-08,vst_DELA_2017,D08,DELA,DELA_048,NEON.PLA.D08.DELA.03715A,multi-bole tree,14.9,130,NA
6c62fa61-4273-4507-94d8-caeb45b4964c,DELA_054.basePlot.vst,2017-11-08,vst_DELA_2017,D08,DELA,DELA_054,NEON.PLA.D08.DELA.04900,single bole tree,57.2,130,32.5
693b19c4-9ea0-4112-b157-9752a1abc5c5,DELA_054.basePlot.vst,2017-11-08,vst_DELA_2017,D08,DELA,DELA_054,NEON.PLA.D08.DELA.04741,single bole tree,14.9,130,5.6
ca63e749-a19e-4209-86b3-10425cec1d88,DELA_052.basePlot.vst,2017-11-08,vst_DELA_2017,D08,DELA,DELA_052,NEON.PLA.D08.DELA.04583,single bole tree,24.8,130,15.9
5b80fea5-918d-4036-9faf-e8d267f4b26e,DELA_054.basePlot.vst,2017-11-08,vst_DELA_2017,D08,DELA,DELA_054,NEON.PLA.D08.DELA.04728,single bole tree,13.9,130,9.4
a922a25b-73a4-43d6-8407-ea743602c876,DELA_054.basePlot.vst,2017-11-08,vst_DELA_2017,D08,DELA,DELA_054,NEON.PLA.D08.DELA.04752,single bole tree,22.9,130,16.2
d852ee74-f0d6-43e6-9670-469e930d7254,DELA_052.basePlot.vst,2017-11-08,vst_DELA_2017,D08,DELA,DELA_052,NEON.PLA.D08.DELA.04580,single bole tree,10.7,130,8.8
4f534872-673a-410b-85ba-430c88e97fe1,DELA_054.basePlot.vst,2017-11-08,vst_DELA_2017,D08,DELA,DELA_054,NEON.PLA.D08.DELA.04732,single bole tree,39.0,130,23.6
37f57e5c-e9e5-4268-812b-17ad9527109c,DELA_048.basePlot.vst,2017-11-08,vst_DELA_2017,D08,DELA,DELA_048,NEON.PLA.D08.DELA.03776,single bole tree,37.6,130,4.0
f761bde1-a970-40d8-bd0a-889dbc0e864e,DELA_055.basePlot.vst,2017-11-08,vst_DELA_2017,D08,DELA,DELA_055,NEON.PLA.D08.DELA.03650,single bole tree,16.4,130,7.3
32b1789e-ce90-4135-8558-27e30ff5563d,DELA_052.basePlot.vst,2017-11-08,vst_DELA_2017,D08,DELA,DELA_052,NEON.PLA.D08.DELA.04572,single bole tree,22.4,130,13.1
c147502a-a525-40a1-a3dc-b0144e707ace,DELA_048.basePlot.vst,2017-11-08,vst_DELA_2017,D08,DELA,DELA_048,NEON.PLA.D08.DELA.03747,single bole tree,81.4,130,22.0
218223a2-7666-430e-a066-d9b290b7b0de,DELA_055.basePlot.vst,2017-11-08,vst_DELA_2017,D08,DELA,DELA_055,NEON.PLA.D08.DELA.03670,single bole tree,41.2,130,10.9
904e34f9-351c-4c7c-8c9d-fa7275570f15,DELA_054.basePlot.vst,2017-11-08,vst_DELA_2017,D08,DELA,DELA_054,NEON.PLA.D08.DELA.04890,single bole tree,92.9,130,33.4
b1d4cc4b-79d2-4780-97aa-36725c788557,DELA_055.basePlot.vst,2017-11-08,vst_DELA_2017,D08,DELA,DELA_055,NEON.PLA.D08.DELA.03665,single bole tree,18.3,135,6.6
661fb411-c331-4bf8-9592-2ab2ebe8a399,DELA_054.basePlot.vst,2017-11-08,vst_DELA_2017,D08,DELA,DELA_054,NEON.PLA.D08.DELA.04751,single bole tree,65.0,130,32.9
b7f38da6-5f0d-4848-857e-6b328905a6f8,DELA_055.basePlot.vst,2017-11-08,vst_DELA_2017,D08,DELA,DELA_055,NEON.PLA.D08.DELA.12538,single bole tree,95.3,130,17.8
eee79adf-5acc-44a9-8fa0-a9fc0fb506c7,DELA_055.basePlot.vst,2017-11-08,vst_DELA_2017,D08,DELA,DELA_055,NEON.PLA.D08.DELA.03669,single bole tree,12.5,130,5.6
2acb5841-47a1-47d8-804d-4ea464bde929,DELA_048.basePlot.vst,2017-11-08,vst_DELA_2017,D08,DELA,DELA_048,NEON.PLA.D08.DELA.03757,single bole tree,21.1,130,13.8
45fcdc83-f054-468b-9ad4-14ca4f638635,DELA_052.basePlot.vst,2017-11-08,vst_DELA_2017,D08,DELA,DELA_052,NEON.PLA.D08.DELA.04573,single bole tree,33.6,130,18.4
bb24e2ad-7df7-4d5c-9f82-a6b3754fc116,DELA_052.basePlot.vst,2017-11-08,vst_DELA_2017,D08,DELA,DELA_052,NEON.PLA.D08.DELA.04612,single bole tree,11.0,130,7.9
e6e00033-c986-4e71-a964-1c8a9e1100bd,DELA_054.basePlot.vst,2017-11-08,vst_DELA_2017,D08,DELA,DELA_054,NEON.PLA.D08.DELA.12188,single bole tree,20.0,130,6.9
bb82c709-3a59-4d1f-89db-c846fcfb3e37,DELA_048.basePlot.vst,2017-11-08,vst_DELA_2017,D08,DELA,DELA_048,NEON.PLA.D08.DELA.03766,single bole tree,15.4,130,12.4
f36f8f6b-dc9c-46ed-a098-0a4648ae03b5,DELA_052.basePlot.vst,2017-11-08,vst_DELA_2017,D08,DELA,DELA_052,NEON.PLA.D08.DELA.04584,single bole tree,22.2,130,16.2
272f14dc-23c9-4918-b8c2-28af1c68d96c,DELA_055.basePlot.vst,2017-11-08,vst_DELA_2017,D08,DELA,DELA_055,NEON.PLA.D08.DELA.03667,single bole tree,23.6,130,9.9
71b0ffb0-0bce-4929-bbbe-5d26e3a572c4,DELA_055.basePlot.vst,2017-11-08,vst_DELA_2017,D08,DELA,DELA_055,NEON.PLA.D08.DELA.03682,single bole tree,12.2,130,7.4
9484e69d-e881-4916-84af-5e82058f322d,DELA_054.basePlot.vst,2017-11-08,vst_DELA_2017,D08,DELA,DELA_054,NEON.PLA.D08.DELA.12189,single bole tree,15.0,130,3.8
7ff63a6c-51d5-4caf-8188-f07cb2c742e8,DELA_052.basePlot.vst,2017-11-08,vst_DELA_2017,D08,DELA,DELA_052,NEON.PLA.D08.DELA.04560,single bole tree,47.0,130,17.3
9abf04c2-e8b8-47b9-a871-915cce8827a5,DELA_052.basePlot.vst,2017-11-08,vst_DELA_2017,D08,DELA,DELA_052,NEON.PLA.D08.DELA.04562,single bole tree,11.7,130,7.6
edc52381-6c2f-4312-8550-daf129fc3ea0,DELA_048.basePlot.vst,2017-11-08,vst_DELA_2017,D08,DELA,DELA_048,NEON.PLA.D08.DELA.03712A,multi-bole tree,33.5,130,NA
ecc44217-35a3-4bca-919c-49c16532f777,DELA_052.basePlot.vst,2017-11-08,vst_DELA_2017,D08,DELA,DELA_052,NEON.PLA.D08.DELA.04615,single bole tree,13.7,130,12.4
017a159f-fbd2-4502-8724-9dcd00a754b0,DELA_054.basePlot.vst,2017-11-08,vst_DELA_2017,D08,DELA,DELA_054,NEON.PLA.D08.DELA.04897,single bole tree,13.0,130,15.2
eac055e9-f744-44f7-aa99-0087b536a83a,DELA_055.basePlot.vst,2017-11-08,vst_DELA_2017,D08,DELA,DELA_055,NEON.PLA.D08.DELA.03651,single bole tree,20.1,130,6.8
b7df45c2-8d48-4286-9a76-a0f2bdbd7fb8,DELA_055.basePlot.vst,2017-11-08,vst_DELA_2017,D08,DELA,DELA_055,NEON.PLA.D08.DELA.03693,single bole tree,16.0,130,8.5
1c9a71c7-7b6a-48cf-9f24-b60c0d4eba63,DELA_054.basePlot.vst,2017-11-08,vst_DELA_2017,D08,DELA,DELA_054,NEON.PLA.D08.DELA.04754,single bole tree,10.6,130,8.7
b6b2217e-8285-41cb-b7d3-dbb8da5b5797,DELA_055.basePlot.vst,2017-11-08,vst_DELA_2017,D08,DELA,DELA_055,NEON.PLA.D08.DELA.12809,single bole tree,10.6,130,6.3
5acc9092-12b8-4e22-a91e-86b16df4ef31,DELA_048.basePlot.vst,2017-11-08,vst_DELA_2017,D08,DELA,DELA_048,NEON.PLA.D08.DELA.03679,single bole tree,10.0,130,5.1
0b51b423-1e4e-446a-8344-f12221b84afb,DELA_055.basePlot.vst,2017-11-08,vst_DELA_2017,D08,DELA,DELA_055,NEON.PLA.D08.DELA.03677,single bole tree,23.4,130,8.4
41e29ee3-8c4b-4ecf-afa2-a37fbfbecc14,DELA_048.basePlot.vst,2017-11-08,vst_DELA_2017,D08,DELA,DELA_048,NEON.PLA.D08.DELA.03718,single bole tree,16.0,130,12.0
dc9d9d67-b20e-4564-920a-11ac25faa1f6,DELA_055.basePlot.vst,2017-11-08,vst_DELA_2017,D08,DELA,DELA_055,NEON.PLA.D08.DELA.09950,single bole tree,12.2,130,6.7
e5bdb8cc-49be-4c50-a238-f194603bf53c,DELA_048.basePlot.vst,2017-11-08,vst_DELA_2017,D08,DELA,DELA_048,NEON.PLA.D08.DELA.03712,multi-bole tree,51.3,130,11.8
2edcedbf-46cd-4ad6-b6bb-8d1cf9535a2c,DELA_052.basePlot.vst,2017-11-08,vst_DELA_2017,D08,DELA,DELA_052,NEON.PLA.D08.DELA.04617,single bole tree,65.2,130,30.0
2294a2dc-8af0-4258-a7f9-dea09cfb4df5,DELA_052.basePlot.vst,2017-11-08,vst_DELA_2017,D08,DELA,DELA_052,NEON.PLA.D08.DELA.04581,single bole tree,23.8,130,16.3
d01c3fbd-14ae-4c8e-927a-7adb17624df4,DELA_054.basePlot.vst,2017-11-08,vst_DELA_2017,D08,DELA,DELA_054,NEON.PLA.D08.DELA.11454,single bole tree,44.3,130,31.4
63c5e219-993d-4495-937a-48107d273902,DELA_055.basePlot.vst,2017-11-08,vst_DELA_2017,D08,DELA,DELA_055,NEON.PLA.D08.DELA.03654,single bole tree,21.8,130,10.2
b5b5a925-0678-426c-a7cd-ecdb4dd094f5,DELA_052.basePlot.vst,2017-11-08,vst_DELA_2017,D08,DELA,DELA_052,NEON.PLA.D08.DELA.04565,single bole tree,12.7,130,8.2
c0c9b964-202b-411d-9fa8-60873ab3098f,DELA_048.basePlot.vst,2017-11-08,vst_DELA_2017,D08,DELA,DELA_048,NEON.PLA.D08.DELA.03714,single bole tree,25.2,130,8.5
f2b95c0e-5a93-467b-8fd1-dfdf8ef5e130,DELA_055.basePlot.vst,2017-11-08,vst_DELA_2017,D08,DELA,DELA_055,NEON.PLA.D08.DELA.12807,single bole tree,13.9,130,8.8
341c97f0-3338-45d5-9938-a84aad1e0504,DELA_052.basePlot.vst,2017-11-08,vst_DELA_2017,D08,DELA,DELA_052,NEON.PLA.D08.DELA.04586,single bole tree,27.8,130,18.0
fdaf2fcd-62ca-4fc8-bd92-c3966969ce12,DELA_048.basePlot.vst,2017-11-08,vst_DELA_2017,D08,DELA,DELA_048,NEON.PLA.D08.DELA.03717,single bole tree,62.2,130,19.3
4ead4344-a628-46b1-bd1b-14b75065808b,DELA_048.basePlot.vst,2017-11-08,vst_DELA_2017,D08,DELA,DELA_048,NEON.PLA.D08.DELA.03772,single bole tree,12.7,130,8.9
269a344c-584f-469d-8548-3f3bea0940b8,DELA_055.basePlot.vst,2017-11-08,vst_DELA_2017,D08,DELA,DELA_055,NEON.PLA.D08.DELA.03626,single bole tree,27.4,130,8.0
7694ea16-8626-4675-9c3c-ad5ee6a322e9,DELA_048.basePlot.vst,2017-11-08,vst_DELA_2017,D08,DELA,DELA_048,NEON.PLA.D08.DELA.03711,single bole tree,12.5,130,8.9
e1da96cd-bc47-41b2-8e39-6c1c1d67a70f,DELA_056.basePlot.vst,2017-11-13,vst_DELA_2017,D08,DELA,DELA_056,NEON.PLA.D08.DELA.03591,single bole tree,30.8,130,20.1
6d0fe901-9031-481e-ad12-b60dab141f9a,DELA_056.basePlot.vst,2017-11-13,vst_DELA_2017,D08,DELA,DELA_056,NEON.PLA.D08.DELA.04773,single bole tree,47.6,130,26.9
12ef2c44-0e07-4475-aaf8-9044dcc38060,DELA_056.basePlot.vst,2017-11-13,vst_DELA_2017,D08,DELA,DELA_056,NEON.PLA.D08.DELA.03580,single bole tree,11.8,130,8.0
a437540f-e66c-4f67-8692-0171dddc0aa3,DELA_056.basePlot.vst,2017-11-13,vst_DELA_2017,D08,DELA,DELA_056,NEON.PLA.D08.DELA.04765,single bole tree,27.2,130,19.0
334a8ce4-0a77-4304-8697-9a60b3c6f22a,DELA_056.basePlot.vst,2017-11-13,vst_DELA_2017,D08,DELA,DELA_056,NEON.PLA.D08.DELA.03592,single bole tree,13.5,130,9.9
d8e681f3-4893-45a2-8e9c-8f5a08f6d234,DELA_056.basePlot.vst,2017-11-13,vst_DELA_2017,D08,DELA,DELA_056,NEON.PLA.D08.DELA.03572,single bole tree,11.4,130,12.4
1bf0467e-5349-4169-8140-2b640bc6d868,DELA_056.basePlot.vst,2017-11-13,vst_DELA_2017,D08,DELA,DELA_056,NEON.PLA.D08.DELA.04776,single bole tree,37.7,130,25.9
b0342132-37bd-474f-8946-51dd232fa776,DELA_056.basePlot.vst,2017-11-13,vst_DELA_2017,D08,DELA,DELA_056,NEON.PLA.D08.DELA.03575,single bole tree,12.3,130,11.2
dd5b949f-b2d4-4a4c-81ad-4c922d4d1a47,DELA_056.basePlot.vst,2017-11-13,vst_DELA_2017,D08,DELA,DELA_056,NEON.PLA.D08.DELA.03577,single bole tree,41.2,130,24.6
855e2c92-09a0-4716-b74c-46692638c23f,DELA_056.basePlot.vst,2017-11-13,vst_DELA_2017,D08,DELA,DELA_056,NEON.PLA.D08.DELA.04774,single bole tree,15.7,130,16.8
f2c51918-14d4-43bb-8420-8dcaf10cb337,DELA_056.basePlot.vst,2017-11-13,vst_DELA_2017,D08,DELA,DELA_056,NEON.PLA.D08.DELA.03571,single bole tree,46.6,130,25.3
3f6f806e-ccab-47e0-97e5-911c6bd3c5cf,DELA_056.basePlot.vst,2017-11-13,vst_DELA_2017,D08,DELA,DELA_056,NEON.PLA.D08.DELA.04775,single bole tree,17.7,130,12.0
0764b8cf-80e1-4004-aac4-ebfa1ca4c650,DELA_056.basePlot.vst,2017-11-13,vst_DELA_2017,D08,DELA,DELA_056,NEON.PLA.D08.DELA.03578,single bole tree,27.9,130,16.2
54103b90-8f26-42fa-86d3-d9a5c5d7ccf1,DELA_056.basePlot.vst,2017-11-13,vst_DELA_2017,D08,DELA,DELA_056,NEON.PLA.D08.DELA.03601,single bole tree,12.5,130,13.2
9bc637d9-f93c-4f17-909e-5edd1b2b8ac1,DELA_056.basePlot.vst,2017-11-13,vst_DELA_2017,D08,DELA,DELA_056,NEON.PLA.D08.DELA.03586,single bole tree,86.8,130,32.6
8c8a884b-cd06-40fb-854d-e430cd2fb66b,DELA_056.basePlot.vst,2017-11-13,vst_DELA_2017,D08,DELA,DELA_056,NEON.PLA.D08.DELA.04769,single bole tree,13.3,130,14.2
3709d857-1e90-4187-bb17-bb4b19b1ee59,DELA_056.basePlot.vst,2017-11-13,vst_DELA_2017,D08,DELA,DELA_056,NEON.PLA.D08.DELA.03603,single bole tree,31.5,130,24.5
4f2921be-4dce-4963-a5ca-435d6d890e1e,DELA_056.basePlot.vst,2017-11-13,vst_DELA_2017,D08,DELA,DELA_056,NEON.PLA.D08.DELA.03596,single bole tree,14.3,130,8.8
8c3cdcf0-e98e-4f20-8853-a56d53dec782,DELA_056.basePlot.vst,2017-11-13,vst_DELA_2017,D08,DELA,DELA_056,NEON.PLA.D08.DELA.04756,single bole tree,37.6,130,19.5
18d8320f-fd12-42ab-b8d6-62b8637e7e63,DELA_056.basePlot.vst,2017-11-13,vst_DELA_2017,D08,DELA,DELA_056,NEON.PLA.D08.DELA.11457,single bole tree,10.0,130,7.0
81286b6d-5b28-4802-af4a-a41ea7fb4b14,DELA_056.basePlot.vst,2017-11-13,vst_DELA_2017,D08,DELA,DELA_056,NEON.PLA.D08.DELA.04759,single bole tree,30.1,130,21.6
f4b81bf6-87d4-4e96-ba24-370822e554be,DELA_056.basePlot.vst,2017-11-13,vst_DELA_2017,D08,DELA,DELA_056,NEON.PLA.D08.DELA.12293,single bole tree,25.5,130,2.6
e8be56ad-9fc2-4ddb-b090-75826851b146,DELA_056.basePlot.vst,2017-11-13,vst_DELA_2017,D08,DELA,DELA_056,NEON.PLA.D08.DELA.04768,single bole tree,26.3,130,14.3
94709ee5-b866-4cf6-90c5-3882e2dba95f,DELA_056.basePlot.vst,2017-11-13,vst_DELA_2017,D08,DELA,DELA_056,NEON.PLA.D08.DELA.03574,single bole tree,12.6,130,9.8
461b21dc-1a36-41e4-9065-b22dce5e4b08,DELA_056.basePlot.vst,2017-11-13,vst_DELA_2017,D08,DELA,DELA_056,NEON.PLA.D08.DELA.12296,single bole tree,44.5,130,5.7
5ebaa211-7866-44ca-b7b3-447c3efdc798,DELA_056.basePlot.vst,2017-11-13,vst_DELA_2017,D08,DELA,DELA_056,NEON.PLA.D08.DELA.03573,single bole tree,34.6,130,21.1
95ece405-503b-44eb-8f46-c01c676c7eee,DELA_056.basePlot.vst,2017-11-13,vst_DELA_2017,D08,DELA,DELA_056,NEON.PLA.D08.DELA.03581,single bole tree,11.7,130,10.6
79830b08-00a7-4f51-9559-598f5c5a4c49,DELA_056.basePlot.vst,2017-11-13,vst_DELA_2017,D08,DELA,DELA_056,NEON.PLA.D08.DELA.03602,single bole tree,28.9,130,19.6
7e9973a2-2854-4a52-bf05-240f23310e04,DELA_056.basePlot.vst,2017-11-13,vst_DELA_2017,D08,DELA,DELA_056,NEON.PLA.D08.DELA.03576,single bole tree,14.5,130,11.4
bf835467-15e6-4c00-a597-bfc761cd5c2a,DELA_056.basePlot.vst,2017-11-13,vst_DELA_2017,D08,DELA,DELA_056,NEON.PLA.D08.DELA.12294,single bole tree,24.5,130,5.0
