uid,namedLocation,date,eventID,domainID,siteID,plotID,individualID,growthForm,stemDiameter,measurementHeight,height
e92748be-c73b-4295-a77a-29dcb0c24208,DELA_045.basePlot.vst,2016-10-03,vst_DELA_2016,D08,DELA,DELA_045,NEON.PLA.D08.DELA.04861,single bole tree,16.6,130,14.5
a5e7d97e-d2aa-40b8-b237-14bc5412c103,DELA_045.basePlot.vst,2016-10-03,vst_DELA_2016,D08,DELA,DELA_045,NEON.PLA.D08.DELA.04870,single bole tree,30.0,130,21.0
1555d23e-b4cf-45d5-8bb3-c8d79d0718c9,DELA_045.basePlot.vst,2016-10-03,vst_DELA_2016,D08,DELA,DELA_045,NEON.PLA.D08.DELA.04831,single bole tree,20.5,130,14.5
dae515fc-885f-43ef-a1b5-3ae69a6fa3d6,DELA_045.basePlot.vst,2016-10-03,vst_DELA_2016,D08,DELA,DELA_045,NEON.PLA.D08.DELA.09802,single bole tree,NA,NA,NA
f1ef3bd8-a78b-43af-bcd0-d24bb3f1716b,DELA_045.basePlot.vst,2016-10-03,vst_DELA_2016,D08,DELA,DELA_045,NEON.PLA.D08.DELA.04830,single bole tree,36.5,130,22.2
40c94343-f715-4266-bd02-6c5ec88f47a4,DELA_045.basePlot.vst,2016-10-03,vst_DELA_2016,D08,DELA,DELA_045,NEON.PLA.D08.DELA.04859,single bole tree,38.5,130,27.3
6179fe8e-25d1-4608-a6a8-e0defa402fbb,DELA_045.basePlot.vst,2016-10-03,vst_DELA_2016,D08,DELA,DELA_045,NEON.PLA.D08.DELA.04854,single bole tree,12.5,130,10.8
8768c97d-4f75-4c9f-9eb5-ba3337f7fae7,DELA_045.basePlot.vst,2016-10-03,vst_DELA_2016,D08,DELA,DELA_045,NEON.PLA.D08.DELA.04863,single bole tree,25.0,130,18.3
0dc9d25d-383d-4d5d-a7d3-437ab792a67f,DELA_045.basePlot.vst,2016-10-03,vst_DELA_2016,D08,DELA,DELA_045,NEON.PLA.D08.DELA.04886,single bole tree,26.9,130,11.4
f4cb6825-0ee8-49e1-ad2f-701f76e94e9e,DELA_045.basePlot.vst,2016-10-03,vst_DELA_2016,D08,DELA,DELA_045,NEON.PLA.D08.DELA.04856,single bole tree,21.0,130,20.2
4de5afc1-8a42-455c-bb92-582da39f41c5,DELA_045.basePlot.vst,2016-10-03,vst_DELA_2016,D08,DELA,DELA_045,NEON.PLA.D08.DELA.04876,single bole tree,15.0,130,6.6
54e9263f-af1f-4739-a6a7-7ca3ed37e74f,DELA_045.basePlot.vst,2016-10-03,vst_DELA_2016,D08,DELA,DELA_045,NEON.PLA.D08.DELA.04862,single bole tree,14.2,130,7.5
8626655a-9d76-4f5e-acc0-39892943639f,DELA_045.basePlot.vst,2016-10-03,vst_DELA_2016,D08,DELA,DELA_045,NEON.PLA.D08.DELA.04864,single bole tree,62.0,130,21.3
b4d81b9a-c280-477c-a257-0211c996be43,DELA_045.basePlot.vst,2016-10-03,vst_DELA_2016,D08,DELA,DELA_045,NEON.PLA.D08.DELA.04865,single bole tree,29.0,130,17.3
a0bfd114-f0fb-46a7-8668-daf74ea624c6,DELA_045.basePlot.vst,2016-10-03,vst_DELA_2016,D08,DELA,DELA_045,NEON.PLA.D08.DELA.04878,single bole tree,23.6,130,15.9
2ac06630-dd72-475d-a5a2-6c2cbb15ad87,DELA_045.basePlot.vst,2016-10-03,vst_DELA_2016,D08,DELA,DELA_045,NEON.PLA.D08.DELA.12276,single bole tree,17.4,130,9.2
de2f9c0f-a879-437e-b59d-72dd342e4042,DELA_048.basePlot.vst,2016-10-03,vst_DELA_2016,D08,DELA,DELA_048,NEON.PLA.D08.DELA.10321,single bole tree,10.3,130,8.8
b0b3ed33-2ef3-46af-8170-dc7879d4fc19,DELA_048.basePlot.vst,2016-10-03,vst_DELA_2016,D08,DELA,DELA_048,NEON.PLA.D08.DELA.03776,single bole tree,NA,NA,NA
643e48d9-249f-4c03-89fb-4ae2a30a2de0,DELA_048.basePlot.vst,2016-10-03,vst_DELA_2016,D08,DELA,DELA_048,NEON.PLA.D08.DELA.03775,single bole tree,NA,NA,NA
2f5ab097-c200-4d7c-b377-6260a83759d9,DELA_048.basePlot.vst,2016-10-03,vst_DELA_2016,D08,DELA,DELA_048,NEON.PLA.D08.DELA.03774,single bole tree,25.7,130,16.1
974855e0-1ef7-40d1-93ca-04ce4c80e3d7,DELA_048.basePlot.vst,2016-10-03,vst_DELA_2016,D08,DELA,DELA_048,NEON.PLA.D08.DELA.03773,single bole tree,66.0,130,29.6
6729d8bc-98d8-4f71-af36-4c8bd19aceb8,DELA_045.basePlot.vst,2016-10-03,vst_DELA_2016,D08,DELA,DELA_045,NEON.PLA.D08.DELA.04872,single bole tree,22.4,130,21.0
9a7bb1a0-bfc5-4667-b1cd-caaf3c362515,DELA_045.basePlot.vst,2016-10-03,vst_DELA_2016,D08,DELA,DELA_045,NEON.PLA.D08.DELA.04860,single bole tree,20.2,130,17.1
ad59f204-705b-44a7-9071-be26cdc96544,DELA_045.basePlot.vst,2016-10-03,vst_DELA_2016,D08,DELA,DELA_045,NEON.PLA.D08.DELA.09801,single bole tree,15.9,130,14.5
d703fbc9-15fd-4fb7-9ba2-7918494ef8ff,DELA_045.basePlot.vst,2016-10-03,vst_DELA_2016,D08,DELA,DELA_045,NEON.PLA.D08.DELA.04858,single bole tree,17.0,130,13.4
2c62184a-d4fb-46ad-8204-5dab1d4b513b,DELA_045.basePlot.vst,2016-10-03,vst_DELA_2016,D08,DELA,DELA_045,NEON.PLA.D08.DELA.04873,single bole tree,13.2,130,23.3
71c81a0c-5a78-4c0d-9a08-afea3045a0ed,DELA_045.basePlot.vst,2016-10-03,vst_DELA_2016,D08,DELA,DELA_045,NEON.PLA.D08.DELA.04880,single bole tree,33.7,130,24.4
45c0411c-4a99-4d4f-9fae-28bdcacc5e85,DELA_045.basePlot.vst,2016-10-03,vst_DELA_2016,D08,DELA,DELA_045,NEON.PLA.D08.DELA.04871,single bole tree,28.0,130,14.3
3027f64d-0f8a-4b5a-b480-e25d7aa81ec6,DELA_045.basePlot.vst,2016-10-03,vst_DELA_2016,D08,DELA,DELA_045,NEON.PLA.D08.DELA.04875,single bole tree,27.8,130,17.8
2c078686-d754-4753-a411-7b5fd65f58b4,DELA_045.basePlot.vst,2016-10-03,vst_DELA_2016,D08,DELA,DELA_045,NEON.PLA.D08.DELA.04883,single bole tree,12.7,130,15.4
1b23a038-5e1c-4a6e-a235-f322a9998a0e,DELA_045.basePlot.vst,2016-10-03,vst_DELA_2016,D08,DELA,DELA_045,NEON.PLA.D08.DELA.04885,single bole tree,NA,NA,NA
ab77478f-b900-49af-9d98-585ac7669aba,DELA_045.basePlot.vst,2016-10-03,vst_DELA_2016,D08,DELA,DELA_045,NEON.PLA.D08.DELA.04881,single bole tree,NA,NA,NA
ab6a6a70-0656-4a34-8a23-bdce1f2d6e6c,DELA_045.basePlot.vst,2016-10-03,vst_DELA_2016,D08,DELA,DELA_045,NEON.PLA.D08.DELA.09803,single bole tree,NA,NA,NA
69804e5b-aef2-45d7-b2ae-84e43b7f026f,DELA_045.basePlot.vst,2016-10-03,vst_DELA_2016,D08,DELA,DELA_045,NEON.PLA.D08.DELA.04877,small tree,13.3,130,15.3
0d600e34-c697-45f8-80c2-9b478b9a8519,DELA_045.basePlot.vst,2016-10-03,vst_DELA_2016,D08,DELA,DELA_045,NEON.PLA.D08.DELA.04853,single bole tree,57.0,130,25.8
4e75cb45-f51b-44b3-a530-2586c7de57e0,DELA_045.basePlot.vst,2016-10-03,vst_DELA_2016,D08,DELA,DELA_045,NEON.PLA.D08.DELA.04882,single bole tree,36.2,130,27.5
f95b6c5e-dfc0-44d9-aa98-5db5c1857408,DELA_045.basePlot.vst,2016-10-03,vst_DELA_2016,D08,DELA,DELA_045,NEON.PLA.D08.DELA.04855,single bole tree,15.5,130,6.1
e24e16d5-34b5-4eff-adb3-045a4aee5079,DELA_048.basePlot.vst,2016-10-03,vst_DELA_2016,D08,DELA,DELA_048,NEON.PLA.D08.DELA.03753,single bole tree,15.0,130,11.3
caf06d24-95d9-43e4-9de7-ce3705efd837,DELA_048.basePlot.vst,2016-10-03,vst_DELA_2016,D08,DELA,DELA_048,NEON.PLA.D08.DELA.10322,single bole tree,11.1,130,8.2
abfffc42-21a2-46a6-a770-0b6d7845d94b,DELA_048.basePlot.vst,2016-10-03,vst_DELA_2016,D08,DELA,DELA_048,NEON.PLA.D08.DELA.03751,single bole tree,16.2,130,11.2
31d911bb-ac02-4792-95ea-5a7ba45ff679,DELA_048.basePlot.vst,2016-10-03,vst_DELA_2016,D08,DELA,DELA_048,NEON.PLA.D08.DELA.03717,single bole tree,56.5,130,22.0
cbc405a3-3447-4a2b-aa2f-246d45c425cd,DELA_048.basePlot.vst,2016-10-03,vst_DELA_2016,D08,DELA,DELA_048,NEON.PLA.D08.DELA.03696,single bole tree,13.9,130,9.9
b37a0543-6ef5-4d79-a23b-dfc7aacba8a3,DELA_048.basePlot.vst,2016-10-03,vst_DELA_2016,D08,DELA,DELA_048,NEON.PLA.D08.DELA.03768,single bole tree,10.5,130,10.8
4e6767e4-562e-448c-892d-20ce649ef1c4,DELA_048.basePlot.vst,2016-10-03,vst_DELA_2016,D08,DELA,DELA_048,NEON.PLA.D08.DELA.03766,single bole tree,14.1,130,14.2
856c1f22-e91f-4288-871b-5e978830e321,DELA_048.basePlot.vst,2016-10-03,vst_DELA_2016,D08,DELA,DELA_048,NEON.PLA.D08.DELA.03769,single bole tree,29.1,130,11.7
b00eeb89-0f28-4e37-bd94-719f7df07dff,DELA_048.basePlot.vst,2016-10-03,vst_DELA_2016,D08,DELA,DELA_048,NEON.PLA.D08.DELA.03772,single bole tree,11.9,130,9.0
3d322b26-60ac-4ddc-9c36-4d6615ea451e,DELA_048.basePlot.vst,2016-10-03,vst_DELA_2016,D08,DELA,DELA_048,NEON.PLA.D08.DELA.03712,multi-bole tree,50.0,130,24.7
36644abb-1fbb-4609-af70-84c9ac64e1dd,DELA_048.basePlot.vst,2016-10-03,vst_DELA_2016,D08,DELA,DELA_048,NEON.PLA.D08.DELA.03757,single bole tree,21.0,130,14.9
17a47a51-71cf-4361-a5d9-5c9396495650,DELA_048.basePlot.vst,2016-10-03,vst_DELA_2016,D08,DELA,DELA_048,NEON.PLA.D08.DELA.03715,multi-bole tree,24.5,145,15.3
97036fcb-cf39-4099-b25e-58aa6eba638f,DELA_048.basePlot.vst,2016-10-03,vst_DELA_2016,D08,DELA,DELA_048,NEON.PLA.D08.DELA.03778,single bole tree,11.4,130,8.2
494ef898-5adf-4e1d-93b0-eeb44d640de1,DELA_048.basePlot.vst,2016-10-03,vst_DELA_2016,D08,DELA,DELA_048,NEON.PLA.D08.DELA.03714,single bole tree,24.5,130,10.4
a5393592-14cf-4146-9d87-9b78f66aa3c9,DELA_048.basePlot.vst,2016-10-03,vst_DELA_2016,D08,DELA,DELA_048,NEON.PLA.D08.DELA.03711,single bole tree,13.0,130,9.0
a6509529-bc8e-4472-a443-4d9946d0ac51,DELA_048.basePlot.vst,2016-10-03,vst_DELA_2016,D08,DELA,DELA_048,NEON.PLA.D08.DELA.03752,single bole tree,19.6,130,15.5
275d4a83-d9ee-4409-8465-8c1129c8ec85,DELA_048.basePlot.vst,2016-10-03,vst_DELA_2016,D08,DELA,DELA_048,NEON.PLA.D08.DELA.03776,single bole tree,37.2,130,5.0
f83d3d7a-0ef0-4469-acf0-fd5a99e19625,DELA_048.basePlot.vst,2016-10-03,vst_DELA_2016,D08,DELA,DELA_048,NEON.PLA.D08.DELA.03679,small tree,5.9,130,5.8
0774cf9c-7c44-4ea0-b8b0-1b6a1d3b7000,DELA_048.basePlot.vst,2016-10-03,vst_DELA_2016,D08,DELA,DELA_048,NEON.PLA.D08.DELA.03712A,multi-bole tree,33.1,130,19.9
17c0c1b0-89dd-4724-bd38-1e8123141a62,DELA_048.basePlot.vst,2016-10-03,vst_DELA_2016,D08,DELA,DELA_048,NEON.PLA.D08.DELA.03777,single bole tree,29.0,130,11.3
7d1ebc23-00dd-44aa-aa47-ac8c8d69756c,DELA_048.basePlot.vst,2016-10-03,vst_DELA_2016,D08,DELA,DELA_048,NEON.PLA.D08.DELA.03719,single bole tree,39.7,130,14.5
4247b7da-d1bc-4918-a610-5dc6f35d88d8,DELA_048.basePlot.vst,2016-10-03,vst_DELA_2016,D08,DELA,DELA_048,NEON.PLA.D08.DELA.03780,single bole tree,43.1,130,18.4
cf30709b-86e8-4dd1-a58b-774a44912e74,DELA_048.basePlot.vst,2016-10-03,vst_DELA_2016,D08,DELA,DELA_048,NEON.PLA.D08.DELA.03747,single bole tree,81.0,130,27.8
e7a03857-7968-4e38-a551-a72d7e86259c,DELA_048.basePlot.vst,2016-10-03,vst_DELA_2016,D08,DELA,DELA_048,NEON.PLA.D08.DELA.03718,single bole tree,14.9,130,18.5
25bdb82b-5db2-4fa2-9e46-f104e6637453,DELA_048.basePlot.vst,2016-10-03,vst_DELA_2016,D08,DELA,DELA_048,NEON.PLA.D08.DELA.03713,single bole tree,17.3,130,8.2
c955e3a8-d47c-4ef5-8b74-fc617363e6a7,DELA_048.basePlot.vst,2016-10-03,vst_DELA_2016,D08,DELA,DELA_048,NEON.PLA.D08.DELA.03765,multi-bole tree,NA,NA,NA
3dd2b1e3-6e6d-4f7a-9e5c-014f1e785c4b,DELA_048.basePlot.vst,2016-10-03,vst_DELA_2016,D08,DELA,DELA_048,NEON.PLA.D08.DELA.03715A,multi-bole tree,14.0,145,9.2
c1aa61de-3e8b-444d-abcb-6bf61c15b0d4,DELA_047.basePlot.vst,2016-10-04,vst_DELA_2016,D08,DELA,DELA_047,NEON.PLA.D08.DELA.03901,single bole tree,14.3,130,8.3
abc3b2ad-5a7d-45b4-ac4b-ca20e8fcacb1,DELA_047.basePlot.vst,2016-10-04,vst_DELA_2016,D08,DELA,DELA_047,NEON.PLA.D08.DELA.10050,single bole tree,22.0,130,12.1
c7436b0f-babb-49d4-b1c8-5e46a159d54f,DELA_047.basePlot.vst,2016-10-04,vst_DELA_2016,D08,DELA,DELA_047,NEON.PLA.D08.DELA.10052,single bole tree,13.7,130,10.2
376b5f3c-0317-4ec4-b47c-7f2d15ecb560,DELA_047.basePlot.vst,2016-10-04,vst_DELA_2016,D08,DELA,DELA_047,NEON.PLA.D08.DELA.03802,small tree,4.5,130,2.5
ab037ab8-128f-42d4-81f2-9f5950764e9a,DELA_047.basePlot.vst,2016-10-04,vst_DELA_2016,D08,DELA,DELA_047,NEON.PLA.D08.DELA.03833,single bole tree,39.0,130,7.5
06958c55-de7c-4810-bc1d-5189b716f72a,DELA_047.basePlot.vst,2016-10-04,vst_DELA_2016,D08,DELA,DELA_047,NEON.PLA.D08.DELA.03900,single bole tree,14.7,130,9.6
0394a728-9c31-46e8-b11f-76f2a9b60cb1,DELA_047.basePlot.vst,2016-10-04,vst_DELA_2016,D08,DELA,DELA_047,NEON.PLA.D08.DELA.03860,single bole tree,12.0,130,7.2
7a1ea616-45ee-4a97-9ab8-4fe14c84407f,DELA_047.basePlot.vst,2016-10-04,vst_DELA_2016,D08,DELA,DELA_047,NEON.PLA.D08.DELA.03898,single bole tree,21.9,130,11.5
fb567f0b-915d-47e9-bf2e-ee0956a41e54,DELA_047.basePlot.vst,2016-10-04,vst_DELA_2016,D08,DELA,DELA_047,NEON.PLA.D08.DELA.03903,liana,1.5,130,NA
d26ca026-d79b-4055-8d07-b318c2d06325,DELA_047.basePlot.vst,2016-10-04,vst_DELA_2016,D08,DELA,DELA_047,NEON.PLA.D08.DELA.03788,single bole tree,17.7,130,8.5
b75f4a25-1ecf-4f1a-ab3b-93631f179967,DELA_047.basePlot.vst,2016-10-04,vst_DELA_2016,D08,DELA,DELA_047,NEON.PLA.D08.DELA.03829,single bole tree,21.0,130,11.7
5a21c8b6-2947-46c1-b579-ce47f5bb8141,DELA_047.basePlot.vst,2016-10-04,vst_DELA_2016,D08,DELA,DELA_047,NEON.PLA.D08.DELA.03869,single bole tree,14.4,130,7.0
b69d1884-ca84-4494-acb9-5742351006f7,DELA_047.basePlot.vst,2016-10-04,vst_DELA_2016,D08,DELA,DELA_047,NEON.PLA.D08.DELA.10051,single bole tree,40.0,130,18.2
85024bcb-1fd9-468d-b069-7cf963960a98,DELA_047.basePlot.vst,2016-10-04,vst_DELA_2016,D08,DELA,DELA_047,NEON.PLA.D08.DELA.03891,single bole tree,15.4,130,8.7
83fe9cf7-0782-48ad-b3eb-1ad57e2b41d3,DELA_047.basePlot.vst,2016-10-04,vst_DELA_2016,D08,DELA,DELA_047,NEON.PLA.D08.DELA.10053,single bole tree,12.7,130,12.0
aafbdb97-5df9-4338-8f5b-d9c317315654,DELA_047.basePlot.vst,2016-10-04,vst_DELA_2016,D08,DELA,DELA_047,NEON.PLA.D08.DELA.03842,single bole tree,17.5,130,7.7
cc13d1b8-dd31-48ad-b499-4b4717b037be,DELA_047.basePlot.vst,2016-10-04,vst_DELA_2016,D08,DELA,DELA_047,NEON.PLA.D08.DELA.03885,single bole tree,14.8,130,8.3
1861a68a-2ca0-4d3b-8383-368ca577d07c,DELA_047.basePlot.vst,2016-10-04,vst_DELA_2016,D08,DELA,DELA_047,NEON.PLA.D08.DELA.12187,multi-bole tree,28.5,160,NA
aa20db5c-be25-4c09-b13f-da0d125d2bde,DELA_047.basePlot.vst,2016-10-04,vst_DELA_2016,D08,DELA,DELA_047,NEON.PLA.D08.DELA.10054,single bole tree,15.0,130,7.7
e3b38334-83e9-49ee-9f1e-b00588930903,DELA_047.basePlot.vst,2016-10-04,vst_DELA_2016,D08,DELA,DELA_047,NEON.PLA.D08.DELA.10058,single bole tree,13.7,130,3.9
7dbf237b-f22b-4917-ab81-f3584345bc70,DELA_047.basePlot.vst,2016-10-04,vst_DELA_2016,D08,DELA,DELA_047,NEON.PLA.D08.DELA.03841,single bole tree,15.4,130,13.4
840d2231-7ef1-43e8-9f6a-d73709465390,DELA_047.basePlot.vst,2016-10-04,vst_DELA_2016,D08,DELA,DELA_047,NEON.PLA.D08.DELA.03888,single bole tree,12.8,130,7.5
2526ecc4-115c-4ff1-8f6d-41057d6debf8,DELA_047.basePlot.vst,2016-10-04,vst_DELA_2016,D08,DELA,DELA_047,NEON.PLA.D08.DELA.03835,single bole tree,11.2,130,5.1
09e1f9f5-818c-46e7-b05e-27cb63579acf,DELA_047.basePlot.vst,2016-10-04,vst_DELA_2016,D08,DELA,DELA_047,NEON.PLA.D08.DELA.12187A,multi-bole tree,12.8,160,NA
4058f77e-5544-4b0e-953d-527d5d57db2c,DELA_047.basePlot.vst,2016-10-04,vst_DELA_2016,D08,DELA,DELA_047,NEON.PLA.D08.DELA.03873,single bole tree,13.5,130,12.1
be03bd83-bb15-4637-8553-a74ec08ad961,DELA_047.basePlot.vst,2016-10-04,vst_DELA_2016,D08,DELA,DELA_047,NEON.PLA.D08.DELA.03836,single bole tree,14.5,130,5.6
1c557d08-a74b-48b9-912c-54e61d32dc24,DELA_047.basePlot.vst,2016-10-04,vst_DELA_2016,D08,DELA,DELA_047,NEON.PLA.D08.DELA.03782,single bole tree,15.7,130,8.5
e7ef8e3d-8faf-4f3e-960c-23ec2c08d6f7,DELA_047.basePlot.vst,2016-10-04,vst_DELA_2016,D08,DELA,DELA_047,NEON.PLA.D08.DELA.03857,single bole tree,27.1,130,15.4
ae30183f-d8b1-46a6-a416-eaf6ba081f12,DELA_047.basePlot.vst,2016-10-04,vst_DELA_2016,D08,DELA,DELA_047,NEON.PLA.D08.DELA.03902,single bole tree,48.0,130,17.9
8113d4f2-ec4e-494c-8bbf-e30610f63d69,DELA_047.basePlot.vst,2016-10-04,vst_DELA_2016,D08,DELA,DELA_047,NEON.PLA.D08.DELA.03831,single bole tree,16.5,130,8.3
720b85aa-ef6f-47f7-87fc-0b5c3944a2ff,DELA_047.basePlot.vst,2016-10-04,vst_DELA_2016,D08,DELA,DELA_047,NEON.PLA.D08.DELA.03834,multi-bole tree,22.1,130,8.9
555daa66-960f-4229-8fa5-e214109d99ec,DELA_047.basePlot.vst,2016-10-04,vst_DELA_2016,D08,DELA,DELA_047,NEON.PLA.D08.DELA.03859,single bole tree,49.4,130,18.9
514d7f75-5dc6-424c-bfed-30315853ff9d,DELA_047.basePlot.vst,2016-10-04,vst_DELA_2016,D08,DELA,DELA_047,NEON.PLA.D08.DELA.03826,single bole tree,20.8,130,12.2
09a9779a-94e2-48e7-aff6-014665d35471,DELA_047.basePlot.vst,2016-10-04,vst_DELA_2016,D08,DELA,DELA_047,NEON.PLA.D08.DELA.03903,single bole tree,13.7,130,8.4
63c2448a-0773-47ec-a0f9-6f444fcb8e92,DELA_047.basePlot.vst,2016-10-04,vst_DELA_2016,D08,DELA,DELA_047,NEON.PLA.D08.DELA.03830,single bole tree,17.9,130,10.5
48c38883-15d1-4dc5-ac69-a5f77b21674c,DELA_047.basePlot.vst,2016-10-04,vst_DELA_2016,D08,DELA,DELA_047,NEON.PLA.D08.DELA.03899,single bole tree,19.0,130,9.2
65246df8-abdf-4b6b-a688-51daae64b588,DELA_047.basePlot.vst,2016-10-04,vst_DELA_2016,D08,DELA,DELA_047,NEON.PLA.D08.DELA.03793,single bole tree,20.3,130,12.7
4a1d8974-df1f-4068-affd-2222db5bd6cb,DELA_054.basePlot.vst,2016-10-06,vst_DELA_2016,D08,DELA,DELA_054,NEON.PLA.D08.DELA.04728,single bole tree,14.0,130,8.9
7274261c-aa08-4597-b8fc-1d1285f29f39,DELA_054.basePlot.vst,2016-10-06,vst_DELA_2016,D08,DELA,DELA_054,NEON.PLA.D08.DELA.04755,single bole tree,61.0,130,29.8
361bc4b3-ca26-4327-a468-d13e19385e68,DELA_054.basePlot.vst,2016-10-06,vst_DELA_2016,D08,DELA,DELA_054,NEON.PLA.D08.DELA.04891,single bole tree,25.5,130,19.5
3c664ede-e0b6-4463-baa6-f0f12657c250,DELA_054.basePlot.vst,2016-10-06,vst_DELA_2016,D08,DELA,DELA_054,NEON.PLA.D08.DELA.12191,single bole tree,10.4,130,2.2
27240f68-4d1b-4a19-925c-40f7f051a185,DELA_054.basePlot.vst,2016-10-06,vst_DELA_2016,D08,DELA,DELA_054,NEON.PLA.D08.DELA.12189,single bole tree,14.9,130,3.3
a7f4cb79-9f8b-461e-8ff9-ed3d383d89ab,DELA_054.basePlot.vst,2016-10-06,vst_DELA_2016,D08,DELA,DELA_054,NEON.PLA.D08.DELA.04734,single bole tree,19.5,130,9.0
34178b94-ae7b-4531-9180-ce2eba7a6171,DELA_054.basePlot.vst,2016-10-06,vst_DELA_2016,D08,DELA,DELA_054,NEON.PLA.D08.DELA.04727,single bole tree,14.3,130,13.5
759510b3-fd1b-4912-9f4b-a3e0b8b03043,DELA_054.basePlot.vst,2016-10-06,vst_DELA_2016,D08,DELA,DELA_054,NEON.PLA.D08.DELA.04729,single bole tree,16.3,130,9.8
897da25f-8fcf-4b2c-bef1-250246eb4b2f,DELA_054.basePlot.vst,2016-10-06,vst_DELA_2016,D08,DELA,DELA_054,NEON.PLA.D08.DELA.04750,single bole tree,14.6,130,11.2
ae7267b3-9ecd-4567-841a-406b273d6ac7,DELA_054.basePlot.vst,2016-10-06,vst_DELA_2016,D08,DELA,DELA_054,NEON.PLA.D08.DELA.04752,single bole tree,22.5,130,15.2
30a6d10d-7f70-4151-8afb-2a8f41a21cf4,DELA_054.basePlot.vst,2016-10-06,vst_DELA_2016,D08,DELA,DELA_054,NEON.PLA.D08.DELA.04887,single bole tree,11.4,130,13.2
b151976a-b36c-4dad-9e46-7d33e0e28791,DELA_054.basePlot.vst,2016-10-06,vst_DELA_2016,D08,DELA,DELA_054,NEON.PLA.D08.DELA.04741,single bole tree,15.9,130,6.4
12095edf-60ad-49ee-a789-eaeaf7b610f7,DELA_054.basePlot.vst,2016-10-06,vst_DELA_2016,D08,DELA,DELA_054,NEON.PLA.D08.DELA.04900,single bole tree,57.0,130,24.5
c33089c1-8fc2-4d7f-ae79-00b7c27dba09,DELA_054.basePlot.vst,2016-10-06,vst_DELA_2016,D08,DELA,DELA_054,NEON.PLA.D08.DELA.04897,single bole tree,12.4,130,13.1
50fee6ba-319b-448a-aead-17ab40f5d510,DELA_054.basePlot.vst,2016-10-06,vst_DELA_2016,D08,DELA,DELA_054,NEON.PLA.D08.DELA.04732,single bole tree,38.4,130,25.0
e8f60133-fe39-4c55-a9ca-f4546938b040,DELA_054.basePlot.vst,2016-10-06,vst_DELA_2016,D08,DELA,DELA_054,NEON.PLA.D08.DELA.04754,single bole tree,10.7,130,8.5
d1b98786-389c-4a11-aef3-fa14574dbd20,DELA_054.basePlot.vst,2016-10-06,vst_DELA_2016,D08,DELA,DELA_054,NEON.PLA.D08.DELA.04894,single bole tree,11.0,130,6.0
2e65b449-7409-4307-a64f-6d99433cbd41,DELA_054.basePlot.vst,2016-10-06,vst_DELA_2016,D08,DELA,DELA_054,NEON.PLA.D08.DELA.04751,single bole tree,64.0,130,30.8
0022953c-fce7-4aea-9486-281b5e2e508a,DELA_054.basePlot.vst,2016-10-06,vst_DELA_2016,D08,DELA,DELA_054,NEON.PLA.D08.DELA.04730,single bole tree,31.0,130,20.6
863e0737-1c7e-471a-9406-89636d556667,DELA_054.basePlot.vst,2016-10-06,vst_DELA_2016,D08,DELA,DELA_054,NEON.PLA.D08.DELA.04890,single bole tree,92.0,130,28.8
8aceb2aa-abcd-4655-88b7-d933e8fb0000,DELA_054.basePlot.vst,2016-10-06,vst_DELA_2016,D08,DELA,DELA_054,NEON.PLA.D08.DELA.04746,single bole tree,70.0,130,31.5
2886fa23-406c-4652-af5b-c203509904aa,DELA_054.basePlot.vst,2016-10-06,vst_DELA_2016,D08,DELA,DELA_054,NEON.PLA.D08.DELA.12188,single bole tree,20.1,130,4.4
f1c5d263-e1ae-4745-9693-2741bb7b117f,DELA_053.basePlot.vst,2016-10-10,vst_DELA_2016,D08,DELA,DELA_053,NEON.PLA.D08.DELA.04213,single bole tree,NA,NA,NA
d9ac3bb9-e5af-430e-8b19-4ed013480c3a,DELA_053.basePlot.vst,2016-10-10,vst_DELA_2016,D08,DELA,DELA_053,NEON.PLA.D08.DELA.04279,single bole tree,15.1,130,13.9
5e73d5fd-5f43-4812-9078-bfe122b4bbd3,DELA_053.basePlot.vst,2016-10-10,vst_DELA_2016,D08,DELA,DELA_053,NEON.PLA.D08.DELA.04238,single bole tree,16.7,130,16.8
74eb13fd-9754-42ba-bdb8-10f0e86b284b,DELA_053.basePlot.vst,2016-10-10,vst_DELA_2016,D08,DELA,DELA_053,NEON.PLA.D08.DELA.04280,single bole tree,18.3,130,16.1
3c396c43-6b0e-4d75-b674-45f642ca71fa,DELA_053.basePlot.vst,2016-10-10,vst_DELA_2016,D08,DELA,DELA_053,NEON.PLA.D08.DELA.04284,single bole tree,12.6,130,14.1
530a7e2a-9fcf-4621-8232-35778b4ff391,DELA_053.basePlot.vst,2016-10-10,vst_DELA_2016,D08,DELA,DELA_053,NEON.PLA.D08.DELA.04243,single bole tree,13.6,130,13.7
05f4887d-6c74-4f28-b764-c7727913b67c,DELA_053.basePlot.vst,2016-10-10,vst_DELA_2016,D08,DELA,DELA_053,NEON.PLA.D08.DELA.04230,single bole tree,32.3,130,22.5
e1abf172-dc05-4fc8-b1f6-a99892061140,DELA_053.basePlot.vst,2016-10-10,vst_DELA_2016,D08,DELA,DELA_053,NEON.PLA.D08.DELA.04220,single bole tree,73.4,130,28.2
c4e673df-781e-4e86-8f0c-aa08252f7003,DELA_053.basePlot.vst,2016-10-10,vst_DELA_2016,D08,DELA,DELA_053,NEON.PLA.D08.DELA.04271A,multi-bole tree,10.6,130,21.6
6fbc9fd9-a7f2-4f19-b21e-768599a80d22,DELA_053.basePlot.vst,2016-10-10,vst_DELA_2016,D08,DELA,DELA_053,NEON.PLA.D08.DELA.04256,single bole tree,NA,NA,NA
256fdc74-b660-4aea-b0b9-706272e29f1e,DELA_053.basePlot.vst,2016-10-10,vst_DELA_2016,D08,DELA,DELA_053,NEON.PLA.D08.DELA.04276,single bole tree,14.5,130,13.0
0cc3d476-2f1f-4e86-876c-8c4cd2fb4a3f,DELA_053.basePlot.vst,2016-10-10,vst_DELA_2016,D08,DELA,DELA_053,NEON.PLA.D08.DELA.04286,single bole tree,32.5,130,22.8
3fdfb654-b989-45c3-9fb5-383a25bab165,DELA_053.basePlot.vst,2016-10-10,vst_DELA_2016,D08,DELA,DELA_053,NEON.PLA.D08.DELA.04223,single bole tree,20.0,130,20.7
df428353-f20c-4a4a-b7d4-db6ef801ed9e,DELA_053.basePlot.vst,2016-10-10,vst_DELA_2016,D08,DELA,DELA_053,NEON.PLA.D08.DELA.04270,single bole tree,32.7,130,22.6
006d4f10-88ca-4a0e-a513-ccccd7e078f9,DELA_053.basePlot.vst,2016-10-10,vst_DELA_2016,D08,DELA,DELA_053,NEON.PLA.D08.DELA.04277,single bole tree,10.5,130,12.2
1bbdf764-ff5e-4ae3-a5d2-3e3694296ffe,DELA_053.basePlot.vst,2016-10-10,vst_DELA_2016,D08,DELA,DELA_053,NEON.PLA.D08.DELA.04263,single bole tree,44.1,130,22.3
30a14c0e-d3f5-40bf-92b5-01826a0986fb,DELA_053.basePlot.vst,2016-10-10,vst_DELA_2016,D08,DELA,DELA_053,NEON.PLA.D08.DELA.04248,single bole tree,24.5,130,17.5
39a034a6-2b8e-4e4a-a403-202ccb142e9b,DELA_053.basePlot.vst,2016-10-10,vst_DELA_2016,D08,DELA,DELA_053,NEON.PLA.D08.DELA.04208,single bole tree,14.0,130,10.5
911422f6-502d-45ee-b966-2c333bd80ff9,DELA_053.basePlot.vst,2016-10-10,vst_DELA_2016,D08,DELA,DELA_053,NEON.PLA.D08.DELA.04241,single bole tree,11.5,130,13.9
ec469faf-cc04-45bc-906a-fcb2f484eb1f,DELA_053.basePlot.vst,2016-10-10,vst_DELA_2016,D08,DELA,DELA_053,NEON.PLA.D08.DELA.04285,single bole tree,20.4,130,17.9
8cea64e5-4bef-4dc6-9dd0-88ec43cd9623,DELA_053.basePlot.vst,2016-10-10,vst_DELA_2016,D08,DELA,DELA_053,NEON.PLA.D08.DELA.04211,multi-bole tree,26.8,130,20.5
8f8577ca-1fd2-4520-b444-d7aebcc82c7f,DELA_053.basePlot.vst,2016-10-10,vst_DELA_2016,D08,DELA,DELA_053,NEON.PLA.D08.DELA.04246,single bole tree,11.1,130,12.6
303d6d5c-da03-46ed-9e91-a7b76d18e34f,DELA_053.basePlot.vst,2016-10-10,vst_DELA_2016,D08,DELA,DELA_053,NEON.PLA.D08.DELA.04252A,multi-bole tree,20.0,130,21.7
2fdd0347-a3bf-4c7f-b906-5b5f43c16b85,DELA_053.basePlot.vst,2016-10-10,vst_DELA_2016,D08,DELA,DELA_053,NEON.PLA.D08.DELA.04282,single bole tree,26.5,130,16.4
bbe95f9b-b789-4525-8017-6cc12ecdb379,DELA_053.basePlot.vst,2016-10-10,vst_DELA_2016,D08,DELA,DELA_053,NEON.PLA.D08.DELA.04259,single bole tree,26.3,130,20.5
a08f147f-9167-4d35-9ad0-d843103c7458,DELA_053.basePlot.vst,2016-10-10,vst_DELA_2016,D08,DELA,DELA_053,NEON.PLA.D08.DELA.04278,single bole tree,15.4,130,15.8
096f626e-ac49-4544-a7cd-edaf276c6e8e,DELA_053.basePlot.vst,2016-10-10,vst_DELA_2016,D08,DELA,DELA_053,NEON.PLA.D08.DELA.04255,single bole tree,10.0,130,22.3
f457e0d8-aa27-41d9-9645-9b001f29d1a8,DELA_053.basePlot.vst,2016-10-10,vst_DELA_2016,D08,DELA,DELA_053,NEON.PLA.D08.DELA.04211A,multi-bole tree,16.6,130,20.5
bad4fa8c-98d7-4995-b8c7-f61993fa823d,DELA_053.basePlot.vst,2016-10-10,vst_DELA_2016,D08,DELA,DELA_053,NEON.PLA.D08.DELA.04224,single bole tree,22.5,130,16.7
e0f0f622-afb6-415c-8b5d-e14e1ee8caac,DELA_053.basePlot.vst,2016-10-10,vst_DELA_2016,D08,DELA,DELA_053,NEON.PLA.D08.DELA.04268,single bole tree,14.1,130,9.9
307fa894-1329-4d36-a69d-c6a1f45b9058,DELA_053.basePlot.vst,2016-10-10,vst_DELA_2016,D08,DELA,DELA_053,NEON.PLA.D08.DELA.04283,single bole tree,14.8,130,14.1
707ad339-8b59-4a0b-b4a1-d9166cb0384a,DELA_053.basePlot.vst,2016-10-10,vst_DELA_2016,D08,DELA,DELA_053,NEON.PLA.D08.DELA.12594,single bole tree,14.4,130,13.8
779341a3-7864-47c4-8a5d-f07c844554ce,DELA_053.basePlot.vst,2016-10-10,vst_DELA_2016,D08,DELA,DELA_053,NEON.PLA.D08.DELA.04247,single bole tree,NA,NA,NA
57625591-a2b8-48c2-94f6-1dee61924cac,DELA_053.basePlot.vst,2016-10-10,vst_DELA_2016,D08,DELA,DELA_053,NEON.PLA.D08.DELA.12886,single bole tree,10.0,130,10.6
f95e7bc5-90f9-4ca9-9c9c-f484645925a2,DELA_053.basePlot.vst,2016-10-10,vst_DELA_2016,D08,DELA,DELA_053,NEON.PLA.D08.DELA.04261,single bole tree,15.5,130,15.2
3d196a3c-9b72-4f59-98c2-f75d48ca87f6,DELA_053.basePlot.vst,2016-10-10,vst_DELA_2016,D08,DELA,DELA_053,NEON.PLA.D08.DELA.04281,multi-bole tree,41.1,130,24.5
a8793981-3bf9-4fe9-9a05-1efa1d6b3e4d,DELA_053.basePlot.vst,2016-10-10,vst_DELA_2016,D08,DELA,DELA_053,NEON.PLA.D08.DELA.04252,multi-bole tree,29.9,130,21.7
0f9fe6d2-abd0-4e47-b54d-ba8fbf58efc9,DELA_053.basePlot.vst,2016-10-10,vst_DELA_2016,D08,DELA,DELA_053,NEON.PLA.D08.DELA.04240,single bole tree,21.0,130,17.0
db623932-d62c-4032-8ce1-3e035abff930,DELA_053.basePlot.vst,2016-10-10,vst_DELA_2016,D08,DELA,DELA_053,NEON.PLA.D08.DELA.04274,single bole tree,11.6,130,13.6
fcec5627-be98-4ff9-9264-d6d759d30d1a,DELA_053.basePlot.vst,2016-10-10,vst_DELA_2016,D08,DELA,DELA_053,NEON.PLA.D08.DELA.04209,single bole tree,17.0,130,14.6
c9a03bf6-ff65-4e1f-9e54-64a3de85934f,DELA_053.basePlot.vst,2016-10-10,vst_DELA_2016,D08,DELA,DELA_053,NEON.PLA.D08.DELA.04207,single bole tree,30.8,130,18.3
79c071c6-e1ce-44c4-998f-3cc10d98f72d,DELA_053.basePlot.vst,2016-10-10,vst_DELA_2016,D08,DELA,DELA_053,NEON.PLA.D08.DELA.04205,single bole tree,11.7,130,12.9
79ef698e-1750-403c-bcfd-d50ee36d9cd7,DELA_053.basePlot.vst,2016-10-10,vst_DELA_2016,D08,DELA,DELA_053,NEON.PLA.D08.DELA.04281A,multi-bole tree,21.6,130,24.5
26840019-08f0-45e4-8346-30ba3c0b18f7,DELA_056.basePlot.vst,2016-10-10,vst_DELA_2016,D08,DELA,DELA_056,NEON.PLA.D08.DELA.04769,single bole tree,12.5,130,14.3
391625de-6678-45d1-bfd9-9573f4d1e99f,DELA_056.basePlot.vst,2016-10-10,vst_DELA_2016,D08,DELA,DELA_056,NEON.PLA.D08.DELA.03573,single bole tree,34.1,130,21.4
8765d32f-ffa9-4c5f-834c-a9369f2ea39a,DELA_056.basePlot.vst,2016-10-10,vst_DELA_2016,D08,DELA,DELA_056,NEON.PLA.D08.DELA.03601,single bole tree,12.4,130,14.5
b864a621-2d08-4038-ba40-a4fbdf3a78c4,DELA_056.basePlot.vst,2016-10-10,vst_DELA_2016,D08,DELA,DELA_056,NEON.PLA.D08.DELA.04773,single bole tree,45.9,130,27.6
78af420a-eaaa-41a2-bcf6-90d56f39a665,DELA_056.basePlot.vst,2016-10-10,vst_DELA_2016,D08,DELA,DELA_056,NEON.PLA.D08.DELA.03602,single bole tree,28.2,130,17.7
70c8be88-e59b-4f00-88ec-a0d3c598f188,DELA_056.basePlot.vst,2016-10-10,vst_DELA_2016,D08,DELA,DELA_056,NEON.PLA.D08.DELA.03586,single bole tree,85.8,130,32.8
728ae480-0102-46da-b213-c0a56e289875,DELA_056.basePlot.vst,2016-10-10,vst_DELA_2016,D08,DELA,DELA_056,NEON.PLA.D08.DELA.03591,single bole tree,27.1,130,20.2
f4a08b2c-a581-4173-8414-573b615cee46,DELA_056.basePlot.vst,2016-10-10,vst_DELA_2016,D08,DELA,DELA_056,NEON.PLA.D08.DELA.04765,single bole tree,26.3,130,17.8
7eeb7e94-4563-4284-8ceb-a1ec967774f1,DELA_056.basePlot.vst,2016-10-10,vst_DELA_2016,D08,DELA,DELA_056,NEON.PLA.D08.DELA.03577,single bole tree,39.8,130,20.4
160f2055-8495-4098-b5cf-e51c3cce1254,DELA_056.basePlot.vst,2016-10-10,vst_DELA_2016,D08,DELA,DELA_056,NEON.PLA.D08.DELA.04756,single bole tree,34.9,130,20.6
4b0e1314-506e-401c-aef2-50758e35d6b9,DELA_056.basePlot.vst,2016-10-10,vst_DELA_2016,D08,DELA,DELA_056,NEON.PLA.D08.DELA.04775,single bole tree,16.1,130,12.7
23fe43ef-e716-43a7-9429-8ea905b120b5,DELA_056.basePlot.vst,2016-10-10,vst_DELA_2016,D08,DELA,DELA_056,NEON.PLA.D08.DELA.03580,single bole tree,11.8,130,6.7
19bf0d9a-066c-47c6-9372-ed7b60826bdc,DELA_056.basePlot.vst,2016-10-10,vst_DELA_2016,D08,DELA,DELA_056,NEON.PLA.D08.DELA.04768,single bole tree,26.3,130,16.2
6e00e600-06cb-4a6e-b496-9516ffd51458,DELA_056.basePlot.vst,2016-10-10,vst_DELA_2016,D08,DELA,DELA_056,NEON.PLA.D08.DELA.04759,single bole tree,29.9,130,20.3
171e9818-1671-4752-a30d-5ebba6f198ee,DELA_056.basePlot.vst,2016-10-10,vst_DELA_2016,D08,DELA,DELA_056,NEON.PLA.D08.DELA.12293,single bole tree,25.2,130,2.6
d909e742-f906-4ac1-a9b6-dd5cee3345b4,DELA_056.basePlot.vst,2016-10-10,vst_DELA_2016,D08,DELA,DELA_056,NEON.PLA.D08.DELA.04776,single bole tree,37.0,130,23.6
0dc8ee7f-ec5d-4801-b2d7-0e16e4178140,DELA_049.basePlot.vst,2016-10-10,vst_DELA_2016,D08,DELA,DELA_049,NEON.PLA.D08.DELA.10332,single bole tree,68.3,130,27.7
1c197c25-4456-46a6-80ed-3d42e5c7de9e,DELA_049.basePlot.vst,2016-10-10,vst_DELA_2016,D08,DELA,DELA_049,NEON.PLA.D08.DELA.10336,single bole tree,86.6,130,24.8
4cf788c0-5dc8-4d5f-875f-bf12b7f3264e,DELA_049.basePlot.vst,2016-10-10,vst_DELA_2016,D08,DELA,DELA_049,NEON.PLA.D08.DELA.10331,single bole tree,89.9,NA,26.6
0e627dc3-55cd-4220-8bfc-3944fe2bfd97,DELA_049.basePlot.vst,2016-10-10,vst_DELA_2016,D08,DELA,DELA_049,NEON.PLA.D08.DELA.10329,single bole tree,112.5,NA,25.1
98f19477-6fc7-4b6d-8872-950b07e6f81e,DELA_049.basePlot.vst,2016-10-10,vst_DELA_2016,D08,DELA,DELA_049,NEON.PLA.D08.DELA.10338,single bole tree,55.3,130,24.4
696755e8-5697-468b-be0b-54d08584160a,DELA_049.basePlot.vst,2016-10-10,vst_DELA_2016,D08,DELA,DELA_049,NEON.PLA.D08.DELA.10335,single bole tree,21.0,130,16.5
657391bd-d623-4931-b389-36da6fb5e336,DELA_049.basePlot.vst,2016-10-10,vst_DELA_2016,D08,DELA,DELA_049,NEON.PLA.D08.DELA.10339,single bole tree,28.4,130,11.6
b8f8290b-814f-40ec-bcb9-2f1cb8a89874,DELA_049.basePlot.vst,2016-10-10,vst_DELA_2016,D08,DELA,DELA_049,NEON.PLA.D08.DELA.10330,single bole tree,28.2,130,13.1
1ae1e104-cd17-4368-a340-0134662d1d03,DELA_049.basePlot.vst,2016-10-10,vst_DELA_2016,D08,DELA,DELA_049,NEON.PLA.D08.DELA.10337,single bole tree,NA,NA,NA
531c2576-7922-4260-8b62-2888b9eea737,DELA_056.basePlot.vst,2016-10-10,vst_DELA_2016,D08,DELA,DELA_056,NEON.PLA.D08.DELA.03603,single bole tree,31.1,130,24.0
acd757aa-4fc7-4b67-a275-7f47c52ef1de,DELA_056.basePlot.vst,2016-10-10,vst_DELA_2016,D08,DELA,DELA_056,NEON.PLA.D08.DELA.03576,single bole tree,14.7,130,11.8
7019a2a3-dfed-4bab-bb1e-e3420a0c49a0,DELA_056.basePlot.vst,2016-10-10,vst_DELA_2016,D08,DELA,DELA_056,NEON.PLA.D08.DELA.12294,single bole tree,25.4,130,5.2
97e0d6c1-d3be-4bd4-88df-e78f6b087d5f,DELA_056.basePlot.vst,2016-10-10,vst_DELA_2016,D08,DELA,DELA_056,NEON.PLA.D08.DELA.03575,single bole tree,11.5,130,10.0
e276fc6b-9636-4e39-8923-e779ab0fc0ae,DELA_056.basePlot.vst,2016-10-10,vst_DELA_2016,D08,DELA,DELA_056,NEON.PLA.D08.DELA.12296,single bole tree,44.9,130,6.0
609e01a9-f3a2-4b52-8198-cbbbb5f3de6d,DELA_056.basePlot.vst,2016-10-10,vst_DELA_2016,D08,DELA,DELA_056,NEON.PLA.D08.DELA.03571,single bole tree,45.0,130,26.1
fbfd6920-1cfa-4403-a370-7296db4ec2ff,DELA_056.basePlot.vst,2016-10-10,vst_DELA_2016,D08,DELA,DELA_056,NEON.PLA.D08.DELA.04774,single bole tree,15.7,130,16.1
7c131f83-9f13-4fcb-a006-5219e2d648ea,DELA_056.basePlot.vst,2016-10-10,vst_DELA_2016,D08,DELA,DELA_056,NEON.PLA.D08.DELA.03572,single bole tree,10.6,130,11.4
1c608c3a-44ff-4c55-9d40-c216428c8493,DELA_056.basePlot.vst,2016-10-10,vst_DELA_2016,D08,DELA,DELA_056,NEON.PLA.D08.DELA.03596,single bole tree,13.8,130,11.2
25ba2d63-4438-4cb6-b686-fc47356aed07,DELA_056.basePlot.vst,2016-10-10,vst_DELA_2016,D08,DELA,DELA_056,NEON.PLA.D08.DELA.03590,single bole tree,NA,NA,NA
264e175b-df15-427d-9aa8-37d4367d90c2,DELA_056.basePlot.vst,2016-10-10,vst_DELA_2016,D08,DELA,DELA_056,NEON.PLA.D08.DELA.03574,single bole tree,12.5,130,9.3
95898019-376b-43ee-a2e5-5f5071611b37,DELA_056.basePlot.vst,2016-10-10,vst_DELA_2016,D08,DELA,DELA_056,NEON.PLA.D08.DELA.03578,single bole tree,27.5,130,16.8
fd3d7ac6-5fd9-445d-9810-79b56759b00f,DELA_056.basePlot.vst,2016-10-10,vst_DELA_2016,D08,DELA,DELA_056,NEON.PLA.D08.DELA.03592,single bole tree,13.3,130,10.8
29c0af5a-0460-4292-b638-424b44a52f7e,DELA_052.basePlot.vst,2016-10-11,vst_DELA_2016,D08,DELA,DELA_052,NEON.PLA.D08.DELA.04620,single bole tree,17.0,130,10.3
70d51a43-0f1f-452f-a9ca-23e465815d66,DELA_050.basePlot.vst,2016-10-11,vst_DELA_2016,D08,DELA,DELA_050,NEON.PLA.D08.DELA.04312,single bole tree,16.3,130,14.5
1bf21ab8-6698-4624-b8a6-5e07ca17c971,DELA_052.basePlot.vst,2016-10-11,vst_DELA_2016,D08,DELA,DELA_052,NEON.PLA.D08.DELA.04619,single bole tree,14.9,130,11.7
05e15782-a63a-41e7-b33c-1f9c8b91837f,DELA_052.basePlot.vst,2016-10-11,vst_DELA_2016,D08,DELA,DELA_052,NEON.PLA.D08.DELA.04559,single bole tree,67.0,130,16.3
1187bdef-0e4b-4934-b262-b2726a1d6b97,DELA_052.basePlot.vst,2016-10-11,vst_DELA_2016,D08,DELA,DELA_052,NEON.PLA.D08.DELA.04586,single bole tree,27.0,130,17.3
98362c37-8cbd-4560-ab77-be841efa2582,DELA_050.basePlot.vst,2016-10-11,vst_DELA_2016,D08,DELA,DELA_050,NEON.PLA.D08.DELA.04395,single bole tree,13.4,130,11.6
5a8f0bfe-c5cf-49ad-875d-171afd83d4ad,DELA_050.basePlot.vst,2016-10-11,vst_DELA_2016,D08,DELA,DELA_050,NEON.PLA.D08.DELA.04329,single bole tree,42.4,130,16.2
4f3140a7-7946-458d-ac29-b4d1f38411e7,DELA_052.basePlot.vst,2016-10-11,vst_DELA_2016,D08,DELA,DELA_052,NEON.PLA.D08.DELA.04582,single bole tree,29.8,130,20.7
e6d0684c-11d6-4205-b26f-ddd95a83b661,DELA_052.basePlot.vst,2016-10-11,vst_DELA_2016,D08,DELA,DELA_052,NEON.PLA.D08.DELA.04581,single bole tree,23.1,130,16.1
0c476791-d21d-4cec-a7d6-c62d40c6a4cf,DELA_052.basePlot.vst,2016-10-11,vst_DELA_2016,D08,DELA,DELA_052,NEON.PLA.D08.DELA.04565,single bole tree,13.0,130,6.7
388925db-f21e-4d02-bc5c-6b094c083870,DELA_052.basePlot.vst,2016-10-11,vst_DELA_2016,D08,DELA,DELA_052,NEON.PLA.D08.DELA.04611,single bole tree,29.6,130,11.3
7b62e80b-c76d-4eaa-a24b-51c044717af9,DELA_052.basePlot.vst,2016-10-11,vst_DELA_2016,D08,DELA,DELA_052,NEON.PLA.D08.DELA.04570,multi-bole tree,10.3,130,10.1
c76a5e2f-771b-4cc9-ad57-ba0e9c1368df,DELA_050.basePlot.vst,2016-10-11,vst_DELA_2016,D08,DELA,DELA_050,NEON.PLA.D08.DELA.04304,single bole tree,16.6,130,14.1
1fdfe7c9-02fc-46a6-9c2d-c73be08f5088,DELA_052.basePlot.vst,2016-10-11,vst_DELA_2016,D08,DELA,DELA_052,NEON.PLA.D08.DELA.04576,single bole tree,37.6,130,15.5
56374d56-7221-462f-aebc-82efa96f1e28,DELA_052.basePlot.vst,2016-10-11,vst_DELA_2016,D08,DELA,DELA_052,NEON.PLA.D08.DELA.04572,single bole tree,21.7,130,13.5
a3eaee9e-495e-4c22-aada-5613051adca8,DELA_050.basePlot.vst,2016-10-11,vst_DELA_2016,D08,DELA,DELA_050,NEON.PLA.D08.DELA.04308,single bole tree,22.5,130,15.1
5d00e7d9-93a0-43ce-84fd-ff7be274e50f,DELA_052.basePlot.vst,2016-10-11,vst_DELA_2016,D08,DELA,DELA_052,NEON.PLA.D08.DELA.04587,single bole tree,31.2,130,26.0
3f961537-68ba-4a0d-a956-75dde736a2dc,DELA_052.basePlot.vst,2016-10-11,vst_DELA_2016,D08,DELA,DELA_052,NEON.PLA.D08.DELA.04616,single bole tree,32.5,130,16.4
a44beed8-cbb2-4df2-aa77-d26d390fcdd0,DELA_050.basePlot.vst,2016-10-11,vst_DELA_2016,D08,DELA,DELA_050,NEON.PLA.D08.DELA.04384,single bole tree,17.3,130,15.6
1aa01516-2705-4e61-951e-1e6bf56c16ad,DELA_052.basePlot.vst,2016-10-11,vst_DELA_2016,D08,DELA,DELA_052,NEON.PLA.D08.DELA.04577,single bole tree,19.0,130,14.5
30c35a56-ef43-41f2-8897-782b4eb12e13,DELA_050.basePlot.vst,2016-10-11,vst_DELA_2016,D08,DELA,DELA_050,NEON.PLA.D08.DELA.04332,single bole tree,48.5,130,24.2
c1c364f3-dc70-4a16-8d43-3720f6f99ecd,DELA_052.basePlot.vst,2016-10-11,vst_DELA_2016,D08,DELA,DELA_052,NEON.PLA.D08.DELA.04614,single bole tree,28.8,130,19.7
e1f37474-33ab-4d51-be78-99ae7eac5887,DELA_052.basePlot.vst,2016-10-11,vst_DELA_2016,D08,DELA,DELA_052,NEON.PLA.D08.DELA.04613,single bole tree,28.4,130,14.3
8d6d4848-d6c4-4b9d-aff9-90ee84681795,DELA_050.basePlot.vst,2016-10-11,vst_DELA_2016,D08,DELA,DELA_050,NEON.PLA.D08.DELA.04398,single bole tree,12.8,130,9.7
1ad02d77-4a73-4eed-a2e7-826ebd41ac96,DELA_052.basePlot.vst,2016-10-11,vst_DELA_2016,D08,DELA,DELA_052,NEON.PLA.D08.DELA.04612,single bole tree,11.0,130,6.5
35452b72-a162-4f7e-ba62-483c8cbab9a6,DELA_050.basePlot.vst,2016-10-11,vst_DELA_2016,D08,DELA,DELA_050,NEON.PLA.D08.DELA.09953,single bole tree,14.5,130,12.3
441aee89-13c6-4a95-90bc-50bd4496b80f,DELA_052.basePlot.vst,2016-10-11,vst_DELA_2016,D08,DELA,DELA_052,NEON.PLA.D08.DELA.04570A,multi-bole tree,9.0,130,10.1
b9569846-9b10-4cf9-aed3-00b06c904bcd,DELA_052.basePlot.vst,2016-10-11,vst_DELA_2016,D08,DELA,DELA_052,NEON.PLA.D08.DELA.04584,single bole tree,22.2,130,14.3
0a6e863c-4416-4673-8ea6-2c097af7e1ef,DELA_052.basePlot.vst,2016-10-11,vst_DELA_2016,D08,DELA,DELA_052,NEON.PLA.D08.DELA.04585,single bole tree,33.0,130,19.6
e32ad9f5-98dc-495b-a8e3-31f5746a3ca0,DELA_050.basePlot.vst,2016-10-11,vst_DELA_2016,D08,DELA,DELA_050,NEON.PLA.D08.DELA.04330,single bole tree,14.5,130,10.4
6afc551a-6da9-47ec-9eba-46aa41140f6f,DELA_050.basePlot.vst,2016-10-11,vst_DELA_2016,D08,DELA,DELA_050,NEON.PLA.D08.DELA.04394,single bole tree,47.5,130,21.2
bbb2a4f1-b3c6-4bc1-87e0-bb2eaf2edb0e,DELA_050.basePlot.vst,2016-10-11,vst_DELA_2016,D08,DELA,DELA_050,NEON.PLA.D08.DELA.04331,single bole tree,13.7,130,10.5
d18f4af8-119c-434d-ae91-1d08948e9efc,DELA_050.basePlot.vst,2016-10-11,vst_DELA_2016,D08,DELA,DELA_050,NEON.PLA.D08.DELA.04333,single bole tree,13.1,130,8.2
65cdf04b-34d0-4b94-bdff-9c53bc42685d,DELA_052.basePlot.vst,2016-10-11,vst_DELA_2016,D08,DELA,DELA_052,NEON.PLA.D08.DELA.04618,single bole tree,62.0,130,27.8
6c861c94-aa01-4970-a00f-d2ad13bc7e1b,DELA_052.basePlot.vst,2016-10-11,vst_DELA_2016,D08,DELA,DELA_052,NEON.PLA.D08.DELA.04562,single bole tree,11.3,130,6.9
b815454f-0a7c-4224-8a3c-41e86b7a7e21,DELA_052.basePlot.vst,2016-10-11,vst_DELA_2016,D08,DELA,DELA_052,NEON.PLA.D08.DELA.04617,single bole tree,62.9,130,26.8
7490acd6-c404-4829-88c2-11e1c08f6111,DELA_050.basePlot.vst,2016-10-11,vst_DELA_2016,D08,DELA,DELA_050,NEON.PLA.D08.DELA.04396,single bole tree,11.6,130,10.9
90b48940-fd7e-43a7-9520-e42829bb3ada,DELA_052.basePlot.vst,2016-10-11,vst_DELA_2016,D08,DELA,DELA_052,NEON.PLA.D08.DELA.04615,single bole tree,13.0,130,11.6
048111a2-6802-4b37-9f38-4b72d3f33512,DELA_052.basePlot.vst,2016-10-11,vst_DELA_2016,D08,DELA,DELA_052,NEON.PLA.D08.DELA.04573,single bole tree,33.3,130,14.5
b1cbf63c-32cd-4f6c-97ea-38f672f83fe3,DELA_050.basePlot.vst,2016-10-11,vst_DELA_2016,D08,DELA,DELA_050,NEON.PLA.D08.DELA.04338,single bole tree,10.0,130,6.1
d61aae10-fa13-4a77-961b-52315b5dd5d2,DELA_050.basePlot.vst,2016-10-11,vst_DELA_2016,D08,DELA,DELA_050,NEON.PLA.D08.DELA.04327,single bole tree,25.0,130,19.3
5a2d99ff-ec2c-4eda-aaa2-d7b819f7f92b,DELA_052.basePlot.vst,2016-10-11,vst_DELA_2016,D08,DELA,DELA_052,NEON.PLA.D08.DELA.04560,single bole tree,49.4,130,15.8
063d4a98-a1bb-4f23-8834-a10e1d3837e6,DELA_052.basePlot.vst,2016-10-11,vst_DELA_2016,D08,DELA,DELA_052,NEON.PLA.D08.DELA.04574,single bole tree,16.0,130,11.7
15dc4ffb-5d7d-45ab-95a1-c3da24f43e6f,DELA_052.basePlot.vst,2016-10-11,vst_DELA_2016,D08,DELA,DELA_052,NEON.PLA.D08.DELA.04583,single bole tree,24.0,130,13.3
ba7f854f-daba-4bc4-827e-e1a651292508,DELA_050.basePlot.vst,2016-10-11,vst_DELA_2016,D08,DELA,DELA_050,NEON.PLA.D08.DELA.04391,single bole tree,11.1,130,10.4
100379d3-46dc-42b1-bfeb-5223aeddfd24,DELA_050.basePlot.vst,2016-10-11,vst_DELA_2016,D08,DELA,DELA_050,NEON.PLA.D08.DELA.04288,single bole tree,39.2,130,16.9
94cee837-d22b-421c-b677-fc8e51e66330,DELA_052.basePlot.vst,2016-10-11,vst_DELA_2016,D08,DELA,DELA_052,NEON.PLA.D08.DELA.09543,single bole tree,NA,NA,NA
d704407e-f148-4d43-9dde-42dd916a1af0,DELA_052.basePlot.vst,2016-10-11,vst_DELA_2016,D08,DELA,DELA_052,NEON.PLA.D08.DELA.04575,single bole tree,17.1,130,11.4
517d066b-d597-4ccb-a03e-c367d3f25956,DELA_050.basePlot.vst,2016-10-11,vst_DELA_2016,D08,DELA,DELA_050,NEON.PLA.D08.DELA.04302,single bole tree,13.7,130,8.3
4aa4dcb5-90e6-4068-83f4-0789e5b9d91a,DELA_050.basePlot.vst,2016-10-11,vst_DELA_2016,D08,DELA,DELA_050,NEON.PLA.D08.DELA.04322,single bole tree,43.1,130,20.1
f2739c5f-84c9-41cb-a186-883358ae8ceb,DELA_050.basePlot.vst,2016-10-11,vst_DELA_2016,D08,DELA,DELA_050,NEON.PLA.D08.DELA.04380,single bole tree,10.5,130,8.1
d840075c-8111-420a-b0c9-745b188685e4,DELA_052.basePlot.vst,2016-10-11,vst_DELA_2016,D08,DELA,DELA_052,NEON.PLA.D08.DELA.04585A,multi-bole tree,NA,NA,NA
71467c04-d009-4822-8718-82787d9a807b,DELA_052.basePlot.vst,2016-10-11,vst_DELA_2016,D08,DELA,DELA_052,NEON.PLA.D08.DELA.04579,single bole tree,17.1,130,3.3
95de1148-2c8d-492f-862f-2016131d59b2,DELA_050.basePlot.vst,2016-10-11,vst_DELA_2016,D08,DELA,DELA_050,NEON.PLA.D08.DELA.04392,multi-bole tree,17.0,130,19.8
9d6216d0-79d0-47cc-8414-578c86bfb980,DELA_050.basePlot.vst,2016-10-11,vst_DELA_2016,D08,DELA,DELA_050,NEON.PLA.D08.DELA.04388,single bole tree,12.3,130,7.7
