uid,namedLocation,date,eventID,domainID,siteID,plotID,individualID,growthForm,stemDiameter,measurementHeight,height
7eaf67a1-e0fb-4d75-bf54-97885d3b4a76,GUAN_044.basePlot.vst,2017-04-04,vst_GUAN_2017,D04,GUAN,GUAN_044,NEON.PLA.D04.GUAN.02632,multi-bole tree,26.0,130,5.6
878fa8c4-72e6-48d3-91e7-a55c77ae937c,GUAN_044.basePlot.vst,2017-04-04,vst_GUAN_2017,D04,GUAN,GUAN_044,NEON.PLA.D04.GUAN.03390A,multi-bole tree,16.6,130,4.9
2f8aa475-1117-4600-94fc-768e7356eef6,GUAN_044.basePlot.vst,2017-04-04,vst_GUAN_2017,D04,GUAN,GUAN_044,NEON.PLA.D04.GUAN.03397,multi-bole tree,15.3,130,6.0
76f57dd7-ba6e-4d3a-a7c4-2dd84b4e66e2,GUAN_044.basePlot.vst,2017-04-04,vst_GUAN_2017,D04,GUAN,GUAN_044,NEON.PLA.D04.GUAN.02632E,multi-bole tree,12.5,130,5.6
00fd9b4a-eaff-4214-9bee-87e680ad291e,GUAN_044.basePlot.vst,2017-04-04,vst_GUAN_2017,D04,GUAN,GUAN_044,NEON.PLA.D04.GUAN.03400D,multi-bole tree,10.7,130,9.4
9de7cfe3-ddbe-4b1b-a68d-28aba48bc860,GUAN_044.basePlot.vst,2017-04-04,vst_GUAN_2017,D04,GUAN,GUAN_044,NEON.PLA.D04.GUAN.03482C,multi-bole tree,NA,NA,NA
21ef4ef7-2601-4591-9723-30a7e978054e,GUAN_044.basePlot.vst,2017-04-04,vst_GUAN_2017,D04,GUAN,GUAN_044,NEON.PLA.D04.GUAN.02632A,multi-bole tree,18.7,130,5.6
71b4b474-ae35-4cf2-b204-69e6fa9404a6,GUAN_044.basePlot.vst,2017-04-04,vst_GUAN_2017,D04,GUAN,GUAN_044,NEON.PLA.D04.GUAN.03699B,multi-bole tree,13.7,130,9.4
ae5c00dd-2d54-453b-b626-179223e16a68,GUAN_044.basePlot.vst,2017-04-04,vst_GUAN_2017,D04,GUAN,GUAN_044,NEON.PLA.D04.GUAN.03400B,multi-bole tree,12.5,130,9.4
3a1307cb-00c4-45ea-9d0d-fc664ac6dfa0,GUAN_044.basePlot.vst,2017-04-04,vst_GUAN_2017,D04,GUAN,GUAN_044,NEON.PLA.D04.GUAN.03398,single bole tree,38.0,130,4.3
0994c58e-8d07-4498-9fe0-8ec9effe2e7e,GUAN_044.basePlot.vst,2017-04-04,vst_GUAN_2017,D04,GUAN,GUAN_044,NEON.PLA.D04.GUAN.03483,single bole tree,18.5,130,4.5
076ebc9d-55bc-4201-8b5b-9eb28d1912e3,GUAN_044.basePlot.vst,2017-04-04,vst_GUAN_2017,D04,GUAN,GUAN_044,NEON.PLA.D04.GUAN.02632D,multi-bole tree,13.6,130,5.6
77596cd3-8b2d-4ab1-8a8c-862106441351,GUAN_044.basePlot.vst,2017-04-04,vst_GUAN_2017,D04,GUAN,GUAN_044,NEON.PLA.D04.GUAN.03392,single bole tree,20.0,130,4.9
7b8c2a61-c58e-4eda-a10f-6897546efb64,GUAN_044.basePlot.vst,2017-04-04,vst_GUAN_2017,D04,GUAN,GUAN_044,NEON.PLA.D04.GUAN.03389,multi-bole tree,25.0,130,5.8
41646301-3a26-4526-9a6a-e0ce97abeaaa,GUAN_044.basePlot.vst,2017-04-04,vst_GUAN_2017,D04,GUAN,GUAN_044,NEON.PLA.D04.GUAN.02608A,multi-bole tree,15.2,130,4.4
63bae9fd-a36c-4d65-b788-9b36b56bc02b,GUAN_044.basePlot.vst,2017-04-04,vst_GUAN_2017,D04,GUAN,GUAN_044,NEON.PLA.D04.GUAN.03699,multi-bole tree,15.5,130,9.4
4e574168-ef34-4d73-b479-1a85b145e2b5,GUAN_044.basePlot.vst,2017-04-04,vst_GUAN_2017,D04,GUAN,GUAN_044,NEON.PLA.D04.GUAN.03699A,multi-bole tree,15.4,130,9.4
752e9665-a60a-471d-a68b-83d0d9d85c64,GUAN_044.basePlot.vst,2017-04-04,vst_GUAN_2017,D04,GUAN,GUAN_044,NEON.PLA.D04.GUAN.03400A,multi-bole tree,13.6,130,9.4
39927383-2f34-4e98-a320-d841e6157932,GUAN_044.basePlot.vst,2017-04-04,vst_GUAN_2017,D04,GUAN,GUAN_044,NEON.PLA.D04.GUAN.03397B,multi-bole tree,14.0,130,6.0
27f1b75d-a455-49e5-9aa4-4a551708ea81,GUAN_044.basePlot.vst,2017-04-04,vst_GUAN_2017,D04,GUAN,GUAN_044,NEON.PLA.D04.GUAN.03482A,multi-bole tree,21.0,130,4.8
0f470200-58ce-4f84-93b9-d54d7f65d21c,GUAN_044.basePlot.vst,2017-04-04,vst_GUAN_2017,D04,GUAN,GUAN_044,NEON.PLA.D04.GUAN.02632F,multi-bole tree,12.5,130,5.6
e9c33d9e-b205-4e5f-ac87-3ee50654eab0,GUAN_044.basePlot.vst,2017-04-04,vst_GUAN_2017,D04,GUAN,GUAN_044,NEON.PLA.D04.GUAN.03400,multi-bole tree,14.4,130,9.4
3d12b024-b745-487d-895a-7e941c3866b0,GUAN_044.basePlot.vst,2017-04-04,vst_GUAN_2017,D04,GUAN,GUAN_044,NEON.PLA.D04.GUAN.03486,single bole tree,19.5,130,4.9
9484e0f6-f873-456c-9b32-f9ff1753fbf1,GUAN_044.basePlot.vst,2017-04-04,vst_GUAN_2017,D04,GUAN,GUAN_044,NEON.PLA.D04.GUAN.02608,multi-bole tree,15.4,130,4.4
46bc108d-a211-40b6-9b7b-f80c6d001b16,GUAN_044.basePlot.vst,2017-04-04,vst_GUAN_2017,D04,GUAN,GUAN_044,NEON.PLA.D04.GUAN.03395,multi-bole tree,13.0,130,6.5
66066e06-0112-44af-838b-f4c816b65467,GUAN_044.basePlot.vst,2017-04-04,vst_GUAN_2017,D04,GUAN,GUAN_044,NEON.PLA.D04.GUAN.03391A,multi-bole tree,9.8,130,6.6
890e61f4-182a-4b13-80b0-ffc91e48a3e1,GUAN_044.basePlot.vst,2017-04-04,vst_GUAN_2017,D04,GUAN,GUAN_044,NEON.PLA.D04.GUAN.03482E,multi-bole tree,14.0,130,4.8
8b6ec595-193e-4bd5-ae67-8874bc9fae6f,GUAN_044.basePlot.vst,2017-04-04,vst_GUAN_2017,D04,GUAN,GUAN_044,NEON.PLA.D04.GUAN.02631,single bole tree,28.0,130,5.3
a4d844cd-e0c2-454f-b1b8-dbfa7e6f7051,GUAN_044.basePlot.vst,2017-04-04,vst_GUAN_2017,D04,GUAN,GUAN_044,NEON.PLA.D04.GUAN.02632C,multi-bole tree,15.9,130,5.6
3e9e957a-8930-448c-b216-747d062b5665,GUAN_044.basePlot.vst,2017-04-04,vst_GUAN_2017,D04,GUAN,GUAN_044,NEON.PLA.D04.GUAN.03484,single bole tree,36.0,130,5.4
6136afbd-8a0c-4d6b-b6cc-b8238f4fd3c0,GUAN_044.basePlot.vst,2017-04-04,vst_GUAN_2017,D04,GUAN,GUAN_044,NEON.PLA.D04.GUAN.03482B,multi-bole tree,12.4,130,4.8
1946a7e6-a256-4011-81f9-5d92f552cadf,GUAN_044.basePlot.vst,2017-04-04,vst_GUAN_2017,D04,GUAN,GUAN_044,NEON.PLA.D04.GUAN.03482D,multi-bole tree,15.5,130,4.8
f66f201d-e42c-420e-b645-67851c4e1ded,GUAN_044.basePlot.vst,2017-04-04,vst_GUAN_2017,D04,GUAN,GUAN_044,NEON.PLA.D04.GUAN.02608B,multi-bole tree,15.3,130,4.4
867db3cb-03a7-48db-b17d-00a64b16016e,GUAN_044.basePlot.vst,2017-04-04,vst_GUAN_2017,D04,GUAN,GUAN_044,NEON.PLA.D04.GUAN.03390,multi-bole tree,20.5,130,4.9
81969c80-baf0-487f-b6dd-0b68da700523,GUAN_044.basePlot.vst,2017-04-04,vst_GUAN_2017,D04,GUAN,GUAN_044,NEON.PLA.D04.GUAN.02632B,multi-bole tree,17.0,130,5.6
44b8a28b-ba1d-473c-b0f8-842283fa5220,GUAN_044.basePlot.vst,2017-04-04,vst_GUAN_2017,D04,GUAN,GUAN_044,NEON.PLA.D04.GUAN.03393,single bole tree,12.6,130,6.2
2aaf417d-5c0e-4d0c-be1e-8cf053cae7bb,GUAN_044.basePlot.vst,2017-04-04,vst_GUAN_2017,D04,GUAN,GUAN_044,NEON.PLA.D04.GUAN.03400C,multi-bole tree,12.1,130,9.4
a4125ce0-64cc-4d72-8195-69dff543558a,GUAN_044.basePlot.vst,2017-04-04,vst_GUAN_2017,D04,GUAN,GUAN_044,NEON.PLA.D04.GUAN.03394,single bole tree,18.4,130,4.7
ed20824b-a1f3-4bd7-8852-b6453aaf85b3,GUAN_044.basePlot.vst,2017-04-04,vst_GUAN_2017,D04,GUAN,GUAN_044,NEON.PLA.D04.GUAN.03397A,multi-bole tree,15.5,130,6.0
18f4fdac-3dbf-4c24-ae4f-f02f473641eb,GUAN_044.basePlot.vst,2017-04-04,vst_GUAN_2017,D04,GUAN,GUAN_044,NEON.PLA.D04.GUAN.03391,multi-bole tree,12.2,130,6.6
7ec58661-26fb-4889-9978-55ae6f80f873,GUAN_044.basePlot.vst,2017-04-04,vst_GUAN_2017,D04,GUAN,GUAN_044,NEON.PLA.D04.GUAN.03397C,multi-bole tree,12.0,130,6.0
1ecfabd2-c868-4d91-aa8b-8a0b0eb329e3,GUAN_044.basePlot.vst,2017-04-04,vst_GUAN_2017,D04,GUAN,GUAN_044,NEON.PLA.D04.GUAN.03487,single bole tree,21.5,130,6.8
fbbb0dfc-48ba-4595-aadd-8859c47b909c,GUAN_044.basePlot.vst,2017-04-04,vst_GUAN_2017,D04,GUAN,GUAN_044,NEON.PLA.D04.GUAN.03390B,multi-bole tree,16.0,130,4.9
437dbd5a-dae2-4c06-928c-2194347f1f84,GUAN_045.basePlot.vst,2017-04-06,vst_GUAN_2017,D04,GUAN,GUAN_045,NEON.PLA.D04.GUAN.03691,NA,NA,NA,NA
3e32a9c8-ac4c-488a-9632-8e1fdcbd4be4,GUAN_045.basePlot.vst,2017-04-06,vst_GUAN_2017,D04,GUAN,GUAN_045,NEON.PLA.D04.GUAN.03697D,multi-bole tree,6.5,130,5.1
dcf8eae1-2364-4ea3-a66c-44d333b665c5,GUAN_045.basePlot.vst,2017-04-06,vst_GUAN_2017,D04,GUAN,GUAN_045,NEON.PLA.D04.GUAN.03695,single bole tree,19.1,130,6.7
0132da3a-af97-458c-973a-63bb151432ce,GUAN_045.basePlot.vst,2017-04-06,vst_GUAN_2017,D04,GUAN,GUAN_045,NEON.PLA.D04.GUAN.03679C,multi-bole tree,12.5,130,9.7
4e4b0f3e-893f-4d20-8998-48aef35dbcdc,GUAN_045.basePlot.vst,2017-04-06,vst_GUAN_2017,D04,GUAN,GUAN_045,NEON.PLA.D04.GUAN.03666A,multi-bole tree,7.1,130,8.1
de5c9f7d-96bd-4748-80e2-b4bb3cb007f4,GUAN_045.basePlot.vst,2017-04-06,vst_GUAN_2017,D04,GUAN,GUAN_045,NEON.PLA.D04.GUAN.03690F,multi-bole tree,7.1,130,8.1
9715c91a-0a5e-4f69-80a9-1b3fb4364348,GUAN_045.basePlot.vst,2017-04-06,vst_GUAN_2017,D04,GUAN,GUAN_045,NEON.PLA.D04.GUAN.03668,multi-bole tree,13.0,130,9.1
b1dec8ca-fe38-4c3b-88eb-826813ed2ca4,GUAN_045.basePlot.vst,2017-04-06,vst_GUAN_2017,D04,GUAN,GUAN_045,NEON.PLA.D04.GUAN.03697B,multi-bole tree,13.1,130,5.1
3afb3b91-c35d-43ee-b8e9-3c4a20994ba3,GUAN_045.basePlot.vst,2017-04-06,vst_GUAN_2017,D04,GUAN,GUAN_045,NEON.PLA.D04.GUAN.03690B,multi-bole tree,11.1,130,8.1
ed889826-6ebb-45df-af3a-a998de6829ef,GUAN_045.basePlot.vst,2017-04-06,vst_GUAN_2017,D04,GUAN,GUAN_045,NEON.PLA.D04.GUAN.03687D,multi-bole tree,5.4,140,8.7
d0bfd6ba-f04a-4780-8e78-affde15f34d8,GUAN_045.basePlot.vst,2017-04-06,vst_GUAN_2017,D04,GUAN,GUAN_045,NEON.PLA.D04.GUAN.03666,multi-bole tree,11.6,130,8.1
8da3b04b-1f2f-4422-921d-1d2cc6ec9868,GUAN_045.basePlot.vst,2017-04-06,vst_GUAN_2017,D04,GUAN,GUAN_045,NEON.PLA.D04.GUAN.03668B,multi-bole tree,8.5,130,9.1
12faff21-ae3b-4156-8b94-251b3832e602,GUAN_045.basePlot.vst,2017-04-06,vst_GUAN_2017,D04,GUAN,GUAN_045,NEON.PLA.D04.GUAN.03697,multi-bole tree,14.1,130,5.1
46c8548d-0682-47d1-a507-9c71e69d7273,GUAN_045.basePlot.vst,2017-04-06,vst_GUAN_2017,D04,GUAN,GUAN_045,NEON.PLA.D04.GUAN.03687B,multi-bole tree,9.3,130,8.7
45c188de-1297-4424-ae37-792ecfe38b07,GUAN_045.basePlot.vst,2017-04-06,vst_GUAN_2017,D04,GUAN,GUAN_045,NEON.PLA.D04.GUAN.03697C,multi-bole tree,10.1,130,5.1
5a049d2f-3761-4d49-857d-ff4e701cbd8a,GUAN_045.basePlot.vst,2017-04-06,vst_GUAN_2017,D04,GUAN,GUAN_045,NEON.PLA.D04.GUAN.03680,single bole tree,11.5,130,6.1
7b4939c1-fdb0-4370-93d6-46401234a996,GUAN_045.basePlot.vst,2017-04-06,vst_GUAN_2017,D04,GUAN,GUAN_045,NEON.PLA.D04.GUAN.03678,multi-bole tree,13.3,130,9.5
90e25440-9e40-4be0-a763-507bf2fbc716,GUAN_045.basePlot.vst,2017-04-06,vst_GUAN_2017,D04,GUAN,GUAN_045,NEON.PLA.D04.GUAN.03682,multi-bole tree,NA,NA,NA
8cb193d8-32bb-45b6-9143-2569612ba0c0,GUAN_045.basePlot.vst,2017-04-06,vst_GUAN_2017,D04,GUAN,GUAN_045,NEON.PLA.D04.GUAN.03689,multi-bole tree,13.3,130,7.5
fee8e0b6-8b78-4267-8b56-bdca0bc4c346,GUAN_045.basePlot.vst,2017-04-06,vst_GUAN_2017,D04,GUAN,GUAN_045,NEON.PLA.D04.GUAN.03689B,multi-bole tree,6.0,130,7.5
272b9078-2678-424e-85cc-bf45e471248f,GUAN_045.basePlot.vst,2017-04-06,vst_GUAN_2017,D04,GUAN,GUAN_045,NEON.PLA.D04.GUAN.03690G,multi-bole tree,5.3,130,8.1
89786b3e-7329-4bf4-9eae-02116ac53678,GUAN_045.basePlot.vst,2017-04-06,vst_GUAN_2017,D04,GUAN,GUAN_045,NEON.PLA.D04.GUAN.03667,single bole tree,12.1,130,8.5
298d9430-b33a-444c-9a9b-c6812856ec83,GUAN_045.basePlot.vst,2017-04-06,vst_GUAN_2017,D04,GUAN,GUAN_045,NEON.PLA.D04.GUAN.03681B,multi-bole tree,28.8,130,8.8
2687571e-9a74-40d6-8685-e3a4710510c1,GUAN_045.basePlot.vst,2017-04-06,vst_GUAN_2017,D04,GUAN,GUAN_045,NEON.PLA.D04.GUAN.03690E,multi-bole tree,8.2,130,8.1
f6edb75d-3bc4-4f01-bb1c-8f67bd1711b7,GUAN_045.basePlot.vst,2017-04-06,vst_GUAN_2017,D04,GUAN,GUAN_045,NEON.PLA.D04.GUAN.03681A,multi-bole tree,38.2,130,8.8
b2ce85e0-9559-4d01-af3f-8c063b00e233,GUAN_045.basePlot.vst,2017-04-06,vst_GUAN_2017,D04,GUAN,GUAN_045,NEON.PLA.D04.GUAN.03691B,NA,NA,NA,NA
11fc11e3-2586-40df-8147-94d1cd9de262,GUAN_045.basePlot.vst,2017-04-06,vst_GUAN_2017,D04,GUAN,GUAN_045,NEON.PLA.D04.GUAN.03691A,NA,NA,NA,NA
c72d11f8-3a77-4090-b160-01bd0ffa2a9a,GUAN_045.basePlot.vst,2017-04-06,vst_GUAN_2017,D04,GUAN,GUAN_045,NEON.PLA.D04.GUAN.03698,single bole tree,12.1,130,5.1
278e2585-7dd4-4aa4-828d-1a7288b19a79,GUAN_045.basePlot.vst,2017-04-06,vst_GUAN_2017,D04,GUAN,GUAN_045,NEON.PLA.D04.GUAN.09466,single bole tree,10.8,130,4.5
741064a0-be7a-4541-ab49-63ff7d019bdd,GUAN_045.basePlot.vst,2017-04-06,vst_GUAN_2017,D04,GUAN,GUAN_045,NEON.PLA.D04.GUAN.03668D,multi-bole tree,7.3,130,9.1
a8cd64e1-ddbc-4cd1-ab1e-d8b1c1147b19,GUAN_045.basePlot.vst,2017-04-06,vst_GUAN_2017,D04,GUAN,GUAN_045,NEON.PLA.D04.GUAN.03678A,multi-bole tree,6.8,130,9.5
cda32902-964e-49a3-92d0-7ccc2113fd6d,GUAN_045.basePlot.vst,2017-04-06,vst_GUAN_2017,D04,GUAN,GUAN_045,NEON.PLA.D04.GUAN.03700,single bole tree,12.2,130,5.3
c04e344f-7a48-4cad-b4fd-a1f9665e5094,GUAN_045.basePlot.vst,2017-04-06,vst_GUAN_2017,D04,GUAN,GUAN_045,NEON.PLA.D04.GUAN.03691F,NA,NA,NA,NA
f2d6d565-00d2-4054-8406-e0e897659fdc,GUAN_045.basePlot.vst,2017-04-06,vst_GUAN_2017,D04,GUAN,GUAN_045,NEON.PLA.D04.GUAN.03668A,multi-bole tree,11.3,130,9.1
60ca53a4-2e77-4a61-8e11-a01cb468d644,GUAN_045.basePlot.vst,2017-04-06,vst_GUAN_2017,D04,GUAN,GUAN_045,NEON.PLA.D04.GUAN.03692,single bole tree,14.5,130,6.0
9ccda6c2-5b9c-403f-89ef-e27f7b3a7c77,GUAN_045.basePlot.vst,2017-04-06,vst_GUAN_2017,D04,GUAN,GUAN_045,NEON.PLA.D04.GUAN.03687C,multi-bole tree,10.5,130,8.7
5db38f21-9bb9-4c8d-b992-e841fb263d8b,GUAN_045.basePlot.vst,2017-04-06,vst_GUAN_2017,D04,GUAN,GUAN_045,NEON.PLA.D04.GUAN.03690A,multi-bole tree,14.1,130,8.1
4d0c6ebf-5301-4172-af1c-6a74a588e57e,GUAN_045.basePlot.vst,2017-04-06,vst_GUAN_2017,D04,GUAN,GUAN_045,NEON.PLA.D04.GUAN.03697A,multi-bole tree,13.5,130,5.1
bde284c7-859d-40cf-9006-791e1687fd55,GUAN_045.basePlot.vst,2017-04-06,vst_GUAN_2017,D04,GUAN,GUAN_045,NEON.PLA.D04.GUAN.03679,multi-bole tree,16.0,130,9.7
9cc0fc49-980c-4c96-8fb9-f6a9dcd88d9c,GUAN_045.basePlot.vst,2017-04-06,vst_GUAN_2017,D04,GUAN,GUAN_045,NEON.PLA.D04.GUAN.03690C,multi-bole tree,10.8,130,8.1
3d70874e-e986-4619-882d-a874dab18d1f,GUAN_045.basePlot.vst,2017-04-06,vst_GUAN_2017,D04,GUAN,GUAN_045,NEON.PLA.D04.GUAN.03687A,multi-bole tree,10.2,160,8.7
d98b3313-0272-4590-be16-ae190af8f91c,GUAN_045.basePlot.vst,2017-04-06,vst_GUAN_2017,D04,GUAN,GUAN_045,NEON.PLA.D04.GUAN.03690D,multi-bole tree,9.5,130,8.1
7130a1dd-8c0e-46ee-880e-32dc65e064a3,GUAN_045.basePlot.vst,2017-04-06,vst_GUAN_2017,D04,GUAN,GUAN_045,NEON.PLA.D04.GUAN.03691D,NA,NA,NA,NA
ce03e02a-9b56-44b1-998e-2ded655d4acd,GUAN_045.basePlot.vst,2017-04-06,vst_GUAN_2017,D04,GUAN,GUAN_045,NEON.PLA.D04.GUAN.03668C,multi-bole tree,6.5,130,9.1
b6741b51-9a9f-4b9a-bc92-f760df6c2d92,GUAN_045.basePlot.vst,2017-04-06,vst_GUAN_2017,D04,GUAN,GUAN_045,NEON.PLA.D04.GUAN.03693,single bole tree,10.4,130,5.7
e7780698-ece0-4533-9708-17dcf45fde0f,GUAN_045.basePlot.vst,2017-04-06,vst_GUAN_2017,D04,GUAN,GUAN_045,NEON.PLA.D04.GUAN.03679A,multi-bole tree,14.7,130,9.7
238aa4f1-2b0e-4648-8390-3d2f596c2c65,GUAN_045.basePlot.vst,2017-04-06,vst_GUAN_2017,D04,GUAN,GUAN_045,NEON.PLA.D04.GUAN.03689A,multi-bole tree,8.1,130,7.5
da96303f-1489-4e27-919f-6e70e169a9e8,GUAN_045.basePlot.vst,2017-04-06,vst_GUAN_2017,D04,GUAN,GUAN_045,NEON.PLA.D04.GUAN.03691H,NA,NA,NA,NA
0e8e35f0-5d30-461b-91b9-1a1bc84ba476,GUAN_045.basePlot.vst,2017-04-06,vst_GUAN_2017,D04,GUAN,GUAN_045,NEON.PLA.D04.GUAN.03681,multi-bole tree,34.2,130,8.8
e23485fa-64aa-4184-a48c-04179047e900,GUAN_042.basePlot.vst,2017-04-07,vst_GUAN_2017,D04,GUAN,GUAN_042,NEON.PLA.D04.GUAN.05262,single bole tree,12.2,130,7.8
a4af10ff-8492-4925-9c33-0a2b7406b0e5,GUAN_042.basePlot.vst,2017-04-10,vst_GUAN_2017,D04,GUAN,GUAN_042,NEON.PLA.D04.GUAN.02999A,multi-bole tree,9.5,130,2.8
e728da39-74b3-4d4d-81ff-4f62583de565,GUAN_042.basePlot.vst,2017-04-10,vst_GUAN_2017,D04,GUAN,GUAN_042,NEON.PLA.D04.GUAN.02690,multi-bole tree,10.9,130,4.9
271ed87e-8b59-4f91-9c6c-4ceabca0c47d,GUAN_042.basePlot.vst,2017-04-10,vst_GUAN_2017,D04,GUAN,GUAN_042,NEON.PLA.D04.GUAN.02692,single bole tree,24.7,130,5.5
92d5c868-6d1d-471d-b743-07b77b9feeff,GUAN_042.basePlot.vst,2017-04-10,vst_GUAN_2017,D04,GUAN,GUAN_042,NEON.PLA.D04.GUAN.02693,single bole tree,10.1,130,3.6
8a2de0d7-0d5f-42c1-90ab-00269e886e03,GUAN_042.basePlot.vst,2017-04-10,vst_GUAN_2017,D04,GUAN,GUAN_042,NEON.PLA.D04.GUAN.02998,multi-bole tree,13.7,130,4.5
bb93f32c-ffd0-4c57-9e0f-b47dd2683fec,GUAN_042.basePlot.vst,2017-04-10,vst_GUAN_2017,D04,GUAN,GUAN_042,NEON.PLA.D04.GUAN.02983A,multi-bole tree,10.8,130,3.9
0c1a8e0d-b576-4b23-a9a0-92a945f0b0cf,GUAN_042.basePlot.vst,2017-04-10,vst_GUAN_2017,D04,GUAN,GUAN_042,NEON.PLA.D04.GUAN.02690B,multi-bole tree,6.5,130,4.9
918b915a-21b5-4162-8b25-462faa6daa8f,GUAN_042.basePlot.vst,2017-04-10,vst_GUAN_2017,D04,GUAN,GUAN_042,NEON.PLA.D04.GUAN.02982C,multi-bole tree,12.7,130,3.2
667dac92-064d-4bb7-adf9-4e12ab680e6a,GUAN_042.basePlot.vst,2017-04-10,vst_GUAN_2017,D04,GUAN,GUAN_042,NEON.PLA.D04.GUAN.02991B,multi-bole tree,8.5,130,4.5
2975a37b-1135-41a2-992f-6471e5a115e4,GUAN_042.basePlot.vst,2017-04-10,vst_GUAN_2017,D04,GUAN,GUAN_042,NEON.PLA.D04.GUAN.02700A,multi-bole tree,10.4,170,4.9
e626955b-68ad-45bb-a75a-052e2391d235,GUAN_042.basePlot.vst,2017-04-10,vst_GUAN_2017,D04,GUAN,GUAN_042,NEON.PLA.D04.GUAN.02697,single bole tree,19.4,130,5.4
309969e4-e58d-4c5b-92a8-7bb8b7714d14,GUAN_042.basePlot.vst,2017-04-10,vst_GUAN_2017,D04,GUAN,GUAN_042,NEON.PLA.D04.GUAN.02982A,multi-bole tree,15.9,130,3.2
446eb76a-005c-4890-ab9a-a19b1daa7622,GUAN_042.basePlot.vst,2017-04-10,vst_GUAN_2017,D04,GUAN,GUAN_042,NEON.PLA.D04.GUAN.02992,single bole tree,16.7,130,5.6
2cf95ecd-dfc8-4d63-8331-8590d1088969,GUAN_042.basePlot.vst,2017-04-10,vst_GUAN_2017,D04,GUAN,GUAN_042,NEON.PLA.D04.GUAN.08410B,multi-bole tree,12.9,160,4.3
b3fc7b0b-65f3-48ba-8f26-594deba1022c,GUAN_042.basePlot.vst,2017-04-10,vst_GUAN_2017,D04,GUAN,GUAN_042,NEON.PLA.D04.GUAN.08410,multi-bole tree,16.5,130,4.3
a6401b40-cb86-4cf2-9da7-519078d69e9b,GUAN_042.basePlot.vst,2017-04-10,vst_GUAN_2017,D04,GUAN,GUAN_042,NEON.PLA.D04.GUAN.02999B,multi-bole tree,6.7,130,2.8
5322b3d8-e26c-4ce8-82ad-a9765d9170da,GUAN_042.basePlot.vst,2017-04-10,vst_GUAN_2017,D04,GUAN,GUAN_042,NEON.PLA.D04.GUAN.03000B,multi-bole tree,8.1,130,4.2
7a1266f5-b2de-4f4c-9f67-386b67f11fea,GUAN_042.basePlot.vst,2017-04-10,vst_GUAN_2017,D04,GUAN,GUAN_042,NEON.PLA.D04.GUAN.08410D,multi-bole tree,5.5,130,4.3
58396c0a-fbff-4ba4-aa23-77a716dbb4f9,GUAN_042.basePlot.vst,2017-04-10,vst_GUAN_2017,D04,GUAN,GUAN_042,NEON.PLA.D04.GUAN.08410E,multi-bole tree,6.4,130,4.3
cbea8a68-df6d-40f2-a180-dc6a9983b193,GUAN_042.basePlot.vst,2017-04-10,vst_GUAN_2017,D04,GUAN,GUAN_042,NEON.PLA.D04.GUAN.08410F,multi-bole tree,7.0,160,4.3
7fd38b5e-b049-4bfb-9ebd-6d6f9388acc7,GUAN_042.basePlot.vst,2017-04-10,vst_GUAN_2017,D04,GUAN,GUAN_042,NEON.PLA.D04.GUAN.02991D,multi-bole tree,5.8,130,4.5
6ec9dc6e-727f-45bc-b76b-9d6f22fc62af,GUAN_042.basePlot.vst,2017-04-10,vst_GUAN_2017,D04,GUAN,GUAN_042,NEON.PLA.D04.GUAN.02994,single bole tree,15.1,130,4.8
11b78271-2d5d-4ce8-8a68-1da7950d52c6,GUAN_042.basePlot.vst,2017-04-10,vst_GUAN_2017,D04,GUAN,GUAN_042,NEON.PLA.D04.GUAN.02983,multi-bole tree,13.2,130,3.9
4019ad92-3343-4494-894e-0f40ba80a142,GUAN_042.basePlot.vst,2017-04-10,vst_GUAN_2017,D04,GUAN,GUAN_042,NEON.PLA.D04.GUAN.03000A,multi-bole tree,10.5,130,4.2
ffb64fea-7da6-4480-9573-0eaf6548ba08,GUAN_042.basePlot.vst,2017-04-10,vst_GUAN_2017,D04,GUAN,GUAN_042,NEON.PLA.D04.GUAN.02991A,multi-bole tree,10.1,130,4.5
ebb623a8-064a-42ea-afbb-927ee46295e7,GUAN_042.basePlot.vst,2017-04-10,vst_GUAN_2017,D04,GUAN,GUAN_042,NEON.PLA.D04.GUAN.02699B,multi-bole tree,7.5,130,5.4
42aac440-7632-4f30-b016-2f449ff73284,GUAN_042.basePlot.vst,2017-04-10,vst_GUAN_2017,D04,GUAN,GUAN_042,NEON.PLA.D04.GUAN.02991C,multi-bole tree,9.8,130,4.5
4933523a-a8bc-403f-ba05-0623baedb873,GUAN_042.basePlot.vst,2017-04-10,vst_GUAN_2017,D04,GUAN,GUAN_042,NEON.PLA.D04.GUAN.08410A,multi-bole tree,11.0,130,4.3
f8a148a9-c3a4-4206-85b3-f9ce4253f9f7,GUAN_042.basePlot.vst,2017-04-10,vst_GUAN_2017,D04,GUAN,GUAN_042,NEON.PLA.D04.GUAN.02982E,multi-bole tree,9.0,130,3.2
4287eb89-81d3-4417-8572-e41840ed2a67,GUAN_042.basePlot.vst,2017-04-10,vst_GUAN_2017,D04,GUAN,GUAN_042,NEON.PLA.D04.GUAN.02999,multi-bole tree,11.7,130,2.8
6d03a118-935d-432f-845d-cee7e2b30921,GUAN_042.basePlot.vst,2017-04-10,vst_GUAN_2017,D04,GUAN,GUAN_042,NEON.PLA.D04.GUAN.02991,multi-bole tree,11.3,130,4.5
a9b8ca51-03e3-46f9-abdd-bf99d760be97,GUAN_042.basePlot.vst,2017-04-10,vst_GUAN_2017,D04,GUAN,GUAN_042,NEON.PLA.D04.GUAN.08410C,multi-bole tree,6.9,130,4.3
82c27937-8191-4470-a4b3-b0cc9b495291,GUAN_042.basePlot.vst,2017-04-10,vst_GUAN_2017,D04,GUAN,GUAN_042,NEON.PLA.D04.GUAN.02998B,multi-bole tree,11.0,130,4.5
87151b8a-dea2-4d48-8707-007cda5c055b,GUAN_042.basePlot.vst,2017-04-10,vst_GUAN_2017,D04,GUAN,GUAN_042,NEON.PLA.D04.GUAN.02690A,multi-bole tree,8.0,130,4.9
d65ce0d9-19ad-4838-ab14-854e06bf374b,GUAN_042.basePlot.vst,2017-04-10,vst_GUAN_2017,D04,GUAN,GUAN_042,NEON.PLA.D04.GUAN.02991E,multi-bole tree,7.5,130,4.5
43337f2a-4a5f-4afe-b3d7-12644f7b582d,GUAN_042.basePlot.vst,2017-04-10,vst_GUAN_2017,D04,GUAN,GUAN_042,NEON.PLA.D04.GUAN.02700,multi-bole tree,13.8,150,4.9
80879e3a-6cb1-4218-9c99-939fa448d80b,GUAN_042.basePlot.vst,2017-04-10,vst_GUAN_2017,D04,GUAN,GUAN_042,NEON.PLA.D04.GUAN.02698,single bole tree,20.8,130,7.9
8996a628-6acd-4e4c-85ab-4e70264fe773,GUAN_042.basePlot.vst,2017-04-10,vst_GUAN_2017,D04,GUAN,GUAN_042,NEON.PLA.D04.GUAN.02999C,multi-bole tree,6.3,130,2.8
840e8502-58c3-4328-bd62-a1883543e1c7,GUAN_042.basePlot.vst,2017-04-10,vst_GUAN_2017,D04,GUAN,GUAN_042,NEON.PLA.D04.GUAN.02982B,multi-bole tree,12.5,130,3.2
6393af73-38e3-4274-88ab-ff4b9fa34689,GUAN_042.basePlot.vst,2017-04-10,vst_GUAN_2017,D04,GUAN,GUAN_042,NEON.PLA.D04.GUAN.02984,single bole tree,17.4,130,NA
9fada5b2-eb23-4b24-b3b8-b70eca5a26e7,GUAN_042.basePlot.vst,2017-04-10,vst_GUAN_2017,D04,GUAN,GUAN_042,NEON.PLA.D04.GUAN.02982,multi-bole tree,14.8,130,3.2
534e082d-851a-4897-8e7d-eb570ac3f0e2,GUAN_042.basePlot.vst,2017-04-10,vst_GUAN_2017,D04,GUAN,GUAN_042,NEON.PLA.D04.GUAN.02699A,multi-bole tree,14.2,130,5.4
0810a6d7-dfa0-4c7a-bfd8-7f1b3e6684ba,GUAN_042.basePlot.vst,2017-04-10,vst_GUAN_2017,D04,GUAN,GUAN_042,NEON.PLA.D04.GUAN.02998A,multi-bole tree,10.3,130,4.5
34c98cc9-c509-448a-95dc-950d1bd5fe17,GUAN_042.basePlot.vst,2017-04-10,vst_GUAN_2017,D04,GUAN,GUAN_042,NEON.PLA.D04.GUAN.02996,single bole tree,12.5,130,2.1
19f85090-70d5-4619-96aa-548dc91ffd1a,GUAN_042.basePlot.vst,2017-04-10,vst_GUAN_2017,D04,GUAN,GUAN_042,NEON.PLA.D04.GUAN.03000C,multi-bole tree,7.8,130,4.2
5451d95d-94d7-40f6-a736-38e6b2fd4420,GUAN_042.basePlot.vst,2017-04-10,vst_GUAN_2017,D04,GUAN,GUAN_042,NEON.PLA.D04.GUAN.02699,multi-bole tree,16.5,130,5.4
1205138b-02a6-43f6-a1b1-3b3a692a2f32,GUAN_043.basePlot.vst,2017-04-11,vst_GUAN_2017,D04,GUAN,GUAN_043,NEON.PLA.D04.GUAN.00044,single bole tree,1.8,130,7.7
c66f29b7-3cde-4a4a-b9e9-39633673dd27,GUAN_043.basePlot.vst,2017-04-11,vst_GUAN_2017,D04,GUAN,GUAN_043,NEON.PLA.D04.GUAN.00079,small tree,9.5,130,6.6
e68b5ff0-c690-4422-8e93-43c831bbc420,GUAN_043.basePlot.vst,2017-04-14,vst_GUAN_2017,D04,GUAN,GUAN_043,NEON.PLA.D04.GUAN.08037,single bole tree,10.3,130,7.0
fd108fa5-ca5c-4792-9234-84c365eb3d9e,GUAN_043.basePlot.vst,2017-04-14,vst_GUAN_2017,D04,GUAN,GUAN_043,NEON.PLA.D04.GUAN.00070,single bole tree,16.8,130,3.8
e08c6251-b516-4214-adce-0d885c500a9b,GUAN_043.basePlot.vst,2017-04-14,vst_GUAN_2017,D04,GUAN,GUAN_043,NEON.PLA.D04.GUAN.00138,multi-bole tree,26.7,130,6.5
4f735077-46e2-4046-89fd-72a0978f6be1,GUAN_043.basePlot.vst,2017-04-14,vst_GUAN_2017,D04,GUAN,GUAN_043,NEON.PLA.D04.GUAN.00068,single bole tree,13.5,130,5.3
bf787491-26e4-4e42-acb3-ac79f2a9b8d4,GUAN_043.basePlot.vst,2017-04-14,vst_GUAN_2017,D04,GUAN,GUAN_043,NEON.PLA.D04.GUAN.00135,single bole tree,16.0,130,4.3
2a9876ff-7eb7-49b0-90b9-94eb597b98ef,GUAN_043.basePlot.vst,2017-04-14,vst_GUAN_2017,D04,GUAN,GUAN_043,NEON.PLA.D04.GUAN.00140,single bole tree,14.1,130,7.6
480f03e0-9013-453b-ac97-9fe9eec9cf48,GUAN_043.basePlot.vst,2017-04-14,vst_GUAN_2017,D04,GUAN,GUAN_043,NEON.PLA.D04.GUAN.00078,single bole tree,13.2,130,8.8
d15a8306-088a-4b72-8136-191e7939a1ab,GUAN_043.basePlot.vst,2017-04-14,vst_GUAN_2017,D04,GUAN,GUAN_043,NEON.PLA.D04.GUAN.00133,single bole tree,18.6,130,5.9
a2c72b91-6698-4a8b-93f8-049cbfc81a54,GUAN_043.basePlot.vst,2017-04-14,vst_GUAN_2017,D04,GUAN,GUAN_043,NEON.PLA.D04.GUAN.00145A,multi-bole tree,11.9,130,5.8
7f301d86-fb2a-47b2-9ac7-998583a78c54,GUAN_043.basePlot.vst,2017-04-14,vst_GUAN_2017,D04,GUAN,GUAN_043,NEON.PLA.D04.GUAN.00137,single bole tree,10.5,130,4.4
06c9071e-6b87-4792-84c4-f769a936ac98,GUAN_043.basePlot.vst,2017-04-14,vst_GUAN_2017,D04,GUAN,GUAN_043,NEON.PLA.D04.GUAN.00071,single bole tree,17.1,130,4.7
2210ea6a-ab99-4e55-b640-e186b5b4b989,GUAN_043.basePlot.vst,2017-04-14,vst_GUAN_2017,D04,GUAN,GUAN_043,NEON.PLA.D04.GUAN.00128,single bole tree,11.6,130,4.0
18690827-bd17-47bf-a112-97724d47bba4,GUAN_043.basePlot.vst,2017-04-14,vst_GUAN_2017,D04,GUAN,GUAN_043,NEON.PLA.D04.GUAN.00192,single bole tree,15.0,130,2.8
e495bd4d-42f4-4dd6-88e7-a2fcfc48d211,GUAN_043.basePlot.vst,2017-04-14,vst_GUAN_2017,D04,GUAN,GUAN_043,NEON.PLA.D04.GUAN.00139,single bole tree,11.9,130,6.9
68a65d6a-43b4-4331-83e6-520d16ca358e,GUAN_043.basePlot.vst,2017-04-14,vst_GUAN_2017,D04,GUAN,GUAN_043,NEON.PLA.D04.GUAN.00136,single bole tree,13.5,130,7.2
201b56dc-71c7-46e6-9b5a-1499b3c7f90e,GUAN_043.basePlot.vst,2017-04-14,vst_GUAN_2017,D04,GUAN,GUAN_043,NEON.PLA.D04.GUAN.00145,multi-bole tree,20.0,130,5.8
d3b18e9a-e266-459f-9d95-a9a61ae89881,GUAN_043.basePlot.vst,2017-04-14,vst_GUAN_2017,D04,GUAN,GUAN_043,NEON.PLA.D04.GUAN.00138A,multi-bole tree,22.0,130,6.5
453e747a-a289-46de-b8b0-92003253bced,GUAN_043.basePlot.vst,2017-04-14,vst_GUAN_2017,D04,GUAN,GUAN_043,NEON.PLA.D04.GUAN.00141,single bole tree,13.5,130,3.8
cee16d6a-f53b-4bc9-8f58-1c6307fac281,GUAN_043.basePlot.vst,2017-04-14,vst_GUAN_2017,D04,GUAN,GUAN_043,NEON.PLA.D04.GUAN.00129,single bole tree,13.3,130,5.5
133eae4e-5a0a-4836-91d7-0c64b320b76c,GUAN_043.basePlot.vst,2017-04-21,vst_GUAN_2017,D04,GUAN,GUAN_043,NEON.PLA.D04.GUAN.00074,single bole tree,12.8,130,5.5
e2c9ac19-c7c8-49be-bd5a-c3d9054ffdf5,GUAN_043.basePlot.vst,2017-04-21,vst_GUAN_2017,D04,GUAN,GUAN_043,NEON.PLA.D04.GUAN.00046,single bole tree,15.0,130,7.0
6280f377-7daa-41a9-9167-1070a993c2b9,GUAN_043.basePlot.vst,2017-04-21,vst_GUAN_2017,D04,GUAN,GUAN_043,NEON.PLA.D04.GUAN.00066,single bole tree,22.3,130,8.3
5142a9ad-ed8c-48c3-b51f-9bad24f74fa9,GUAN_043.basePlot.vst,2017-04-21,vst_GUAN_2017,D04,GUAN,GUAN_043,NEON.PLA.D04.GUAN.05258,single bole tree,71.2,130,5.5
108e116c-49df-4d8b-916e-0b3a773a9dd5,GUAN_043.basePlot.vst,2017-04-21,vst_GUAN_2017,D04,GUAN,GUAN_043,NEON.PLA.D04.GUAN.08305,single bole tree,10.8,130,4.4
0501ac87-c02d-4e36-8a11-1f0b6bb9a92b,GUAN_043.basePlot.vst,2017-04-21,vst_GUAN_2017,D04,GUAN,GUAN_043,NEON.PLA.D04.GUAN.08306,NA,NA,NA,NA
0d41f866-4d79-405f-bc4d-44c4b7358521,GUAN_043.basePlot.vst,2017-04-21,vst_GUAN_2017,D04,GUAN,GUAN_043,NEON.PLA.D04.GUAN.00045,single bole tree,28.8,130,9.3
d9ef8a01-4fef-429c-96a6-2886dbeb1d29,GUAN_043.basePlot.vst,2017-04-21,vst_GUAN_2017,D04,GUAN,GUAN_043,NEON.PLA.D04.GUAN.00190,single bole tree,12.3,130,5.7
8fea0360-f8c5-4e33-a6d7-7cd3f2d44e75,GUAN_043.basePlot.vst,2017-04-21,vst_GUAN_2017,D04,GUAN,GUAN_043,NEON.PLA.D04.GUAN.00053,single bole tree,17.5,130,7.9
aac08080-dffb-4133-94c4-4de07a81dc1e,GUAN_043.basePlot.vst,2017-04-21,vst_GUAN_2017,D04,GUAN,GUAN_043,NEON.PLA.D04.GUAN.00057,single bole tree,11.2,130,7.0
17c3a6b0-8cec-4251-b886-852bc4953f07,GUAN_043.basePlot.vst,2017-04-21,vst_GUAN_2017,D04,GUAN,GUAN_043,NEON.PLA.D04.GUAN.00059,single bole tree,12.4,130,4.5
442f6295-71bd-4107-92af-5a64f534c09f,GUAN_043.basePlot.vst,2017-04-21,vst_GUAN_2017,D04,GUAN,GUAN_043,NEON.PLA.D04.GUAN.00042,single bole tree,14.7,130,7.2
9b45b43c-169e-413e-a011-a070a985ef3b,GUAN_043.basePlot.vst,2017-04-21,vst_GUAN_2017,D04,GUAN,GUAN_043,NEON.PLA.D04.GUAN.00063,multi-bole tree,13.2,130,6.9
818574b8-c8a4-4ac4-a414-4487c206f50d,GUAN_043.basePlot.vst,2017-04-21,vst_GUAN_2017,D04,GUAN,GUAN_043,NEON.PLA.D04.GUAN.00051,multi-bole tree,20.7,130,7.3
b05958da-9506-46d3-be8a-8d119835c8cd,GUAN_043.basePlot.vst,2017-04-21,vst_GUAN_2017,D04,GUAN,GUAN_043,NEON.PLA.D04.GUAN.00064,single bole tree,19.8,130,7.4
3e0f7111-62f7-424e-83e2-cc3d207ef649,GUAN_043.basePlot.vst,2017-04-21,vst_GUAN_2017,D04,GUAN,GUAN_043,NEON.PLA.D04.GUAN.00051A,multi-bole tree,15.8,130,7.3
f8d7f5d5-4550-4da0-982e-1f165ebaf017,GUAN_043.basePlot.vst,2017-04-21,vst_GUAN_2017,D04,GUAN,GUAN_043,NEON.PLA.D04.GUAN.00063A,multi-bole tree,12.7,130,6.9
eaeedbba-9796-4e72-ae88-fa250a82a64d,GUAN_043.basePlot.vst,2017-04-21,vst_GUAN_2017,D04,GUAN,GUAN_043,NEON.PLA.D04.GUAN.00028,single bole tree,13.2,130,7.4
ad45200f-a96a-4735-98a0-ebf84ad0eb5d,GUAN_043.basePlot.vst,2017-04-21,vst_GUAN_2017,D04,GUAN,GUAN_043,NEON.PLA.D04.GUAN.00048,single bole tree,12.0,130,5.7
5c008c5b-4042-4141-b89b-fa6416100548,GUAN_043.basePlot.vst,2017-04-21,vst_GUAN_2017,D04,GUAN,GUAN_043,NEON.PLA.D04.GUAN.00050,single bole tree,10.5,130,5.4
99bf7442-898a-4d46-98e3-7b0652d8af92,GUAN_043.basePlot.vst,2017-04-21,vst_GUAN_2017,D04,GUAN,GUAN_043,NEON.PLA.D04.GUAN.00039,single bole tree,17.8,130,6.8
b19acc4d-09e9-4dac-93b1-90db714eb06c,GUAN_043.basePlot.vst,2017-04-21,vst_GUAN_2017,D04,GUAN,GUAN_043,NEON.PLA.D04.GUAN.00030,single bole tree,18.2,130,8.5
948b7f97-e255-49a8-80e2-1b9f8a5c7876,GUAN_043.basePlot.vst,2017-04-21,vst_GUAN_2017,D04,GUAN,GUAN_043,NEON.PLA.D04.GUAN.00073,single bole tree,17.1,130,5.0
70dab8f7-b596-4ab8-9bbf-d24f546fd245,GUAN_043.basePlot.vst,2017-04-21,vst_GUAN_2017,D04,GUAN,GUAN_043,NEON.PLA.D04.GUAN.00029,single bole tree,18.3,130,7.4
28f5e9d9-6179-4fce-a296-47b9b7de772c,GUAN_043.basePlot.vst,2017-04-21,vst_GUAN_2017,D04,GUAN,GUAN_043,NEON.PLA.D04.GUAN.00049,single bole tree,20.8,130,7.9
5ad2b5bd-590d-4055-bf02-5ba545b370da,GUAN_043.basePlot.vst,2017-04-24,vst_GUAN_2017,D04,GUAN,GUAN_043,NEON.PLA.D04.GUAN.00026A,multi-bole tree,11.9,170,7.9
9933b2b9-6eac-4c32-85fb-a5aaf2a1bae0,GUAN_043.basePlot.vst,2017-04-24,vst_GUAN_2017,D04,GUAN,GUAN_043,NEON.PLA.D04.GUAN.00060,multi-bole tree,17.6,110,7.0
ac7ef17f-1eef-4808-ab67-f1dd09e05ef4,GUAN_043.basePlot.vst,2017-04-24,vst_GUAN_2017,D04,GUAN,GUAN_043,NEON.PLA.D04.GUAN.00026,multi-bole tree,21.5,140,7.9
b5fd2370-9b2f-4175-90d9-7b5db988e78b,GUAN_043.basePlot.vst,2017-04-24,vst_GUAN_2017,D04,GUAN,GUAN_043,NEON.PLA.D04.GUAN.00060A,multi-bole tree,13.9,170,7.0
ea5024ff-0921-4075-a0aa-150a94eac36b,GUAN_043.basePlot.vst,2017-04-24,vst_GUAN_2017,D04,GUAN,GUAN_043,NEON.PLA.D04.GUAN.00061A,multi-bole tree,11.4,190,5.3
fa0331dc-bf6d-48a4-9349-3d1a3b9b1820,GUAN_043.basePlot.vst,2017-04-24,vst_GUAN_2017,D04,GUAN,GUAN_043,NEON.PLA.D04.GUAN.00061,multi-bole tree,14.8,130,5.3
6f12d8ec-f8b6-4caa-a573-30412c5ed71a,GUAN_043.basePlot.vst,2017-04-24,vst_GUAN_2017,D04,GUAN,GUAN_043,NEON.PLA.D04.GUAN.00025A,multi-bole tree,7.2,180,7.3
4ec66fef-83ae-4fad-b096-38c41306b11c,GUAN_043.basePlot.vst,2017-04-24,vst_GUAN_2017,D04,GUAN,GUAN_043,NEON.PLA.D04.GUAN.00061B,multi-bole tree,9.4,180,5.3
c6c016fb-4242-4c24-8f97-8306f382ec60,GUAN_043.basePlot.vst,2017-04-24,vst_GUAN_2017,D04,GUAN,GUAN_043,NEON.PLA.D04.GUAN.00065,multi-bole tree,17.3,130,5.8
6ec244c4-c12a-47b2-9c17-be55079067f6,GUAN_044.basePlot.vst,2017-04-24,vst_GUAN_2017,D04,GUAN,GUAN_044,NEON.PLA.D04.GUAN.03395A,multi-bole tree,12.1,130,8.8
80c4b9df-7f5c-42f8-b710-b185e76b1abf,GUAN_043.basePlot.vst,2017-04-24,vst_GUAN_2017,D04,GUAN,GUAN_043,NEON.PLA.D04.GUAN.00036A,multi-bole tree,10.5,190,7.2
2ac55e74-02f7-46f6-99cd-28e47b58fe3c,GUAN_043.basePlot.vst,2017-04-24,vst_GUAN_2017,D04,GUAN,GUAN_043,NEON.PLA.D04.GUAN.00036,multi-bole tree,16.0,190,7.2
a34d3ffc-ccd7-448d-a60f-ea62d5d44549,GUAN_044.basePlot.vst,2017-04-24,vst_GUAN_2017,D04,GUAN,GUAN_044,NEON.PLA.D04.GUAN.03395,multi-bole tree,12.6,130,8.8
128ddbdb-e9e8-4a7a-bba5-990d886b4c50,GUAN_043.basePlot.vst,2017-04-24,vst_GUAN_2017,D04,GUAN,GUAN_043,NEON.PLA.D04.GUAN.00065A,multi-bole tree,15.3,110,5.8
06b4953a-dd72-42ae-8f67-9bd38bee202c,GUAN_043.basePlot.vst,2017-04-24,vst_GUAN_2017,D04,GUAN,GUAN_043,NEON.PLA.D04.GUAN.00025,multi-bole tree,21.8,180,7.3
c2bb613b-a86c-4706-b5ba-b0f520588e1b,GUAN_043.basePlot.vst,2017-04-24,vst_GUAN_2017,D04,GUAN,GUAN_043,NEON.PLA.D04.GUAN.00065B,multi-bole tree,11.0,180,5.8
