uid,namedLocation,date,eventID,domainID,siteID,plotID,individualID,growthForm,stemDiameter,measurementHeight,height
9e7b5db2-a95a-4bcc-953d-4168725c4f5d,GUAN_043.basePlot.vst,2016-07-05,vst_GUAN_2016,D04,GUAN,GUAN_043,NEON.PLA.D04.GUAN.00138A,multi-bole tree,21.5,130,6.0
c875e247-b47f-4444-94b6-2283deb20397,GUAN_043.basePlot.vst,2016-07-05,vst_GUAN_2016,D04,GUAN,GUAN_043,NEON.PLA.D04.GUAN.00138,multi-bole tree,26.3,130,6.0
caf8ec56-4f48-40a8-9e6d-b1104dbd560f,GUAN_043.basePlot.vst,2016-07-05,vst_GUAN_2016,D04,GUAN,GUAN_043,NEON.PLA.D04.GUAN.00134,NA,NA,NA,NA
83343104-efc2-4b90-8730-b57ecdabf659,GUAN_043.basePlot.vst,2016-07-05,vst_GUAN_2016,D04,GUAN,GUAN_043,NEON.PLA.D04.GUAN.00039,single bole tree,17.7,130,5.4
e558616e-cecd-474b-982d-7ff57ca1f750,GUAN_043.basePlot.vst,2016-07-05,vst_GUAN_2016,D04,GUAN,GUAN_043,NEON.PLA.D04.GUAN.00139,single bole tree,11.2,130,6.4
de993b87-9111-4af4-9ed1-0c86c1977b75,GUAN_043.basePlot.vst,2016-07-05,vst_GUAN_2016,D04,GUAN,GUAN_043,NEON.PLA.D04.GUAN.08305,single bole tree,10.8,140,4.0
63c2ce8e-0c9f-470c-8d96-1a05aa3ff841,GUAN_043.basePlot.vst,2016-07-05,vst_GUAN_2016,D04,GUAN,GUAN_043,NEON.PLA.D04.GUAN.00137,single bole tree,10.5,130,4.3
8b3129e3-5a32-4fde-a062-1c82402a160f,GUAN_043.basePlot.vst,2016-07-05,vst_GUAN_2016,D04,GUAN,GUAN_043,NEON.PLA.D04.GUAN.00138A,NA,21.5,130,6.0
81bf5fa6-094b-44fe-bd11-96b036309cf5,GUAN_043.basePlot.vst,2016-07-05,vst_GUAN_2016,D04,GUAN,GUAN_043,NEON.PLA.D04.GUAN.00192,NA,14.8,130,5.1
56319001-e02b-4149-9bc9-8912fec2a299,GUAN_043.basePlot.vst,2016-07-05,vst_GUAN_2016,D04,GUAN,GUAN_043,NEON.PLA.D04.GUAN.00139,NA,11.2,130,6.4
9e5107c8-d681-4785-8f32-69c0f580384c,GUAN_043.basePlot.vst,2016-07-05,vst_GUAN_2016,D04,GUAN,GUAN_043,NEON.PLA.D04.GUAN.08305,NA,10.8,140,4.0
d2b38e3d-be13-4d60-92b1-f6ddf98bf9f4,GUAN_043.basePlot.vst,2016-07-05,vst_GUAN_2016,D04,GUAN,GUAN_043,NEON.PLA.D04.GUAN.00136,NA,12.7,130,6.3
1cb39e89-5741-434d-b0a0-bb3f9762ea79,GUAN_043.basePlot.vst,2016-07-05,vst_GUAN_2016,D04,GUAN,GUAN_043,NEON.PLA.D04.GUAN.00145,NA,20.1,110,5.5
311a4456-a838-4767-a865-5fdac268d473,GUAN_043.basePlot.vst,2016-07-05,vst_GUAN_2016,D04,GUAN,GUAN_043,NEON.PLA.D04.GUAN.08306,NA,11.4,130,2.5
87a70689-7bb6-4fa1-9d10-df07a356e863,GUAN_043.basePlot.vst,2016-07-05,vst_GUAN_2016,D04,GUAN,GUAN_043,NEON.PLA.D04.GUAN.00140,single bole tree,13.1,130,6.7
e52d6de7-5ec9-471d-9dd1-ffb0567bfa04,GUAN_043.basePlot.vst,2016-07-05,vst_GUAN_2016,D04,GUAN,GUAN_043,NEON.PLA.D04.GUAN.00028,single bole tree,13.0,130,7.0
031739ab-9f2e-4781-9f56-70fb67729229,GUAN_043.basePlot.vst,2016-07-05,vst_GUAN_2016,D04,GUAN,GUAN_043,NEON.PLA.D04.GUAN.08306,single bole tree,11.4,130,2.5
9e3570cc-6ef4-436a-8331-243c82bac037,GUAN_043.basePlot.vst,2016-07-05,vst_GUAN_2016,D04,GUAN,GUAN_043,NEON.PLA.D04.GUAN.00036,multi-bole tree,15.5,190,6.9
03c70404-8a3d-46af-8bb9-58f18ee7d667,GUAN_043.basePlot.vst,2016-07-05,vst_GUAN_2016,D04,GUAN,GUAN_043,NEON.PLA.D04.GUAN.00036A,multi-bole tree,10.2,190,6.9
ee7abe18-534c-45fa-b8d6-c1aab5212115,GUAN_043.basePlot.vst,2016-07-05,vst_GUAN_2016,D04,GUAN,GUAN_043,NEON.PLA.D04.GUAN.00136,single bole tree,12.7,130,6.3
150ba7c0-01f4-44a2-ad6d-e7229aa9ee81,GUAN_043.basePlot.vst,2016-07-05,vst_GUAN_2016,D04,GUAN,GUAN_043,NEON.PLA.D04.GUAN.00192,single bole tree,14.8,130,5.1
f72baa60-f692-40e8-aefa-29e778b2e032,GUAN_043.basePlot.vst,2016-07-05,vst_GUAN_2016,D04,GUAN,GUAN_043,NEON.PLA.D04.GUAN.00051,multi-bole tree,20.8,130,5.5
9c1f2dd7-7200-4bfd-9bdf-95154e8b5963,GUAN_043.basePlot.vst,2016-07-05,vst_GUAN_2016,D04,GUAN,GUAN_043,NEON.PLA.D04.GUAN.00050,single bole tree,10.1,130,4.8
af456570-36a7-4223-a365-6dcdd745ec87,GUAN_043.basePlot.vst,2016-07-05,vst_GUAN_2016,D04,GUAN,GUAN_043,NEON.PLA.D04.GUAN.00145,multi-bole tree,20.1,110,5.5
b610b1f5-941a-4626-81c2-4fc1f69f2417,GUAN_043.basePlot.vst,2016-07-05,vst_GUAN_2016,D04,GUAN,GUAN_043,NEON.PLA.D04.GUAN.00141,single bole tree,13.4,130,4.8
c34fe4c6-6ebb-424b-bf65-ad868ca708f4,GUAN_043.basePlot.vst,2016-07-05,vst_GUAN_2016,D04,GUAN,GUAN_043,NEON.PLA.D04.GUAN.00051A,multi-bole tree,17.5,130,5.5
5d88a5ac-e09f-403a-8c8d-dac11ef72d48,GUAN_043.basePlot.vst,2016-07-05,vst_GUAN_2016,D04,GUAN,GUAN_043,NEON.PLA.D04.GUAN.00049,single bole tree,20.7,130,5.6
f398f1d1-0520-4fe9-92c4-8694b03c4b69,GUAN_043.basePlot.vst,2016-07-05,vst_GUAN_2016,D04,GUAN,GUAN_043,NEON.PLA.D04.GUAN.00135,single bole tree,15.3,130,4.6
87f76b72-ba22-4a50-9c75-7c2670bd855a,GUAN_043.basePlot.vst,2016-07-05,vst_GUAN_2016,D04,GUAN,GUAN_043,NEON.PLA.D04.GUAN.00044,single bole tree,17.7,130,5.0
a639427d-2807-4b89-8f28-0aec4972f7af,GUAN_043.basePlot.vst,2016-07-05,vst_GUAN_2016,D04,GUAN,GUAN_043,NEON.PLA.D04.GUAN.00141,NA,13.4,130,4.8
1e281b45-3db3-41d7-b32c-ef4b277f0670,GUAN_043.basePlot.vst,2016-07-05,vst_GUAN_2016,D04,GUAN,GUAN_043,NEON.PLA.D04.GUAN.00036A,NA,10.2,190,6.9
ca895ce0-f7c9-4094-8c42-b3c595e1d498,GUAN_043.basePlot.vst,2016-07-05,vst_GUAN_2016,D04,GUAN,GUAN_043,NEON.PLA.D04.GUAN.00050,NA,10.1,130,4.8
f8563041-5324-4e28-bf45-8515919edf51,GUAN_043.basePlot.vst,2016-07-05,vst_GUAN_2016,D04,GUAN,GUAN_043,NEON.PLA.D04.GUAN.00140,NA,13.1,130,6.7
174ac8e4-5ffb-456d-a76d-c9b3fd624379,GUAN_043.basePlot.vst,2016-07-05,vst_GUAN_2016,D04,GUAN,GUAN_043,NEON.PLA.D04.GUAN.00036,NA,15.5,190,6.9
2e55f49c-be3f-4c5e-9001-978821a9d614,GUAN_043.basePlot.vst,2016-07-05,vst_GUAN_2016,D04,GUAN,GUAN_043,NEON.PLA.D04.GUAN.00137,NA,10.5,130,4.3
545f58d5-065d-4c32-a15e-63fd0d372150,GUAN_043.basePlot.vst,2016-07-05,vst_GUAN_2016,D04,GUAN,GUAN_043,NEON.PLA.D04.GUAN.00051A,NA,17.5,130,5.5
98cb05e4-7a78-47ec-8de6-e97fdb59d95f,GUAN_043.basePlot.vst,2016-07-05,vst_GUAN_2016,D04,GUAN,GUAN_043,NEON.PLA.D04.GUAN.00049,NA,20.7,130,5.6
88511494-d414-4adf-ba0a-39e6fc2aec28,GUAN_043.basePlot.vst,2016-07-05,vst_GUAN_2016,D04,GUAN,GUAN_043,NEON.PLA.D04.GUAN.00145A,NA,11.9,130,5.5
d55854b4-efb4-4e5a-8ad8-9a213c032c37,GUAN_043.basePlot.vst,2016-07-05,vst_GUAN_2016,D04,GUAN,GUAN_043,NEON.PLA.D04.GUAN.00044,NA,17.7,130,5.0
fc471acf-d29a-40b2-a45b-974f785e46dc,GUAN_043.basePlot.vst,2016-07-05,vst_GUAN_2016,D04,GUAN,GUAN_043,NEON.PLA.D04.GUAN.00026,NA,21.3,140,6.4
3ffbe4b7-f027-4c65-9796-89c83d9ae8e1,GUAN_043.basePlot.vst,2016-07-05,vst_GUAN_2016,D04,GUAN,GUAN_043,NEON.PLA.D04.GUAN.00039,NA,17.7,130,5.4
9e0976f7-78c4-4296-bb7c-1e4d9825fffc,GUAN_043.basePlot.vst,2016-07-05,vst_GUAN_2016,D04,GUAN,GUAN_043,NEON.PLA.D04.GUAN.00138,NA,26.3,130,6.0
d4a83a72-5c86-4c0f-a7c9-45950d2ed823,GUAN_043.basePlot.vst,2016-07-05,vst_GUAN_2016,D04,GUAN,GUAN_043,NEON.PLA.D04.GUAN.00028,NA,13.0,130,7.0
7dd5d9e3-938c-4556-a672-b0992f9d97be,GUAN_043.basePlot.vst,2016-07-05,vst_GUAN_2016,D04,GUAN,GUAN_043,NEON.PLA.D04.GUAN.00051,NA,20.8,130,5.5
c04f323d-db8d-4ef0-b328-042ddc4b374d,GUAN_043.basePlot.vst,2016-07-05,vst_GUAN_2016,D04,GUAN,GUAN_043,NEON.PLA.D04.GUAN.00135,NA,15.3,130,4.6
16793da5-8aa1-48a1-bc74-114c90c00486,GUAN_043.basePlot.vst,2016-07-05,vst_GUAN_2016,D04,GUAN,GUAN_043,NEON.PLA.D04.GUAN.00145A,multi-bole tree,11.9,130,5.5
e87294ed-80c3-49a2-aeb0-8cebe4501455,GUAN_043.basePlot.vst,2016-07-05,vst_GUAN_2016,D04,GUAN,GUAN_043,NEON.PLA.D04.GUAN.00067,NA,NA,NA,NA
9b85bca4-516e-423c-9bbb-7851d117f49b,GUAN_043.basePlot.vst,2016-07-05,vst_GUAN_2016,D04,GUAN,GUAN_043,NEON.PLA.D04.GUAN.00026,single bole tree,21.3,140,6.4
4bccaae7-60da-4c77-9111-fd2b2eded588,GUAN_043.basePlot.vst,2016-07-06,vst_GUAN_2016,D04,GUAN,GUAN_043,NEON.PLA.D04.GUAN.05258,NA,10.9,130,4.1
c03fc7bf-2634-4883-ba33-2953fea8aa1d,GUAN_043.basePlot.vst,2016-07-06,vst_GUAN_2016,D04,GUAN,GUAN_043,NEON.PLA.D04.GUAN.00070,NA,16.6,130,4.8
523adc66-24b2-4f39-b20e-85a29b621500,GUAN_043.basePlot.vst,2016-07-06,vst_GUAN_2016,D04,GUAN,GUAN_043,NEON.PLA.D04.GUAN.00190,NA,12.0,130,6.0
744e8e68-f65e-42e1-b962-7db6d9a71588,GUAN_043.basePlot.vst,2016-07-06,vst_GUAN_2016,D04,GUAN,GUAN_043,NEON.PLA.D04.GUAN.00065B,NA,10.9,185,5.4
ac20ec98-5c32-4af7-9793-54bb6daae68a,GUAN_043.basePlot.vst,2016-07-06,vst_GUAN_2016,D04,GUAN,GUAN_043,NEON.PLA.D04.GUAN.00068,NA,12.5,130,4.8
14540ade-8d5c-4206-af6f-52718d774e65,GUAN_043.basePlot.vst,2016-07-06,vst_GUAN_2016,D04,GUAN,GUAN_043,NEON.PLA.D04.GUAN.00065,NA,17.2,130,5.4
2b939f02-0acc-4ea5-9911-653be69713c0,GUAN_043.basePlot.vst,2016-07-06,vst_GUAN_2016,D04,GUAN,GUAN_043,NEON.PLA.D04.GUAN.00128,NA,11.3,130,3.8
1b1b7cbc-853a-4f9e-aff2-d2c48d7fd99f,GUAN_043.basePlot.vst,2016-07-06,vst_GUAN_2016,D04,GUAN,GUAN_043,NEON.PLA.D04.GUAN.00133,NA,18.8,130,5.0
9f98a3a4-912c-4030-8f95-7b3e4f57e286,GUAN_043.basePlot.vst,2016-07-06,vst_GUAN_2016,D04,GUAN,GUAN_043,NEON.PLA.D04.GUAN.00025,NA,21.5,180,7.0
1e9dd674-99e9-4b48-b12e-1f46d91cd3fd,GUAN_043.basePlot.vst,2016-07-06,vst_GUAN_2016,D04,GUAN,GUAN_043,NEON.PLA.D04.GUAN.00065,multi-bole tree,17.2,130,5.4
73e97fdf-43ee-45f4-9730-11449d68b685,GUAN_043.basePlot.vst,2016-07-06,vst_GUAN_2016,D04,GUAN,GUAN_043,NEON.PLA.D04.GUAN.00133,single bole tree,18.8,130,5.0
44897c28-3499-40d4-896e-677fd2df12d5,GUAN_043.basePlot.vst,2016-07-06,vst_GUAN_2016,D04,GUAN,GUAN_043,NEON.PLA.D04.GUAN.00130,NA,NA,NA,NA
689a524a-6a8b-4e0a-9ec8-429c86573fb1,GUAN_043.basePlot.vst,2016-07-06,vst_GUAN_2016,D04,GUAN,GUAN_043,NEON.PLA.D04.GUAN.00065A,multi-bole tree,15.4,110,5.4
077fc413-54eb-4e9f-9c86-1e8360e0ad6a,GUAN_043.basePlot.vst,2016-07-06,vst_GUAN_2016,D04,GUAN,GUAN_043,NEON.PLA.D04.GUAN.00078,single bole tree,12.0,130,7.3
f9ec08a9-3f0e-416c-acb4-b8f18173761f,GUAN_043.basePlot.vst,2016-07-06,vst_GUAN_2016,D04,GUAN,GUAN_043,NEON.PLA.D04.GUAN.00068,single bole tree,12.5,130,4.8
0eb82b0a-ddaa-421c-9c3a-836a8379b9d7,GUAN_043.basePlot.vst,2016-07-06,vst_GUAN_2016,D04,GUAN,GUAN_043,NEON.PLA.D04.GUAN.00071,single bole tree,17.0,130,4.5
4bfa7b51-64cb-4547-a4a3-43a61d1833fd,GUAN_043.basePlot.vst,2016-07-06,vst_GUAN_2016,D04,GUAN,GUAN_043,NEON.PLA.D04.GUAN.00128,single bole tree,11.3,130,3.8
7ccf736c-c114-49bf-82cc-e97dad214379,GUAN_043.basePlot.vst,2016-07-06,vst_GUAN_2016,D04,GUAN,GUAN_043,NEON.PLA.D04.GUAN.00075,NA,NA,NA,NA
1597edcd-84d3-4789-adef-fa5e4fe932de,GUAN_043.basePlot.vst,2016-07-06,vst_GUAN_2016,D04,GUAN,GUAN_043,NEON.PLA.D04.GUAN.00190,single bole tree,12.0,130,6.0
a4b24814-dae6-470b-a14b-7ca7fb905c97,GUAN_043.basePlot.vst,2016-07-06,vst_GUAN_2016,D04,GUAN,GUAN_043,NEON.PLA.D04.GUAN.00129,single bole tree,13.4,130,4.8
cc7bb7ae-227f-454c-8656-8e27ef5d48cd,GUAN_043.basePlot.vst,2016-07-06,vst_GUAN_2016,D04,GUAN,GUAN_043,NEON.PLA.D04.GUAN.00048,single bole tree,12.0,130,5.5
13555b63-3af6-4e60-95b7-fc951b52ba95,GUAN_043.basePlot.vst,2016-07-06,vst_GUAN_2016,D04,GUAN,GUAN_043,NEON.PLA.D04.GUAN.00129,NA,13.4,130,4.8
c56fefc0-020e-4c93-a566-0758d2ee1d21,GUAN_043.basePlot.vst,2016-07-06,vst_GUAN_2016,D04,GUAN,GUAN_043,NEON.PLA.D04.GUAN.00071,NA,17.0,130,4.5
ed74d5fe-3c7b-4adc-b663-6a7140743f3c,GUAN_043.basePlot.vst,2016-07-06,vst_GUAN_2016,D04,GUAN,GUAN_043,NEON.PLA.D04.GUAN.00065A,NA,15.4,110,5.4
7bdcb012-c801-454c-9bd9-9689d57809a9,GUAN_043.basePlot.vst,2016-07-06,vst_GUAN_2016,D04,GUAN,GUAN_043,NEON.PLA.D04.GUAN.00073,NA,16.6,130,5.1
4f6d9c90-ea76-42fe-bb1c-6a36cbae21f5,GUAN_043.basePlot.vst,2016-07-06,vst_GUAN_2016,D04,GUAN,GUAN_043,NEON.PLA.D04.GUAN.00048,NA,12.0,130,5.5
4c40a858-2e8d-481c-a8c9-da65503fea17,GUAN_043.basePlot.vst,2016-07-06,vst_GUAN_2016,D04,GUAN,GUAN_043,NEON.PLA.D04.GUAN.00025A,NA,7.1,180,7.0
09aef75f-337e-4e87-b412-a989705df6bf,GUAN_043.basePlot.vst,2016-07-06,vst_GUAN_2016,D04,GUAN,GUAN_043,NEON.PLA.D04.GUAN.00078,NA,12.0,130,7.3
85eb23f1-0175-4a60-8f2f-4541fed6c037,GUAN_043.basePlot.vst,2016-07-06,vst_GUAN_2016,D04,GUAN,GUAN_043,NEON.PLA.D04.GUAN.00074,NA,12.7,130,5.4
86df5b61-2a70-4017-9a30-5e64f130fb2d,GUAN_043.basePlot.vst,2016-07-06,vst_GUAN_2016,D04,GUAN,GUAN_043,NEON.PLA.D04.GUAN.00077,NA,NA,NA,NA
13497067-5f12-46d1-a206-d594c1528ce3,GUAN_043.basePlot.vst,2016-07-06,vst_GUAN_2016,D04,GUAN,GUAN_043,NEON.PLA.D04.GUAN.00074,single bole tree,12.7,130,5.4
80f7fcd8-2554-4c57-ba1e-1f66850c4687,GUAN_043.basePlot.vst,2016-07-06,vst_GUAN_2016,D04,GUAN,GUAN_043,NEON.PLA.D04.GUAN.05258,single bole tree,10.9,130,4.1
815c2197-da01-49f7-8efc-64ae6ca5ff39,GUAN_043.basePlot.vst,2016-07-06,vst_GUAN_2016,D04,GUAN,GUAN_043,NEON.PLA.D04.GUAN.00073,single bole tree,16.6,130,5.1
0714b233-6b4c-44cc-a3c2-2a47028a1210,GUAN_043.basePlot.vst,2016-07-06,vst_GUAN_2016,D04,GUAN,GUAN_043,NEON.PLA.D04.GUAN.00132,NA,NA,NA,NA
d2de341e-7ea6-4850-947c-895d16cbc783,GUAN_043.basePlot.vst,2016-07-06,vst_GUAN_2016,D04,GUAN,GUAN_043,NEON.PLA.D04.GUAN.00025,multi-bole tree,21.5,180,7.0
4916646d-6dea-4d6b-958c-8867acfbc247,GUAN_043.basePlot.vst,2016-07-06,vst_GUAN_2016,D04,GUAN,GUAN_043,NEON.PLA.D04.GUAN.00069,NA,NA,NA,NA
4e1b29ea-4bb6-4806-9faa-a157efa39664,GUAN_043.basePlot.vst,2016-07-06,vst_GUAN_2016,D04,GUAN,GUAN_043,NEON.PLA.D04.GUAN.00076,NA,NA,NA,NA
ef82201f-5c44-4c3e-875d-902bee1a6674,GUAN_043.basePlot.vst,2016-07-06,vst_GUAN_2016,D04,GUAN,GUAN_043,NEON.PLA.D04.GUAN.00070,single bole tree,16.6,130,4.8
5bf374ba-9ba5-4a6a-9ad4-c98f75ebc9bf,GUAN_043.basePlot.vst,2016-07-06,vst_GUAN_2016,D04,GUAN,GUAN_043,NEON.PLA.D04.GUAN.00025A,multi-bole tree,7.1,180,7.0
4af2ccdd-7a54-424f-99c6-66c3e1919b90,GUAN_043.basePlot.vst,2016-07-06,vst_GUAN_2016,D04,GUAN,GUAN_043,NEON.PLA.D04.GUAN.00065B,multi-bole tree,10.9,185,5.4
c8ca469b-9cce-47e3-8684-6ae8b472e3ca,GUAN_055.basePlot.vst,2016-07-07,vst_GUAN_2016,D04,GUAN,GUAN_055,NEON.PLA.D04.GUAN.00648,single bole tree,12.0,130,3.2
65fcb05b-c618-4ee7-bd12-cc011d715e18,GUAN_055.basePlot.vst,2016-07-07,vst_GUAN_2016,D04,GUAN,GUAN_055,NEON.PLA.D04.GUAN.00661,multi-bole tree,10.5,150,5.6
86936130-d48f-4596-820f-5e3bb9c637a4,GUAN_055.basePlot.vst,2016-07-07,vst_GUAN_2016,D04,GUAN,GUAN_055,NEON.PLA.D04.GUAN.00657,single bole tree,10.5,130,6.4
f9e38d70-b241-4893-82dc-755c730bb5ac,GUAN_055.basePlot.vst,2016-07-07,vst_GUAN_2016,D04,GUAN,GUAN_055,NEON.PLA.D04.GUAN.00644,single bole tree,11.0,130,5.2
4ac7f6bc-fbbb-4792-b408-0b81a06bd403,GUAN_055.basePlot.vst,2016-07-07,vst_GUAN_2016,D04,GUAN,GUAN_055,NEON.PLA.D04.GUAN.00653,single bole tree,10.6,130,4.1
d68e706e-7f86-4920-83d4-a0b0625ca732,GUAN_055.basePlot.vst,2016-07-07,vst_GUAN_2016,D04,GUAN,GUAN_055,NEON.PLA.D04.GUAN.00652,single bole tree,11.5,130,4.9
3449c466-a23a-439c-84f2-6a5214146938,GUAN_055.basePlot.vst,2016-07-07,vst_GUAN_2016,D04,GUAN,GUAN_055,NEON.PLA.D04.GUAN.00660,single bole tree,25.0,130,5.6
1aaa26a6-1025-44d1-b8b2-23b87d11226e,GUAN_055.basePlot.vst,2016-07-07,vst_GUAN_2016,D04,GUAN,GUAN_055,NEON.PLA.D04.GUAN.00661B,multi-bole tree,7.5,130,5.6
4755e217-622c-4964-83fd-2752d0494b01,GUAN_055.basePlot.vst,2016-07-07,vst_GUAN_2016,D04,GUAN,GUAN_055,NEON.PLA.D04.GUAN.00643,NA,14.0,130,6.6
b0f521de-f1f7-4730-a2d3-314750d37979,GUAN_055.basePlot.vst,2016-07-07,vst_GUAN_2016,D04,GUAN,GUAN_055,NEON.PLA.D04.GUAN.00653,NA,10.6,130,4.1
92a6c954-fbc4-46a9-b63c-4307678fac1c,GUAN_055.basePlot.vst,2016-07-07,vst_GUAN_2016,D04,GUAN,GUAN_055,NEON.PLA.D04.GUAN.00643,single bole tree,14.0,130,6.6
ee63f52c-7c2d-4e3b-8be7-f16f83218fde,GUAN_055.basePlot.vst,2016-07-07,vst_GUAN_2016,D04,GUAN,GUAN_055,NEON.PLA.D04.GUAN.05257,single bole tree,12.0,130,6.4
c0039564-1313-4ca7-8735-50cd5800690b,GUAN_055.basePlot.vst,2016-07-07,vst_GUAN_2016,D04,GUAN,GUAN_055,NEON.PLA.D04.GUAN.00646,single bole tree,12.8,130,3.5
426b3797-9a3e-4c27-a644-4648664b3995,GUAN_055.basePlot.vst,2016-07-07,vst_GUAN_2016,D04,GUAN,GUAN_055,NEON.PLA.D04.GUAN.00648,NA,12.0,130,3.2
95110360-04f8-4b36-99d5-88090cacacdb,GUAN_055.basePlot.vst,2016-07-07,vst_GUAN_2016,D04,GUAN,GUAN_055,NEON.PLA.D04.GUAN.00644,NA,11.0,130,5.2
5d82b4ac-7806-447c-afa6-a266b732635c,GUAN_055.basePlot.vst,2016-07-07,vst_GUAN_2016,D04,GUAN,GUAN_055,NEON.PLA.D04.GUAN.00652,NA,11.5,130,4.9
1d9fb3f0-c9bf-462a-a537-1f29c64729cb,GUAN_055.basePlot.vst,2016-07-07,vst_GUAN_2016,D04,GUAN,GUAN_055,NEON.PLA.D04.GUAN.00642,NA,11.0,130,6.3
dbe1b826-3fad-4b8e-830b-8b2e58a4433d,GUAN_055.basePlot.vst,2016-07-07,vst_GUAN_2016,D04,GUAN,GUAN_055,NEON.PLA.D04.GUAN.00661,NA,10.5,150,5.6
dcea2e81-c4d7-423b-9b7b-b6e4870f5c25,GUAN_055.basePlot.vst,2016-07-07,vst_GUAN_2016,D04,GUAN,GUAN_055,NEON.PLA.D04.GUAN.00646,NA,12.8,130,3.5
204831d3-d756-4e0a-8cce-cfc5e8a19213,GUAN_055.basePlot.vst,2016-07-07,vst_GUAN_2016,D04,GUAN,GUAN_055,NEON.PLA.D04.GUAN.00660,NA,25.0,130,5.6
9b874f7a-1891-460a-8f6e-be22d4d0ff9b,GUAN_055.basePlot.vst,2016-07-07,vst_GUAN_2016,D04,GUAN,GUAN_055,NEON.PLA.D04.GUAN.00657,NA,10.5,130,6.4
0bc93186-04fe-4713-b636-5f1d913554c5,GUAN_055.basePlot.vst,2016-07-07,vst_GUAN_2016,D04,GUAN,GUAN_055,NEON.PLA.D04.GUAN.00645,single bole tree,23.5,130,5.8
d8d3231b-d037-4c51-b58b-9cba7169b250,GUAN_055.basePlot.vst,2016-07-07,vst_GUAN_2016,D04,GUAN,GUAN_055,NEON.PLA.D04.GUAN.00900,NA,NA,NA,NA
ce98692f-63d9-46b3-965b-76287ff5ca6d,GUAN_055.basePlot.vst,2016-07-07,vst_GUAN_2016,D04,GUAN,GUAN_055,NEON.PLA.D04.GUAN.00664,single bole tree,17.0,130,6.2
b55fcce4-770e-4883-ba75-cde6367d854c,GUAN_055.basePlot.vst,2016-07-07,vst_GUAN_2016,D04,GUAN,GUAN_055,NEON.PLA.D04.GUAN.00642,single bole tree,11.0,130,6.3
69538215-ec44-4c72-abe9-389a347018de,GUAN_055.basePlot.vst,2016-07-07,vst_GUAN_2016,D04,GUAN,GUAN_055,NEON.PLA.D04.GUAN.00647,NA,NA,NA,NA
6caf4b9d-9cef-4b6e-8940-22bf203364c7,GUAN_055.basePlot.vst,2016-07-07,vst_GUAN_2016,D04,GUAN,GUAN_055,NEON.PLA.D04.GUAN.00645,NA,23.5,130,5.8
9c96b99a-e50b-4bba-a417-7f979685f6f2,GUAN_055.basePlot.vst,2016-07-07,vst_GUAN_2016,D04,GUAN,GUAN_055,NEON.PLA.D04.GUAN.00661B,NA,7.5,130,5.6
c86ca4db-7528-472d-b89f-b69e4b92b6bf,GUAN_055.basePlot.vst,2016-07-07,vst_GUAN_2016,D04,GUAN,GUAN_055,NEON.PLA.D04.GUAN.05257,NA,12.0,130,6.4
3fc0edaa-e9e1-4faf-8807-253cf5d8b1cb,GUAN_055.basePlot.vst,2016-07-07,vst_GUAN_2016,D04,GUAN,GUAN_055,NEON.PLA.D04.GUAN.00664,NA,17.0,130,6.2
af33ceff-b3e3-4e22-a105-0cb3907a06a7,GUAN_055.basePlot.vst,2016-07-13,vst_GUAN_2016,D04,GUAN,GUAN_055,NEON.PLA.D04.GUAN.01049,NA,10.9,130,4.9
d5dd7fa6-4383-4f1c-8195-56aa1383c56c,GUAN_055.basePlot.vst,2016-07-13,vst_GUAN_2016,D04,GUAN,GUAN_055,NEON.PLA.D04.GUAN.01008A,NA,9.2,130,5.0
449f2f37-cf34-4aae-9ddb-69230eae89c7,GUAN_055.basePlot.vst,2016-07-13,vst_GUAN_2016,D04,GUAN,GUAN_055,NEON.PLA.D04.GUAN.01008,NA,11.6,130,5.0
8be7d2ed-d897-40cf-a581-5ec9fa1e192b,GUAN_055.basePlot.vst,2016-07-13,vst_GUAN_2016,D04,GUAN,GUAN_055,NEON.PLA.D04.GUAN.01003,NA,12.0,130,3.7
f87ac3ee-ad5c-4206-a6bb-ee0b3041eb15,GUAN_055.basePlot.vst,2016-07-13,vst_GUAN_2016,D04,GUAN,GUAN_055,NEON.PLA.D04.GUAN.01009,NA,17.4,130,5.4
5b8a0a1c-01a9-4a95-9ad1-bb23b2ef8f67,GUAN_055.basePlot.vst,2016-07-13,vst_GUAN_2016,D04,GUAN,GUAN_055,NEON.PLA.D04.GUAN.00633,NA,10.6,130,3.9
14a28ac2-dbd6-487c-b53b-1993eae0a0ae,GUAN_055.basePlot.vst,2016-07-13,vst_GUAN_2016,D04,GUAN,GUAN_055,NEON.PLA.D04.GUAN.01006,NA,11.5,130,5.2
a70d61cf-f515-4706-8f92-704ef0df3e3b,GUAN_055.basePlot.vst,2016-07-13,vst_GUAN_2016,D04,GUAN,GUAN_055,NEON.PLA.D04.GUAN.00650,NA,19.4,130,4.5
a47e1db4-7a08-47bc-acd4-d49cb01e9c9b,GUAN_055.basePlot.vst,2016-07-13,vst_GUAN_2016,D04,GUAN,GUAN_055,NEON.PLA.D04.GUAN.00655,single bole tree,14.3,130,5.2
da990ad4-b414-402d-8c5a-48e1c2817062,GUAN_055.basePlot.vst,2016-07-13,vst_GUAN_2016,D04,GUAN,GUAN_055,NEON.PLA.D04.GUAN.01002,NA,NA,NA,NA
a1790507-9cec-4f57-a843-2e669aeda2db,GUAN_055.basePlot.vst,2016-07-13,vst_GUAN_2016,D04,GUAN,GUAN_055,NEON.PLA.D04.GUAN.00631,single bole tree,10.4,130,6.0
0b41a194-9603-4b17-a2c4-6e09d94b6bb3,GUAN_055.basePlot.vst,2016-07-13,vst_GUAN_2016,D04,GUAN,GUAN_055,NEON.PLA.D04.GUAN.01007,single bole tree,19.4,130,7.0
36c17600-e43b-40ef-8052-5ba7836b402d,GUAN_055.basePlot.vst,2016-07-13,vst_GUAN_2016,D04,GUAN,GUAN_055,NEON.PLA.D04.GUAN.00650,single bole tree,19.4,130,4.5
5717f615-63d8-43e2-bb6b-a77004241809,GUAN_055.basePlot.vst,2016-07-13,vst_GUAN_2016,D04,GUAN,GUAN_055,NEON.PLA.D04.GUAN.00639,single bole tree,13.7,130,7.0
3c756246-cf65-43af-801f-891f7e747899,GUAN_055.basePlot.vst,2016-07-13,vst_GUAN_2016,D04,GUAN,GUAN_055,NEON.PLA.D04.GUAN.00662,NA,NA,NA,NA
55d29ebf-950d-49ee-90f8-499e38114c40,GUAN_055.basePlot.vst,2016-07-13,vst_GUAN_2016,D04,GUAN,GUAN_055,NEON.PLA.D04.GUAN.00634,single bole tree,14.0,130,5.1
728896ae-8392-4214-99f5-1d063c0831f7,GUAN_055.basePlot.vst,2016-07-13,vst_GUAN_2016,D04,GUAN,GUAN_055,NEON.PLA.D04.GUAN.01004,single bole tree,12.9,130,5.6
414dc762-d354-4fb8-968e-052dc324b6a5,GUAN_055.basePlot.vst,2016-07-13,vst_GUAN_2016,D04,GUAN,GUAN_055,NEON.PLA.D04.GUAN.01006,single bole tree,11.5,130,5.2
fab59a5b-32aa-429e-a1e2-46d6a963d9e0,GUAN_055.basePlot.vst,2016-07-13,vst_GUAN_2016,D04,GUAN,GUAN_055,NEON.PLA.D04.GUAN.01001,single bole tree,11.0,130,3.3
4406b159-8205-42a9-9231-62930ea0aac7,GUAN_055.basePlot.vst,2016-07-13,vst_GUAN_2016,D04,GUAN,GUAN_055,NEON.PLA.D04.GUAN.00651,single bole tree,11.8,130,5.5
7915a17c-b7e2-4a09-acbd-0254e668f351,GUAN_055.basePlot.vst,2016-07-13,vst_GUAN_2016,D04,GUAN,GUAN_055,NEON.PLA.D04.GUAN.01008,multi-bole tree,11.6,130,5.0
60fcf828-816b-42e5-952c-54ffb18dd99e,GUAN_055.basePlot.vst,2016-07-13,vst_GUAN_2016,D04,GUAN,GUAN_055,NEON.PLA.D04.GUAN.00649,single bole tree,17.2,130,6.2
cdbcd296-5e34-41ff-b649-42b3fe688e6d,GUAN_055.basePlot.vst,2016-07-13,vst_GUAN_2016,D04,GUAN,GUAN_055,NEON.PLA.D04.GUAN.01003,single bole tree,12.0,130,3.7
1f3784ea-a7e1-4f60-bd1b-4a80d1f1e655,GUAN_055.basePlot.vst,2016-07-13,vst_GUAN_2016,D04,GUAN,GUAN_055,NEON.PLA.D04.GUAN.00637,NA,10.4,140,5.6
40258674-0d36-43e4-a067-b89a99d0ecfa,GUAN_055.basePlot.vst,2016-07-13,vst_GUAN_2016,D04,GUAN,GUAN_055,NEON.PLA.D04.GUAN.00638,NA,12.3,140,4.5
666fc39e-c925-401e-84eb-b03a1a67a3ea,GUAN_055.basePlot.vst,2016-07-13,vst_GUAN_2016,D04,GUAN,GUAN_055,NEON.PLA.D04.GUAN.00658,NA,18.0,130,4.5
44b10ddc-15c1-4226-bd0b-04103319edde,GUAN_055.basePlot.vst,2016-07-13,vst_GUAN_2016,D04,GUAN,GUAN_055,NEON.PLA.D04.GUAN.00656,NA,12.7,130,4.3
5a7174ac-46db-4cbc-8f48-d74d8408bd0a,GUAN_055.basePlot.vst,2016-07-13,vst_GUAN_2016,D04,GUAN,GUAN_055,NEON.PLA.D04.GUAN.01001,NA,11.0,130,3.3
09799fd6-295a-4ab4-8fcb-440ef6c7a978,GUAN_055.basePlot.vst,2016-07-13,vst_GUAN_2016,D04,GUAN,GUAN_055,NEON.PLA.D04.GUAN.00649,NA,17.2,130,6.2
88b8b375-0a75-4745-b6e0-e3a31049d084,GUAN_055.basePlot.vst,2016-07-13,vst_GUAN_2016,D04,GUAN,GUAN_055,NEON.PLA.D04.GUAN.00634,NA,14.0,130,5.1
681928c9-d59b-4f05-a742-0ec6377f20d9,GUAN_055.basePlot.vst,2016-07-13,vst_GUAN_2016,D04,GUAN,GUAN_055,NEON.PLA.D04.GUAN.00639,NA,13.7,130,7.0
6bebaba0-c98c-44a1-be2d-22f63691b3e3,GUAN_055.basePlot.vst,2016-07-13,vst_GUAN_2016,D04,GUAN,GUAN_055,NEON.PLA.D04.GUAN.01004,NA,12.9,130,5.6
136ccb46-882f-4384-8ba3-0fa4b1d462ab,GUAN_055.basePlot.vst,2016-07-13,vst_GUAN_2016,D04,GUAN,GUAN_055,NEON.PLA.D04.GUAN.00631,NA,10.4,130,6.0
d1e51376-4c39-461b-a0df-5ed50b0a3489,GUAN_055.basePlot.vst,2016-07-13,vst_GUAN_2016,D04,GUAN,GUAN_055,NEON.PLA.D04.GUAN.00640,NA,10.3,130,6.1
818ee15b-7d84-42ae-a57f-7c544199b1ae,GUAN_055.basePlot.vst,2016-07-13,vst_GUAN_2016,D04,GUAN,GUAN_055,NEON.PLA.D04.GUAN.00636,NA,24.0,130,5.2
6d09189b-f2bf-461b-b672-2583fcc6aa11,GUAN_055.basePlot.vst,2016-07-13,vst_GUAN_2016,D04,GUAN,GUAN_055,NEON.PLA.D04.GUAN.00655,NA,14.3,130,5.2
0e06c2b3-ef1b-4401-9ae8-de5ee44c4678,GUAN_055.basePlot.vst,2016-07-13,vst_GUAN_2016,D04,GUAN,GUAN_055,NEON.PLA.D04.GUAN.00651,NA,11.8,130,5.5
7502b946-1fd0-4117-995f-6d18adfa993f,GUAN_055.basePlot.vst,2016-07-13,vst_GUAN_2016,D04,GUAN,GUAN_055,NEON.PLA.D04.GUAN.00641,NA,NA,NA,NA
e471c893-6d08-4d54-839e-2c88d1776662,GUAN_055.basePlot.vst,2016-07-13,vst_GUAN_2016,D04,GUAN,GUAN_055,NEON.PLA.D04.GUAN.00632,NA,NA,NA,NA
fe39e8ac-ae34-4bf2-b58b-d301915f4dd2,GUAN_055.basePlot.vst,2016-07-13,vst_GUAN_2016,D04,GUAN,GUAN_055,NEON.PLA.D04.GUAN.00637,single bole tree,10.4,140,5.6
82fdd6fa-ad4b-45df-b4e7-8aebc5083876,GUAN_055.basePlot.vst,2016-07-13,vst_GUAN_2016,D04,GUAN,GUAN_055,NEON.PLA.D04.GUAN.00656,single bole tree,12.7,130,4.3
831604e8-64c4-4b71-902d-a62fdb59c2b5,GUAN_055.basePlot.vst,2016-07-13,vst_GUAN_2016,D04,GUAN,GUAN_055,NEON.PLA.D04.GUAN.00636,single bole tree,24.0,130,5.2
7a85fb58-1dd1-4fb7-b4e0-9a6bc6e973ad,GUAN_055.basePlot.vst,2016-07-13,vst_GUAN_2016,D04,GUAN,GUAN_055,NEON.PLA.D04.GUAN.00635,NA,NA,NA,NA
b62bd8b1-c834-4477-a628-cb6b7b143fec,GUAN_055.basePlot.vst,2016-07-13,vst_GUAN_2016,D04,GUAN,GUAN_055,NEON.PLA.D04.GUAN.01049,single bole tree,10.9,130,4.9
2248a324-e32e-407a-afd9-dec0e6295054,GUAN_055.basePlot.vst,2016-07-13,vst_GUAN_2016,D04,GUAN,GUAN_055,NEON.PLA.D04.GUAN.01009,single bole tree,17.4,130,5.4
55c4e8bf-6c3c-4030-a5fa-ff7f31e49239,GUAN_055.basePlot.vst,2016-07-13,vst_GUAN_2016,D04,GUAN,GUAN_055,NEON.PLA.D04.GUAN.00640,single bole tree,10.3,130,6.1
ac7af7f2-9a66-481b-a9d3-1af116abd1c7,GUAN_055.basePlot.vst,2016-07-13,vst_GUAN_2016,D04,GUAN,GUAN_055,NEON.PLA.D04.GUAN.00633,single bole tree,10.6,130,3.9
13e21f50-9da4-41ce-b33b-799f78f79436,GUAN_055.basePlot.vst,2016-07-13,vst_GUAN_2016,D04,GUAN,GUAN_055,NEON.PLA.D04.GUAN.01008A,multi-bole tree,9.2,130,5.0
56fbc97d-4452-4bba-bfcf-64a85e6bf056,GUAN_055.basePlot.vst,2016-07-13,vst_GUAN_2016,D04,GUAN,GUAN_055,NEON.PLA.D04.GUAN.00654,NA,NA,NA,NA
d9a784dc-f364-4359-a0dd-2fdeddf8f63c,GUAN_055.basePlot.vst,2016-07-13,vst_GUAN_2016,D04,GUAN,GUAN_055,NEON.PLA.D04.GUAN.00638,single bole tree,12.3,140,4.5
497e82e7-ce1d-423d-8395-123b3946f864,GUAN_055.basePlot.vst,2016-07-13,vst_GUAN_2016,D04,GUAN,GUAN_055,NEON.PLA.D04.GUAN.00658,single bole tree,18.0,130,4.5
59d95222-974c-41b0-a7de-b20bd3f42eff,GUAN_055.basePlot.vst,2016-07-13,vst_GUAN_2016,D04,GUAN,GUAN_055,NEON.PLA.D04.GUAN.01007,NA,19.4,130,7.0
b47beb1c-cab2-494f-b055-34be9d2a004f,GUAN_055.basePlot.vst,2016-07-15,vst_GUAN_2016,D04,GUAN,GUAN_055,NEON.PLA.D04.GUAN.01041,single bole tree,10.3,130,4.3
a606158f-5e63-4c73-8c6e-63a399cbd675,GUAN_055.basePlot.vst,2016-07-15,vst_GUAN_2016,D04,GUAN,GUAN_055,NEON.PLA.D04.GUAN.01044,NA,26.9,130,7.5
0244f54d-a394-4dbf-9ad5-f8a26d52b86c,GUAN_055.basePlot.vst,2016-07-15,vst_GUAN_2016,D04,GUAN,GUAN_055,NEON.PLA.D04.GUAN.01046,single bole tree,16.3,130,5.0
977d2a7b-387a-44a7-95ed-5386f4711eff,GUAN_055.basePlot.vst,2016-07-15,vst_GUAN_2016,D04,GUAN,GUAN_055,NEON.PLA.D04.GUAN.01037,single bole tree,31.3,130,7.1
c822f032-3c17-44ac-938e-c53765e1b9a9,GUAN_055.basePlot.vst,2016-07-15,vst_GUAN_2016,D04,GUAN,GUAN_055,NEON.PLA.D04.GUAN.01036,single bole tree,24.5,130,7.6
d5104a9b-34dc-4d5d-9428-265c8ac7382c,GUAN_055.basePlot.vst,2016-07-15,vst_GUAN_2016,D04,GUAN,GUAN_055,NEON.PLA.D04.GUAN.01044,single bole tree,26.9,130,7.5
91397343-0587-4ba0-aefe-7947b57481f0,GUAN_055.basePlot.vst,2016-07-15,vst_GUAN_2016,D04,GUAN,GUAN_055,NEON.PLA.D04.GUAN.01039,NA,NA,NA,NA
19075fe0-d329-4c93-8ab4-e9803fdec88b,GUAN_055.basePlot.vst,2016-07-15,vst_GUAN_2016,D04,GUAN,GUAN_055,NEON.PLA.D04.GUAN.01051,single bole tree,11.1,130,5.3
2957a808-9647-44eb-a914-3075fb50b172,GUAN_055.basePlot.vst,2016-07-15,vst_GUAN_2016,D04,GUAN,GUAN_055,NEON.PLA.D04.GUAN.01042A,multi-bole tree,8.0,193,5.4
74431cad-5e5f-45b1-aeda-435c32b0ba52,GUAN_055.basePlot.vst,2016-07-15,vst_GUAN_2016,D04,GUAN,GUAN_055,NEON.PLA.D04.GUAN.01050,NA,NA,NA,NA
fa2edda2-48a8-4396-8a03-0b4359588ebd,GUAN_055.basePlot.vst,2016-07-15,vst_GUAN_2016,D04,GUAN,GUAN_055,NEON.PLA.D04.GUAN.01042,multi-bole tree,17.1,140,5.4
788ab612-dff8-42bd-8502-0a6f49c0087c,GUAN_055.basePlot.vst,2016-07-15,vst_GUAN_2016,D04,GUAN,GUAN_055,NEON.PLA.D04.GUAN.01047,single bole tree,12.0,130,4.8
b032d6e4-bfc9-4b77-b98a-77ea92a51d37,GUAN_055.basePlot.vst,2016-07-15,vst_GUAN_2016,D04,GUAN,GUAN_055,NEON.PLA.D04.GUAN.01045,single bole tree,13.3,130,4.8
dc874898-8fa7-4a93-89db-fad028f1869b,GUAN_055.basePlot.vst,2016-07-15,vst_GUAN_2016,D04,GUAN,GUAN_055,NEON.PLA.D04.GUAN.01038,single bole tree,13.6,130,6.6
3026598f-8787-456c-9347-ca19ab9c87b1,GUAN_055.basePlot.vst,2016-07-15,vst_GUAN_2016,D04,GUAN,GUAN_055,NEON.PLA.D04.GUAN.01040,single bole tree,14.4,130,5.1
b2c862f3-e823-493b-bb7e-c2d8d86b233b,GUAN_055.basePlot.vst,2016-07-15,vst_GUAN_2016,D04,GUAN,GUAN_055,NEON.PLA.D04.GUAN.01045,NA,13.3,130,4.8
fa58f339-85db-4bb8-bf45-a3acc8ce314c,GUAN_055.basePlot.vst,2016-07-15,vst_GUAN_2016,D04,GUAN,GUAN_055,NEON.PLA.D04.GUAN.01037,NA,31.3,130,7.1
92e30bc6-c493-4b30-86af-0c7f3336a704,GUAN_055.basePlot.vst,2016-07-15,vst_GUAN_2016,D04,GUAN,GUAN_055,NEON.PLA.D04.GUAN.01046,NA,16.3,130,5.0
c45a8614-fb20-4c37-b7c4-eb24c4687d87,GUAN_055.basePlot.vst,2016-07-15,vst_GUAN_2016,D04,GUAN,GUAN_055,NEON.PLA.D04.GUAN.01038,NA,13.6,130,6.6
6ba94c2e-dabe-4ef4-8694-0da8bff70601,GUAN_055.basePlot.vst,2016-07-15,vst_GUAN_2016,D04,GUAN,GUAN_055,NEON.PLA.D04.GUAN.01051,NA,11.1,130,5.3
0619db8b-e7e7-4468-abc8-56ff575f52e6,GUAN_055.basePlot.vst,2016-07-15,vst_GUAN_2016,D04,GUAN,GUAN_055,NEON.PLA.D04.GUAN.01041,NA,10.3,130,4.3
b1d740a7-d7ee-4a05-ad73-cc125de0b1c5,GUAN_055.basePlot.vst,2016-07-15,vst_GUAN_2016,D04,GUAN,GUAN_055,NEON.PLA.D04.GUAN.01042A,NA,8.0,193,5.4
47ed1316-ecbc-4fe8-ad80-1824d8e703d3,GUAN_055.basePlot.vst,2016-07-15,vst_GUAN_2016,D04,GUAN,GUAN_055,NEON.PLA.D04.GUAN.01042,NA,17.1,140,5.4
7fb28e03-134d-49bc-b80a-71c334560c6a,GUAN_055.basePlot.vst,2016-07-15,vst_GUAN_2016,D04,GUAN,GUAN_055,NEON.PLA.D04.GUAN.01040,NA,14.4,130,5.1
62530bb0-e10e-4036-b2e4-3e0b88efe69d,GUAN_055.basePlot.vst,2016-07-15,vst_GUAN_2016,D04,GUAN,GUAN_055,NEON.PLA.D04.GUAN.01047,NA,12.0,130,4.8
bb83a937-aade-4587-86aa-a9d466c12c47,GUAN_055.basePlot.vst,2016-07-15,vst_GUAN_2016,D04,GUAN,GUAN_055,NEON.PLA.D04.GUAN.01036,NA,24.5,130,7.6
ed693bcd-11b3-4e15-a915-1ac21016e2f8,GUAN_054.basePlot.vst,2016-07-18,vst_GUAN_2016,D04,GUAN,GUAN_054,NEON.PLA.D04.GUAN.00494A,NA,11.0,130,4.8
b12af6e7-e103-479b-bfce-357d0a03c81a,GUAN_054.basePlot.vst,2016-07-18,vst_GUAN_2016,D04,GUAN,GUAN_054,NEON.PLA.D04.GUAN.00494,multi-bole tree,16.9,130,4.8
9dc23e00-df5b-4798-8082-c19ae48af491,GUAN_054.basePlot.vst,2016-07-18,vst_GUAN_2016,D04,GUAN,GUAN_054,NEON.PLA.D04.GUAN.00494,NA,16.9,130,4.8
86febb6f-d17a-422f-8c07-34418c1a6ad3,GUAN_054.basePlot.vst,2016-07-18,vst_GUAN_2016,D04,GUAN,GUAN_054,NEON.PLA.D04.GUAN.00494A,multi-bole tree,11.0,130,4.8
0dc2188f-857d-4654-9994-60247b7591a0,GUAN_054.basePlot.vst,2016-07-18,vst_GUAN_2016,D04,GUAN,GUAN_054,NEON.PLA.D04.GUAN.00496,NA,NA,NA,NA
4cfc88c5-27b4-45a8-8c8f-0f818a29d652,GUAN_054.basePlot.vst,2016-07-19,vst_GUAN_2016,D04,GUAN,GUAN_054,NEON.PLA.D04.GUAN.00471,single bole tree,12.2,140,5.0
1edf5657-390d-4dee-87a2-097290a3071b,GUAN_054.basePlot.vst,2016-07-19,vst_GUAN_2016,D04,GUAN,GUAN_054,NEON.PLA.D04.GUAN.00475,NA,NA,NA,NA
7fce940c-2f11-446e-ab65-69fab1b43442,GUAN_054.basePlot.vst,2016-07-19,vst_GUAN_2016,D04,GUAN,GUAN_054,NEON.PLA.D04.GUAN.00484,single bole tree,12.8,130,4.9
c0836e4e-a6a6-478f-9b74-be6c97bbe59a,GUAN_054.basePlot.vst,2016-07-19,vst_GUAN_2016,D04,GUAN,GUAN_054,NEON.PLA.D04.GUAN.00492A,multi-bole tree,7.0,180,4.7
bf3af512-083b-4ab1-a4da-701c641f800c,GUAN_054.basePlot.vst,2016-07-19,vst_GUAN_2016,D04,GUAN,GUAN_054,NEON.PLA.D04.GUAN.00491,single bole tree,13.6,130,5.8
29286dc2-6204-4ed7-8e87-afa24e65b6bd,GUAN_054.basePlot.vst,2016-07-19,vst_GUAN_2016,D04,GUAN,GUAN_054,NEON.PLA.D04.GUAN.00472,single bole tree,10.6,130,5.8
b1b9f8bb-5d49-4616-92ca-6a8e51f8bc32,GUAN_054.basePlot.vst,2016-07-19,vst_GUAN_2016,D04,GUAN,GUAN_054,NEON.PLA.D04.GUAN.00469A,NA,10.4,130,4.8
8950aafa-630e-4715-8780-e7376d38ca2d,GUAN_054.basePlot.vst,2016-07-19,vst_GUAN_2016,D04,GUAN,GUAN_054,NEON.PLA.D04.GUAN.00481,NA,10.1,163,6.4
5a022989-2347-4509-9791-33eb9d8a386e,GUAN_054.basePlot.vst,2016-07-19,vst_GUAN_2016,D04,GUAN,GUAN_054,NEON.PLA.D04.GUAN.00469,NA,15.3,130,4.8
48b4727d-aab9-48ce-b8c9-c2de97f20ac2,GUAN_054.basePlot.vst,2016-07-19,vst_GUAN_2016,D04,GUAN,GUAN_054,NEON.PLA.D04.GUAN.00485,NA,11.9,130,5.2
7b2238ee-2228-4dd8-af75-7c0d5447ae93,GUAN_054.basePlot.vst,2016-07-19,vst_GUAN_2016,D04,GUAN,GUAN_054,NEON.PLA.D04.GUAN.00469B,NA,10.1,130,4.8
3d257a18-bb12-4b9d-b4ff-58629ced85f0,GUAN_054.basePlot.vst,2016-07-19,vst_GUAN_2016,D04,GUAN,GUAN_054,NEON.PLA.D04.GUAN.00492,NA,12.2,180,4.7
09744eed-6d6a-405c-86ff-8b2fec99068e,GUAN_054.basePlot.vst,2016-07-19,vst_GUAN_2016,D04,GUAN,GUAN_054,NEON.PLA.D04.GUAN.00495A,NA,7.4,130,4.8
6907dd8b-f390-4c6f-89ad-8d46fa1d7957,GUAN_054.basePlot.vst,2016-07-19,vst_GUAN_2016,D04,GUAN,GUAN_054,NEON.PLA.D04.GUAN.00488,NA,10.4,130,4.8
36b2012b-8335-4556-b4f0-3a8183d06253,GUAN_054.basePlot.vst,2016-07-19,vst_GUAN_2016,D04,GUAN,GUAN_054,NEON.PLA.D04.GUAN.00472,NA,10.6,130,5.8
a20d0355-453a-4d54-b905-0a58923b81fa,GUAN_054.basePlot.vst,2016-07-19,vst_GUAN_2016,D04,GUAN,GUAN_054,NEON.PLA.D04.GUAN.00483,NA,10.0,130,5.0
97aa0850-decd-4925-9358-1e9b504111e2,GUAN_054.basePlot.vst,2016-07-19,vst_GUAN_2016,D04,GUAN,GUAN_054,NEON.PLA.D04.GUAN.05256A,NA,7.9,130,5.2
2605bf65-66cf-4c9f-b634-62d613abff65,GUAN_054.basePlot.vst,2016-07-19,vst_GUAN_2016,D04,GUAN,GUAN_054,NEON.PLA.D04.GUAN.00486,NA,10.0,130,5.0
bec74873-b3cf-4ea0-9707-f65695cec143,GUAN_054.basePlot.vst,2016-07-19,vst_GUAN_2016,D04,GUAN,GUAN_054,NEON.PLA.D04.GUAN.00485,single bole tree,11.9,130,5.2
dd069857-f715-4238-8e01-2474b73a1f96,GUAN_054.basePlot.vst,2016-07-19,vst_GUAN_2016,D04,GUAN,GUAN_054,NEON.PLA.D04.GUAN.00476,NA,NA,NA,NA
3efe59c5-88fb-4314-bfbd-00acd690f3d8,GUAN_054.basePlot.vst,2016-07-19,vst_GUAN_2016,D04,GUAN,GUAN_054,NEON.PLA.D04.GUAN.00483,single bole tree,10.0,130,5.0
6aab9b42-242d-406a-b872-8fb5ea0d3a7c,GUAN_054.basePlot.vst,2016-07-19,vst_GUAN_2016,D04,GUAN,GUAN_054,NEON.PLA.D04.GUAN.00469C,multi-bole tree,5.7,130,4.8
75f9764d-124a-45e0-9639-6cbc09e2ec05,GUAN_054.basePlot.vst,2016-07-19,vst_GUAN_2016,D04,GUAN,GUAN_054,NEON.PLA.D04.GUAN.00482,single bole tree,12.7,140,4.8
e5aafce6-0e68-44f9-9243-563f8f34928c,GUAN_054.basePlot.vst,2016-07-19,vst_GUAN_2016,D04,GUAN,GUAN_054,NEON.PLA.D04.GUAN.00487,NA,NA,NA,NA
bad3a609-6bf3-45a0-8df7-d9f51b9d4ded,GUAN_054.basePlot.vst,2016-07-19,vst_GUAN_2016,D04,GUAN,GUAN_054,NEON.PLA.D04.GUAN.05256A,multi-bole tree,7.9,130,5.2
14d9c967-68ad-420e-8f80-be0506b1c5d8,GUAN_054.basePlot.vst,2016-07-19,vst_GUAN_2016,D04,GUAN,GUAN_054,NEON.PLA.D04.GUAN.00470,NA,NA,NA,NA
d2e0d774-935b-4139-acfb-e28f9a1da30e,GUAN_054.basePlot.vst,2016-07-19,vst_GUAN_2016,D04,GUAN,GUAN_054,NEON.PLA.D04.GUAN.05256B,multi-bole tree,5.8,130,5.2
ebe7a2d0-d385-4c5b-b78c-cfb6035f7db2,GUAN_054.basePlot.vst,2016-07-19,vst_GUAN_2016,D04,GUAN,GUAN_054,NEON.PLA.D04.GUAN.00469A,multi-bole tree,10.4,130,4.8
b99c4e89-e534-4069-ae37-8b7e2315babb,GUAN_054.basePlot.vst,2016-07-19,vst_GUAN_2016,D04,GUAN,GUAN_054,NEON.PLA.D04.GUAN.00495A,multi-bole tree,7.4,130,4.8
5dacbb4b-4874-448f-beee-3c832ca81c6e,GUAN_054.basePlot.vst,2016-07-19,vst_GUAN_2016,D04,GUAN,GUAN_054,NEON.PLA.D04.GUAN.00471,NA,12.2,140,5.0
70a9cd89-2507-4bbb-ae9e-7f071475cffb,GUAN_054.basePlot.vst,2016-07-19,vst_GUAN_2016,D04,GUAN,GUAN_054,NEON.PLA.D04.GUAN.05256,NA,12.0,130,5.2
488ae54c-af15-4d36-b3b8-8bf904c8cad9,GUAN_054.basePlot.vst,2016-07-19,vst_GUAN_2016,D04,GUAN,GUAN_054,NEON.PLA.D04.GUAN.00484,NA,12.8,130,4.9
0ac9dbcd-ed3e-4343-ad61-66b131e12449,GUAN_054.basePlot.vst,2016-07-19,vst_GUAN_2016,D04,GUAN,GUAN_054,NEON.PLA.D04.GUAN.00469,multi-bole tree,15.3,130,4.8
da3dab31-8acd-44e0-8c15-2d6b4a395d38,GUAN_054.basePlot.vst,2016-07-19,vst_GUAN_2016,D04,GUAN,GUAN_054,NEON.PLA.D04.GUAN.00469B,multi-bole tree,10.1,130,4.8
d83e5843-d3a3-48d5-990e-ed77fd4ea763,GUAN_054.basePlot.vst,2016-07-19,vst_GUAN_2016,D04,GUAN,GUAN_054,NEON.PLA.D04.GUAN.00486,single bole tree,10.0,130,5.0
f379783d-a039-4eff-9fdb-6a452ac69500,GUAN_054.basePlot.vst,2016-07-19,vst_GUAN_2016,D04,GUAN,GUAN_054,NEON.PLA.D04.GUAN.00492,multi-bole tree,12.2,180,4.7
e156788b-ea13-4d30-8e28-10b1c4676c7a,GUAN_054.basePlot.vst,2016-07-19,vst_GUAN_2016,D04,GUAN,GUAN_054,NEON.PLA.D04.GUAN.05256B,NA,5.8,130,5.2
cd464f50-843a-4e42-ac05-873955168346,GUAN_054.basePlot.vst,2016-07-19,vst_GUAN_2016,D04,GUAN,GUAN_054,NEON.PLA.D04.GUAN.00481A,NA,9.6,163,6.4
288ff0aa-47ae-4a3e-b5d9-dda5846e5a56,GUAN_054.basePlot.vst,2016-07-19,vst_GUAN_2016,D04,GUAN,GUAN_054,NEON.PLA.D04.GUAN.00493,NA,11.9,130,3.0
48f1fe3f-78d5-4144-b90f-057b10257019,GUAN_054.basePlot.vst,2016-07-19,vst_GUAN_2016,D04,GUAN,GUAN_054,NEON.PLA.D04.GUAN.00469D,NA,5.5,130,4.8
6bb468c8-2791-4f2c-a1f2-3e27cbd6152b,GUAN_054.basePlot.vst,2016-07-19,vst_GUAN_2016,D04,GUAN,GUAN_054,NEON.PLA.D04.GUAN.00482,NA,12.7,140,4.8
2daf8930-f88a-4406-bd44-4b148dfade25,GUAN_054.basePlot.vst,2016-07-19,vst_GUAN_2016,D04,GUAN,GUAN_054,NEON.PLA.D04.GUAN.00492A,NA,7.0,180,4.7
9ae727c3-0859-42a1-a88a-43aef42d96fc,GUAN_054.basePlot.vst,2016-07-19,vst_GUAN_2016,D04,GUAN,GUAN_054,NEON.PLA.D04.GUAN.00495,NA,11.7,130,4.8
6b426a71-92d1-4193-bfd5-8410509f187e,GUAN_054.basePlot.vst,2016-07-19,vst_GUAN_2016,D04,GUAN,GUAN_054,NEON.PLA.D04.GUAN.00491,NA,13.6,130,5.8
69812463-63bc-4ecf-8a0f-b674ede73a4b,GUAN_054.basePlot.vst,2016-07-19,vst_GUAN_2016,D04,GUAN,GUAN_054,NEON.PLA.D04.GUAN.00481,multi-bole tree,10.1,163,6.4
ee4303a9-bc18-4be6-a128-b8fda0807a46,GUAN_054.basePlot.vst,2016-07-19,vst_GUAN_2016,D04,GUAN,GUAN_054,NEON.PLA.D04.GUAN.00477,NA,NA,NA,NA
bdf7e1c5-9212-4dc4-ba2b-2aa341c504e7,GUAN_054.basePlot.vst,2016-07-19,vst_GUAN_2016,D04,GUAN,GUAN_054,NEON.PLA.D04.GUAN.00478,NA,NA,NA,NA
24986f37-ce3e-43f3-8a02-35018a5a80ee,GUAN_054.basePlot.vst,2016-07-19,vst_GUAN_2016,D04,GUAN,GUAN_054,NEON.PLA.D04.GUAN.00469D,multi-bole tree,5.5,130,4.8
27320ce0-2abf-4499-8de1-d1675cd8fde5,GUAN_054.basePlot.vst,2016-07-19,vst_GUAN_2016,D04,GUAN,GUAN_054,NEON.PLA.D04.GUAN.00495,multi-bole tree,11.7,130,4.8
c72d7d11-9b5d-4171-9e5b-bc451219c509,GUAN_054.basePlot.vst,2016-07-19,vst_GUAN_2016,D04,GUAN,GUAN_054,NEON.PLA.D04.GUAN.00469C,NA,5.7,130,4.8
197f53f2-f4c7-4c42-9e56-55e5f453ee97,GUAN_054.basePlot.vst,2016-07-19,vst_GUAN_2016,D04,GUAN,GUAN_054,NEON.PLA.D04.GUAN.00489,NA,NA,NA,NA
553ffaf7-05ee-41e5-bfa9-f8858a452939,GUAN_054.basePlot.vst,2016-07-19,vst_GUAN_2016,D04,GUAN,GUAN_054,NEON.PLA.D04.GUAN.00493,single bole tree,11.9,130,3.0
000489d9-f038-4a24-9aa1-79df29cbc571,GUAN_054.basePlot.vst,2016-07-19,vst_GUAN_2016,D04,GUAN,GUAN_054,NEON.PLA.D04.GUAN.00481A,multi-bole tree,9.6,163,6.4
47ac8740-9f34-45c4-b976-d488331881a5,GUAN_054.basePlot.vst,2016-07-19,vst_GUAN_2016,D04,GUAN,GUAN_054,NEON.PLA.D04.GUAN.00473,NA,NA,NA,NA
c4d9826a-e848-44f2-901d-aae742a3cb69,GUAN_054.basePlot.vst,2016-07-19,vst_GUAN_2016,D04,GUAN,GUAN_054,NEON.PLA.D04.GUAN.05256,multi-bole tree,12.0,130,5.2
433a9593-c96e-433b-b4e5-a50f6fd3ca50,GUAN_054.basePlot.vst,2016-07-19,vst_GUAN_2016,D04,GUAN,GUAN_054,NEON.PLA.D04.GUAN.00488,single bole tree,10.4,130,4.8
