uid,namedLocation,date,eventID,domainID,siteID,plotID,individualID,growthForm,stemDiameter,measurementHeight,height
cf43b3d6-784a-47b2-8205-b798d60276f2,GUAN_058.basePlot.vst,2016-08-01,vst_GUAN_2016,D04,GUAN,GUAN_058,NEON.PLA.D04.GUAN.00687,multi-bole tree,14.6,170,8.5
2d416e0c-ad1f-448c-9835-3b4e9a36654f,GUAN_058.basePlot.vst,2016-08-01,vst_GUAN_2016,D04,GUAN,GUAN_058,NEON.PLA.D04.GUAN.00693,NA,11.3,130,4.4
6205574f-14ca-4972-b892-e886dcbf1d43,GUAN_058.basePlot.vst,2016-08-01,vst_GUAN_2016,D04,GUAN,GUAN_058,NEON.PLA.D04.GUAN.01053A,multi-bole tree,13.0,130,5.7
5e2e89a7-c3ff-46bb-8a8c-f8badc2549f8,GUAN_058.basePlot.vst,2016-08-01,vst_GUAN_2016,D04,GUAN,GUAN_058,NEON.PLA.D04.GUAN.01089,single bole tree,18.5,130,5.4
f451590f-2a63-43c2-bcc9-345ebae4365e,GUAN_058.basePlot.vst,2016-08-01,vst_GUAN_2016,D04,GUAN,GUAN_058,NEON.PLA.D04.GUAN.00999,multi-bole tree,15.8,150,5.7
ba280693-61fa-4830-8e68-0d0781be5256,GUAN_058.basePlot.vst,2016-08-01,vst_GUAN_2016,D04,GUAN,GUAN_058,NEON.PLA.D04.GUAN.00996,single bole tree,28.3,130,10.8
d7dccedc-59ff-4c70-9680-1d71db55cc59,GUAN_058.basePlot.vst,2016-08-01,vst_GUAN_2016,D04,GUAN,GUAN_058,NEON.PLA.D04.GUAN.00691,single bole tree,12.5,130,4.4
3c50677a-96c1-45b0-9a86-8357e6c5b3f7,GUAN_058.basePlot.vst,2016-08-01,vst_GUAN_2016,D04,GUAN,GUAN_058,NEON.PLA.D04.GUAN.01061,single bole tree,11.0,150,6.1
56ea2048-52fa-4524-b185-ed930bfdabe1,GUAN_058.basePlot.vst,2016-08-01,vst_GUAN_2016,D04,GUAN,GUAN_058,NEON.PLA.D04.GUAN.01082,single bole tree,10.9,130,6.6
63036253-47cb-4a39-aac7-5f71b42c5afe,GUAN_058.basePlot.vst,2016-08-01,vst_GUAN_2016,D04,GUAN,GUAN_058,NEON.PLA.D04.GUAN.01054,single bole tree,11.0,160,4.4
fc913013-f051-41de-91f7-d1df3f3d013c,GUAN_058.basePlot.vst,2016-08-01,vst_GUAN_2016,D04,GUAN,GUAN_058,NEON.PLA.D04.GUAN.01095,NA,NA,NA,NA
517e7db3-6900-4361-9aad-2f214cd18dfd,GUAN_058.basePlot.vst,2016-08-01,vst_GUAN_2016,D04,GUAN,GUAN_058,NEON.PLA.D04.GUAN.01097,single bole tree,18.0,130,4.2
87f0214e-a670-4cb6-9c0c-ba7c880d3c57,GUAN_058.basePlot.vst,2016-08-01,vst_GUAN_2016,D04,GUAN,GUAN_058,NEON.PLA.D04.GUAN.01075,single bole tree,25.8,130,8.8
4e2921bc-49fe-4c57-ab1b-da53d0521e35,GUAN_058.basePlot.vst,2016-08-01,vst_GUAN_2016,D04,GUAN,GUAN_058,NEON.PLA.D04.GUAN.01068,single bole tree,11.0,130,6.5
f69e736b-104d-47af-8532-f6c8bbd88d6c,GUAN_058.basePlot.vst,2016-08-01,vst_GUAN_2016,D04,GUAN,GUAN_058,NEON.PLA.D04.GUAN.01079,multi-bole tree,21.0,130,8.0
fe157dcf-b81f-4239-9b97-b3000b3fff0d,GUAN_058.basePlot.vst,2016-08-01,vst_GUAN_2016,D04,GUAN,GUAN_058,NEON.PLA.D04.GUAN.01083,NA,NA,NA,NA
4c42438a-03e0-4e46-b925-690996d68ebc,GUAN_058.basePlot.vst,2016-08-01,vst_GUAN_2016,D04,GUAN,GUAN_058,NEON.PLA.D04.GUAN.01093,single bole tree,11.5,130,8.5
56c0049a-9544-4ed1-8c4d-a5cdb2f703e9,GUAN_058.basePlot.vst,2016-08-01,vst_GUAN_2016,D04,GUAN,GUAN_058,NEON.PLA.D04.GUAN.01065,single bole tree,11.1,130,4.0
3f9a8907-2410-4db3-958d-0e47c6212cd3,GUAN_058.basePlot.vst,2016-08-01,vst_GUAN_2016,D04,GUAN,GUAN_058,NEON.PLA.D04.GUAN.00688,single bole tree,12.0,130,6.3
49a3c528-55dc-44ae-ae81-ea79a1d79d15,GUAN_058.basePlot.vst,2016-08-01,vst_GUAN_2016,D04,GUAN,GUAN_058,NEON.PLA.D04.GUAN.01070,single bole tree,13.4,130,6.5
f03f10eb-3495-4ec8-9e44-fee3c9532ff9,GUAN_058.basePlot.vst,2016-08-01,vst_GUAN_2016,D04,GUAN,GUAN_058,NEON.PLA.D04.GUAN.01091,single bole tree,17.4,130,7.2
8b643746-6c8b-4b9f-942a-a7536910c65e,GUAN_058.basePlot.vst,2016-08-01,vst_GUAN_2016,D04,GUAN,GUAN_058,NEON.PLA.D04.GUAN.01090,single bole tree,23.9,130,5.7
fe7d8c10-10ee-410d-8744-5af1cf48f6e1,GUAN_058.basePlot.vst,2016-08-01,vst_GUAN_2016,D04,GUAN,GUAN_058,NEON.PLA.D04.GUAN.00995,single bole tree,23.5,130,7.5
87fdb7fe-9954-443d-bd36-a4f68b37fe95,GUAN_058.basePlot.vst,2016-08-01,vst_GUAN_2016,D04,GUAN,GUAN_058,NEON.PLA.D04.GUAN.00690,NA,NA,NA,NA
0e2b2987-7925-472f-a9cc-a9cfa37c371d,GUAN_058.basePlot.vst,2016-08-01,vst_GUAN_2016,D04,GUAN,GUAN_058,NEON.PLA.D04.GUAN.01052,single bole tree,10.3,130,5.6
d67654e2-9b7d-4c1e-b595-e8b77cd6f67a,GUAN_058.basePlot.vst,2016-08-01,vst_GUAN_2016,D04,GUAN,GUAN_058,NEON.PLA.D04.GUAN.01069,single bole tree,13.0,130,4.8
9a1879eb-b29d-4335-b708-60dead8891b2,GUAN_058.basePlot.vst,2016-08-01,vst_GUAN_2016,D04,GUAN,GUAN_058,NEON.PLA.D04.GUAN.01092,single bole tree,21.5,130,5.5
a48e4b15-534e-41b8-8b4f-5455783e5720,GUAN_058.basePlot.vst,2016-08-01,vst_GUAN_2016,D04,GUAN,GUAN_058,NEON.PLA.D04.GUAN.01072,single bole tree,11.9,130,6.9
a33b0800-d1d7-4789-98ec-a7fcc80ce378,GUAN_058.basePlot.vst,2016-08-01,vst_GUAN_2016,D04,GUAN,GUAN_058,NEON.PLA.D04.GUAN.08496,single bole tree,11.4,130,4.3
de11dbec-7209-4cc8-bd4f-c7b93204f87c,GUAN_058.basePlot.vst,2016-08-01,vst_GUAN_2016,D04,GUAN,GUAN_058,NEON.PLA.D04.GUAN.01079A,multi-bole tree,16.0,130,8.0
2d7717fb-7a9a-428c-a4e4-7f45d8e1801a,GUAN_058.basePlot.vst,2016-08-01,vst_GUAN_2016,D04,GUAN,GUAN_058,NEON.PLA.D04.GUAN.01067,single bole tree,10.1,130,3.7
95d3d2b6-05e2-4e2f-8690-6e05bf449d02,GUAN_058.basePlot.vst,2016-08-01,vst_GUAN_2016,D04,GUAN,GUAN_058,NEON.PLA.D04.GUAN.00692,single bole tree,12.5,130,4.5
29dd342a-06cb-44d2-8bc6-9df7431d1c4b,GUAN_058.basePlot.vst,2016-08-01,vst_GUAN_2016,D04,GUAN,GUAN_058,NEON.PLA.D04.GUAN.01074,single bole tree,13.5,130,5.8
e71de279-b7f6-4864-83b6-9812b49185c0,GUAN_058.basePlot.vst,2016-08-01,vst_GUAN_2016,D04,GUAN,GUAN_058,NEON.PLA.D04.GUAN.01055,single bole tree,19.3,130,5.8
a6ab8044-ed4d-4fe3-b2f0-d92ed84665dd,GUAN_058.basePlot.vst,2016-08-01,vst_GUAN_2016,D04,GUAN,GUAN_058,NEON.PLA.D04.GUAN.00997,NA,NA,NA,NA
3a282037-ce8e-4807-8de9-e4c5e6416039,GUAN_058.basePlot.vst,2016-08-01,vst_GUAN_2016,D04,GUAN,GUAN_058,NEON.PLA.D04.GUAN.01059,single bole tree,21.1,130,5.8
3c081b1e-349e-4522-9510-08f4f13d4fc7,GUAN_058.basePlot.vst,2016-08-01,vst_GUAN_2016,D04,GUAN,GUAN_058,NEON.PLA.D04.GUAN.01000,single bole tree,16.5,130,8.5
a67e784a-e237-492e-a9fb-b17b3c36e916,GUAN_058.basePlot.vst,2016-08-01,vst_GUAN_2016,D04,GUAN,GUAN_058,NEON.PLA.D04.GUAN.00689,NA,NA,NA,NA
e3f4634e-317d-4de8-ad66-31e6f546047b,GUAN_058.basePlot.vst,2016-08-01,vst_GUAN_2016,D04,GUAN,GUAN_058,NEON.PLA.D04.GUAN.05242,single bole tree,10.0,130,6.8
bea1cd0f-b899-4268-bf8a-a6ce27ea6f6d,GUAN_058.basePlot.vst,2016-08-01,vst_GUAN_2016,D04,GUAN,GUAN_058,NEON.PLA.D04.GUAN.00999A,multi-bole tree,12.7,130,5.7
de7f9406-8916-4429-b28c-34f30e1ed2f1,GUAN_058.basePlot.vst,2016-08-01,vst_GUAN_2016,D04,GUAN,GUAN_058,NEON.PLA.D04.GUAN.01086,single bole tree,14.8,130,7.4
0a89499c-b108-4fdb-86df-4d06c67d86cf,GUAN_058.basePlot.vst,2016-08-01,vst_GUAN_2016,D04,GUAN,GUAN_058,NEON.PLA.D04.GUAN.01060,single bole tree,13.7,130,7.0
941bf456-d900-4459-95d6-dfd8c08107d7,GUAN_058.basePlot.vst,2016-08-01,vst_GUAN_2016,D04,GUAN,GUAN_058,NEON.PLA.D04.GUAN.01099,single bole tree,20.0,130,4.3
56a2ea6f-c1a5-4ef3-a8f9-4773f87310e2,GUAN_058.basePlot.vst,2016-08-01,vst_GUAN_2016,D04,GUAN,GUAN_058,NEON.PLA.D04.GUAN.01056,NA,NA,NA,NA
2eae18e0-05dc-4b58-ad20-a8d53a14224c,GUAN_058.basePlot.vst,2016-08-01,vst_GUAN_2016,D04,GUAN,GUAN_058,NEON.PLA.D04.GUAN.01071,single bole tree,22.4,130,9.8
d36d7dce-4acf-4389-99c8-6c506b02e33b,GUAN_058.basePlot.vst,2016-08-01,vst_GUAN_2016,D04,GUAN,GUAN_058,NEON.PLA.D04.GUAN.01073,NA,NA,NA,NA
6b56a585-2897-4681-94c5-1ccd697fc3b9,GUAN_058.basePlot.vst,2016-08-01,vst_GUAN_2016,D04,GUAN,GUAN_058,NEON.PLA.D04.GUAN.01064,single bole tree,12.3,140,5.9
4d7266b9-6de6-4195-adf5-38e9193ffeac,GUAN_058.basePlot.vst,2016-08-01,vst_GUAN_2016,D04,GUAN,GUAN_058,NEON.PLA.D04.GUAN.01058,single bole tree,12.9,130,7.7
2c939d33-11cb-4d4e-928b-93e46a589843,GUAN_058.basePlot.vst,2016-08-01,vst_GUAN_2016,D04,GUAN,GUAN_058,NEON.PLA.D04.GUAN.01062,single bole tree,27.0,130,4.7
5c8b51d2-5777-449b-b536-f7fd81beadcf,GUAN_058.basePlot.vst,2016-08-01,vst_GUAN_2016,D04,GUAN,GUAN_058,NEON.PLA.D04.GUAN.00687A,multi-bole tree,10.0,170,8.5
4306feb0-7298-4723-b635-89324e060766,GUAN_058.basePlot.vst,2016-08-01,vst_GUAN_2016,D04,GUAN,GUAN_058,NEON.PLA.D04.GUAN.01098,NA,NA,NA,NA
ab67fd0b-5d6c-4105-b9db-f7397676fed8,GUAN_058.basePlot.vst,2016-08-01,vst_GUAN_2016,D04,GUAN,GUAN_058,NEON.PLA.D04.GUAN.01077,single bole tree,21.2,130,9.9
0beca0d1-e0ab-49e7-99ff-270b5d4b34e1,GUAN_058.basePlot.vst,2016-08-01,vst_GUAN_2016,D04,GUAN,GUAN_058,NEON.PLA.D04.GUAN.01084,single bole tree,11.3,130,7.4
4d956a4e-7308-42e4-9494-b66759ba09a3,GUAN_058.basePlot.vst,2016-08-01,vst_GUAN_2016,D04,GUAN,GUAN_058,NEON.PLA.D04.GUAN.01088,single bole tree,10.3,130,6.9
8a975e22-95a9-47e8-9d15-cec7fb2244d9,GUAN_058.basePlot.vst,2016-08-01,vst_GUAN_2016,D04,GUAN,GUAN_058,NEON.PLA.D04.GUAN.00693,single bole tree,11.3,130,4.4
fdeb9f96-0349-4731-9e6a-d1936cebc947,GUAN_058.basePlot.vst,2016-08-01,vst_GUAN_2016,D04,GUAN,GUAN_058,NEON.PLA.D04.GUAN.01080,single bole tree,11.0,130,7.3
8fc37196-3d68-49d3-baba-7ad9231f24d4,GUAN_058.basePlot.vst,2016-08-01,vst_GUAN_2016,D04,GUAN,GUAN_058,NEON.PLA.D04.GUAN.01100,single bole tree,20.0,130,8.6
b4a6e3e9-8d42-4ed3-a80b-9d6722c7fce0,GUAN_058.basePlot.vst,2016-08-01,vst_GUAN_2016,D04,GUAN,GUAN_058,NEON.PLA.D04.GUAN.08483,single bole tree,10.8,130,7.9
68157ce7-ce39-4194-803d-a1cf4bd43e03,GUAN_058.basePlot.vst,2016-08-01,vst_GUAN_2016,D04,GUAN,GUAN_058,NEON.PLA.D04.GUAN.01052,NA,10.3,130,5.6
16c6c5e7-0f28-48cf-8b00-f736571ffe0c,GUAN_058.basePlot.vst,2016-08-01,vst_GUAN_2016,D04,GUAN,GUAN_058,NEON.PLA.D04.GUAN.01087,single bole tree,12.5,130,7.1
00a93308-7574-4fc3-9b38-7a908c2e0dfe,GUAN_058.basePlot.vst,2016-08-01,vst_GUAN_2016,D04,GUAN,GUAN_058,NEON.PLA.D04.GUAN.01066,single bole tree,25.7,130,5.4
80d1f057-206e-464a-a699-97d0373d7ca8,GUAN_058.basePlot.vst,2016-08-01,vst_GUAN_2016,D04,GUAN,GUAN_058,NEON.PLA.D04.GUAN.01081,single bole tree,11.3,130,5.4
92e5d8f5-9cbc-452a-90f5-610b9173a97c,GUAN_058.basePlot.vst,2016-08-01,vst_GUAN_2016,D04,GUAN,GUAN_058,NEON.PLA.D04.GUAN.00998,single bole tree,13.3,130,7.2
937d4858-1117-4520-9e4e-4351a535f86e,GUAN_058.basePlot.vst,2016-08-01,vst_GUAN_2016,D04,GUAN,GUAN_058,NEON.PLA.D04.GUAN.01057,single bole tree,14.0,130,5.7
a6690300-9423-4aec-a28f-9a934188d50d,GUAN_058.basePlot.vst,2016-08-01,vst_GUAN_2016,D04,GUAN,GUAN_058,NEON.PLA.D04.GUAN.01053,multi-bole tree,17.5,130,5.7
390256e8-8ab9-40d3-8c97-7768c1f6e4b5,GUAN_058.basePlot.vst,2016-08-01,vst_GUAN_2016,D04,GUAN,GUAN_058,NEON.PLA.D04.GUAN.00999A,NA,12.7,130,5.7
e2b507c7-b74f-46e1-b3ff-627730e7da99,GUAN_058.basePlot.vst,2016-08-01,vst_GUAN_2016,D04,GUAN,GUAN_058,NEON.PLA.D04.GUAN.01087,NA,12.5,130,7.1
d689049e-6648-4942-a9ea-e9bf5298b6fc,GUAN_058.basePlot.vst,2016-08-01,vst_GUAN_2016,D04,GUAN,GUAN_058,NEON.PLA.D04.GUAN.00998,NA,13.3,130,7.2
efe35368-d79f-4ec1-98b7-de98b1ee5493,GUAN_058.basePlot.vst,2016-08-01,vst_GUAN_2016,D04,GUAN,GUAN_058,NEON.PLA.D04.GUAN.00687,NA,14.6,170,8.5
7bbc0452-6c45-4111-88b4-330e6d1b149f,GUAN_058.basePlot.vst,2016-08-01,vst_GUAN_2016,D04,GUAN,GUAN_058,NEON.PLA.D04.GUAN.01090,NA,23.9,130,5.7
3358cc16-9d28-4827-a876-1badb12667e6,GUAN_058.basePlot.vst,2016-08-01,vst_GUAN_2016,D04,GUAN,GUAN_058,NEON.PLA.D04.GUAN.00996,NA,28.3,130,10.8
7b576eba-b45b-4fd4-b12e-9380fa0eb9b8,GUAN_058.basePlot.vst,2016-08-01,vst_GUAN_2016,D04,GUAN,GUAN_058,NEON.PLA.D04.GUAN.01053,NA,17.5,130,5.7
26a130f7-82cb-4560-b15c-0c8a096fa46c,GUAN_058.basePlot.vst,2016-08-01,vst_GUAN_2016,D04,GUAN,GUAN_058,NEON.PLA.D04.GUAN.01060,NA,13.7,130,7.0
3b311853-eae2-4876-8306-22e6986ef614,GUAN_058.basePlot.vst,2016-08-01,vst_GUAN_2016,D04,GUAN,GUAN_058,NEON.PLA.D04.GUAN.01092,NA,21.5,130,5.5
a9213d7c-866b-405b-83d0-9260c7aeb0bf,GUAN_058.basePlot.vst,2016-08-01,vst_GUAN_2016,D04,GUAN,GUAN_058,NEON.PLA.D04.GUAN.01099,NA,20.0,130,4.3
3d78bed5-8232-483c-879c-6f79523916b3,GUAN_058.basePlot.vst,2016-08-01,vst_GUAN_2016,D04,GUAN,GUAN_058,NEON.PLA.D04.GUAN.01074,NA,13.5,130,5.8
d30b4c57-821d-46a5-b64c-ef2de8c6c708,GUAN_058.basePlot.vst,2016-08-01,vst_GUAN_2016,D04,GUAN,GUAN_058,NEON.PLA.D04.GUAN.01080,NA,11.0,130,7.3
ca77856d-3f36-410c-9493-fbe61fe7f5d6,GUAN_058.basePlot.vst,2016-08-01,vst_GUAN_2016,D04,GUAN,GUAN_058,NEON.PLA.D04.GUAN.01061,NA,11.0,150,6.1
38faadc0-85fa-434f-bb47-c719181d0b4a,GUAN_058.basePlot.vst,2016-08-01,vst_GUAN_2016,D04,GUAN,GUAN_058,NEON.PLA.D04.GUAN.00688,NA,12.0,130,6.3
4bfe2bf6-2bfd-43d6-8675-cf8a671ac493,GUAN_058.basePlot.vst,2016-08-01,vst_GUAN_2016,D04,GUAN,GUAN_058,NEON.PLA.D04.GUAN.01088,NA,10.3,130,6.9
e9454e07-34c2-483b-bdb9-7d83c97194e0,GUAN_058.basePlot.vst,2016-08-01,vst_GUAN_2016,D04,GUAN,GUAN_058,NEON.PLA.D04.GUAN.01062,NA,27.0,130,4.7
fc553395-881a-44ca-869f-ef8200f93181,GUAN_058.basePlot.vst,2016-08-01,vst_GUAN_2016,D04,GUAN,GUAN_058,NEON.PLA.D04.GUAN.01089,NA,18.5,130,5.4
a8cb37ae-c3ad-472b-81e9-8ec745129189,GUAN_058.basePlot.vst,2016-08-01,vst_GUAN_2016,D04,GUAN,GUAN_058,NEON.PLA.D04.GUAN.01054,NA,11.0,160,4.4
353d8b88-0df2-463b-9fdb-fdd4662285bb,GUAN_058.basePlot.vst,2016-08-01,vst_GUAN_2016,D04,GUAN,GUAN_058,NEON.PLA.D04.GUAN.01070,NA,13.4,130,6.5
28c12b1c-3388-4280-ae06-0cca7d30cfcf,GUAN_058.basePlot.vst,2016-08-01,vst_GUAN_2016,D04,GUAN,GUAN_058,NEON.PLA.D04.GUAN.01097,NA,18.0,130,4.2
d89bfd20-87d0-4e0a-9369-c1c503ece1bf,GUAN_058.basePlot.vst,2016-08-01,vst_GUAN_2016,D04,GUAN,GUAN_058,NEON.PLA.D04.GUAN.05242,NA,10.0,130,6.8
7b647cb2-69e7-48e5-b33d-b8d249cc82e7,GUAN_058.basePlot.vst,2016-08-01,vst_GUAN_2016,D04,GUAN,GUAN_058,NEON.PLA.D04.GUAN.01093,NA,11.5,130,8.5
f7a588a2-1696-42f7-aa93-f3f9a848301f,GUAN_058.basePlot.vst,2016-08-01,vst_GUAN_2016,D04,GUAN,GUAN_058,NEON.PLA.D04.GUAN.08483,NA,10.8,130,7.9
5f346bac-a625-49b2-8705-14754126df5e,GUAN_058.basePlot.vst,2016-08-01,vst_GUAN_2016,D04,GUAN,GUAN_058,NEON.PLA.D04.GUAN.01071,NA,22.4,130,9.8
02d157a3-e640-46d0-b047-7cc50a35a3ef,GUAN_058.basePlot.vst,2016-08-01,vst_GUAN_2016,D04,GUAN,GUAN_058,NEON.PLA.D04.GUAN.01072,NA,11.9,130,6.9
14e816b6-01c3-477b-be56-02b8cf26d351,GUAN_058.basePlot.vst,2016-08-01,vst_GUAN_2016,D04,GUAN,GUAN_058,NEON.PLA.D04.GUAN.01067,NA,10.1,130,3.7
98ecf88f-1b5e-4135-a692-7babea795577,GUAN_058.basePlot.vst,2016-08-01,vst_GUAN_2016,D04,GUAN,GUAN_058,NEON.PLA.D04.GUAN.01055,NA,19.3,130,5.8
56aa6e7a-3dc6-41d7-8e31-0eddeea70be6,GUAN_058.basePlot.vst,2016-08-01,vst_GUAN_2016,D04,GUAN,GUAN_058,NEON.PLA.D04.GUAN.01075,NA,25.8,130,8.8
3f6d07ae-acac-4b62-a484-39223cd98d23,GUAN_058.basePlot.vst,2016-08-01,vst_GUAN_2016,D04,GUAN,GUAN_058,NEON.PLA.D04.GUAN.01053A,NA,13.0,130,5.7
f36e73b7-5eff-4eda-8eff-a1575f1b9ef2,GUAN_058.basePlot.vst,2016-08-01,vst_GUAN_2016,D04,GUAN,GUAN_058,NEON.PLA.D04.GUAN.01057,NA,14.0,130,5.7
57b408bf-406b-44b1-8169-4ab9e9377f4b,GUAN_058.basePlot.vst,2016-08-01,vst_GUAN_2016,D04,GUAN,GUAN_058,NEON.PLA.D04.GUAN.01069,NA,13.0,130,4.8
d7b4fdc0-2e6c-47c8-915d-0cf19834d74d,GUAN_058.basePlot.vst,2016-08-01,vst_GUAN_2016,D04,GUAN,GUAN_058,NEON.PLA.D04.GUAN.01079A,NA,16.0,130,8.0
23203810-c5d7-4b59-850f-1886a267b2a3,GUAN_058.basePlot.vst,2016-08-01,vst_GUAN_2016,D04,GUAN,GUAN_058,NEON.PLA.D04.GUAN.00691,NA,12.5,130,4.4
e60a13c4-5d4a-46b1-af96-5ce7210821aa,GUAN_058.basePlot.vst,2016-08-01,vst_GUAN_2016,D04,GUAN,GUAN_058,NEON.PLA.D04.GUAN.00692,NA,12.5,130,4.5
3d95fd94-868b-4f35-bb1d-5aea400bfaf6,GUAN_058.basePlot.vst,2016-08-01,vst_GUAN_2016,D04,GUAN,GUAN_058,NEON.PLA.D04.GUAN.00687A,NA,10.0,170,8.5
8c7b0452-d04b-44df-a481-081b3e308333,GUAN_058.basePlot.vst,2016-08-01,vst_GUAN_2016,D04,GUAN,GUAN_058,NEON.PLA.D04.GUAN.00995,NA,23.5,130,7.5
ecc1bc60-6d21-4727-b0cd-d9eda0220707,GUAN_058.basePlot.vst,2016-08-01,vst_GUAN_2016,D04,GUAN,GUAN_058,NEON.PLA.D04.GUAN.01064,NA,12.3,140,5.9
3e388194-e535-487b-901b-55ec3acec6a9,GUAN_058.basePlot.vst,2016-08-01,vst_GUAN_2016,D04,GUAN,GUAN_058,NEON.PLA.D04.GUAN.01000,NA,16.5,130,8.5
48c9eb00-0822-4ba7-b417-91512739854e,GUAN_058.basePlot.vst,2016-08-01,vst_GUAN_2016,D04,GUAN,GUAN_058,NEON.PLA.D04.GUAN.01059,NA,21.1,130,5.8
fbe5b566-6dac-4bcc-96b0-66cfd0047a13,GUAN_058.basePlot.vst,2016-08-01,vst_GUAN_2016,D04,GUAN,GUAN_058,NEON.PLA.D04.GUAN.00999,NA,15.8,150,5.7
8757acab-7e40-4b7b-9990-e38e6c7d28a1,GUAN_058.basePlot.vst,2016-08-01,vst_GUAN_2016,D04,GUAN,GUAN_058,NEON.PLA.D04.GUAN.01079,NA,21.0,130,8.0
57f28928-106e-4bd7-be33-070e1031fe41,GUAN_058.basePlot.vst,2016-08-01,vst_GUAN_2016,D04,GUAN,GUAN_058,NEON.PLA.D04.GUAN.01077,NA,21.2,130,9.9
fce524ba-f45c-4ed7-ad85-4b2a6ddbd952,GUAN_058.basePlot.vst,2016-08-01,vst_GUAN_2016,D04,GUAN,GUAN_058,NEON.PLA.D04.GUAN.01081,NA,11.3,130,5.4
fd5d2e3c-49a3-434a-9ed5-467c0df58709,GUAN_058.basePlot.vst,2016-08-01,vst_GUAN_2016,D04,GUAN,GUAN_058,NEON.PLA.D04.GUAN.01086,NA,14.8,130,7.4
33670058-927a-41a1-bcb0-840b580c5272,GUAN_058.basePlot.vst,2016-08-01,vst_GUAN_2016,D04,GUAN,GUAN_058,NEON.PLA.D04.GUAN.01058,NA,12.9,130,7.7
7db4c197-19e5-4bd2-abb9-2629f81e0944,GUAN_058.basePlot.vst,2016-08-01,vst_GUAN_2016,D04,GUAN,GUAN_058,NEON.PLA.D04.GUAN.01065,NA,11.1,130,4.0
0657a713-db38-425c-a9ba-1c60eae8c4d6,GUAN_058.basePlot.vst,2016-08-01,vst_GUAN_2016,D04,GUAN,GUAN_058,NEON.PLA.D04.GUAN.01068,NA,11.0,130,6.5
3a2d4e92-704c-4a84-b91c-39a0e1f88b2c,GUAN_058.basePlot.vst,2016-08-01,vst_GUAN_2016,D04,GUAN,GUAN_058,NEON.PLA.D04.GUAN.01084,NA,11.3,130,7.4
c33f4588-1991-4c00-a037-99c0f38bcac7,GUAN_058.basePlot.vst,2016-08-01,vst_GUAN_2016,D04,GUAN,GUAN_058,NEON.PLA.D04.GUAN.01066,NA,25.7,130,5.4
a5517089-7944-47b8-9530-3cca86c5f903,GUAN_058.basePlot.vst,2016-08-01,vst_GUAN_2016,D04,GUAN,GUAN_058,NEON.PLA.D04.GUAN.08496,NA,11.4,130,4.3
ed8c9a35-eed9-4a55-8e89-0aa7aec0aa36,GUAN_058.basePlot.vst,2016-08-01,vst_GUAN_2016,D04,GUAN,GUAN_058,NEON.PLA.D04.GUAN.01091,NA,17.4,130,7.2
8a58665b-16b7-4c85-8a03-6ca85101551b,GUAN_058.basePlot.vst,2016-08-01,vst_GUAN_2016,D04,GUAN,GUAN_058,NEON.PLA.D04.GUAN.01082,NA,10.9,130,6.6
7993da3e-d13b-40ba-87ca-1b0c1c184456,GUAN_058.basePlot.vst,2016-08-01,vst_GUAN_2016,D04,GUAN,GUAN_058,NEON.PLA.D04.GUAN.01100,NA,20.0,130,8.6
3c18b507-af52-4661-82aa-94d44be35b1f,GUAN_042.basePlot.vst,2016-08-02,vst_GUAN_2016,D04,GUAN,GUAN_042,NEON.PLA.D04.GUAN.02991,multi-bole tree,11.2,130,4.2
275ea90c-039c-4b37-af13-711fd2dcd1eb,GUAN_042.basePlot.vst,2016-08-02,vst_GUAN_2016,D04,GUAN,GUAN_042,NEON.PLA.D04.GUAN.02991A,multi-bole tree,9.9,130,4.2
ccf9b22d-6c2a-4f40-95d9-2b7a56f9bc03,GUAN_042.basePlot.vst,2016-08-02,vst_GUAN_2016,D04,GUAN,GUAN_042,NEON.PLA.D04.GUAN.02994,single bole tree,14.8,130,5.1
0f2546cc-dc20-45b9-af20-9e3c14dbd84e,GUAN_042.basePlot.vst,2016-08-02,vst_GUAN_2016,D04,GUAN,GUAN_042,NEON.PLA.D04.GUAN.02996,single bole tree,10.8,130,3.1
04653e91-7ab1-48b8-af8f-20bc85b0ea37,GUAN_042.basePlot.vst,2016-08-02,vst_GUAN_2016,D04,GUAN,GUAN_042,NEON.PLA.D04.GUAN.02991C,multi-bole tree,9.7,130,4.2
7fc45ce0-4198-44ee-90b2-5bd029b19820,GUAN_042.basePlot.vst,2016-08-02,vst_GUAN_2016,D04,GUAN,GUAN_042,NEON.PLA.D04.GUAN.02697,single bole tree,19.2,130,3.7
808d0f37-5492-430a-9f7f-47625c9c1476,GUAN_042.basePlot.vst,2016-08-02,vst_GUAN_2016,D04,GUAN,GUAN_042,NEON.PLA.D04.GUAN.02999B,multi-bole tree,6.5,130,3.1
fc41aa94-33be-40ca-88e9-d5cbfbc9bb70,GUAN_042.basePlot.vst,2016-08-02,vst_GUAN_2016,D04,GUAN,GUAN_042,NEON.PLA.D04.GUAN.02999C,multi-bole tree,5.9,130,3.1
95e3f84e-dd96-4ff2-8105-4ac092cb744f,GUAN_042.basePlot.vst,2016-08-02,vst_GUAN_2016,D04,GUAN,GUAN_042,NEON.PLA.D04.GUAN.02991E,multi-bole tree,7.5,130,4.2
8b21ca7d-0169-477b-823f-4118d130524f,GUAN_042.basePlot.vst,2016-08-02,vst_GUAN_2016,D04,GUAN,GUAN_042,NEON.PLA.D04.GUAN.02999A,multi-bole tree,9.3,130,3.1
0ea5aef8-7faa-48b6-8f7d-6ae2c101a1c2,GUAN_042.basePlot.vst,2016-08-02,vst_GUAN_2016,D04,GUAN,GUAN_042,NEON.PLA.D04.GUAN.02992,single bole tree,15.5,130,5.8
a4993626-19cc-4870-b62c-49d20f5cadb9,GUAN_042.basePlot.vst,2016-08-02,vst_GUAN_2016,D04,GUAN,GUAN_042,NEON.PLA.D04.GUAN.02999,multi-bole tree,11.6,130,3.1
fcd64d6d-d4d3-4ab5-b892-a81734e02e33,GUAN_042.basePlot.vst,2016-08-02,vst_GUAN_2016,D04,GUAN,GUAN_042,NEON.PLA.D04.GUAN.02991B,multi-bole tree,8.2,130,4.2
548deccc-cd97-4ae6-97ce-fe20866ed3cb,GUAN_042.basePlot.vst,2016-08-02,vst_GUAN_2016,D04,GUAN,GUAN_042,NEON.PLA.D04.GUAN.02697,NA,19.2,130,3.7
21ecc611-0b7a-471e-a9c3-7463c907644f,GUAN_042.basePlot.vst,2016-08-02,vst_GUAN_2016,D04,GUAN,GUAN_042,NEON.PLA.D04.GUAN.02991D,NA,5.7,130,4.2
84475c44-755b-43b1-916c-a53937f5cdd3,GUAN_042.basePlot.vst,2016-08-02,vst_GUAN_2016,D04,GUAN,GUAN_042,NEON.PLA.D04.GUAN.02991B,NA,8.2,130,4.2
dde6408b-6190-4ea7-a2a7-0908ef83859e,GUAN_042.basePlot.vst,2016-08-02,vst_GUAN_2016,D04,GUAN,GUAN_042,NEON.PLA.D04.GUAN.02999B,NA,6.5,130,3.1
3fb5fe2d-ce2e-4d47-8583-295f4a0ae6bf,GUAN_042.basePlot.vst,2016-08-02,vst_GUAN_2016,D04,GUAN,GUAN_042,NEON.PLA.D04.GUAN.02991,NA,11.2,130,4.2
40294c78-5bdd-4954-a969-6422efcb27a0,GUAN_042.basePlot.vst,2016-08-02,vst_GUAN_2016,D04,GUAN,GUAN_042,NEON.PLA.D04.GUAN.02996,NA,10.8,130,3.1
bed491cf-ac14-4e95-8cc7-eba02270bf12,GUAN_042.basePlot.vst,2016-08-02,vst_GUAN_2016,D04,GUAN,GUAN_042,NEON.PLA.D04.GUAN.02992,NA,15.5,130,5.8
b5348de3-8008-499b-a91d-f851976dff56,GUAN_042.basePlot.vst,2016-08-02,vst_GUAN_2016,D04,GUAN,GUAN_042,NEON.PLA.D04.GUAN.02999C,NA,5.9,130,3.1
0bba3f26-32c0-4e89-86b0-1e3cb0c321f0,GUAN_042.basePlot.vst,2016-08-02,vst_GUAN_2016,D04,GUAN,GUAN_042,NEON.PLA.D04.GUAN.02991C,NA,9.7,130,4.2
65fc2771-21dc-44fd-a20f-4173fc08a8fa,GUAN_042.basePlot.vst,2016-08-02,vst_GUAN_2016,D04,GUAN,GUAN_042,NEON.PLA.D04.GUAN.02994,NA,14.8,130,5.1
1ebb59b6-e828-48f7-aa0a-51cd54035068,GUAN_042.basePlot.vst,2016-08-02,vst_GUAN_2016,D04,GUAN,GUAN_042,NEON.PLA.D04.GUAN.02999,NA,11.6,130,3.1
c234c1d7-6c84-4af8-bf34-e9334c8b7d92,GUAN_042.basePlot.vst,2016-08-02,vst_GUAN_2016,D04,GUAN,GUAN_042,NEON.PLA.D04.GUAN.02991E,NA,7.5,130,4.2
c8dc74ef-f8d2-4c1e-9376-8b209c764ec5,GUAN_042.basePlot.vst,2016-08-02,vst_GUAN_2016,D04,GUAN,GUAN_042,NEON.PLA.D04.GUAN.02999A,NA,9.3,130,3.1
ea19a497-d599-4d86-8c79-621eca7e9500,GUAN_042.basePlot.vst,2016-08-02,vst_GUAN_2016,D04,GUAN,GUAN_042,NEON.PLA.D04.GUAN.02991A,NA,9.9,130,4.2
af3111f7-97d4-4898-8b20-750225012e80,GUAN_042.basePlot.vst,2016-08-02,vst_GUAN_2016,D04,GUAN,GUAN_042,NEON.PLA.D04.GUAN.02993,NA,NA,NA,NA
59801b1a-039e-435b-9531-2c8441f26dec,GUAN_042.basePlot.vst,2016-08-02,vst_GUAN_2016,D04,GUAN,GUAN_042,NEON.PLA.D04.GUAN.02991D,multi-bole tree,5.7,130,4.2
5cac187e-c4df-4e7b-8df1-fb3521b3e48b,GUAN_042.basePlot.vst,2016-08-03,vst_GUAN_2016,D04,GUAN,GUAN_042,NEON.PLA.D04.GUAN.02998,NA,13.3,130,NA
0458caec-5414-4d0d-9517-e37431e223bc,GUAN_042.basePlot.vst,2016-08-03,vst_GUAN_2016,D04,GUAN,GUAN_042,NEON.PLA.D04.GUAN.02995C,NA,9.5,130,5.2
c193e39d-c528-488f-8bae-f6d6bfb59802,GUAN_042.basePlot.vst,2016-08-03,vst_GUAN_2016,D04,GUAN,GUAN_042,NEON.PLA.D04.GUAN.02692,NA,24.1,130,5.6
0ad198be-5e75-4dd1-9d9a-e20e421be71e,GUAN_042.basePlot.vst,2016-08-03,vst_GUAN_2016,D04,GUAN,GUAN_042,NEON.PLA.D04.GUAN.02983A,NA,11.0,130,5.6
534fdf44-7e74-4331-9735-06706ae83974,GUAN_042.basePlot.vst,2016-08-03,vst_GUAN_2016,D04,GUAN,GUAN_042,NEON.PLA.D04.GUAN.02693,NA,10.0,130,NA
e5004dc3-cd6e-4b3c-8334-d1f3524648e2,GUAN_042.basePlot.vst,2016-08-03,vst_GUAN_2016,D04,GUAN,GUAN_042,NEON.PLA.D04.GUAN.02995D,NA,8.2,130,5.2
f1944c72-443b-4a34-9f0e-e9199a8e6b9c,GUAN_042.basePlot.vst,2016-08-03,vst_GUAN_2016,D04,GUAN,GUAN_042,NEON.PLA.D04.GUAN.02982E,NA,9.0,130,5.6
696d783d-8ebe-46e6-a8d1-eded3b238580,GUAN_042.basePlot.vst,2016-08-03,vst_GUAN_2016,D04,GUAN,GUAN_042,NEON.PLA.D04.GUAN.03000A,NA,10.3,130,5.0
85499246-9994-42af-a118-25c08228d514,GUAN_042.basePlot.vst,2016-08-03,vst_GUAN_2016,D04,GUAN,GUAN_042,NEON.PLA.D04.GUAN.02984,NA,16.8,130,4.9
64ea343e-3ff2-4c28-b573-576340c18561,GUAN_042.basePlot.vst,2016-08-03,vst_GUAN_2016,D04,GUAN,GUAN_042,NEON.PLA.D04.GUAN.02699B,NA,7.4,140,5.2
1dc2d7fc-4fa8-4e26-9b58-66fd9da7919d,GUAN_042.basePlot.vst,2016-08-03,vst_GUAN_2016,D04,GUAN,GUAN_042,NEON.PLA.D04.GUAN.02982C,multi-bole tree,12.1,150,5.6
48c58394-babd-4fe1-98a3-69fd91dcf728,GUAN_042.basePlot.vst,2016-08-03,vst_GUAN_2016,D04,GUAN,GUAN_042,NEON.PLA.D04.GUAN.02690,multi-bole tree,10.5,140,4.9
508bf043-a05f-4799-8f59-259f9f60eb57,GUAN_042.basePlot.vst,2016-08-03,vst_GUAN_2016,D04,GUAN,GUAN_042,NEON.PLA.D04.GUAN.02982A,NA,15.7,130,5.6
dcdcaaf8-a08a-4cd6-a974-43e2a985406d,GUAN_042.basePlot.vst,2016-08-03,vst_GUAN_2016,D04,GUAN,GUAN_042,NEON.PLA.D04.GUAN.02982B,NA,13.0,150,5.6
fe827622-5e4f-4e94-a453-cda2c8060aa8,GUAN_042.basePlot.vst,2016-08-03,vst_GUAN_2016,D04,GUAN,GUAN_042,NEON.PLA.D04.GUAN.02995D,multi-bole tree,8.2,130,5.2
0a630d2a-d232-407f-b6ab-1fb6fdcb71c6,GUAN_042.basePlot.vst,2016-08-03,vst_GUAN_2016,D04,GUAN,GUAN_042,NEON.PLA.D04.GUAN.02700A,multi-bole tree,10.2,170,5.9
e4fc5403-2014-4b63-bb8a-8faea0483aff,GUAN_042.basePlot.vst,2016-08-03,vst_GUAN_2016,D04,GUAN,GUAN_042,NEON.PLA.D04.GUAN.02698,single bole tree,20.5,130,4.5
eb458b4b-14ab-496c-8061-494aaa89088a,GUAN_042.basePlot.vst,2016-08-03,vst_GUAN_2016,D04,GUAN,GUAN_042,NEON.PLA.D04.GUAN.02982E,multi-bole tree,9.0,130,5.6
0db5c274-ae18-4ea8-a0e2-72f6511bf2aa,GUAN_042.basePlot.vst,2016-08-03,vst_GUAN_2016,D04,GUAN,GUAN_042,NEON.PLA.D04.GUAN.02995A,NA,12.0,150,5.2
c900e2a6-f098-4a58-8612-9f20c776d12f,GUAN_042.basePlot.vst,2016-08-03,vst_GUAN_2016,D04,GUAN,GUAN_042,NEON.PLA.D04.GUAN.02699,NA,16.2,130,5.2
c3a3567d-9519-4159-879e-e3ec3d2df59d,GUAN_042.basePlot.vst,2016-08-03,vst_GUAN_2016,D04,GUAN,GUAN_042,NEON.PLA.D04.GUAN.02690B,NA,6.2,160,4.9
181ccfa1-cfbe-4f2e-8b24-0261f8ace161,GUAN_042.basePlot.vst,2016-08-03,vst_GUAN_2016,D04,GUAN,GUAN_042,NEON.PLA.D04.GUAN.02690A,NA,7.8,130,4.9
fdc35c62-15ff-4e8f-ad76-2f4702d41031,GUAN_042.basePlot.vst,2016-08-03,vst_GUAN_2016,D04,GUAN,GUAN_042,NEON.PLA.D04.GUAN.02700A,NA,10.2,170,5.9
a86b3b46-ff77-44d8-90e4-95ce87a6348a,GUAN_042.basePlot.vst,2016-08-03,vst_GUAN_2016,D04,GUAN,GUAN_042,NEON.PLA.D04.GUAN.03000C,NA,7.9,130,5.0
d798432e-012a-49e7-b0bc-0bc068cd0bb8,GUAN_042.basePlot.vst,2016-08-03,vst_GUAN_2016,D04,GUAN,GUAN_042,NEON.PLA.D04.GUAN.02698,NA,20.5,130,4.5
f1365355-6baf-4ae0-ab3b-dcdf6160eac6,GUAN_042.basePlot.vst,2016-08-03,vst_GUAN_2016,D04,GUAN,GUAN_042,NEON.PLA.D04.GUAN.02982C,NA,12.1,150,5.6
6e6cd3d0-9180-43f1-98ef-3272569583e1,GUAN_042.basePlot.vst,2016-08-03,vst_GUAN_2016,D04,GUAN,GUAN_042,NEON.PLA.D04.GUAN.02699A,NA,14.0,140,5.2
6fa6e2db-e72d-45ea-ab10-59c421cbc61e,GUAN_042.basePlot.vst,2016-08-03,vst_GUAN_2016,D04,GUAN,GUAN_042,NEON.PLA.D04.GUAN.02982,NA,14.7,130,5.6
656904bf-37fd-4ce0-b7e4-0226b432417b,GUAN_042.basePlot.vst,2016-08-03,vst_GUAN_2016,D04,GUAN,GUAN_042,NEON.PLA.D04.GUAN.02998B,NA,9.8,130,NA
7438d4a8-5842-4cca-adb2-2cbe58c09d3d,GUAN_042.basePlot.vst,2016-08-03,vst_GUAN_2016,D04,GUAN,GUAN_042,NEON.PLA.D04.GUAN.03000B,NA,8.2,130,5.0
d5a69172-c440-4a7d-85f9-b62de6040c10,GUAN_042.basePlot.vst,2016-08-03,vst_GUAN_2016,D04,GUAN,GUAN_042,NEON.PLA.D04.GUAN.02700,NA,13.7,150,5.9
d0fbe4b3-8165-4751-b2b5-647d37126383,GUAN_042.basePlot.vst,2016-08-03,vst_GUAN_2016,D04,GUAN,GUAN_042,NEON.PLA.D04.GUAN.02995B,NA,9.9,150,5.2
84ebf7f1-b2a6-4e3e-9a58-0662f06d7753,GUAN_042.basePlot.vst,2016-08-03,vst_GUAN_2016,D04,GUAN,GUAN_042,NEON.PLA.D04.GUAN.02998A,NA,9.5,130,NA
a6fac813-f90e-4bde-9268-b65319e62b03,GUAN_042.basePlot.vst,2016-08-03,vst_GUAN_2016,D04,GUAN,GUAN_042,NEON.PLA.D04.GUAN.02690,NA,10.5,140,4.9
7fd900a9-51bd-49e9-b7d4-078eeac09a69,GUAN_042.basePlot.vst,2016-08-03,vst_GUAN_2016,D04,GUAN,GUAN_042,NEON.PLA.D04.GUAN.02995,NA,20.0,170,5.2
5621a3a8-ec6f-4b2d-8ea6-7b8acb4bb396,GUAN_042.basePlot.vst,2016-08-03,vst_GUAN_2016,D04,GUAN,GUAN_042,NEON.PLA.D04.GUAN.05262,NA,11.9,130,7.7
4ef65b87-b1c6-4b14-97c5-509b02fd1e64,GUAN_042.basePlot.vst,2016-08-03,vst_GUAN_2016,D04,GUAN,GUAN_042,NEON.PLA.D04.GUAN.02983,NA,13.0,130,5.6
0c9b6c0e-66ac-4c1e-be5c-2907c0eb58ca,GUAN_042.basePlot.vst,2016-08-03,vst_GUAN_2016,D04,GUAN,GUAN_042,NEON.PLA.D04.GUAN.02982B,multi-bole tree,13.0,150,5.6
53df0ce6-8d57-4bfa-b5ba-8e52edf75985,GUAN_042.basePlot.vst,2016-08-03,vst_GUAN_2016,D04,GUAN,GUAN_042,NEON.PLA.D04.GUAN.02998B,multi-bole tree,9.8,130,NA
b0b0fd3b-157f-4430-96b6-c65dec4974fb,GUAN_042.basePlot.vst,2016-08-03,vst_GUAN_2016,D04,GUAN,GUAN_042,NEON.PLA.D04.GUAN.02690B,multi-bole tree,6.2,160,4.9
c6bf7ec1-57e8-4961-a34d-a3badafcf75b,GUAN_042.basePlot.vst,2016-08-03,vst_GUAN_2016,D04,GUAN,GUAN_042,NEON.PLA.D04.GUAN.02982A,multi-bole tree,15.7,130,5.6
3725359f-f9eb-4db9-bc12-47bc2ad1b0a5,GUAN_042.basePlot.vst,2016-08-03,vst_GUAN_2016,D04,GUAN,GUAN_042,NEON.PLA.D04.GUAN.02690A,multi-bole tree,7.8,130,4.9
e5a049b0-0ec1-4e0c-9296-cc61c923720e,GUAN_042.basePlot.vst,2016-08-03,vst_GUAN_2016,D04,GUAN,GUAN_042,NEON.PLA.D04.GUAN.02995B,multi-bole tree,9.9,150,5.2
3240e4f0-7491-4290-98e5-73cdefd6405d,GUAN_042.basePlot.vst,2016-08-03,vst_GUAN_2016,D04,GUAN,GUAN_042,NEON.PLA.D04.GUAN.02983A,multi-bole tree,11.0,130,5.6
0a2c49e0-eaa0-4f4a-9644-b2159e099d46,GUAN_042.basePlot.vst,2016-08-03,vst_GUAN_2016,D04,GUAN,GUAN_042,NEON.PLA.D04.GUAN.02984,single bole tree,16.8,130,4.9
462eabf3-c22e-406b-b7b0-0e793ce1436b,GUAN_042.basePlot.vst,2016-08-03,vst_GUAN_2016,D04,GUAN,GUAN_042,NEON.PLA.D04.GUAN.02699,multi-bole tree,16.2,130,5.2
0f05dd9a-cd40-46d8-8347-8608999537f2,GUAN_042.basePlot.vst,2016-08-03,vst_GUAN_2016,D04,GUAN,GUAN_042,NEON.PLA.D04.GUAN.02995,multi-bole tree,20.0,170,5.2
8bf5b4c9-6f41-4d65-8ef1-547c56741336,GUAN_042.basePlot.vst,2016-08-03,vst_GUAN_2016,D04,GUAN,GUAN_042,NEON.PLA.D04.GUAN.02693,single bole tree,10.0,130,NA
396d030f-674d-4e38-8d17-4e9eb66643ef,GUAN_042.basePlot.vst,2016-08-03,vst_GUAN_2016,D04,GUAN,GUAN_042,NEON.PLA.D04.GUAN.02699B,multi-bole tree,7.4,140,5.2
f0727103-6ec4-40fe-9a6a-4d8c7c985696,GUAN_042.basePlot.vst,2016-08-03,vst_GUAN_2016,D04,GUAN,GUAN_042,NEON.PLA.D04.GUAN.02699A,multi-bole tree,14.0,140,5.2
d17ad72d-4f2a-4a44-bf36-243a35fc5240,GUAN_042.basePlot.vst,2016-08-03,vst_GUAN_2016,D04,GUAN,GUAN_042,NEON.PLA.D04.GUAN.02692,single bole tree,24.1,130,5.6
dc87ab7d-acdd-42e2-bad1-858ac017e33d,GUAN_042.basePlot.vst,2016-08-03,vst_GUAN_2016,D04,GUAN,GUAN_042,NEON.PLA.D04.GUAN.02982,multi-bole tree,14.7,130,5.6
d1119fbe-3d3e-40f4-94af-ff2dae0e1892,GUAN_042.basePlot.vst,2016-08-03,vst_GUAN_2016,D04,GUAN,GUAN_042,NEON.PLA.D04.GUAN.02998,multi-bole tree,13.3,130,NA
e14b9b22-298f-4059-bd8b-a4e7e62d5db2,GUAN_042.basePlot.vst,2016-08-03,vst_GUAN_2016,D04,GUAN,GUAN_042,NEON.PLA.D04.GUAN.02995A,multi-bole tree,12.0,150,5.2
71617a34-73ae-4b15-b106-69035cdf928b,GUAN_042.basePlot.vst,2016-08-03,vst_GUAN_2016,D04,GUAN,GUAN_042,NEON.PLA.D04.GUAN.02998A,multi-bole tree,9.5,130,NA
5607e452-63a6-4b74-9107-1d67d9a36e89,GUAN_042.basePlot.vst,2016-08-03,vst_GUAN_2016,D04,GUAN,GUAN_042,NEON.PLA.D04.GUAN.05262,single bole tree,11.9,130,7.7
df2cf863-0976-48bd-a888-ec42cbd1d712,GUAN_042.basePlot.vst,2016-08-03,vst_GUAN_2016,D04,GUAN,GUAN_042,NEON.PLA.D04.GUAN.03000C,multi-bole tree,7.9,130,5.0
c242c0ce-1267-44bf-89a5-827ec91cd458,GUAN_042.basePlot.vst,2016-08-03,vst_GUAN_2016,D04,GUAN,GUAN_042,NEON.PLA.D04.GUAN.02997,NA,NA,NA,NA
67e40fe1-0c7f-4560-8d96-5d59af19bcda,GUAN_042.basePlot.vst,2016-08-03,vst_GUAN_2016,D04,GUAN,GUAN_042,NEON.PLA.D04.GUAN.02700,multi-bole tree,13.7,150,5.9
f3d3f8a5-964b-41c9-b849-58f95a8e99c4,GUAN_042.basePlot.vst,2016-08-03,vst_GUAN_2016,D04,GUAN,GUAN_042,NEON.PLA.D04.GUAN.03000B,multi-bole tree,8.2,130,5.0
0d0fc6b2-5e75-4774-bd1f-91c6bf8fc311,GUAN_042.basePlot.vst,2016-08-03,vst_GUAN_2016,D04,GUAN,GUAN_042,NEON.PLA.D04.GUAN.02983,multi-bole tree,13.0,130,5.6
e7313cfd-aa6f-4741-84b6-1edc0658c463,GUAN_042.basePlot.vst,2016-08-03,vst_GUAN_2016,D04,GUAN,GUAN_042,NEON.PLA.D04.GUAN.03000A,multi-bole tree,10.3,130,5.0
7ef5462c-61f4-414f-acf3-9770784fe55f,GUAN_042.basePlot.vst,2016-08-03,vst_GUAN_2016,D04,GUAN,GUAN_042,NEON.PLA.D04.GUAN.02995C,multi-bole tree,9.5,130,5.2
87ba5b57-9c6e-4705-bbec-d9d554696312,GUAN_042.basePlot.vst,2016-08-04,vst_GUAN_2016,D04,GUAN,GUAN_042,NEON.PLA.D04.GUAN.08410D,multi-bole tree,6.6,130,6.7
c2176537-d55f-4a8d-a4ad-45f8e8d1936f,GUAN_042.basePlot.vst,2016-08-04,vst_GUAN_2016,D04,GUAN,GUAN_042,NEON.PLA.D04.GUAN.08410E,multi-bole tree,6.1,130,6.7
95d97dc3-a17f-4fe3-8aa1-cc5917fe2e51,GUAN_042.basePlot.vst,2016-08-04,vst_GUAN_2016,D04,GUAN,GUAN_042,NEON.PLA.D04.GUAN.08410F,multi-bole tree,5.4,130,6.7
7b225bd8-9a2c-4a17-ad60-4361d2d0b442,GUAN_042.basePlot.vst,2016-08-04,vst_GUAN_2016,D04,GUAN,GUAN_042,NEON.PLA.D04.GUAN.08410,multi-bole tree,16.0,150,6.7
ec4b65f2-fed6-4a3e-81eb-a7f1612c9750,GUAN_042.basePlot.vst,2016-08-04,vst_GUAN_2016,D04,GUAN,GUAN_042,NEON.PLA.D04.GUAN.08410C,multi-bole tree,6.8,130,6.7
1651ac6f-1b23-4a10-b1e8-aa2b6fa35258,GUAN_042.basePlot.vst,2016-08-04,vst_GUAN_2016,D04,GUAN,GUAN_042,NEON.PLA.D04.GUAN.08410A,multi-bole tree,11.0,130,6.7
f11d113d-4306-4d41-9d27-036a1282a51c,GUAN_042.basePlot.vst,2016-08-04,vst_GUAN_2016,D04,GUAN,GUAN_042,NEON.PLA.D04.GUAN.08410A,NA,11.0,130,6.7
b7a9feec-218d-49c1-ba77-affad1b87d7d,GUAN_042.basePlot.vst,2016-08-04,vst_GUAN_2016,D04,GUAN,GUAN_042,NEON.PLA.D04.GUAN.08410C,NA,6.8,130,6.7
5288d97e-5f10-4773-893c-97b2a1856641,GUAN_042.basePlot.vst,2016-08-04,vst_GUAN_2016,D04,GUAN,GUAN_042,NEON.PLA.D04.GUAN.08410B,NA,13.0,160,6.7
a0bec76a-25d5-4a89-baf9-1286c8e63243,GUAN_042.basePlot.vst,2016-08-04,vst_GUAN_2016,D04,GUAN,GUAN_042,NEON.PLA.D04.GUAN.08410F,NA,5.4,130,6.7
f9c7d21f-7265-4e79-bedc-79a37b6087d9,GUAN_042.basePlot.vst,2016-08-04,vst_GUAN_2016,D04,GUAN,GUAN_042,NEON.PLA.D04.GUAN.08410,NA,16.0,150,6.7
869da685-253d-48e8-ac99-d9343b1cc1ad,GUAN_042.basePlot.vst,2016-08-04,vst_GUAN_2016,D04,GUAN,GUAN_042,NEON.PLA.D04.GUAN.08410E,NA,6.1,130,6.7
a4b3a04e-4d46-4ca8-94e2-f5b3798c89de,GUAN_042.basePlot.vst,2016-08-04,vst_GUAN_2016,D04,GUAN,GUAN_042,NEON.PLA.D04.GUAN.08410D,NA,6.6,130,6.7
b99c5f08-2a97-4c74-9a07-3143ba68b1d5,GUAN_042.basePlot.vst,2016-08-04,vst_GUAN_2016,D04,GUAN,GUAN_042,NEON.PLA.D04.GUAN.08410B,multi-bole tree,13.0,160,6.7
aab78d71-76bd-4ba2-936a-e9a2c7acdf54,GUAN_059.basePlot.vst,2016-08-05,vst_GUAN_2016,D04,GUAN,GUAN_059,NEON.PLA.D04.GUAN.03139C,NA,11.9,135,6.6
f4f7d6bb-2022-4785-aeef-28f69c6e4b05,GUAN_059.basePlot.vst,2016-08-05,vst_GUAN_2016,D04,GUAN,GUAN_059,NEON.PLA.D04.GUAN.03387A,NA,15.8,130,6.9
f3a19fed-fbec-4955-9cc9-3842494fddc2,GUAN_059.basePlot.vst,2016-08-05,vst_GUAN_2016,D04,GUAN,GUAN_059,NEON.PLA.D04.GUAN.03141,NA,28.9,130,6.2
2b42526f-eac9-4ae4-89f2-21c0a0198f39,GUAN_059.basePlot.vst,2016-08-05,vst_GUAN_2016,D04,GUAN,GUAN_059,NEON.PLA.D04.GUAN.03128A,NA,10.0,130,5.7
dcb9381b-c907-4afb-985b-96c423d745ac,GUAN_059.basePlot.vst,2016-08-05,vst_GUAN_2016,D04,GUAN,GUAN_059,NEON.PLA.D04.GUAN.03128B,NA,7.0,165,5.7
c855a006-c6b0-475f-b32a-71aef3b3b372,GUAN_059.basePlot.vst,2016-08-05,vst_GUAN_2016,D04,GUAN,GUAN_059,NEON.PLA.D04.GUAN.03141C,NA,13.5,130,6.2
4f7334e4-6b0d-4869-a0c8-002e773575af,GUAN_059.basePlot.vst,2016-08-05,vst_GUAN_2016,D04,GUAN,GUAN_059,NEON.PLA.D04.GUAN.03139,NA,23.3,145,6.6
105ecb37-63a6-43cc-b3ec-0a68f0d08b71,GUAN_059.basePlot.vst,2016-08-05,vst_GUAN_2016,D04,GUAN,GUAN_059,NEON.PLA.D04.GUAN.03138,NA,11.0,130,5.5
b6878a89-27eb-4690-9442-f1acfb674eaf,GUAN_059.basePlot.vst,2016-08-05,vst_GUAN_2016,D04,GUAN,GUAN_059,NEON.PLA.D04.GUAN.03386,NA,10.0,130,6.9
1ca3399d-c5ea-422b-b26b-66594317e363,GUAN_059.basePlot.vst,2016-08-05,vst_GUAN_2016,D04,GUAN,GUAN_059,NEON.PLA.D04.GUAN.03140A,NA,7.5,130,5.6
436c86f6-85c2-4eb9-9748-1872400a53d8,GUAN_059.basePlot.vst,2016-08-05,vst_GUAN_2016,D04,GUAN,GUAN_059,NEON.PLA.D04.GUAN.03130,NA,23.0,130,8.7
7035283e-45ba-436f-bd20-1d6bb11bbb79,GUAN_059.basePlot.vst,2016-08-05,vst_GUAN_2016,D04,GUAN,GUAN_059,NEON.PLA.D04.GUAN.03134A,NA,8.8,130,6.0
e32d40bb-0845-4841-b8b5-51eaf7cea9cb,GUAN_059.basePlot.vst,2016-08-05,vst_GUAN_2016,D04,GUAN,GUAN_059,NEON.PLA.D04.GUAN.03134B,NA,4.4,130,6.0
5fb1d158-f318-4fc8-b9b9-c26813dd91e2,GUAN_059.basePlot.vst,2016-08-05,vst_GUAN_2016,D04,GUAN,GUAN_059,NEON.PLA.D04.GUAN.03141A,NA,20.5,130,6.2
66f5e059-f327-4b73-839d-f40deceaf8fd,GUAN_059.basePlot.vst,2016-08-05,vst_GUAN_2016,D04,GUAN,GUAN_059,NEON.PLA.D04.GUAN.03134,NA,10.2,130,6.0
7f96142d-7a6b-4646-87d2-c30ae79f1b2f,GUAN_059.basePlot.vst,2016-08-05,vst_GUAN_2016,D04,GUAN,GUAN_059,NEON.PLA.D04.GUAN.03139B,NA,11.9,145,6.6
f07a2d95-5054-4f58-952c-0785807f4658,GUAN_059.basePlot.vst,2016-08-05,vst_GUAN_2016,D04,GUAN,GUAN_059,NEON.PLA.D04.GUAN.03125,NA,10.7,130,5.3
508e6d13-9bb9-4a7b-9237-317aae5f3476,GUAN_059.basePlot.vst,2016-08-05,vst_GUAN_2016,D04,GUAN,GUAN_059,NEON.PLA.D04.GUAN.03387,NA,17.6,130,6.9
f29e83b0-09b2-4d41-bd22-f9a4984a7d1a,GUAN_059.basePlot.vst,2016-08-05,vst_GUAN_2016,D04,GUAN,GUAN_059,NEON.PLA.D04.GUAN.03141B,NA,18.1,130,6.2
48ccbb11-ae75-4cc3-a5bf-7918f98e5621,GUAN_059.basePlot.vst,2016-08-05,vst_GUAN_2016,D04,GUAN,GUAN_059,NEON.PLA.D04.GUAN.03387C,NA,8.6,130,6.9
4658770a-9285-4c2f-8e5c-4d998230c48a,GUAN_059.basePlot.vst,2016-08-05,vst_GUAN_2016,D04,GUAN,GUAN_059,NEON.PLA.D04.GUAN.03128,NA,11.1,165,5.7
c6d9c8b9-3b3d-4e2d-a214-26456583be1e,GUAN_059.basePlot.vst,2016-08-05,vst_GUAN_2016,D04,GUAN,GUAN_059,NEON.PLA.D04.GUAN.03130A,NA,12.0,130,8.7
7ccfbf0e-3f03-46cb-866e-0d8a69228226,GUAN_059.basePlot.vst,2016-08-05,vst_GUAN_2016,D04,GUAN,GUAN_059,NEON.PLA.D04.GUAN.03141D,NA,13.2,130,6.2
5354c27e-8aa6-4641-b874-798d492d5df7,GUAN_059.basePlot.vst,2016-08-05,vst_GUAN_2016,D04,GUAN,GUAN_059,NEON.PLA.D04.GUAN.03124,NA,12.7,130,5.3
79943bde-5602-44d6-835f-ba95d550f9a0,GUAN_059.basePlot.vst,2016-08-05,vst_GUAN_2016,D04,GUAN,GUAN_059,NEON.PLA.D04.GUAN.03139A,NA,20.7,145,6.6
61bfa35d-29d3-4373-8814-41386b7ae65f,GUAN_059.basePlot.vst,2016-08-05,vst_GUAN_2016,D04,GUAN,GUAN_059,NEON.PLA.D04.GUAN.03387B,NA,15.3,130,6.9
193b66ff-122e-4674-8840-8de30842a089,GUAN_059.basePlot.vst,2016-08-05,vst_GUAN_2016,D04,GUAN,GUAN_059,NEON.PLA.D04.GUAN.03145,NA,NA,NA,NA
ff4b3db0-befb-4d69-9eff-9b0d2928c827,GUAN_059.basePlot.vst,2016-08-05,vst_GUAN_2016,D04,GUAN,GUAN_059,NEON.PLA.D04.GUAN.03387A,multi-bole tree,15.8,130,6.9
ba4d814b-7755-4b1a-b694-2c5f29a8f00a,GUAN_059.basePlot.vst,2016-08-05,vst_GUAN_2016,D04,GUAN,GUAN_059,NEON.PLA.D04.GUAN.03386,single bole tree,10.0,130,6.9
9bd1da6e-b58d-494d-ad8a-ed93fed13af6,GUAN_059.basePlot.vst,2016-08-05,vst_GUAN_2016,D04,GUAN,GUAN_059,NEON.PLA.D04.GUAN.03134B,multi-bole tree,4.4,130,6.0
1f707341-89c7-47c2-9b3b-0fc4bc67c7ce,GUAN_059.basePlot.vst,2016-08-05,vst_GUAN_2016,D04,GUAN,GUAN_059,NEON.PLA.D04.GUAN.03134A,multi-bole tree,8.8,130,6.0
eff45065-5b16-4dfd-8666-294345b7b6f5,GUAN_059.basePlot.vst,2016-08-05,vst_GUAN_2016,D04,GUAN,GUAN_059,NEON.PLA.D04.GUAN.03139B,multi-bole tree,11.9,145,6.6
774ecb0b-c25f-4d9f-98fa-4e1f5845d4db,GUAN_059.basePlot.vst,2016-08-05,vst_GUAN_2016,D04,GUAN,GUAN_059,NEON.PLA.D04.GUAN.03141D,multi-bole tree,13.2,130,6.2
3252c71f-88cf-414b-af5e-b6a33de8b2e0,GUAN_059.basePlot.vst,2016-08-05,vst_GUAN_2016,D04,GUAN,GUAN_059,NEON.PLA.D04.GUAN.03131,NA,NA,NA,NA
09abb8f0-ee2c-4350-b480-2b3f7e177e75,GUAN_059.basePlot.vst,2016-08-05,vst_GUAN_2016,D04,GUAN,GUAN_059,NEON.PLA.D04.GUAN.03141,multi-bole tree,28.9,130,6.2
1b45b74e-3925-4c38-8152-ffbf1cc8c37d,GUAN_059.basePlot.vst,2016-08-05,vst_GUAN_2016,D04,GUAN,GUAN_059,NEON.PLA.D04.GUAN.03384,NA,NA,NA,NA
990bda92-343d-4794-b57d-949b23ff6520,GUAN_059.basePlot.vst,2016-08-05,vst_GUAN_2016,D04,GUAN,GUAN_059,NEON.PLA.D04.GUAN.03128A,multi-bole tree,10.0,130,5.7
d39e4f11-3311-439f-996e-ca057861efce,GUAN_059.basePlot.vst,2016-08-05,vst_GUAN_2016,D04,GUAN,GUAN_059,NEON.PLA.D04.GUAN.03133,NA,NA,NA,NA
53692d9c-8ec4-4905-a08b-9677227afe07,GUAN_059.basePlot.vst,2016-08-05,vst_GUAN_2016,D04,GUAN,GUAN_059,NEON.PLA.D04.GUAN.03137,NA,NA,NA,NA
f0b08088-4272-4cd1-84ae-512123ac2ed4,GUAN_059.basePlot.vst,2016-08-05,vst_GUAN_2016,D04,GUAN,GUAN_059,NEON.PLA.D04.GUAN.03141A,multi-bole tree,20.5,130,6.2
44703a8f-dd17-44ac-b8c7-98c61f84b673,GUAN_059.basePlot.vst,2016-08-05,vst_GUAN_2016,D04,GUAN,GUAN_059,NEON.PLA.D04.GUAN.03127,NA,NA,NA,NA
2701f33c-5674-471f-bf5f-65d8efafde14,GUAN_059.basePlot.vst,2016-08-05,vst_GUAN_2016,D04,GUAN,GUAN_059,NEON.PLA.D04.GUAN.03388,NA,NA,NA,NA
23cd1391-8273-45ca-9eff-7ae0927c65b3,GUAN_059.basePlot.vst,2016-08-05,vst_GUAN_2016,D04,GUAN,GUAN_059,NEON.PLA.D04.GUAN.03138,single bole tree,11.0,130,5.5
6d4f09b7-f1c8-4707-a84a-713116d90df4,GUAN_059.basePlot.vst,2016-08-05,vst_GUAN_2016,D04,GUAN,GUAN_059,NEON.PLA.D04.GUAN.03139A,multi-bole tree,20.7,145,6.6
48f479bd-cb2e-4447-b68f-75e90984fc61,GUAN_059.basePlot.vst,2016-08-05,vst_GUAN_2016,D04,GUAN,GUAN_059,NEON.PLA.D04.GUAN.03128B,multi-bole tree,7.0,165,5.7
017502a0-2256-4878-80fd-dbecf81af6b4,GUAN_059.basePlot.vst,2016-08-05,vst_GUAN_2016,D04,GUAN,GUAN_059,NEON.PLA.D04.GUAN.03135,NA,NA,NA,NA
3236ebcd-9c18-49c4-aeeb-59af51ad786c,GUAN_059.basePlot.vst,2016-08-05,vst_GUAN_2016,D04,GUAN,GUAN_059,NEON.PLA.D04.GUAN.03387,multi-bole tree,17.6,130,6.9
59f2d7f6-2682-425d-b822-a694bff085f6,GUAN_059.basePlot.vst,2016-08-05,vst_GUAN_2016,D04,GUAN,GUAN_059,NEON.PLA.D04.GUAN.03139,multi-bole tree,23.3,145,6.6
0ebd141d-531d-4eac-b7cf-060b85f2966b,GUAN_059.basePlot.vst,2016-08-05,vst_GUAN_2016,D04,GUAN,GUAN_059,NEON.PLA.D04.GUAN.03141B,multi-bole tree,18.1,130,6.2
92499f29-cf24-4d6a-b56e-b3aff021b1fa,GUAN_059.basePlot.vst,2016-08-05,vst_GUAN_2016,D04,GUAN,GUAN_059,NEON.PLA.D04.GUAN.03134,multi-bole tree,10.2,130,6.0
f9260b1b-47ed-4a0e-aed4-59303518f1ab,GUAN_059.basePlot.vst,2016-08-05,vst_GUAN_2016,D04,GUAN,GUAN_059,NEON.PLA.D04.GUAN.03124,single bole tree,12.7,130,5.3
190ad554-2963-4dd6-bb87-588b0e3749a1,GUAN_059.basePlot.vst,2016-08-05,vst_GUAN_2016,D04,GUAN,GUAN_059,NEON.PLA.D04.GUAN.03385,NA,NA,NA,NA
c9d81b74-4cc2-4cc6-8643-12f4460febfa,GUAN_059.basePlot.vst,2016-08-05,vst_GUAN_2016,D04,GUAN,GUAN_059,NEON.PLA.D04.GUAN.03139C,multi-bole tree,11.9,135,6.6
60c8aa89-772c-435c-bfa8-260c6f5f6ecf,GUAN_059.basePlot.vst,2016-08-05,vst_GUAN_2016,D04,GUAN,GUAN_059,NEON.PLA.D04.GUAN.03132,NA,NA,NA,NA
c8734166-6a37-4a73-b5e5-f40c475d9a43,GUAN_059.basePlot.vst,2016-08-05,vst_GUAN_2016,D04,GUAN,GUAN_059,NEON.PLA.D04.GUAN.03141C,multi-bole tree,13.5,130,6.2
e23dd8d4-72e3-45a9-9c05-7b530a885765,GUAN_059.basePlot.vst,2016-08-05,vst_GUAN_2016,D04,GUAN,GUAN_059,NEON.PLA.D04.GUAN.03130,multi-bole tree,23.0,130,8.7
9a67fdd6-98b8-493d-809f-1052f3e172a8,GUAN_059.basePlot.vst,2016-08-05,vst_GUAN_2016,D04,GUAN,GUAN_059,NEON.PLA.D04.GUAN.03387C,multi-bole tree,8.6,130,6.9
8ea321b1-2330-48df-a814-68393225c4cb,GUAN_059.basePlot.vst,2016-08-05,vst_GUAN_2016,D04,GUAN,GUAN_059,NEON.PLA.D04.GUAN.03125,single bole tree,10.7,130,5.3
865267b2-8dce-4734-abe2-9b6a1442647c,GUAN_059.basePlot.vst,2016-08-05,vst_GUAN_2016,D04,GUAN,GUAN_059,NEON.PLA.D04.GUAN.03387B,multi-bole tree,15.3,130,6.9
ad037304-b9fe-4fa3-b53b-399fca1a19cc,GUAN_059.basePlot.vst,2016-08-05,vst_GUAN_2016,D04,GUAN,GUAN_059,NEON.PLA.D04.GUAN.03129,NA,NA,NA,NA
8dbaca8e-67ce-40d0-992f-dda5373bcfaa,GUAN_059.basePlot.vst,2016-08-05,vst_GUAN_2016,D04,GUAN,GUAN_059,NEON.PLA.D04.GUAN.03140A,multi-bole tree,7.5,130,5.6
c4153844-8ad6-428c-bc7c-91888dcf1727,GUAN_059.basePlot.vst,2016-08-05,vst_GUAN_2016,D04,GUAN,GUAN_059,NEON.PLA.D04.GUAN.03130A,multi-bole tree,12.0,130,8.7
c1ccc724-fdfb-401d-9ebe-2b7540f776ef,GUAN_059.basePlot.vst,2016-08-05,vst_GUAN_2016,D04,GUAN,GUAN_059,NEON.PLA.D04.GUAN.03128,multi-bole tree,11.1,165,5.7
c763e1b8-b5ce-4712-8271-38e54071a2aa,GUAN_059.basePlot.vst,2016-08-05,vst_GUAN_2016,D04,GUAN,GUAN_059,NEON.PLA.D04.GUAN.03126,NA,NA,NA,NA
193a7084-17bd-43d1-9b0b-fcfa4e99dd94,GUAN_059.basePlot.vst,2016-08-05,vst_GUAN_2016,D04,GUAN,GUAN_059,NEON.PLA.D04.GUAN.03123,NA,NA,NA,NA
30219673-9cca-40ee-8720-51529f96dbf8,GUAN_059.basePlot.vst,2016-08-12,vst_GUAN_2016,D04,GUAN,GUAN_059,NEON.PLA.D04.GUAN.03136,NA,14.0,130,7.4
21faf126-f0d5-497d-a168-cd5c464bfbf1,GUAN_059.basePlot.vst,2016-08-12,vst_GUAN_2016,D04,GUAN,GUAN_059,NEON.PLA.D04.GUAN.03144,NA,NA,NA,NA
476b0df5-2d9d-4283-a3a6-9355b80a1e68,GUAN_059.basePlot.vst,2016-08-12,vst_GUAN_2016,D04,GUAN,GUAN_059,NEON.PLA.D04.GUAN.03136,single bole tree,14.0,130,7.4
507a837b-0071-462c-bb9b-0ed76fd9adb1,GUAN_051.basePlot.vst,2016-08-25,vst_GUAN_2016,D04,GUAN,GUAN_051,NEON.PLA.D04.GUAN.01537,NA,NA,NA,NA
fcfba9da-92fe-4ce4-9007-f00585c10e69,GUAN_051.basePlot.vst,2016-08-25,vst_GUAN_2016,D04,GUAN,GUAN_051,NEON.PLA.D04.GUAN.01529,NA,NA,NA,NA
fe903f06-2a15-473a-8b61-5f409266333a,GUAN_051.basePlot.vst,2016-08-25,vst_GUAN_2016,D04,GUAN,GUAN_051,NEON.PLA.D04.GUAN.01525,single bole tree,15.5,130,5.6
fddce90a-8765-47d2-b864-3fd0481ba594,GUAN_051.basePlot.vst,2016-08-25,vst_GUAN_2016,D04,GUAN,GUAN_051,NEON.PLA.D04.GUAN.01540,single bole tree,10.6,130,6.4
ac1639ba-fd13-4498-bb90-eb04377fe5c7,GUAN_051.basePlot.vst,2016-08-25,vst_GUAN_2016,D04,GUAN,GUAN_051,NEON.PLA.D04.GUAN.01553D,multi-bole tree,8.2,130,4.2
0e331a01-d56d-42af-9ec2-42e6d4d2b778,GUAN_051.basePlot.vst,2016-08-25,vst_GUAN_2016,D04,GUAN,GUAN_051,NEON.PLA.D04.GUAN.05496,single bole tree,11.5,130,4.8
1d73615d-221b-42a7-9f33-10e2c5da6491,GUAN_051.basePlot.vst,2016-08-25,vst_GUAN_2016,D04,GUAN,GUAN_051,NEON.PLA.D04.GUAN.01535,multi-bole tree,21.7,130,7.2
8e5c7a27-97e8-4de9-b1b5-134e9866ce44,GUAN_051.basePlot.vst,2016-08-25,vst_GUAN_2016,D04,GUAN,GUAN_051,NEON.PLA.D04.GUAN.01535E,multi-bole tree,10.5,130,7.2
b4cdcc9d-e162-497a-bf50-9c91b2550480,GUAN_051.basePlot.vst,2016-08-25,vst_GUAN_2016,D04,GUAN,GUAN_051,NEON.PLA.D04.GUAN.01553F,multi-bole tree,2.8,130,4.2
843f38ca-f103-46fc-b9cd-20eca9c9ea8f,GUAN_051.basePlot.vst,2016-08-25,vst_GUAN_2016,D04,GUAN,GUAN_051,NEON.PLA.D04.GUAN.01522A,multi-bole tree,13.1,130,4.9
2ff4e2e7-c80a-480f-a45a-576300cd3c15,GUAN_051.basePlot.vst,2016-08-25,vst_GUAN_2016,D04,GUAN,GUAN_051,NEON.PLA.D04.GUAN.01535A,multi-bole tree,17.0,130,7.2
8f28fb16-8e75-4e49-b447-7ac11a17ddfa,GUAN_051.basePlot.vst,2016-08-25,vst_GUAN_2016,D04,GUAN,GUAN_051,NEON.PLA.D04.GUAN.01553,multi-bole tree,12.5,130,4.2
3cd489ee-703e-433d-bc16-5df51620fe43,GUAN_051.basePlot.vst,2016-08-25,vst_GUAN_2016,D04,GUAN,GUAN_051,NEON.PLA.D04.GUAN.01552,single bole tree,11.0,130,4.5
a506cb02-99e0-4e12-b069-f82b4f9f6d35,GUAN_051.basePlot.vst,2016-08-25,vst_GUAN_2016,D04,GUAN,GUAN_051,NEON.PLA.D04.GUAN.01536,single bole tree,23.2,130,7.9
b92c41f5-550d-4cd9-9215-554023465d22,GUAN_051.basePlot.vst,2016-08-25,vst_GUAN_2016,D04,GUAN,GUAN_051,NEON.PLA.D04.GUAN.01534,NA,10.0,130,4.6
f107157f-61d6-462c-87a3-0a49825262a6,GUAN_051.basePlot.vst,2016-08-25,vst_GUAN_2016,D04,GUAN,GUAN_051,NEON.PLA.D04.GUAN.01527,NA,18.0,130,5.6
0c138cb0-1cd6-49d2-b09d-e5651719e809,GUAN_051.basePlot.vst,2016-08-25,vst_GUAN_2016,D04,GUAN,GUAN_051,NEON.PLA.D04.GUAN.01534,single bole tree,10.0,130,4.6
ff94976d-eb58-44c6-baa3-49345ecc53fb,GUAN_051.basePlot.vst,2016-08-25,vst_GUAN_2016,D04,GUAN,GUAN_051,NEON.PLA.D04.GUAN.01524,NA,NA,NA,NA
8863845b-d0b0-4b4d-a550-a949db6b5be7,GUAN_051.basePlot.vst,2016-08-25,vst_GUAN_2016,D04,GUAN,GUAN_051,NEON.PLA.D04.GUAN.01553C,multi-bole tree,9.5,130,4.2
b8c3e4b1-b8d4-4311-9a08-a98c0811877f,GUAN_051.basePlot.vst,2016-08-25,vst_GUAN_2016,D04,GUAN,GUAN_051,NEON.PLA.D04.GUAN.05495,single bole tree,11.4,130,5.1
6d88ca8a-9f68-4a80-844d-5d1ad7d78259,GUAN_051.basePlot.vst,2016-08-25,vst_GUAN_2016,D04,GUAN,GUAN_051,NEON.PLA.D04.GUAN.01527,single bole tree,18.0,130,5.6
46850fb2-f452-4c94-b0ba-ca0cc45f9ddd,GUAN_051.basePlot.vst,2016-08-25,vst_GUAN_2016,D04,GUAN,GUAN_051,NEON.PLA.D04.GUAN.01522B,multi-bole tree,9.3,130,4.9
b20222f2-bbd2-4951-adf9-d3162929d92b,GUAN_051.basePlot.vst,2016-08-25,vst_GUAN_2016,D04,GUAN,GUAN_051,NEON.PLA.D04.GUAN.01532,single bole tree,12.0,130,4.2
66b24ac0-295e-4f1d-8862-a932972e6193,GUAN_051.basePlot.vst,2016-08-25,vst_GUAN_2016,D04,GUAN,GUAN_051,NEON.PLA.D04.GUAN.01539,single bole tree,29.7,130,7.7
16b36bfe-7401-4b9b-a480-54c9dba681fc,GUAN_051.basePlot.vst,2016-08-25,vst_GUAN_2016,D04,GUAN,GUAN_051,NEON.PLA.D04.GUAN.05498,single bole tree,18.0,130,5.9
dd5961b2-a0e2-459a-8204-3ad1bcba3968,GUAN_051.basePlot.vst,2016-08-25,vst_GUAN_2016,D04,GUAN,GUAN_051,NEON.PLA.D04.GUAN.01535C,multi-bole tree,12.1,130,7.2
ac89dcf1-d363-4551-9965-e837de43302b,GUAN_051.basePlot.vst,2016-08-25,vst_GUAN_2016,D04,GUAN,GUAN_051,NEON.PLA.D04.GUAN.01553B,multi-bole tree,11.2,130,4.2
9eae772f-bf5c-459d-a759-79a1404d8765,GUAN_051.basePlot.vst,2016-08-25,vst_GUAN_2016,D04,GUAN,GUAN_051,NEON.PLA.D04.GUAN.01764,NA,8.0,130,5.3
63065383-eb96-498d-b949-0e06d3fda010,GUAN_051.basePlot.vst,2016-08-25,vst_GUAN_2016,D04,GUAN,GUAN_051,NEON.PLA.D04.GUAN.01531,NA,10.8,130,5.3
0b3f82cf-b84c-413b-ae44-745451912b1f,GUAN_051.basePlot.vst,2016-08-25,vst_GUAN_2016,D04,GUAN,GUAN_051,NEON.PLA.D04.GUAN.01535D,NA,9.5,130,7.2
f39a8774-2c22-44de-b31c-6d7dcd9b95fa,GUAN_051.basePlot.vst,2016-08-25,vst_GUAN_2016,D04,GUAN,GUAN_051,NEON.PLA.D04.GUAN.01535B,NA,14.5,130,7.2
9e836785-12ae-4171-a96c-27e5b8d6a1e9,GUAN_051.basePlot.vst,2016-08-25,vst_GUAN_2016,D04,GUAN,GUAN_051,NEON.PLA.D04.GUAN.01553,NA,12.5,130,4.2
1f38d1a2-00cd-466a-bff7-726e4d7381f9,GUAN_051.basePlot.vst,2016-08-25,vst_GUAN_2016,D04,GUAN,GUAN_051,NEON.PLA.D04.GUAN.01522A,NA,13.1,130,4.9
c58a5ebc-4f7e-403b-9fdc-78b511a1fad7,GUAN_051.basePlot.vst,2016-08-25,vst_GUAN_2016,D04,GUAN,GUAN_051,NEON.PLA.D04.GUAN.01522B,NA,9.3,130,4.9
b3983b31-3837-4a1a-9241-4437314fa4b9,GUAN_051.basePlot.vst,2016-08-25,vst_GUAN_2016,D04,GUAN,GUAN_051,NEON.PLA.D04.GUAN.01553F,NA,2.8,130,4.2
4a2d5386-c871-4e14-8823-3236faf12397,GUAN_051.basePlot.vst,2016-08-25,vst_GUAN_2016,D04,GUAN,GUAN_051,NEON.PLA.D04.GUAN.01553E,NA,8.0,160,4.2
c84a5498-4c92-4046-86fc-2f8e6ac10985,GUAN_051.basePlot.vst,2016-08-25,vst_GUAN_2016,D04,GUAN,GUAN_051,NEON.PLA.D04.GUAN.01531,single bole tree,10.8,130,5.3
492916fa-fec0-4891-bb70-81c8d22a49d1,GUAN_051.basePlot.vst,2016-08-25,vst_GUAN_2016,D04,GUAN,GUAN_051,NEON.PLA.D04.GUAN.01530,NA,NA,NA,NA
33d9a8aa-0133-479e-ab19-00480ce7134f,GUAN_051.basePlot.vst,2016-08-25,vst_GUAN_2016,D04,GUAN,GUAN_051,NEON.PLA.D04.GUAN.01535B,multi-bole tree,14.5,130,7.2
94a198f8-62d2-4b15-9954-4ec33eda8517,GUAN_051.basePlot.vst,2016-08-25,vst_GUAN_2016,D04,GUAN,GUAN_051,NEON.PLA.D04.GUAN.01522,multi-bole tree,14.0,130,4.9
efc6606f-8edc-4128-bacd-dbdcac80bde2,GUAN_051.basePlot.vst,2016-08-25,vst_GUAN_2016,D04,GUAN,GUAN_051,NEON.PLA.D04.GUAN.01553A,multi-bole tree,10.2,160,4.2
6cc9d497-a6b8-42c7-a0f9-e5e1789d5dad,GUAN_051.basePlot.vst,2016-08-25,vst_GUAN_2016,D04,GUAN,GUAN_051,NEON.PLA.D04.GUAN.01551,single bole tree,9.8,160,4.9
c55e91a9-d079-45d4-a6ac-42d1986ae0d7,GUAN_051.basePlot.vst,2016-08-25,vst_GUAN_2016,D04,GUAN,GUAN_051,NEON.PLA.D04.GUAN.01553E,multi-bole tree,8.0,160,4.2
1f2c8b20-17f6-4729-a14e-b3e0873b0c1e,GUAN_051.basePlot.vst,2016-08-25,vst_GUAN_2016,D04,GUAN,GUAN_051,NEON.PLA.D04.GUAN.01540,NA,10.6,130,6.4
b7fa51fc-957e-4913-9517-a41df3e6e8d7,GUAN_051.basePlot.vst,2016-08-25,vst_GUAN_2016,D04,GUAN,GUAN_051,NEON.PLA.D04.GUAN.01536,NA,23.2,130,7.9
7d8a899f-7d92-4e40-8896-6734cdb13fdf,GUAN_051.basePlot.vst,2016-08-25,vst_GUAN_2016,D04,GUAN,GUAN_051,NEON.PLA.D04.GUAN.01535,NA,21.7,130,7.2
a48746cc-a11d-4658-ac8a-45d068442601,GUAN_051.basePlot.vst,2016-08-25,vst_GUAN_2016,D04,GUAN,GUAN_051,NEON.PLA.D04.GUAN.01764,small tree,8.0,130,5.3
2a3697ba-78dc-4a4d-9d31-d525ea9cc5c7,GUAN_051.basePlot.vst,2016-08-25,vst_GUAN_2016,D04,GUAN,GUAN_051,NEON.PLA.D04.GUAN.01535D,multi-bole tree,9.5,130,7.2
c79c2d29-5437-42f4-818c-dc391bd00b8d,GUAN_051.basePlot.vst,2016-08-25,vst_GUAN_2016,D04,GUAN,GUAN_051,NEON.PLA.D04.GUAN.01526,single bole tree,12.6,130,4.8
fb762925-e68e-461c-ad0c-97e9f5a4a779,GUAN_051.basePlot.vst,2016-08-25,vst_GUAN_2016,D04,GUAN,GUAN_051,NEON.PLA.D04.GUAN.01533,single bole tree,22.0,130,7.5
66d6e153-fb21-4b4a-bf13-ac82aaec3917,GUAN_051.basePlot.vst,2016-08-25,vst_GUAN_2016,D04,GUAN,GUAN_051,NEON.PLA.D04.GUAN.01551,NA,9.8,160,4.9
8e22bd48-8fd6-4397-988c-28eef2a36101,GUAN_051.basePlot.vst,2016-08-25,vst_GUAN_2016,D04,GUAN,GUAN_051,NEON.PLA.D04.GUAN.05495,NA,11.4,130,5.1
3311d201-f665-4726-85d4-9876a68f20a5,GUAN_051.basePlot.vst,2016-08-25,vst_GUAN_2016,D04,GUAN,GUAN_051,NEON.PLA.D04.GUAN.01526,NA,12.6,130,4.8
2e0de961-d062-415d-bf19-269320a25be4,GUAN_051.basePlot.vst,2016-08-25,vst_GUAN_2016,D04,GUAN,GUAN_051,NEON.PLA.D04.GUAN.01553A,NA,10.2,160,4.2
e21f6da0-a41d-46ac-b658-12acac1c1d1f,GUAN_051.basePlot.vst,2016-08-25,vst_GUAN_2016,D04,GUAN,GUAN_051,NEON.PLA.D04.GUAN.05496,NA,11.5,130,4.8
bf458f17-7aca-44ae-ab79-0d36962e1df4,GUAN_051.basePlot.vst,2016-08-25,vst_GUAN_2016,D04,GUAN,GUAN_051,NEON.PLA.D04.GUAN.01535A,NA,17.0,130,7.2
6d2e0df0-88f9-40e4-8f76-3457e86927a6,GUAN_051.basePlot.vst,2016-08-25,vst_GUAN_2016,D04,GUAN,GUAN_051,NEON.PLA.D04.GUAN.01522,NA,14.0,130,4.9
2d4362e9-b985-4aa3-8012-c673fc3a4b14,GUAN_051.basePlot.vst,2016-08-25,vst_GUAN_2016,D04,GUAN,GUAN_051,NEON.PLA.D04.GUAN.01533,NA,22.0,130,7.5
786c94c5-5f5a-4796-beb4-e6011efd8aaa,GUAN_051.basePlot.vst,2016-08-25,vst_GUAN_2016,D04,GUAN,GUAN_051,NEON.PLA.D04.GUAN.01535E,NA,10.5,130,7.2
fbaa2f19-32c2-46b3-bd80-9ab0ce898e95,GUAN_051.basePlot.vst,2016-08-25,vst_GUAN_2016,D04,GUAN,GUAN_051,NEON.PLA.D04.GUAN.05498,NA,18.0,130,5.9
48777b08-c428-474b-87f2-5586592daa8a,GUAN_051.basePlot.vst,2016-08-25,vst_GUAN_2016,D04,GUAN,GUAN_051,NEON.PLA.D04.GUAN.01553C,NA,9.5,130,4.2
1e128e56-10ec-437f-ba70-3b4d1b8e26f0,GUAN_051.basePlot.vst,2016-08-25,vst_GUAN_2016,D04,GUAN,GUAN_051,NEON.PLA.D04.GUAN.01539,NA,29.7,130,7.7
8377e9af-9a48-4ee7-ba1a-a5a4c6f6ca3b,GUAN_051.basePlot.vst,2016-08-25,vst_GUAN_2016,D04,GUAN,GUAN_051,NEON.PLA.D04.GUAN.01553D,NA,8.2,130,4.2
9dd38f47-cc6a-4b8e-a478-eda78463af59,GUAN_051.basePlot.vst,2016-08-25,vst_GUAN_2016,D04,GUAN,GUAN_051,NEON.PLA.D04.GUAN.01553B,NA,11.2,130,4.2
189bcc2f-32d2-4240-9730-1cce39e0bbec,GUAN_051.basePlot.vst,2016-08-25,vst_GUAN_2016,D04,GUAN,GUAN_051,NEON.PLA.D04.GUAN.01525,NA,15.5,130,5.6
3bb5dfe5-5908-4ac0-ad6d-ac2073221264,GUAN_051.basePlot.vst,2016-08-25,vst_GUAN_2016,D04,GUAN,GUAN_051,NEON.PLA.D04.GUAN.01552,NA,11.0,130,4.5
d9edef1c-ac25-4686-84fc-57f238bb6959,GUAN_051.basePlot.vst,2016-08-25,vst_GUAN_2016,D04,GUAN,GUAN_051,NEON.PLA.D04.GUAN.01532,NA,12.0,130,4.2
accc7808-6bc0-4d40-a923-3abca8046d89,GUAN_051.basePlot.vst,2016-08-25,vst_GUAN_2016,D04,GUAN,GUAN_051,NEON.PLA.D04.GUAN.01535C,NA,12.1,130,7.2
eb0fef68-81b8-4485-9833-d99dc854b304,GUAN_056.basePlot.vst,2016-08-29,vst_GUAN_2016,D04,GUAN,GUAN_056,NEON.PLA.D04.GUAN.01265,NA,10.4,130,5.4
82d87c34-e348-4b93-a224-fd4c94071f9d,GUAN_051.basePlot.vst,2016-08-29,vst_GUAN_2016,D04,GUAN,GUAN_051,NEON.PLA.D04.GUAN.01548,NA,16.0,130,5.5
8a24fe9f-156b-43fe-92e5-0cc5c22f3e4e,GUAN_056.basePlot.vst,2016-08-29,vst_GUAN_2016,D04,GUAN,GUAN_056,NEON.PLA.D04.GUAN.01267A,NA,11.5,165,3.7
42ce16e4-1a20-48ca-a3a4-214887746d70,GUAN_056.basePlot.vst,2016-08-29,vst_GUAN_2016,D04,GUAN,GUAN_056,NEON.PLA.D04.GUAN.01289,NA,10.0,130,4.4
cad110da-f1be-4d16-80c6-422abb4e7f29,GUAN_056.basePlot.vst,2016-08-29,vst_GUAN_2016,D04,GUAN,GUAN_056,NEON.PLA.D04.GUAN.01285,NA,11.0,130,5.1
675b0501-501f-4e42-84d6-eba0d1b1bb0c,GUAN_051.basePlot.vst,2016-08-29,vst_GUAN_2016,D04,GUAN,GUAN_051,NEON.PLA.D04.GUAN.01538,single bole tree,10.3,130,5.5
bbe93e15-5283-4727-b76f-6f2ceb338da2,GUAN_051.basePlot.vst,2016-08-29,vst_GUAN_2016,D04,GUAN,GUAN_051,NEON.PLA.D04.GUAN.01550A,multi-bole tree,10.1,130,4.2
dd71594a-3f0f-4c15-8815-246d99b635ef,GUAN_051.basePlot.vst,2016-08-29,vst_GUAN_2016,D04,GUAN,GUAN_051,NEON.PLA.D04.GUAN.01548,multi-bole tree,16.0,130,5.5
1dd9b5e4-5b14-4160-9a4c-b66fec06d396,GUAN_051.basePlot.vst,2016-08-29,vst_GUAN_2016,D04,GUAN,GUAN_051,NEON.PLA.D04.GUAN.01546,multi-bole tree,17.4,130,4.8
85085f18-6a10-4b6e-af23-866760cc008f,GUAN_051.basePlot.vst,2016-08-29,vst_GUAN_2016,D04,GUAN,GUAN_051,NEON.PLA.D04.GUAN.01549,single bole tree,14.5,130,6.0
68b7984f-59df-46bc-95d1-fb6b324f825e,GUAN_051.basePlot.vst,2016-08-29,vst_GUAN_2016,D04,GUAN,GUAN_051,NEON.PLA.D04.GUAN.01550,multi-bole tree,10.5,130,4.2
08741c07-09bd-42aa-847b-7358c0210ccf,GUAN_051.basePlot.vst,2016-08-29,vst_GUAN_2016,D04,GUAN,GUAN_051,NEON.PLA.D04.GUAN.01541,NA,NA,NA,NA
b050be0b-5b0a-4cde-a834-1aae1501ba43,GUAN_051.basePlot.vst,2016-08-29,vst_GUAN_2016,D04,GUAN,GUAN_051,NEON.PLA.D04.GUAN.01555A,multi-bole tree,9.5,150,7.8
2356bfd0-054f-4ce2-a2df-5b809556c1e4,GUAN_051.basePlot.vst,2016-08-29,vst_GUAN_2016,D04,GUAN,GUAN_051,NEON.PLA.D04.GUAN.01555,multi-bole tree,11.3,150,7.8
cdb916e2-bb0e-4f16-96db-5938f4843d0f,GUAN_051.basePlot.vst,2016-08-29,vst_GUAN_2016,D04,GUAN,GUAN_051,NEON.PLA.D04.GUAN.01544A,multi-bole tree,7.6,130,5.2
4d81fe5d-27a6-4503-bbd2-c88c131e2e59,GUAN_051.basePlot.vst,2016-08-29,vst_GUAN_2016,D04,GUAN,GUAN_051,NEON.PLA.D04.GUAN.01547,single bole tree,14.8,130,6.0
765aaee4-026e-4807-be67-e4c2db03b584,GUAN_051.basePlot.vst,2016-08-29,vst_GUAN_2016,D04,GUAN,GUAN_051,NEON.PLA.D04.GUAN.01555B,multi-bole tree,6.9,150,7.8
c124e8bd-425c-4c8f-bb3f-0f96aac768e7,GUAN_051.basePlot.vst,2016-08-29,vst_GUAN_2016,D04,GUAN,GUAN_051,NEON.PLA.D04.GUAN.01548A,multi-bole tree,15.0,160,5.5
4625d80b-7af5-484f-84c3-32b1b37dd5b7,GUAN_051.basePlot.vst,2016-08-29,vst_GUAN_2016,D04,GUAN,GUAN_051,NEON.PLA.D04.GUAN.01546A,multi-bole tree,12.0,150,4.8
7ddc0c60-019e-4755-ae70-6fdea1c436ac,GUAN_056.basePlot.vst,2016-08-29,vst_GUAN_2016,D04,GUAN,GUAN_056,NEON.PLA.D04.GUAN.01280,NA,14.6,130,5.8
a8e07417-026e-472f-98f6-200fb23a767e,GUAN_051.basePlot.vst,2016-08-29,vst_GUAN_2016,D04,GUAN,GUAN_051,NEON.PLA.D04.GUAN.01546A,NA,12.0,150,4.8
672fd893-b5bd-4f88-8ce8-97c99d523979,GUAN_056.basePlot.vst,2016-08-29,vst_GUAN_2016,D04,GUAN,GUAN_056,NEON.PLA.D04.GUAN.01267,NA,22.8,130,3.7
1ff37265-1398-42a6-9bf8-d07a1ad8a640,GUAN_051.basePlot.vst,2016-08-29,vst_GUAN_2016,D04,GUAN,GUAN_051,NEON.PLA.D04.GUAN.01548A,NA,15.0,160,5.5
a45dd66c-5445-4afc-bf14-e1b88592542e,GUAN_056.basePlot.vst,2016-08-29,vst_GUAN_2016,D04,GUAN,GUAN_056,NEON.PLA.D04.GUAN.01269A,NA,19.8,130,6.8
f5eba5ca-0ca0-4e84-93a5-6b9ef2e16d7f,GUAN_051.basePlot.vst,2016-08-29,vst_GUAN_2016,D04,GUAN,GUAN_051,NEON.PLA.D04.GUAN.01548B,multi-bole tree,12.1,130,5.5
ddf4ed25-b7e8-43d9-ba0d-003351f3f1f6,GUAN_051.basePlot.vst,2016-08-29,vst_GUAN_2016,D04,GUAN,GUAN_051,NEON.PLA.D04.GUAN.01542,single bole tree,14.5,130,6.1
9d96e318-96fa-4810-aa17-7ad63d6c03fe,GUAN_051.basePlot.vst,2016-08-29,vst_GUAN_2016,D04,GUAN,GUAN_051,NEON.PLA.D04.GUAN.01544B,multi-bole tree,3.4,130,5.2
1ac9b0b2-3db2-4daf-982a-9dc812d8cd99,GUAN_051.basePlot.vst,2016-08-29,vst_GUAN_2016,D04,GUAN,GUAN_051,NEON.PLA.D04.GUAN.01544,multi-bole tree,10.1,130,5.2
2fca0a6d-4cd8-4ff6-9780-d25b37dee7ce,GUAN_051.basePlot.vst,2016-08-29,vst_GUAN_2016,D04,GUAN,GUAN_051,NEON.PLA.D04.GUAN.01548C,multi-bole tree,10.4,130,5.5
740ab2ea-e466-4e69-9deb-8abb214aa07f,GUAN_051.basePlot.vst,2016-08-29,vst_GUAN_2016,D04,GUAN,GUAN_051,NEON.PLA.D04.GUAN.01545,single bole tree,13.1,130,3.6
9df82582-c5ca-4a83-a6ad-b859555c71aa,GUAN_056.basePlot.vst,2016-08-29,vst_GUAN_2016,D04,GUAN,GUAN_056,NEON.PLA.D04.GUAN.01273,single bole tree,11.4,130,6.4
88feb23d-8213-4819-817e-6355e69b93e9,GUAN_056.basePlot.vst,2016-08-29,vst_GUAN_2016,D04,GUAN,GUAN_056,NEON.PLA.D04.GUAN.01285,single bole tree,11.0,130,5.1
eb7977d3-4f00-421d-985c-37152a45d3f2,GUAN_056.basePlot.vst,2016-08-29,vst_GUAN_2016,D04,GUAN,GUAN_056,NEON.PLA.D04.GUAN.01275,single bole tree,19.0,130,5.2
940ef90a-bd84-4b3b-8154-f50b2f5ead5d,GUAN_056.basePlot.vst,2016-08-29,vst_GUAN_2016,D04,GUAN,GUAN_056,NEON.PLA.D04.GUAN.01260,single bole tree,21.3,130,7.4
07797032-256a-47e8-be0f-717cd5b8989d,GUAN_056.basePlot.vst,2016-08-29,vst_GUAN_2016,D04,GUAN,GUAN_056,NEON.PLA.D04.GUAN.01267A,multi-bole tree,11.5,165,3.7
7d325210-a016-4fdb-8a92-e2c96d6732bf,GUAN_056.basePlot.vst,2016-08-29,vst_GUAN_2016,D04,GUAN,GUAN_056,NEON.PLA.D04.GUAN.01278,NA,NA,NA,NA
dcab6a59-65cc-48c8-ae3e-0c6ff37ef07a,GUAN_056.basePlot.vst,2016-08-29,vst_GUAN_2016,D04,GUAN,GUAN_056,NEON.PLA.D04.GUAN.01269A,multi-bole tree,19.8,130,6.8
a8a016a3-e23f-4ce9-a816-bceb0e97557f,GUAN_056.basePlot.vst,2016-08-29,vst_GUAN_2016,D04,GUAN,GUAN_056,NEON.PLA.D04.GUAN.01279A,multi-bole tree,9.3,130,6.6
baaad0e9-4b33-4075-b3eb-d11deada83ab,GUAN_056.basePlot.vst,2016-08-29,vst_GUAN_2016,D04,GUAN,GUAN_056,NEON.PLA.D04.GUAN.01289,single bole tree,10.0,130,4.4
bb6adfa7-182d-4f6f-a84c-75d66dba2e2a,GUAN_056.basePlot.vst,2016-08-29,vst_GUAN_2016,D04,GUAN,GUAN_056,NEON.PLA.D04.GUAN.01279A,NA,9.3,130,6.6
c0fc4d2c-1021-490e-bd4e-26424434c320,GUAN_051.basePlot.vst,2016-08-29,vst_GUAN_2016,D04,GUAN,GUAN_051,NEON.PLA.D04.GUAN.01538,NA,10.3,130,5.5
9956adc5-85f7-47e1-9800-bde554362671,GUAN_051.basePlot.vst,2016-08-29,vst_GUAN_2016,D04,GUAN,GUAN_051,NEON.PLA.D04.GUAN.01542,NA,14.5,130,6.1
c43359a1-21a0-443f-bb2d-e426a21f239b,GUAN_056.basePlot.vst,2016-08-29,vst_GUAN_2016,D04,GUAN,GUAN_056,NEON.PLA.D04.GUAN.01260,NA,21.3,130,7.4
91a1b025-b4bc-44a3-abf4-85306535d193,GUAN_056.basePlot.vst,2016-08-29,vst_GUAN_2016,D04,GUAN,GUAN_056,NEON.PLA.D04.GUAN.01262A,NA,13.2,130,5.9
f70b2346-50d4-4517-825a-5ef4fd68d757,GUAN_056.basePlot.vst,2016-08-29,vst_GUAN_2016,D04,GUAN,GUAN_056,NEON.PLA.D04.GUAN.01298,NA,28.2,130,6.3
2c0b4b70-ff76-4f4d-aecc-20f53fd33b9d,GUAN_051.basePlot.vst,2016-08-29,vst_GUAN_2016,D04,GUAN,GUAN_051,NEON.PLA.D04.GUAN.01548B,NA,12.1,130,5.5
1d02b818-7fee-4f29-a6c1-946a96e878a7,GUAN_051.basePlot.vst,2016-08-29,vst_GUAN_2016,D04,GUAN,GUAN_051,NEON.PLA.D04.GUAN.01547,NA,14.8,130,6.0
4d9f2f44-74db-433b-96d8-9427567e14b4,GUAN_056.basePlot.vst,2016-08-29,vst_GUAN_2016,D04,GUAN,GUAN_056,NEON.PLA.D04.GUAN.01287,NA,10.4,130,7.2
18cf81c0-69be-4fcd-82bb-70e2a92e42f0,GUAN_051.basePlot.vst,2016-08-29,vst_GUAN_2016,D04,GUAN,GUAN_051,NEON.PLA.D04.GUAN.01544A,NA,7.6,130,5.2
88552e2c-ea08-4996-ad21-1321a41c725d,GUAN_056.basePlot.vst,2016-08-29,vst_GUAN_2016,D04,GUAN,GUAN_056,NEON.PLA.D04.GUAN.01284,NA,17.0,130,4.8
5d8d2648-711e-4409-a89f-b704ce4d824f,GUAN_056.basePlot.vst,2016-08-29,vst_GUAN_2016,D04,GUAN,GUAN_056,NEON.PLA.D04.GUAN.01270,NA,13.8,130,14.0
9bbdc14c-a00b-4fc4-adb7-61be404e87ec,GUAN_056.basePlot.vst,2016-08-29,vst_GUAN_2016,D04,GUAN,GUAN_056,NEON.PLA.D04.GUAN.01279,NA,20.5,130,6.6
4f051850-6c90-45fe-97e8-d92bb00b0c0d,GUAN_056.basePlot.vst,2016-08-29,vst_GUAN_2016,D04,GUAN,GUAN_056,NEON.PLA.D04.GUAN.01275,NA,19.0,130,5.2
60497825-b839-47c7-aa50-5682914e9b10,GUAN_056.basePlot.vst,2016-08-29,vst_GUAN_2016,D04,GUAN,GUAN_056,NEON.PLA.D04.GUAN.01274,NA,23.0,130,6.3
2687e1b3-a94c-4e31-9d68-02f6273965bc,GUAN_056.basePlot.vst,2016-08-29,vst_GUAN_2016,D04,GUAN,GUAN_056,NEON.PLA.D04.GUAN.01283,NA,11.0,130,4.3
9769c425-3238-45ab-b69f-134c9dc82cf0,GUAN_056.basePlot.vst,2016-08-29,vst_GUAN_2016,D04,GUAN,GUAN_056,NEON.PLA.D04.GUAN.01269,NA,23.2,130,6.8
c7613f26-5988-47ce-93a5-c7adf89d9263,GUAN_056.basePlot.vst,2016-08-29,vst_GUAN_2016,D04,GUAN,GUAN_056,NEON.PLA.D04.GUAN.01263,single bole tree,11.0,140,5.9
3aa050b1-74af-4b7e-8729-c047c1ac6a39,GUAN_056.basePlot.vst,2016-08-29,vst_GUAN_2016,D04,GUAN,GUAN_056,NEON.PLA.D04.GUAN.01287,single bole tree,10.4,130,7.2
92f733c0-1eb3-4369-a06d-0e1abebc4934,GUAN_056.basePlot.vst,2016-08-29,vst_GUAN_2016,D04,GUAN,GUAN_056,NEON.PLA.D04.GUAN.01271,single bole tree,11.2,130,6.0
b15fdb45-2886-4f16-b92c-451779490197,GUAN_056.basePlot.vst,2016-08-29,vst_GUAN_2016,D04,GUAN,GUAN_056,NEON.PLA.D04.GUAN.01261,single bole tree,22.8,130,6.9
c7b59f47-578e-4799-97cc-3ae7a9079a18,GUAN_056.basePlot.vst,2016-08-29,vst_GUAN_2016,D04,GUAN,GUAN_056,NEON.PLA.D04.GUAN.01264,multi-bole tree,12.5,140,5.2
600b676b-78b1-4c2c-a19a-d4630622e0bf,GUAN_056.basePlot.vst,2016-08-29,vst_GUAN_2016,D04,GUAN,GUAN_056,NEON.PLA.D04.GUAN.01276,single bole tree,11.8,130,5.9
47dc24e0-3f15-4ec2-aa35-0fd681f364e5,GUAN_056.basePlot.vst,2016-08-29,vst_GUAN_2016,D04,GUAN,GUAN_056,NEON.PLA.D04.GUAN.01281,NA,NA,NA,NA
244e5245-6e93-419d-bdbc-9500e7222420,GUAN_056.basePlot.vst,2016-08-29,vst_GUAN_2016,D04,GUAN,GUAN_056,NEON.PLA.D04.GUAN.01270,single bole tree,13.8,130,14.0
4cd369c5-c355-4a4a-9623-3ed67a7b7310,GUAN_056.basePlot.vst,2016-08-29,vst_GUAN_2016,D04,GUAN,GUAN_056,NEON.PLA.D04.GUAN.01279,multi-bole tree,20.5,130,6.6
2dff048c-3191-41b1-8f32-844d4124257c,GUAN_056.basePlot.vst,2016-08-29,vst_GUAN_2016,D04,GUAN,GUAN_056,NEON.PLA.D04.GUAN.01264D,multi-bole tree,7.0,140,5.2
5fd159a0-f468-49fc-8dbb-387164353c09,GUAN_056.basePlot.vst,2016-08-29,vst_GUAN_2016,D04,GUAN,GUAN_056,NEON.PLA.D04.GUAN.01267,multi-bole tree,22.8,130,3.7
bcfe777f-557d-4534-8221-92099eba0658,GUAN_056.basePlot.vst,2016-08-29,vst_GUAN_2016,D04,GUAN,GUAN_056,NEON.PLA.D04.GUAN.01283,single bole tree,11.0,130,4.3
9f6b7c13-4b89-4b0c-bb15-0734333debd2,GUAN_056.basePlot.vst,2016-08-29,vst_GUAN_2016,D04,GUAN,GUAN_056,NEON.PLA.D04.GUAN.01264C,multi-bole tree,9.0,140,5.2
3c4b3e4a-b068-416f-8fb3-71b932b2dcce,GUAN_051.basePlot.vst,2016-08-29,vst_GUAN_2016,D04,GUAN,GUAN_051,NEON.PLA.D04.GUAN.01555B,NA,6.9,150,7.8
5c5486c1-581a-4042-aa5f-0ca4d7f2e315,GUAN_056.basePlot.vst,2016-08-29,vst_GUAN_2016,D04,GUAN,GUAN_056,NEON.PLA.D04.GUAN.01264C,NA,9.0,140,5.2
eddb7da8-9e43-4561-8f0e-8f73f660137f,GUAN_051.basePlot.vst,2016-08-29,vst_GUAN_2016,D04,GUAN,GUAN_051,NEON.PLA.D04.GUAN.01544B,NA,3.4,130,5.2
8352396e-a1e1-4057-b41e-df391bce4ad9,GUAN_056.basePlot.vst,2016-08-29,vst_GUAN_2016,D04,GUAN,GUAN_056,NEON.PLA.D04.GUAN.01277,NA,10.7,130,6.1
9ea662ff-a4be-414f-b9cd-89a7e69b807a,GUAN_056.basePlot.vst,2016-08-29,vst_GUAN_2016,D04,GUAN,GUAN_056,NEON.PLA.D04.GUAN.01272,NA,11.7,130,7.3
79e2287a-fd91-4a2d-990e-746bcab1d753,GUAN_056.basePlot.vst,2016-08-29,vst_GUAN_2016,D04,GUAN,GUAN_056,NEON.PLA.D04.GUAN.01264A,NA,11.1,150,5.2
71d9554d-d761-4636-8834-693591266c2c,GUAN_051.basePlot.vst,2016-08-29,vst_GUAN_2016,D04,GUAN,GUAN_051,NEON.PLA.D04.GUAN.01550,NA,10.5,130,4.2
498afea5-5aa9-4854-8298-fff05ca5c7ab,GUAN_051.basePlot.vst,2016-08-29,vst_GUAN_2016,D04,GUAN,GUAN_051,NEON.PLA.D04.GUAN.01555A,NA,9.5,150,7.8
40a23684-fd38-49ad-8885-48f004f0ebc2,GUAN_056.basePlot.vst,2016-08-29,vst_GUAN_2016,D04,GUAN,GUAN_056,NEON.PLA.D04.GUAN.01264D,NA,7.0,140,5.2
2c02e622-5dd6-4d92-bf21-a6c04518b504,GUAN_051.basePlot.vst,2016-08-29,vst_GUAN_2016,D04,GUAN,GUAN_051,NEON.PLA.D04.GUAN.01544,NA,10.1,130,5.2
3751787d-6b0f-4298-8343-5ad41bb68d8e,GUAN_056.basePlot.vst,2016-08-29,vst_GUAN_2016,D04,GUAN,GUAN_056,NEON.PLA.D04.GUAN.01271,NA,11.2,130,6.0
552b609d-e2f7-4398-8a0b-945bd5355920,GUAN_051.basePlot.vst,2016-08-29,vst_GUAN_2016,D04,GUAN,GUAN_051,NEON.PLA.D04.GUAN.01548C,NA,10.4,130,5.5
3dca015f-ac08-48a5-854a-e73296a8e931,GUAN_051.basePlot.vst,2016-08-29,vst_GUAN_2016,D04,GUAN,GUAN_051,NEON.PLA.D04.GUAN.01546,NA,17.4,130,4.8
42bf896d-8666-4d20-aaf1-024f1eea49da,GUAN_056.basePlot.vst,2016-08-29,vst_GUAN_2016,D04,GUAN,GUAN_056,NEON.PLA.D04.GUAN.01264B,NA,10.5,150,5.2
846f8377-8423-42b7-871d-a4c51b4d66c4,GUAN_056.basePlot.vst,2016-08-29,vst_GUAN_2016,D04,GUAN,GUAN_056,NEON.PLA.D04.GUAN.01277,single bole tree,10.7,130,6.1
6fbb87b6-08d3-4fb4-9f9a-ee5237f80b49,GUAN_056.basePlot.vst,2016-08-29,vst_GUAN_2016,D04,GUAN,GUAN_056,NEON.PLA.D04.GUAN.01264B,multi-bole tree,10.5,150,5.2
a72343da-9989-4851-8ec2-ab0c65e081a8,GUAN_056.basePlot.vst,2016-08-29,vst_GUAN_2016,D04,GUAN,GUAN_056,NEON.PLA.D04.GUAN.01269,multi-bole tree,23.2,130,6.8
f163387f-bb3a-42b7-8c62-aab906f456b6,GUAN_056.basePlot.vst,2016-08-29,vst_GUAN_2016,D04,GUAN,GUAN_056,NEON.PLA.D04.GUAN.01284,single bole tree,17.0,130,4.8
54bc72d7-dd91-4e3a-b066-2bfb365e3583,GUAN_056.basePlot.vst,2016-08-29,vst_GUAN_2016,D04,GUAN,GUAN_056,NEON.PLA.D04.GUAN.01272,single bole tree,11.7,130,7.3
86019f24-4bca-4e21-918f-f12e1cfe8fb8,GUAN_056.basePlot.vst,2016-08-29,vst_GUAN_2016,D04,GUAN,GUAN_056,NEON.PLA.D04.GUAN.01273,NA,11.4,130,6.4
c2d5aa4a-7021-428d-9637-234b6ff67964,GUAN_056.basePlot.vst,2016-08-29,vst_GUAN_2016,D04,GUAN,GUAN_056,NEON.PLA.D04.GUAN.01276,NA,11.8,130,5.9
e5e7b397-4113-48be-9f52-d5b4153f86f4,GUAN_056.basePlot.vst,2016-08-29,vst_GUAN_2016,D04,GUAN,GUAN_056,NEON.PLA.D04.GUAN.01261,NA,22.8,130,6.9
f6598faa-919c-44ae-b440-14a2ba2cb92d,GUAN_051.basePlot.vst,2016-08-29,vst_GUAN_2016,D04,GUAN,GUAN_051,NEON.PLA.D04.GUAN.01555,NA,11.3,150,7.8
7604d867-02b8-499a-b529-1117ce31b641,GUAN_056.basePlot.vst,2016-08-29,vst_GUAN_2016,D04,GUAN,GUAN_056,NEON.PLA.D04.GUAN.01264,NA,12.5,140,5.2
9616d450-e804-4789-9489-3890b3014395,GUAN_051.basePlot.vst,2016-08-29,vst_GUAN_2016,D04,GUAN,GUAN_051,NEON.PLA.D04.GUAN.01545,NA,13.1,130,3.6
32d92f10-9b4d-46de-bcc7-93c61eba7c97,GUAN_056.basePlot.vst,2016-08-29,vst_GUAN_2016,D04,GUAN,GUAN_056,NEON.PLA.D04.GUAN.01263,NA,11.0,140,5.9
1986ec43-c434-405c-9138-405023c731c1,GUAN_051.basePlot.vst,2016-08-29,vst_GUAN_2016,D04,GUAN,GUAN_051,NEON.PLA.D04.GUAN.01550A,NA,10.1,130,4.2
e351d567-2ca5-4c15-b94f-d3c8648b55f2,GUAN_051.basePlot.vst,2016-08-29,vst_GUAN_2016,D04,GUAN,GUAN_051,NEON.PLA.D04.GUAN.01549,NA,14.5,130,6.0
d58e3e08-6743-4086-827d-641c39a034ce,GUAN_056.basePlot.vst,2016-08-29,vst_GUAN_2016,D04,GUAN,GUAN_056,NEON.PLA.D04.GUAN.01265,single bole tree,10.4,130,5.4
6cc74bed-c12c-4460-8cec-c857ed4a49a4,GUAN_056.basePlot.vst,2016-08-29,vst_GUAN_2016,D04,GUAN,GUAN_056,NEON.PLA.D04.GUAN.01280,single bole tree,14.6,130,5.8
591df6b7-4fda-4acd-a7a2-5f7acb254bbb,GUAN_056.basePlot.vst,2016-08-29,vst_GUAN_2016,D04,GUAN,GUAN_056,NEON.PLA.D04.GUAN.01298,single bole tree,28.2,130,6.3
cf1d4ef4-5ab2-42e9-a2d1-90caa5b8bb8a,GUAN_056.basePlot.vst,2016-08-29,vst_GUAN_2016,D04,GUAN,GUAN_056,NEON.PLA.D04.GUAN.01264A,multi-bole tree,11.1,150,5.2
c5ef5b1a-daed-42d4-817f-7906b3c0b40e,GUAN_056.basePlot.vst,2016-08-29,vst_GUAN_2016,D04,GUAN,GUAN_056,NEON.PLA.D04.GUAN.01274,single bole tree,23.0,130,6.3
d57fbf37-bd3e-4f87-870d-d3570d2f0263,GUAN_056.basePlot.vst,2016-08-29,vst_GUAN_2016,D04,GUAN,GUAN_056,NEON.PLA.D04.GUAN.01262A,multi-bole tree,13.2,130,5.9
