uid,namedLocation,date,eventID,domainID,siteID,plotID,individualID,growthForm,stemDiameter,measurementHeight,height
a61247dc-31b4-4147-8904-88c563da618f,BLAN_052.basePlot.vst,2018-09-04,vst_BLAN_2018,D02,BLAN,BLAN_052,NEON.PLA.D02.BLAN.08167,single bole tree,13.2,130,7.4
c36076ad-fc36-47ce-80d4-96399f9179e8,BLAN_052.basePlot.vst,2018-09-04,vst_BLAN_2018,D02,BLAN,BLAN_052,NEON.PLA.D02.BLAN.00082,multi-bole tree,13.8,130,7.3
423cdebc-ba0d-4616-8a94-b938165a0585,BLAN_052.basePlot.vst,2018-09-04,vst_BLAN_2018,D02,BLAN,BLAN_052,NEON.PLA.D02.BLAN.13191,single bole tree,12.0,130,7.3
ca1c4b8e-cd75-4b9c-99bc-7bd9fa3730ed,BLAN_052.basePlot.vst,2018-09-04,vst_BLAN_2018,D02,BLAN,BLAN_052,NEON.PLA.D02.BLAN.08226,single bole tree,13.7,130,6.3
4f86f3f7-11a1-44f6-b2e2-5b999a0ef813,BLAN_052.basePlot.vst,2018-09-04,vst_BLAN_2018,D02,BLAN,BLAN_052,NEON.PLA.D02.BLAN.08218,single bole tree,16.1,130,8.2
1fdf1f14-ab8a-41a9-99a0-eaee77f04af3,BLAN_052.basePlot.vst,2018-09-04,vst_BLAN_2018,D02,BLAN,BLAN_052,NEON.PLA.D02.BLAN.08168,single bole tree,19.4,130,8.1
39d1987f-545f-4598-8834-f55900fc269c,BLAN_050.basePlot.vst,2018-09-05,vst_BLAN_2018,D02,BLAN,BLAN_050,NEON.PLA.D02.BLAN.08326,single shrub,6.4,130,4.9
4f563663-ae4a-4f89-abe8-03bb4289b60d,BLAN_050.basePlot.vst,2018-09-05,vst_BLAN_2018,D02,BLAN,BLAN_050,NEON.PLA.D02.BLAN.08246,single shrub,4.1,130,4.9
0abf7f85-5551-4dda-8e63-c55ad0ffc5ca,BLAN_050.basePlot.vst,2018-09-05,vst_BLAN_2018,D02,BLAN,BLAN_050,NEON.PLA.D02.BLAN.08241,single shrub,5.3,130,5.3
88a7b295-bf5c-4500-8416-7f643985ba7c,BLAN_050.basePlot.vst,2018-09-05,vst_BLAN_2018,D02,BLAN,BLAN_050,NEON.PLA.D02.BLAN.08242,single shrub,3.9,130,5.6
779f218d-7de5-461c-ab59-f36fd1e73ab0,BLAN_050.basePlot.vst,2018-09-05,vst_BLAN_2018,D02,BLAN,BLAN_050,NEON.PLA.D02.BLAN.08249,single shrub,2.2,130,2.7
3aa6adec-5acb-4f10-8e2c-e955f023291f,BLAN_050.basePlot.vst,2018-09-05,vst_BLAN_2018,D02,BLAN,BLAN_050,NEON.PLA.D02.BLAN.12237,multi-bole tree,13.2,95,6.1
c74d9a39-26c1-49f1-9cbe-d14b68437959,BLAN_050.basePlot.vst,2018-09-05,vst_BLAN_2018,D02,BLAN,BLAN_050,NEON.PLA.D02.BLAN.12237B,multi-bole tree,5.0,160,6.1
d5d4af48-6d1f-40ac-9be4-3812f08f54b8,BLAN_050.basePlot.vst,2018-09-05,vst_BLAN_2018,D02,BLAN,BLAN_050,NEON.PLA.D02.BLAN.08249,single shrub,1.7,130,2.7
881e32c1-fe7e-4f8c-bf08-de577d9b895c,BLAN_050.basePlot.vst,2018-09-05,vst_BLAN_2018,D02,BLAN,BLAN_050,NEON.PLA.D02.BLAN.12237A,multi-bole tree,8.0,130,6.1
dfa4c140-4908-41d7-9e20-5404aba1ed62,BLAN_050.basePlot.vst,2018-09-05,vst_BLAN_2018,D02,BLAN,BLAN_050,NEON.PLA.D02.BLAN.08339,single shrub,3.0,130,4.3
b6f18b2f-ef33-4ef3-b956-5d465be3966f,BLAN_050.basePlot.vst,2018-09-05,vst_BLAN_2018,D02,BLAN,BLAN_050,NEON.PLA.D02.BLAN.08324,single shrub,3.1,130,3.9
027c311a-e103-4441-9a11-a0a8aec4ebc0,BLAN_050.basePlot.vst,2018-09-05,vst_BLAN_2018,D02,BLAN,BLAN_050,NEON.PLA.D02.BLAN.08324,single shrub,4.6,130,3.9
1b47d464-96cd-456c-b927-e7fa2800f14f,BLAN_050.basePlot.vst,2018-09-05,vst_BLAN_2018,D02,BLAN,BLAN_050,NEON.PLA.D02.BLAN.08330,single shrub,6.3,130,5.5
12e5cd7b-c5ce-4fd2-b772-b21b3fa685be,BLAN_050.basePlot.vst,2018-09-05,vst_BLAN_2018,D02,BLAN,BLAN_050,NEON.PLA.D02.BLAN.08327,single shrub,1.2,130,2.3
4fc475d4-2dbc-4d28-a187-da015fe93500,BLAN_050.basePlot.vst,2018-09-05,vst_BLAN_2018,D02,BLAN,BLAN_050,NEON.PLA.D02.BLAN.08326,single shrub,4.1,130,4.9
be0d5506-3367-4a92-b816-52f30f7cd332,BLAN_050.basePlot.vst,2018-09-05,vst_BLAN_2018,D02,BLAN,BLAN_050,NEON.PLA.D02.BLAN.08241,single shrub,2.0,130,5.3
16bc23d0-a8ff-410e-adaa-d5318dc3d11e,BLAN_050.basePlot.vst,2018-09-05,vst_BLAN_2018,D02,BLAN,BLAN_050,NEON.PLA.D02.BLAN.00090,multi-bole tree,11.7,180,8.6
acbd96c6-5e94-4004-94de-02b942103ba6,BLAN_050.basePlot.vst,2018-09-05,vst_BLAN_2018,D02,BLAN,BLAN_050,NEON.PLA.D02.BLAN.08326,single shrub,4.6,130,4.9
089f0315-925e-43f8-98db-21963e069180,BLAN_050.basePlot.vst,2018-09-05,vst_BLAN_2018,D02,BLAN,BLAN_050,NEON.PLA.D02.BLAN.08241,single shrub,3.8,130,5.3
7db55832-e87b-49b2-8451-d130be87c31a,BLAN_050.basePlot.vst,2018-09-05,vst_BLAN_2018,D02,BLAN,BLAN_050,NEON.PLA.D02.BLAN.08242,single shrub,4.5,130,5.6
76125e9a-e76a-4b53-a92b-40dc86ce9a1f,BLAN_050.basePlot.vst,2018-09-05,vst_BLAN_2018,D02,BLAN,BLAN_050,NEON.PLA.D02.BLAN.08325,small tree,5.4,130,6.1
7ebc3928-e540-4a79-bbbb-cbbb93e9c306,BLAN_050.basePlot.vst,2018-09-05,vst_BLAN_2018,D02,BLAN,BLAN_050,NEON.PLA.D02.BLAN.08241,single shrub,1.7,130,5.3
680a157b-95c6-4b2e-8613-131ebb927c13,BLAN_050.basePlot.vst,2018-09-05,vst_BLAN_2018,D02,BLAN,BLAN_050,NEON.PLA.D02.BLAN.08324,single shrub,2.3,130,3.9
f6756743-bd2c-46bc-9a9d-0524fb5fb43b,BLAN_050.basePlot.vst,2018-09-05,vst_BLAN_2018,D02,BLAN,BLAN_050,NEON.PLA.D02.BLAN.08253,single shrub,5.1,130,5.0
ea91e3ab-272b-44ae-b322-8e7b9cefa2d5,BLAN_050.basePlot.vst,2018-09-05,vst_BLAN_2018,D02,BLAN,BLAN_050,NEON.PLA.D02.BLAN.08250,single shrub,2.4,130,3.8
ab2b6c9d-c734-461a-89da-67021871b62b,BLAN_050.basePlot.vst,2018-09-05,vst_BLAN_2018,D02,BLAN,BLAN_050,NEON.PLA.D02.BLAN.08250,single shrub,3.5,130,3.8
b6535585-8fb6-4a2c-9764-5528114bcbe4,BLAN_050.basePlot.vst,2018-09-05,vst_BLAN_2018,D02,BLAN,BLAN_050,NEON.PLA.D02.BLAN.08328,single shrub,1.5,130,1.8
cd080868-ad34-44d8-a76e-2d4f18de633f,BLAN_050.basePlot.vst,2018-09-05,vst_BLAN_2018,D02,BLAN,BLAN_050,NEON.PLA.D02.BLAN.08248,small tree,6.4,130,5.5
8bb8262c-a499-4f63-a7cc-491b4fba6ec3,BLAN_050.basePlot.vst,2018-09-05,vst_BLAN_2018,D02,BLAN,BLAN_050,NEON.PLA.D02.BLAN.08327,single shrub,1.5,130,2.3
21966a10-7728-48a1-93c3-7903fde7c05c,BLAN_050.basePlot.vst,2018-09-05,vst_BLAN_2018,D02,BLAN,BLAN_050,NEON.PLA.D02.BLAN.08241,single shrub,6.0,130,5.3
19fcd0c4-5d93-451f-8c31-fb2e1c49cf9f,BLAN_050.basePlot.vst,2018-09-05,vst_BLAN_2018,D02,BLAN,BLAN_050,NEON.PLA.D02.BLAN.08241,single shrub,6.5,130,5.3
6ef117f6-1b1c-4f53-ae4d-1a4fe855b02a,BLAN_050.basePlot.vst,2018-09-05,vst_BLAN_2018,D02,BLAN,BLAN_050,NEON.PLA.D02.BLAN.08246,single shrub,6.3,130,4.9
a776cbab-e0c5-4c70-9416-054df9318209,BLAN_050.basePlot.vst,2018-09-05,vst_BLAN_2018,D02,BLAN,BLAN_050,NEON.PLA.D02.BLAN.08339,single shrub,3.2,130,4.3
db868e0b-6498-4258-bea7-869408709d9e,BLAN_050.basePlot.vst,2018-09-05,vst_BLAN_2018,D02,BLAN,BLAN_050,NEON.PLA.D02.BLAN.08335,single shrub,2.3,130,3.5
68e8ceac-0395-44b3-b7b0-d06fec200ad8,BLAN_050.basePlot.vst,2018-09-05,vst_BLAN_2018,D02,BLAN,BLAN_050,NEON.PLA.D02.BLAN.08244,single shrub,8.2,130,5.5
95121427-e77b-4ed6-8930-dd2a7abc335e,BLAN_050.basePlot.vst,2018-09-05,vst_BLAN_2018,D02,BLAN,BLAN_050,NEON.PLA.D02.BLAN.08326,single shrub,6.4,130,4.9
186b5558-8e1b-4a60-8dda-9f8dab29dfbf,BLAN_050.basePlot.vst,2018-09-05,vst_BLAN_2018,D02,BLAN,BLAN_050,NEON.PLA.D02.BLAN.08242,single shrub,2.2,130,5.6
3b0bd25c-1296-4628-af30-723893a3c645,BLAN_050.basePlot.vst,2018-09-05,vst_BLAN_2018,D02,BLAN,BLAN_050,NEON.PLA.D02.BLAN.08324,single shrub,3.8,130,3.9
2803927d-1d96-4111-b0e2-c8e929a343a5,BLAN_050.basePlot.vst,2018-09-06,vst_BLAN_2018,D02,BLAN,BLAN_050,NEON.PLA.D02.BLAN.13159A,multi-bole tree,12.2,130,7.2
37994d05-b0ea-4ed2-a87b-6a6b1b705d9d,BLAN_050.basePlot.vst,2018-09-06,vst_BLAN_2018,D02,BLAN,BLAN_050,NEON.PLA.D02.BLAN.08235,single shrub,5.4,130,6.1
d7472dd3-797e-4dc4-9aa9-cfb33f32d166,BLAN_050.basePlot.vst,2018-09-06,vst_BLAN_2018,D02,BLAN,BLAN_050,NEON.PLA.D02.BLAN.08233,single shrub,1.5,130,2.7
f97b1a59-d319-406e-bea5-b1b154838e73,BLAN_050.basePlot.vst,2018-09-06,vst_BLAN_2018,D02,BLAN,BLAN_050,NEON.PLA.D02.BLAN.08240,single shrub,5.3,130,5.7
0e076078-59c3-4148-916a-d03ffe807c01,BLAN_050.basePlot.vst,2018-09-06,vst_BLAN_2018,D02,BLAN,BLAN_050,NEON.PLA.D02.BLAN.08256,single shrub,4.7,130,4.0
ce4bd1d4-09f0-4112-b735-f1f486b624ca,BLAN_050.basePlot.vst,2018-09-06,vst_BLAN_2018,D02,BLAN,BLAN_050,NEON.PLA.D02.BLAN.08240,single shrub,3.2,130,5.7
6b88c7a5-c0ae-47e5-a5eb-4e4650959be6,BLAN_050.basePlot.vst,2018-09-06,vst_BLAN_2018,D02,BLAN,BLAN_050,NEON.PLA.D02.BLAN.08233,single shrub,1.6,130,2.7
5ef2b6e2-af35-4daf-86c6-ac89db431330,BLAN_050.basePlot.vst,2018-09-06,vst_BLAN_2018,D02,BLAN,BLAN_050,NEON.PLA.D02.BLAN.08235,single shrub,5.2,130,6.1
7a21dd5b-4e6c-4ad9-b9b6-28f780dcc284,BLAN_050.basePlot.vst,2018-09-06,vst_BLAN_2018,D02,BLAN,BLAN_050,NEON.PLA.D02.BLAN.13159,multi-bole tree,15.4,130,7.2
a4e86f53-990a-4f64-bc34-575b2596aa66,BLAN_050.basePlot.vst,2018-09-06,vst_BLAN_2018,D02,BLAN,BLAN_050,NEON.PLA.D02.BLAN.08234,single shrub,1.5,130,3.0
966c300c-7caf-4ca6-bb52-f05b50b5d021,BLAN_035.basePlot.vst,2018-09-06,vst_BLAN_2018,D02,BLAN,BLAN_035,NEON.PLA.D02.BLAN.13298,single bole tree,13.1,130,8.3
06f1cae9-a01c-4f71-a86c-1aa7f27eabed,BLAN_057.basePlot.vst,2018-09-06,vst_BLAN_2018,D02,BLAN,BLAN_057,NEON.PLA.D02.BLAN.05384,single shrub,4.4,130,4.4
a47af424-6346-4b66-8fb5-f64c27df34e4,BLAN_057.basePlot.vst,2018-09-06,vst_BLAN_2018,D02,BLAN,BLAN_057,NEON.PLA.D02.BLAN.13591,single bole tree,11.5,130,4.4
b61d54de-4934-4361-beea-954052aa6221,BLAN_057.basePlot.vst,2018-09-06,vst_BLAN_2018,D02,BLAN,BLAN_057,NEON.PLA.D02.BLAN.05393,single shrub,4.1,130,4.1
4f35ce13-b87c-4da5-be95-a01a4e02d3f6,BLAN_057.basePlot.vst,2018-09-06,vst_BLAN_2018,D02,BLAN,BLAN_057,NEON.PLA.D02.BLAN.05375,single shrub,2.2,130,5.1
f8a45732-c7d8-4811-84d0-eac1d7a20a05,BLAN_057.basePlot.vst,2018-09-06,vst_BLAN_2018,D02,BLAN,BLAN_057,NEON.PLA.D02.BLAN.05379,single shrub,4.7,130,4.5
7cd3f7a2-f159-4de0-926f-cdb7fa44aacb,BLAN_057.basePlot.vst,2018-09-06,vst_BLAN_2018,D02,BLAN,BLAN_057,NEON.PLA.D02.BLAN.05375,single shrub,3.9,130,5.1
dfb53011-441f-47f0-b522-e851a1f4e9fb,BLAN_057.basePlot.vst,2018-09-06,vst_BLAN_2018,D02,BLAN,BLAN_057,NEON.PLA.D02.BLAN.05381,single shrub,1.4,130,2.6
314c7f12-c85a-486d-9c18-007d04fa00bc,BLAN_057.basePlot.vst,2018-09-06,vst_BLAN_2018,D02,BLAN,BLAN_057,NEON.PLA.D02.BLAN.05389,single shrub,9.5,130,5.0
c37191a7-e303-4438-970e-c6e2cccb605a,BLAN_057.basePlot.vst,2018-09-06,vst_BLAN_2018,D02,BLAN,BLAN_057,NEON.PLA.D02.BLAN.05379,single shrub,4.0,130,4.5
8354fdb0-40f7-4b47-8440-3910984919e8,BLAN_057.basePlot.vst,2018-09-06,vst_BLAN_2018,D02,BLAN,BLAN_057,NEON.PLA.D02.BLAN.05386,NA,NA,NA,NA
f0c9a74a-8dd4-4af2-a1ae-775b31c02ebe,BLAN_057.basePlot.vst,2018-09-06,vst_BLAN_2018,D02,BLAN,BLAN_057,NEON.PLA.D02.BLAN.05375,single shrub,3.6,130,5.1
bd31cab5-d98a-444b-ae32-7127aec43614,BLAN_057.basePlot.vst,2018-09-06,vst_BLAN_2018,D02,BLAN,BLAN_057,NEON.PLA.D02.BLAN.05392,single shrub,1.0,130,1.9
288facfc-47c2-44a2-825d-ab3973857bb7,BLAN_050.basePlot.vst,2018-09-06,vst_BLAN_2018,D02,BLAN,BLAN_050,NEON.PLA.D02.BLAN.08255,single shrub,4.5,130,5.0
01cf4b40-662e-4505-a54f-4cd7a4c2b24d,BLAN_050.basePlot.vst,2018-09-06,vst_BLAN_2018,D02,BLAN,BLAN_050,NEON.PLA.D02.BLAN.08235,single shrub,3.9,130,6.1
e013842b-6486-439d-955d-473fc145e215,BLAN_050.basePlot.vst,2018-09-06,vst_BLAN_2018,D02,BLAN,BLAN_050,NEON.PLA.D02.BLAN.08255,single shrub,2.7,130,5.0
a6cd9c67-be7e-4b42-84e2-7af528b0dc77,BLAN_050.basePlot.vst,2018-09-06,vst_BLAN_2018,D02,BLAN,BLAN_050,NEON.PLA.D02.BLAN.08236,single shrub,1.5,130,2.5
7c8fc2ed-8b83-42c9-8b2b-6c049d286123,BLAN_050.basePlot.vst,2018-09-06,vst_BLAN_2018,D02,BLAN,BLAN_050,NEON.PLA.D02.BLAN.12188,multi-bole tree,11.3,130,7.5
51fda16d-746e-486c-b922-80babe1f5300,BLAN_050.basePlot.vst,2018-09-06,vst_BLAN_2018,D02,BLAN,BLAN_050,NEON.PLA.D02.BLAN.08235,single shrub,5.9,130,6.1
6dc3c2ac-4f8c-47d9-a3bb-1f97680c1e9d,BLAN_050.basePlot.vst,2018-09-06,vst_BLAN_2018,D02,BLAN,BLAN_050,NEON.PLA.D02.BLAN.08236,single shrub,1.5,130,2.5
7d52ffd0-d3c0-4f70-accd-fbf3ffe03969,BLAN_050.basePlot.vst,2018-09-06,vst_BLAN_2018,D02,BLAN,BLAN_050,NEON.PLA.D02.BLAN.08255,single shrub,1.7,130,5.0
7191baae-5f78-482b-8e71-9b785ec2858c,BLAN_050.basePlot.vst,2018-09-06,vst_BLAN_2018,D02,BLAN,BLAN_050,NEON.PLA.D02.BLAN.08240,single shrub,1.5,130,5.7
582c2352-4a63-41bf-ba16-28e84d034364,BLAN_050.basePlot.vst,2018-09-06,vst_BLAN_2018,D02,BLAN,BLAN_050,NEON.PLA.D02.BLAN.13159B,multi-bole tree,8.7,140,7.2
411e32b3-9b36-4eda-a90c-d44e0946a1cf,BLAN_057.basePlot.vst,2018-09-06,vst_BLAN_2018,D02,BLAN,BLAN_057,NEON.PLA.D02.BLAN.05382,single shrub,3.6,130,4.3
b08e3020-75d2-4023-8829-05b6c87f855d,BLAN_057.basePlot.vst,2018-09-06,vst_BLAN_2018,D02,BLAN,BLAN_057,NEON.PLA.D02.BLAN.05390,single shrub,3.8,130,4.1
90109bb4-411a-4fb5-9b4f-1577294bf66f,BLAN_057.basePlot.vst,2018-09-06,vst_BLAN_2018,D02,BLAN,BLAN_057,NEON.PLA.D02.BLAN.05382,single shrub,2.7,130,4.3
882bbbc4-840e-4af6-a9d4-fb9a2cc26826,BLAN_057.basePlot.vst,2018-09-06,vst_BLAN_2018,D02,BLAN,BLAN_057,NEON.PLA.D02.BLAN.05375,single shrub,3.5,130,5.1
2d090f7b-1165-4d04-bb4d-58d5c962d0d9,BLAN_057.basePlot.vst,2018-09-06,vst_BLAN_2018,D02,BLAN,BLAN_057,NEON.PLA.D02.BLAN.05382,single shrub,3.7,130,4.3
b0212b88-1c45-46dd-9aca-1a1dcab180a8,BLAN_057.basePlot.vst,2018-09-06,vst_BLAN_2018,D02,BLAN,BLAN_057,NEON.PLA.D02.BLAN.05387,single shrub,3.7,130,3.7
c06de3ff-1c47-42eb-8bf9-73eba26b7201,BLAN_057.basePlot.vst,2018-09-06,vst_BLAN_2018,D02,BLAN,BLAN_057,NEON.PLA.D02.BLAN.05388,single shrub,3.9,130,4.4
c4f775e5-cce0-4335-8399-d557399d5887,BLAN_057.basePlot.vst,2018-09-06,vst_BLAN_2018,D02,BLAN,BLAN_057,NEON.PLA.D02.BLAN.05394,single shrub,3.6,130,3.9
a2a464d0-f380-4565-b915-ba7a94d44b1b,BLAN_057.basePlot.vst,2018-09-06,vst_BLAN_2018,D02,BLAN,BLAN_057,NEON.PLA.D02.BLAN.05384,single shrub,3.9,130,4.4
dd1cd746-6b70-4468-8fa2-0a6d5ba6a6a5,BLAN_057.basePlot.vst,2018-09-06,vst_BLAN_2018,D02,BLAN,BLAN_057,NEON.PLA.D02.BLAN.05380,small shrub,NA,NA,0.6
cc955f9d-c8f9-4688-89b5-874b6cb25649,BLAN_057.basePlot.vst,2018-09-06,vst_BLAN_2018,D02,BLAN,BLAN_057,NEON.PLA.D02.BLAN.05384,single shrub,3.6,130,4.4
49e56d98-78b3-4a70-83ca-0e1bea0789d7,BLAN_057.basePlot.vst,2018-09-06,vst_BLAN_2018,D02,BLAN,BLAN_057,NEON.PLA.D02.BLAN.05393,single shrub,3.0,130,4.1
fdc02121-ed97-459b-a77a-7de8f404e3ce,BLAN_057.basePlot.vst,2018-09-06,vst_BLAN_2018,D02,BLAN,BLAN_057,NEON.PLA.D02.BLAN.05378,single shrub,4.1,130,4.8
f48708b4-821e-46cb-888c-662c4ae39eb6,BLAN_057.basePlot.vst,2018-09-06,vst_BLAN_2018,D02,BLAN,BLAN_057,NEON.PLA.D02.BLAN.05385,single shrub,1.2,130,2.3
2e92a419-1e8c-421e-9bc5-dd2e29c874d7,BLAN_057.basePlot.vst,2018-09-06,vst_BLAN_2018,D02,BLAN,BLAN_057,NEON.PLA.D02.BLAN.05387,single shrub,4.7,130,3.7
1cda89a4-bfb3-4dc8-8214-a333840eee03,BLAN_057.basePlot.vst,2018-09-06,vst_BLAN_2018,D02,BLAN,BLAN_057,NEON.PLA.D02.BLAN.05376,single shrub,2.1,130,4.3
dc0e6149-da18-4d66-b947-e148f03027b6,BLAN_057.basePlot.vst,2018-09-06,vst_BLAN_2018,D02,BLAN,BLAN_057,NEON.PLA.D02.BLAN.05381,single shrub,1.4,130,2.6
d81aef64-ff57-4215-abe2-a232215fa9f6,BLAN_057.basePlot.vst,2018-09-06,vst_BLAN_2018,D02,BLAN,BLAN_057,NEON.PLA.D02.BLAN.05383,single shrub,1.6,130,3.4
1bc0d914-4c2c-45a3-ae64-8b7bad4eced8,BLAN_057.basePlot.vst,2018-09-06,vst_BLAN_2018,D02,BLAN,BLAN_057,NEON.PLA.D02.BLAN.05379,single shrub,3.0,130,4.5
1cfc6748-35d7-4aee-be54-ffa7400cac12,BLAN_057.basePlot.vst,2018-09-06,vst_BLAN_2018,D02,BLAN,BLAN_057,NEON.PLA.D02.BLAN.05391,single shrub,1.0,130,1.4
11b0bbad-c4de-49c2-97ce-26662cac6fdc,BLAN_057.basePlot.vst,2018-09-06,vst_BLAN_2018,D02,BLAN,BLAN_057,NEON.PLA.D02.BLAN.05384,single shrub,4.0,130,4.4
3d487e08-2c2f-4699-91bf-ff217ad65ca7,BLAN_057.basePlot.vst,2018-09-06,vst_BLAN_2018,D02,BLAN,BLAN_057,NEON.PLA.D02.BLAN.05390,single shrub,3.2,130,4.1
5fe83413-7b79-4d47-a76e-3b27e1b9878f,BLAN_057.basePlot.vst,2018-09-06,vst_BLAN_2018,D02,BLAN,BLAN_057,NEON.PLA.D02.BLAN.05387,single shrub,3.4,130,3.7
ef90fc0e-0dc8-4e37-a753-22a378cb1545,BLAN_057.basePlot.vst,2018-09-06,vst_BLAN_2018,D02,BLAN,BLAN_057,NEON.PLA.D02.BLAN.05379,single shrub,4.3,130,4.5
5062464b-1ba4-40a1-927c-52c6f8846779,BLAN_057.basePlot.vst,2018-09-06,vst_BLAN_2018,D02,BLAN,BLAN_057,NEON.PLA.D02.BLAN.05381,single shrub,1.1,130,2.6
82828f11-66ad-4667-8ee3-16f6948f527c,BLAN_057.basePlot.vst,2018-09-06,vst_BLAN_2018,D02,BLAN,BLAN_057,NEON.PLA.D02.BLAN.05376,single shrub,2.3,130,4.3
87a4e9de-ec61-469e-94e5-2381cc1c9f1b,BLAN_057.basePlot.vst,2018-09-07,vst_BLAN_2018,D02,BLAN,BLAN_057,NEON.PLA.D02.BLAN.08418,single shrub,3.6,130,4.2
02a5ad35-e636-4fef-85a6-c14ebbf6c2a3,BLAN_057.basePlot.vst,2018-09-07,vst_BLAN_2018,D02,BLAN,BLAN_057,NEON.PLA.D02.BLAN.08408,single shrub,3.0,130,3.1
0d66ff99-f80b-4e14-9d7c-2b9c648a665e,BLAN_057.basePlot.vst,2018-09-07,vst_BLAN_2018,D02,BLAN,BLAN_057,NEON.PLA.D02.BLAN.05371,single shrub,3.7,130,2.4
b2089e08-4c82-4953-9932-52143dfa3f70,BLAN_057.basePlot.vst,2018-09-07,vst_BLAN_2018,D02,BLAN,BLAN_057,NEON.PLA.D02.BLAN.08403,single shrub,3.9,130,4.5
353c7e11-ac1d-4e41-a16c-7b70433a7e1d,BLAN_057.basePlot.vst,2018-09-07,vst_BLAN_2018,D02,BLAN,BLAN_057,NEON.PLA.D02.BLAN.05369,single shrub,1.5,130,3.5
4ea5a08f-0ac3-41ba-8ba5-52da9e1f34bc,BLAN_057.basePlot.vst,2018-09-07,vst_BLAN_2018,D02,BLAN,BLAN_057,NEON.PLA.D02.BLAN.08421,single shrub,2.4,130,3.8
bfb816f5-9664-49a6-a50d-74c8576d14f4,BLAN_057.basePlot.vst,2018-09-07,vst_BLAN_2018,D02,BLAN,BLAN_057,NEON.PLA.D02.BLAN.05370,single shrub,3.6,130,3.5
809798fb-887a-46ac-b08e-66e905bbe892,BLAN_057.basePlot.vst,2018-09-07,vst_BLAN_2018,D02,BLAN,BLAN_057,NEON.PLA.D02.BLAN.08408,single shrub,1.5,130,3.1
cd003ba2-800d-414f-a274-7685d6ee1965,BLAN_057.basePlot.vst,2018-09-07,vst_BLAN_2018,D02,BLAN,BLAN_057,NEON.PLA.D02.BLAN.05372,single bole tree,10.3,130,4.8
d2157b50-b0a9-463a-9b59-3c98c0565c53,BLAN_057.basePlot.vst,2018-09-07,vst_BLAN_2018,D02,BLAN,BLAN_057,NEON.PLA.D02.BLAN.08411,single shrub,1.5,130,4.5
cedf8e3b-ff50-4c52-b6f9-67ecdcab1b22,BLAN_057.basePlot.vst,2018-09-07,vst_BLAN_2018,D02,BLAN,BLAN_057,NEON.PLA.D02.BLAN.08419,single shrub,1.7,130,3.0
324483fb-18c6-4d52-97a2-c62dc85e084f,BLAN_057.basePlot.vst,2018-09-07,vst_BLAN_2018,D02,BLAN,BLAN_057,NEON.PLA.D02.BLAN.08402,single shrub,4.2,130,4.4
67e627e3-caec-4136-85a1-8be037e872d2,BLAN_057.basePlot.vst,2018-09-07,vst_BLAN_2018,D02,BLAN,BLAN_057,NEON.PLA.D02.BLAN.05369,single shrub,1.0,130,3.5
b328f6a3-0eeb-4af4-9548-b3159549af4a,BLAN_057.basePlot.vst,2018-09-07,vst_BLAN_2018,D02,BLAN,BLAN_057,NEON.PLA.D02.BLAN.08407,single shrub,6.7,130,4.6
c7ee1ace-26af-4242-a6f3-11d98da41d39,BLAN_057.basePlot.vst,2018-09-07,vst_BLAN_2018,D02,BLAN,BLAN_057,NEON.PLA.D02.BLAN.05369,single shrub,2.0,130,3.5
05c3163a-8284-49c6-a9cb-fb50fad56bc8,BLAN_057.basePlot.vst,2018-09-07,vst_BLAN_2018,D02,BLAN,BLAN_057,NEON.PLA.D02.BLAN.08402,single shrub,4.0,130,4.4
aa2a9908-b601-43e0-9180-453ef2b068c7,BLAN_057.basePlot.vst,2018-09-07,vst_BLAN_2018,D02,BLAN,BLAN_057,NEON.PLA.D02.BLAN.08411,single shrub,5.0,130,4.5
ffc6626e-376b-4dc7-87aa-2a0ab55ad0a3,BLAN_057.basePlot.vst,2018-09-07,vst_BLAN_2018,D02,BLAN,BLAN_057,NEON.PLA.D02.BLAN.08403,single shrub,4.8,130,4.5
d01444d6-4d88-4723-87b0-6d978c236950,BLAN_057.basePlot.vst,2018-09-07,vst_BLAN_2018,D02,BLAN,BLAN_057,NEON.PLA.D02.BLAN.08421,single shrub,3.0,130,3.8
ce08b360-064e-4c0d-abfc-03bf5fe57f3d,BLAN_057.basePlot.vst,2018-09-07,vst_BLAN_2018,D02,BLAN,BLAN_057,NEON.PLA.D02.BLAN.08419,single shrub,1.7,130,3.0
7f82ae7a-4fc9-40f6-b284-34ff088ad8c7,BLAN_057.basePlot.vst,2018-09-07,vst_BLAN_2018,D02,BLAN,BLAN_057,NEON.PLA.D02.BLAN.05369,single shrub,1.9,130,3.5
9f59aa77-d324-44f1-b613-c1a61d872697,BLAN_057.basePlot.vst,2018-09-07,vst_BLAN_2018,D02,BLAN,BLAN_057,NEON.PLA.D02.BLAN.08408,single shrub,2.7,130,3.1
dbf9476d-a546-49f0-a8da-004554822da5,BLAN_057.basePlot.vst,2018-09-07,vst_BLAN_2018,D02,BLAN,BLAN_057,NEON.PLA.D02.BLAN.05369,single shrub,1.7,130,3.5
7db44753-32b9-4913-9973-8385b95f6dc7,BLAN_057.basePlot.vst,2018-09-07,vst_BLAN_2018,D02,BLAN,BLAN_057,NEON.PLA.D02.BLAN.05374,single shrub,1.8,130,2.8
b642b031-a599-44f5-8dd9-eed178531b97,BLAN_057.basePlot.vst,2018-09-07,vst_BLAN_2018,D02,BLAN,BLAN_057,NEON.PLA.D02.BLAN.05370,single shrub,1.1,130,3.5
467466cf-7d58-4b05-aff5-5f66add715f1,BLAN_057.basePlot.vst,2018-09-07,vst_BLAN_2018,D02,BLAN,BLAN_057,NEON.PLA.D02.BLAN.08418,single shrub,2.7,130,4.2
4235378d-ddf2-433c-ace7-85875e102bc1,BLAN_057.basePlot.vst,2018-09-07,vst_BLAN_2018,D02,BLAN,BLAN_057,NEON.PLA.D02.BLAN.05374,single shrub,1.2,130,2.8
c046498a-528d-4a52-a784-a25e41f1f0f5,BLAN_057.basePlot.vst,2018-09-07,vst_BLAN_2018,D02,BLAN,BLAN_057,NEON.PLA.D02.BLAN.05371,single shrub,1.6,130,2.4
9c2ad8cc-ae17-44a9-bfdd-976ac1d9a825,BLAN_057.basePlot.vst,2018-09-07,vst_BLAN_2018,D02,BLAN,BLAN_057,NEON.PLA.D02.BLAN.05371,single shrub,2.7,130,2.4
05c881b1-1ea8-40cd-a67e-cae60e6709bd,BLAN_057.basePlot.vst,2018-09-07,vst_BLAN_2018,D02,BLAN,BLAN_057,NEON.PLA.D02.BLAN.05374,single shrub,1.8,130,2.8
eb4e17bc-4913-43bb-9e83-595e8ef343be,BLAN_057.basePlot.vst,2018-09-07,vst_BLAN_2018,D02,BLAN,BLAN_057,NEON.PLA.D02.BLAN.05374,single shrub,2.2,130,2.8
4320838e-e95e-43b8-9b89-8c09663c8b23,BLAN_057.basePlot.vst,2018-09-07,vst_BLAN_2018,D02,BLAN,BLAN_057,NEON.PLA.D02.BLAN.08413,single shrub,3.7,130,5.4
8092df86-a087-4dac-96d7-479592cd61f3,BLAN_057.basePlot.vst,2018-09-10,vst_BLAN_2018,D02,BLAN,BLAN_057,NEON.PLA.D02.BLAN.05367,single shrub,7.9,130,4.9
e2456506-539d-4455-a82d-c4fc0a038290,BLAN_057.basePlot.vst,2018-09-10,vst_BLAN_2018,D02,BLAN,BLAN_057,NEON.PLA.D02.BLAN.05357,NA,NA,NA,NA
12131248-39cb-471f-b262-93ce8ebe20be,BLAN_057.basePlot.vst,2018-09-10,vst_BLAN_2018,D02,BLAN,BLAN_057,NEON.PLA.D02.BLAN.05362,single shrub,2.9,130,5.6
c98bbe31-86f6-42dd-8f0c-b81afc0286a8,BLAN_057.basePlot.vst,2018-09-10,vst_BLAN_2018,D02,BLAN,BLAN_057,NEON.PLA.D02.BLAN.05358,small shrub,NA,NA,0.5
d3663b91-62b7-4314-8ecf-4eea0063bfb7,BLAN_057.basePlot.vst,2018-09-10,vst_BLAN_2018,D02,BLAN,BLAN_057,NEON.PLA.D02.BLAN.08432,single shrub,2.1,130,4.1
f6fc293f-242a-4c21-9c4a-5ff52e716a9a,BLAN_057.basePlot.vst,2018-09-10,vst_BLAN_2018,D02,BLAN,BLAN_057,NEON.PLA.D02.BLAN.05355,single shrub,2.6,130,3.4
2949b8d2-60fe-4c17-a95e-9dad12d143d2,BLAN_057.basePlot.vst,2018-09-10,vst_BLAN_2018,D02,BLAN,BLAN_057,NEON.PLA.D02.BLAN.05352,single shrub,1.2,130,2.5
fa5f8461-5e4c-4ab7-874f-5ffc31425aa2,BLAN_057.basePlot.vst,2018-09-10,vst_BLAN_2018,D02,BLAN,BLAN_057,NEON.PLA.D02.BLAN.05365,single shrub,2.3,130,3.2
f1b4ec44-7713-4f39-b8c6-d8eeb5287ec8,BLAN_057.basePlot.vst,2018-09-10,vst_BLAN_2018,D02,BLAN,BLAN_057,NEON.PLA.D02.BLAN.05360,single shrub,1.7,130,3.5
1455003e-aa62-4c08-87f0-17ba5f434f91,BLAN_057.basePlot.vst,2018-09-10,vst_BLAN_2018,D02,BLAN,BLAN_057,NEON.PLA.D02.BLAN.08433,small shrub,NA,NA,2.8
c322d98f-e5b8-404c-98f8-bbc198ba3f27,BLAN_057.basePlot.vst,2018-09-10,vst_BLAN_2018,D02,BLAN,BLAN_057,NEON.PLA.D02.BLAN.05353,single shrub,5.3,130,4.3
32f566eb-8d01-4c06-a6ba-97f95cd8638f,BLAN_057.basePlot.vst,2018-09-10,vst_BLAN_2018,D02,BLAN,BLAN_057,NEON.PLA.D02.BLAN.05349,single shrub,4.6,130,4.9
606d0fa9-01ae-484d-bdc3-309823bafe7a,BLAN_057.basePlot.vst,2018-09-10,vst_BLAN_2018,D02,BLAN,BLAN_057,NEON.PLA.D02.BLAN.08430,single shrub,1.0,130,4.5
903de3cb-614e-4bed-a172-7c3dcf4e4647,BLAN_057.basePlot.vst,2018-09-10,vst_BLAN_2018,D02,BLAN,BLAN_057,NEON.PLA.D02.BLAN.05347,single shrub,5.8,130,4.9
c41c2abf-5d8a-42f0-af35-de386447e3bf,BLAN_057.basePlot.vst,2018-09-10,vst_BLAN_2018,D02,BLAN,BLAN_057,NEON.PLA.D02.BLAN.05351,single shrub,5.5,130,4.6
2ca450be-81b4-4fda-8c4f-d364f7b8c929,BLAN_057.basePlot.vst,2018-09-10,vst_BLAN_2018,D02,BLAN,BLAN_057,NEON.PLA.D02.BLAN.05351,single shrub,4.6,130,4.6
5efdfe19-0897-4c1c-8187-aee0999e5a7a,BLAN_057.basePlot.vst,2018-09-10,vst_BLAN_2018,D02,BLAN,BLAN_057,NEON.PLA.D02.BLAN.00166,single shrub,1.7,130,3.5
ea7bbde5-41c3-4eda-934b-fe77e24c2a8a,BLAN_057.basePlot.vst,2018-09-10,vst_BLAN_2018,D02,BLAN,BLAN_057,NEON.PLA.D02.BLAN.08431,single shrub,4.0,130,3.4
e44ac5a5-223e-4110-a5bd-d651d1f0ad75,BLAN_057.basePlot.vst,2018-09-10,vst_BLAN_2018,D02,BLAN,BLAN_057,NEON.PLA.D02.BLAN.05361,single shrub,2.5,130,4.6
6ad24a9d-33b2-420a-b4ce-ce4afed9de76,BLAN_057.basePlot.vst,2018-09-10,vst_BLAN_2018,D02,BLAN,BLAN_057,NEON.PLA.D02.BLAN.05348,single shrub,1.7,130,2.9
b47696bf-65b4-45f4-b830-cb74169a2d73,BLAN_057.basePlot.vst,2018-09-10,vst_BLAN_2018,D02,BLAN,BLAN_057,NEON.PLA.D02.BLAN.08432,single shrub,2.2,130,4.1
2e375417-bd1c-4b7d-a2fb-e1d81afe535e,BLAN_057.basePlot.vst,2018-09-10,vst_BLAN_2018,D02,BLAN,BLAN_057,NEON.PLA.D02.BLAN.08432,single shrub,2.5,130,4.1
76707274-1bac-46b8-b450-07360f6ae632,BLAN_057.basePlot.vst,2018-09-10,vst_BLAN_2018,D02,BLAN,BLAN_057,NEON.PLA.D02.BLAN.08415,small shrub,NA,NA,0.8
84eff1ce-46b6-40ec-8e50-699c17ed6592,BLAN_057.basePlot.vst,2018-09-10,vst_BLAN_2018,D02,BLAN,BLAN_057,NEON.PLA.D02.BLAN.05359,single shrub,5.1,130,4.1
79fceef1-408f-4375-a271-e1b90ab01e0c,BLAN_057.basePlot.vst,2018-09-10,vst_BLAN_2018,D02,BLAN,BLAN_057,NEON.PLA.D02.BLAN.05355,single shrub,1.4,130,3.4
1764575b-75fe-4938-a2d0-5878371007d3,BLAN_057.basePlot.vst,2018-09-10,vst_BLAN_2018,D02,BLAN,BLAN_057,NEON.PLA.D02.BLAN.05364,single shrub,2.6,130,3.1
7acdaf28-adba-4c51-9c51-f97244714d13,BLAN_057.basePlot.vst,2018-09-10,vst_BLAN_2018,D02,BLAN,BLAN_057,NEON.PLA.D02.BLAN.08424,single shrub,1.0,130,4.1
50ec139b-84f6-4de5-9cac-f0cadf0549eb,BLAN_057.basePlot.vst,2018-09-10,vst_BLAN_2018,D02,BLAN,BLAN_057,NEON.PLA.D02.BLAN.05361,single shrub,2.6,130,4.6
edda6f40-7703-4a63-b448-31d8d8159fc4,BLAN_057.basePlot.vst,2018-09-10,vst_BLAN_2018,D02,BLAN,BLAN_057,NEON.PLA.D02.BLAN.08414,single shrub,2.9,130,4.3
0c8279ec-33fc-43de-a446-92b78bce1428,BLAN_057.basePlot.vst,2018-09-10,vst_BLAN_2018,D02,BLAN,BLAN_057,NEON.PLA.D02.BLAN.05360,single shrub,1.7,130,3.5
67352cbb-bb49-4843-a09b-ac541803577a,BLAN_057.basePlot.vst,2018-09-10,vst_BLAN_2018,D02,BLAN,BLAN_057,NEON.PLA.D02.BLAN.08420,small shrub,NA,NA,1.3
2f54fafa-0b7e-4457-8a12-5ff326d5c5dc,BLAN_057.basePlot.vst,2018-09-10,vst_BLAN_2018,D02,BLAN,BLAN_057,NEON.PLA.D02.BLAN.05367,single shrub,5.9,130,4.9
54449873-8ffa-4f20-9727-b74f379afdb0,BLAN_057.basePlot.vst,2018-09-10,vst_BLAN_2018,D02,BLAN,BLAN_057,NEON.PLA.D02.BLAN.05361,single shrub,5.3,133,4.6
3981d295-445d-4405-a6d8-15605f291dde,BLAN_057.basePlot.vst,2018-09-10,vst_BLAN_2018,D02,BLAN,BLAN_057,NEON.PLA.D02.BLAN.05361,single shrub,6.4,130,4.6
7fc5c4f0-7034-4e5e-b733-dbc1c17d2ab6,BLAN_057.basePlot.vst,2018-09-10,vst_BLAN_2018,D02,BLAN,BLAN_057,NEON.PLA.D02.BLAN.05362,single shrub,2.9,130,5.6
d85be724-2890-4016-b3ec-7047f239c227,BLAN_057.basePlot.vst,2018-09-10,vst_BLAN_2018,D02,BLAN,BLAN_057,NEON.PLA.D02.BLAN.05355,single shrub,1.3,130,3.4
cc87a616-fcd5-458c-a816-ae7a6f0e3850,BLAN_057.basePlot.vst,2018-09-10,vst_BLAN_2018,D02,BLAN,BLAN_057,NEON.PLA.D02.BLAN.08432,single shrub,2.2,130,4.1
4ece49b5-df27-473d-8147-af6c35b7aa11,BLAN_057.basePlot.vst,2018-09-10,vst_BLAN_2018,D02,BLAN,BLAN_057,NEON.PLA.D02.BLAN.05366,single shrub,2.6,130,3.3
79cc8e43-d8bf-4929-ab2a-15fec7549e9a,BLAN_057.basePlot.vst,2018-09-10,vst_BLAN_2018,D02,BLAN,BLAN_057,NEON.PLA.D02.BLAN.08416,small shrub,NA,NA,1.4
d905a3f1-eae4-4c2c-a2ed-92fb76f92906,BLAN_057.basePlot.vst,2018-09-10,vst_BLAN_2018,D02,BLAN,BLAN_057,NEON.PLA.D02.BLAN.08431,single shrub,2.2,130,3.4
45c6a479-dc49-4b72-8a05-dbc173ae6775,BLAN_057.basePlot.vst,2018-09-10,vst_BLAN_2018,D02,BLAN,BLAN_057,NEON.PLA.D02.BLAN.05350,single shrub,3.5,130,4.4
b0e58faf-7297-4997-ab69-eefc61d135b9,BLAN_057.basePlot.vst,2018-09-10,vst_BLAN_2018,D02,BLAN,BLAN_057,NEON.PLA.D02.BLAN.05367,single shrub,6.3,130,4.9
55bca023-462c-4e18-a482-a014210d050f,BLAN_057.basePlot.vst,2018-09-10,vst_BLAN_2018,D02,BLAN,BLAN_057,NEON.PLA.D02.BLAN.08417,single shrub,1.3,130,3.8
511760c1-8a79-4d52-bc69-4aa8a7f7c618,BLAN_057.basePlot.vst,2018-09-10,vst_BLAN_2018,D02,BLAN,BLAN_057,NEON.PLA.D02.BLAN.05347,single shrub,4.0,130,4.9
a9f236bc-47bf-4f40-89fc-701ddc5ee09f,BLAN_057.basePlot.vst,2018-09-10,vst_BLAN_2018,D02,BLAN,BLAN_057,NEON.PLA.D02.BLAN.05356,single shrub,3.5,130,5.0
7b6ead35-169c-4291-b354-3c3801960e6d,BLAN_057.basePlot.vst,2018-09-10,vst_BLAN_2018,D02,BLAN,BLAN_057,NEON.PLA.D02.BLAN.08430,single shrub,5.0,130,4.5
fc0fe476-b041-49a7-a81c-2018b64cd204,BLAN_057.basePlot.vst,2018-09-10,vst_BLAN_2018,D02,BLAN,BLAN_057,NEON.PLA.D02.BLAN.08422,NA,NA,NA,NA
462243fd-8f17-4c5b-98d9-41aabcbe33ca,BLAN_057.basePlot.vst,2018-09-10,vst_BLAN_2018,D02,BLAN,BLAN_057,NEON.PLA.D02.BLAN.12108,single bole tree,10.8,130,5.4
ae7512c1-fdd0-4270-b9ad-e879111b0526,BLAN_057.basePlot.vst,2018-09-10,vst_BLAN_2018,D02,BLAN,BLAN_057,NEON.PLA.D02.BLAN.08417,single shrub,2.2,130,3.8
d58d3e68-91e9-4a22-950b-03c969feecb6,BLAN_057.basePlot.vst,2018-09-10,vst_BLAN_2018,D02,BLAN,BLAN_057,NEON.PLA.D02.BLAN.05366,single shrub,3.1,130,3.3
06165cc6-e069-4d0c-b78f-0d0fb015cf8c,BLAN_057.basePlot.vst,2018-09-10,vst_BLAN_2018,D02,BLAN,BLAN_057,NEON.PLA.D02.BLAN.05356,single shrub,5.5,130,5.0
64454743-7fd8-4f20-bddc-8a12d162061e,BLAN_057.basePlot.vst,2018-09-10,vst_BLAN_2018,D02,BLAN,BLAN_057,NEON.PLA.D02.BLAN.08424,single shrub,3.6,130,4.1
f2884178-17e2-4fba-8e22-baf310b34776,BLAN_057.basePlot.vst,2018-09-10,vst_BLAN_2018,D02,BLAN,BLAN_057,NEON.PLA.D02.BLAN.12499A,multi-bole tree,10.1,130,5.7
0cb863d3-f6d3-4b8c-8718-be6e2071e117,BLAN_057.basePlot.vst,2018-09-10,vst_BLAN_2018,D02,BLAN,BLAN_057,NEON.PLA.D02.BLAN.05364,single shrub,1.5,130,3.1
183a0f54-b9c4-419f-bdef-a40d567417ec,BLAN_057.basePlot.vst,2018-09-10,vst_BLAN_2018,D02,BLAN,BLAN_057,NEON.PLA.D02.BLAN.12499,multi-bole tree,10.7,130,5.7
5c82c7e4-063d-47be-b45c-6d78205cad62,BLAN_057.basePlot.vst,2018-09-10,vst_BLAN_2018,D02,BLAN,BLAN_057,NEON.PLA.D02.BLAN.05363,small shrub,NA,NA,2.9
06abb0ee-eb3d-4491-8e6d-559bf8b4cc53,BLAN_053.basePlot.vst,2018-09-11,vst_BLAN_2018,D02,BLAN,BLAN_053,NEON.PLA.D02.BLAN.05758,small shrub,NA,NA,1.3
7e1178d7-81bb-41b7-ba3a-4a6cbe2aa6da,BLAN_053.basePlot.vst,2018-09-11,vst_BLAN_2018,D02,BLAN,BLAN_053,NEON.PLA.D02.BLAN.05749,single shrub,1.4,130,3.5
44226b6b-490c-4e9e-9dd5-f9399c99b9f2,BLAN_053.basePlot.vst,2018-09-11,vst_BLAN_2018,D02,BLAN,BLAN_053,NEON.PLA.D02.BLAN.05746,small shrub,NA,NA,1.0
56a538d4-e4c1-45c0-8aa4-21981ddafb84,BLAN_053.basePlot.vst,2018-09-11,vst_BLAN_2018,D02,BLAN,BLAN_053,NEON.PLA.D02.BLAN.05745,single shrub,4.4,130,4.6
32f2dbe0-8bc6-4dbe-956b-6bf91337cf8c,BLAN_053.basePlot.vst,2018-09-11,vst_BLAN_2018,D02,BLAN,BLAN_053,NEON.PLA.D02.BLAN.05751,single shrub,1.1,130,2.0
4160d9ac-1e94-49a5-8a38-a9c3c353898b,BLAN_053.basePlot.vst,2018-09-11,vst_BLAN_2018,D02,BLAN,BLAN_053,NEON.PLA.D02.BLAN.05756,single shrub,3.0,130,2.4
57bcad31-4e8e-43b4-ab5a-be6587e43e6e,BLAN_053.basePlot.vst,2018-09-11,vst_BLAN_2018,D02,BLAN,BLAN_053,NEON.PLA.D02.BLAN.05749,single shrub,1.9,130,3.5
96b1394d-22f3-4b8e-9bfe-a61d96a5407b,BLAN_053.basePlot.vst,2018-09-11,vst_BLAN_2018,D02,BLAN,BLAN_053,NEON.PLA.D02.BLAN.05753,single shrub,6.9,130,4.3
e936d841-9da7-4382-b4b1-ebee566351f1,BLAN_053.basePlot.vst,2018-09-11,vst_BLAN_2018,D02,BLAN,BLAN_053,NEON.PLA.D02.BLAN.05745,single shrub,3.4,130,4.6
f7bd6e0d-efbe-4b19-813a-6ade20fe578b,BLAN_053.basePlot.vst,2018-09-11,vst_BLAN_2018,D02,BLAN,BLAN_053,NEON.PLA.D02.BLAN.05754,single shrub,1.4,130,2.6
f5d07ac7-458a-43b0-b556-c17dca99d8e3,BLAN_053.basePlot.vst,2018-09-11,vst_BLAN_2018,D02,BLAN,BLAN_053,NEON.PLA.D02.BLAN.05751,single shrub,1.5,130,2.0
f7fb4980-b582-42cd-9baf-c70abf06d542,BLAN_053.basePlot.vst,2018-09-11,vst_BLAN_2018,D02,BLAN,BLAN_053,NEON.PLA.D02.BLAN.05767,single shrub,1.6,130,2.1
c5589210-bb5d-4568-ba5f-35722b83371e,BLAN_053.basePlot.vst,2018-09-11,vst_BLAN_2018,D02,BLAN,BLAN_053,NEON.PLA.D02.BLAN.05741,single shrub,5.1,130,5.1
422af83d-2299-46ee-b536-81d0dc3c89de,BLAN_053.basePlot.vst,2018-09-11,vst_BLAN_2018,D02,BLAN,BLAN_053,NEON.PLA.D02.BLAN.05741,single shrub,4.0,130,5.1
46473a43-80c5-4bc7-b15e-4cba83087c2f,BLAN_053.basePlot.vst,2018-09-11,vst_BLAN_2018,D02,BLAN,BLAN_053,NEON.PLA.D02.BLAN.05763,single shrub,1.7,130,2.7
76152464-dcda-4e04-84f4-45187206ff16,BLAN_053.basePlot.vst,2018-09-11,vst_BLAN_2018,D02,BLAN,BLAN_053,NEON.PLA.D02.BLAN.05762,single shrub,3.5,130,3.5
25c8fb31-5dae-4203-8204-e88a8bc8fe2f,BLAN_053.basePlot.vst,2018-09-11,vst_BLAN_2018,D02,BLAN,BLAN_053,NEON.PLA.D02.BLAN.05744,single shrub,1.6,130,2.8
ed1a6303-09ff-46ca-9216-bba5993b32a7,BLAN_053.basePlot.vst,2018-09-11,vst_BLAN_2018,D02,BLAN,BLAN_053,NEON.PLA.D02.BLAN.05747,single shrub,4.4,130,3.3
a6e64146-fd3d-4f9b-8a91-ebc208320b29,BLAN_053.basePlot.vst,2018-09-11,vst_BLAN_2018,D02,BLAN,BLAN_053,NEON.PLA.D02.BLAN.05747,single shrub,3.7,130,3.3
d7637611-afa0-4ba6-a12e-da47f1ef0044,BLAN_053.basePlot.vst,2018-09-11,vst_BLAN_2018,D02,BLAN,BLAN_053,NEON.PLA.D02.BLAN.05755,single shrub,1.9,130,2.0
2cbce104-54d6-47ab-bf1c-4c5a673fe970,BLAN_053.basePlot.vst,2018-09-11,vst_BLAN_2018,D02,BLAN,BLAN_053,NEON.PLA.D02.BLAN.05759,single shrub,3.0,130,3.3
72d12822-ebdf-4e98-acf5-90766f73496b,BLAN_053.basePlot.vst,2018-09-11,vst_BLAN_2018,D02,BLAN,BLAN_053,NEON.PLA.D02.BLAN.05762,single shrub,3.0,130,3.5
6a464cd2-0be1-416b-b1ba-c49f57c90e5e,BLAN_053.basePlot.vst,2018-09-11,vst_BLAN_2018,D02,BLAN,BLAN_053,NEON.PLA.D02.BLAN.05760,single shrub,1.2,130,2.1
9b0ea161-b5dc-478d-b33b-81e8651b2963,BLAN_053.basePlot.vst,2018-09-11,vst_BLAN_2018,D02,BLAN,BLAN_053,NEON.PLA.D02.BLAN.05762,single shrub,3.6,130,3.5
bc4d5c8e-b3c9-4963-b7e7-8ba360d97740,BLAN_053.basePlot.vst,2018-09-11,vst_BLAN_2018,D02,BLAN,BLAN_053,NEON.PLA.D02.BLAN.05750,small shrub,NA,NA,0.8
ce3a11a4-120c-4d77-9d45-f7a058673467,BLAN_053.basePlot.vst,2018-09-11,vst_BLAN_2018,D02,BLAN,BLAN_053,NEON.PLA.D02.BLAN.05755,single shrub,1.3,130,2.0
f0e9f6c8-9a7a-40f6-886b-41b798f3585e,BLAN_053.basePlot.vst,2018-09-11,vst_BLAN_2018,D02,BLAN,BLAN_053,NEON.PLA.D02.BLAN.05741,single shrub,5.5,130,5.1
b8a17df7-5243-4c77-a05d-730fd673e311,BLAN_053.basePlot.vst,2018-09-11,vst_BLAN_2018,D02,BLAN,BLAN_053,NEON.PLA.D02.BLAN.05756,single shrub,1.4,130,2.4
3c777f60-75bd-471c-829f-23d18411e340,BLAN_053.basePlot.vst,2018-09-11,vst_BLAN_2018,D02,BLAN,BLAN_053,NEON.PLA.D02.BLAN.05741,single shrub,4.9,130,5.1
e5a5f550-e1fa-4aaa-93f6-b9ace3867db1,BLAN_053.basePlot.vst,2018-09-11,vst_BLAN_2018,D02,BLAN,BLAN_053,NEON.PLA.D02.BLAN.05752,single shrub,2.9,130,3.2
03076b65-bca2-447e-8b23-3949f22e200c,BLAN_053.basePlot.vst,2018-09-11,vst_BLAN_2018,D02,BLAN,BLAN_053,NEON.PLA.D02.BLAN.05751,single shrub,1.3,130,2.0
d5f789e9-bd01-4da6-8f1d-3dbe2a4a9876,BLAN_053.basePlot.vst,2018-09-11,vst_BLAN_2018,D02,BLAN,BLAN_053,NEON.PLA.D02.BLAN.05745,single shrub,4.8,130,4.6
59a12d39-a23c-459e-bfbb-e20fded7cdfb,BLAN_053.basePlot.vst,2018-09-11,vst_BLAN_2018,D02,BLAN,BLAN_053,NEON.PLA.D02.BLAN.05754,single shrub,1.9,130,2.6
9f893b9b-dd1a-4a84-bcea-a5ed346ce7c0,BLAN_053.basePlot.vst,2018-09-11,vst_BLAN_2018,D02,BLAN,BLAN_053,NEON.PLA.D02.BLAN.05758,small shrub,NA,NA,1.3
359fa83b-f258-4355-b6e6-fc5ec2f73eed,BLAN_053.basePlot.vst,2018-09-11,vst_BLAN_2018,D02,BLAN,BLAN_053,NEON.PLA.D02.BLAN.05761,single shrub,4.3,130,3.4
dfa9dc29-8b70-4bdb-9750-847f3d805594,BLAN_053.basePlot.vst,2018-09-11,vst_BLAN_2018,D02,BLAN,BLAN_053,NEON.PLA.D02.BLAN.05754,single shrub,1.1,130,2.6
baa78688-d8e9-45f3-9247-522af7b766c7,BLAN_053.basePlot.vst,2018-09-11,vst_BLAN_2018,D02,BLAN,BLAN_053,NEON.PLA.D02.BLAN.05746,small shrub,NA,NA,1.0
575e268d-5b24-4a4f-adde-d862ab1a33f9,BLAN_053.basePlot.vst,2018-09-11,vst_BLAN_2018,D02,BLAN,BLAN_053,NEON.PLA.D02.BLAN.05767,single shrub,1.2,130,2.1
12f4aafc-6721-4841-ae4e-8fa7b25a01cd,BLAN_053.basePlot.vst,2018-09-11,vst_BLAN_2018,D02,BLAN,BLAN_053,NEON.PLA.D02.BLAN.05752,single shrub,2.9,130,3.2
26b24716-45b1-4b59-9ca6-1526e8bf7807,BLAN_053.basePlot.vst,2018-09-11,vst_BLAN_2018,D02,BLAN,BLAN_053,NEON.PLA.D02.BLAN.05757,small shrub,NA,NA,1.0
5113f08b-0de8-4907-9858-fc5765d50c9c,BLAN_053.basePlot.vst,2018-09-11,vst_BLAN_2018,D02,BLAN,BLAN_053,NEON.PLA.D02.BLAN.05758,small shrub,NA,NA,1.3
1e90bcbe-def1-4af7-8d9b-0671f156fc44,BLAN_053.basePlot.vst,2018-09-11,vst_BLAN_2018,D02,BLAN,BLAN_053,NEON.PLA.D02.BLAN.05742,single shrub,2.6,130,2.9
dbfe1707-2048-4200-832c-db856640ce7a,BLAN_053.basePlot.vst,2018-09-11,vst_BLAN_2018,D02,BLAN,BLAN_053,NEON.PLA.D02.BLAN.05755,single shrub,1.3,130,2.0
b8ec3819-b65e-4a9a-9931-72fb2d8989dc,BLAN_053.basePlot.vst,2018-09-11,vst_BLAN_2018,D02,BLAN,BLAN_053,NEON.PLA.D02.BLAN.05753,single shrub,5.2,130,4.3
88717db3-e65d-42f9-b2c6-9c4e50f435e8,BLAN_053.basePlot.vst,2018-09-11,vst_BLAN_2018,D02,BLAN,BLAN_053,NEON.PLA.D02.BLAN.05740,NA,NA,NA,NA
52601645-5c75-44a3-9e29-8d575bab6a7e,BLAN_053.basePlot.vst,2018-09-11,vst_BLAN_2018,D02,BLAN,BLAN_053,NEON.PLA.D02.BLAN.05756,single shrub,3.6,130,2.4
26a0d303-6a69-4092-8993-cdece57bd928,BLAN_053.basePlot.vst,2018-09-11,vst_BLAN_2018,D02,BLAN,BLAN_053,NEON.PLA.D02.BLAN.05759,single shrub,3.9,130,3.3
d436f504-252c-4546-8207-2f7892a27a1a,BLAN_053.basePlot.vst,2018-09-11,vst_BLAN_2018,D02,BLAN,BLAN_053,NEON.PLA.D02.BLAN.05754,single shrub,1.3,130,2.6
eab27fe0-6f27-47bc-b74d-fb2cd02f8e40,BLAN_053.basePlot.vst,2018-09-11,vst_BLAN_2018,D02,BLAN,BLAN_053,NEON.PLA.D02.BLAN.05748,single shrub,3.3,130,3.9
a8e29a1a-6fe7-4d94-b874-0fe9c9e6db18,BLAN_053.basePlot.vst,2018-09-11,vst_BLAN_2018,D02,BLAN,BLAN_053,NEON.PLA.D02.BLAN.05763,single shrub,2.2,130,2.7
f9b857bb-1eb0-4503-ac74-5d362bba1a94,BLAN_053.basePlot.vst,2018-09-11,vst_BLAN_2018,D02,BLAN,BLAN_053,NEON.PLA.D02.BLAN.05742,single shrub,2.6,130,2.9
cdac5baa-f0c4-4cb2-9a1c-7548282e08d8,BLAN_053.basePlot.vst,2018-09-11,vst_BLAN_2018,D02,BLAN,BLAN_053,NEON.PLA.D02.BLAN.05759,single shrub,4.1,130,3.3
79496e96-2eef-441b-9806-643d7fc76d12,BLAN_053.basePlot.vst,2018-09-11,vst_BLAN_2018,D02,BLAN,BLAN_053,NEON.PLA.D02.BLAN.05741,single shrub,4.1,130,5.1
fbf529b8-40b4-4f14-85ce-24b1bf0313b7,BLAN_053.basePlot.vst,2018-09-11,vst_BLAN_2018,D02,BLAN,BLAN_053,NEON.PLA.D02.BLAN.05743,single shrub,1.6,130,2.2
0ccf6b25-d2bb-4fc5-bcfa-b894fd6f34d7,BLAN_053.basePlot.vst,2018-09-11,vst_BLAN_2018,D02,BLAN,BLAN_053,NEON.PLA.D02.BLAN.05750,small shrub,NA,NA,0.8
51499d07-d275-416d-8595-31542273763d,BLAN_063.basePlot.vst,2018-09-12,vst_BLAN_2018,D02,BLAN,BLAN_063,NEON.PLA.D02.BLAN.08542,single bole tree,14.0,130,10.6
07d6f078-c32a-4e26-a6cc-b9fe157e948f,BLAN_063.basePlot.vst,2018-09-12,vst_BLAN_2018,D02,BLAN,BLAN_063,NEON.PLA.D02.BLAN.08538,single bole tree,31.1,130,14.5
43a070cd-761c-4503-89e9-3d814415c782,BLAN_063.basePlot.vst,2018-09-12,vst_BLAN_2018,D02,BLAN,BLAN_063,NEON.PLA.D02.BLAN.08550,single bole tree,11.1,130,9.1
dc1512f7-bf79-497c-92a1-8d8dde804d57,BLAN_063.basePlot.vst,2018-09-12,vst_BLAN_2018,D02,BLAN,BLAN_063,NEON.PLA.D02.BLAN.08539,single bole tree,40.0,130,12.3
cdd10f98-6bdb-420f-a1ad-cb4592241077,BLAN_063.basePlot.vst,2018-09-12,vst_BLAN_2018,D02,BLAN,BLAN_063,NEON.PLA.D02.BLAN.08574,single bole tree,10.4,130,6.5
308fddda-a967-4b6d-994b-d34ee2ff5b5f,BLAN_063.basePlot.vst,2018-09-12,vst_BLAN_2018,D02,BLAN,BLAN_063,NEON.PLA.D02.BLAN.08544,single bole tree,12.5,130,9.8
98d86ee4-6382-4aab-8bb6-7a0cd9cc1156,BLAN_063.basePlot.vst,2018-09-12,vst_BLAN_2018,D02,BLAN,BLAN_063,NEON.PLA.D02.BLAN.08548,single bole tree,10.8,130,4.9
677f85c2-d52b-42e7-b6fc-28ddf581ee1b,BLAN_044.basePlot.vst,2018-09-12,vst_BLAN_2018,D02,BLAN,BLAN_044,NEON.PLA.D02.BLAN.05828,single bole tree,20.1,130,7.3
d6bc3720-187c-475f-92f7-6914d12665d5,BLAN_063.basePlot.vst,2018-09-12,vst_BLAN_2018,D02,BLAN,BLAN_063,NEON.PLA.D02.BLAN.08541,single bole tree,44.5,130,26.0
0f01815a-84a8-4b3f-8759-e2ee827e2b61,BLAN_063.basePlot.vst,2018-09-12,vst_BLAN_2018,D02,BLAN,BLAN_063,NEON.PLA.D02.BLAN.08535,single bole tree,24.5,130,19.3
9937f03b-c9b6-4cbc-aa41-68a4c84956bf,BLAN_063.basePlot.vst,2018-09-12,vst_BLAN_2018,D02,BLAN,BLAN_063,NEON.PLA.D02.BLAN.08803,single bole tree,13.8,130,11.6
f52e96c9-4f28-4928-957f-4bf04a31d00a,BLAN_063.basePlot.vst,2018-09-12,vst_BLAN_2018,D02,BLAN,BLAN_063,NEON.PLA.D02.BLAN.08536,single bole tree,52.5,130,26.5
e97fd495-b4e3-47b7-91f4-93e32b313073,BLAN_063.basePlot.vst,2018-09-12,vst_BLAN_2018,D02,BLAN,BLAN_063,NEON.PLA.D02.BLAN.08802,single bole tree,39.9,130,18.6
b24defb4-99df-4195-a58f-26501e622ddf,BLAN_063.basePlot.vst,2018-09-12,vst_BLAN_2018,D02,BLAN,BLAN_063,NEON.PLA.D02.BLAN.08551,single shrub,11.6,130,6.9
642eb2b0-c581-4dff-b2bf-0037b59f8096,BLAN_063.basePlot.vst,2018-09-12,vst_BLAN_2018,D02,BLAN,BLAN_063,NEON.PLA.D02.BLAN.08540,single bole tree,27.4,130,20.3
881a4c64-353b-43ae-8bfe-1352ed9e9c3e,BLAN_063.basePlot.vst,2018-09-12,vst_BLAN_2018,D02,BLAN,BLAN_063,NEON.PLA.D02.BLAN.08801,single bole tree,70.3,130,30.4
9446f272-1b8c-41b1-9819-c750c6fe2a4e,BLAN_044.basePlot.vst,2018-09-12,vst_BLAN_2018,D02,BLAN,BLAN_044,NEON.PLA.D02.BLAN.12233,single bole tree,11.8,130,6.0
d8c65034-e115-40e9-855f-d370a9c9dae9,BLAN_063.basePlot.vst,2018-09-12,vst_BLAN_2018,D02,BLAN,BLAN_063,NEON.PLA.D02.BLAN.08549,single bole tree,16.4,130,12.4
9ac47742-0e07-4653-8e13-0cab9796ed97,BLAN_063.basePlot.vst,2018-09-12,vst_BLAN_2018,D02,BLAN,BLAN_063,NEON.PLA.D02.BLAN.08545,single bole tree,12.6,130,11.2
6c754aec-dae7-417c-9f84-67ef677e976f,BLAN_063.basePlot.vst,2018-09-12,vst_BLAN_2018,D02,BLAN,BLAN_063,NEON.PLA.D02.BLAN.08547,single bole tree,27.1,130,12.9
c4fc2647-6b1e-4018-96be-c7981803d0c5,BLAN_063.basePlot.vst,2018-09-12,vst_BLAN_2018,D02,BLAN,BLAN_063,NEON.PLA.D02.BLAN.08546,NA,NA,NA,NA
9c62cb8b-0d90-42a1-9251-7d2110fa5a47,BLAN_063.basePlot.vst,2018-09-12,vst_BLAN_2018,D02,BLAN,BLAN_063,NEON.PLA.D02.BLAN.08537,single bole tree,25.3,130,11.8
3da71a57-d8f5-4360-8ef3-875845682f95,BLAN_063.basePlot.vst,2018-09-12,vst_BLAN_2018,D02,BLAN,BLAN_063,NEON.PLA.D02.BLAN.08543,single bole tree,60.1,130,31.9
a23edf54-55fa-4119-8709-b23f71cb2681,BLAN_047.basePlot.vst,2018-09-13,vst_BLAN_2018,D02,BLAN,BLAN_047,NEON.PLA.D02.BLAN.12324,single bole tree,11.8,130,6.3
efd91f1b-4206-431d-b75f-3085b9184afc,BLAN_047.basePlot.vst,2018-09-13,vst_BLAN_2018,D02,BLAN,BLAN_047,NEON.PLA.D02.BLAN.08963,single bole tree,11.6,130,6.2
e254b07f-8bd2-47a7-a271-e90e2ae2a683,BLAN_047.basePlot.vst,2018-09-13,vst_BLAN_2018,D02,BLAN,BLAN_047,NEON.PLA.D02.BLAN.08962,single bole tree,16.0,130,10.8
14dcd731-caab-4980-9159-b65af2096c42,BLAN_047.basePlot.vst,2018-09-13,vst_BLAN_2018,D02,BLAN,BLAN_047,NEON.PLA.D02.BLAN.08959,single bole tree,13.1,130,9.1
d7ca5798-5251-4617-bc7b-5e7bf085cb00,BLAN_047.basePlot.vst,2018-09-13,vst_BLAN_2018,D02,BLAN,BLAN_047,NEON.PLA.D02.BLAN.08966,single bole tree,15.6,130,9.2
831984d6-3dc8-49f2-ba28-161c7e62b6e0,BLAN_047.basePlot.vst,2018-09-13,vst_BLAN_2018,D02,BLAN,BLAN_047,NEON.PLA.D02.BLAN.08957,single bole tree,14.1,130,12.1
2520c958-1c85-4a07-962e-9227763921b3,BLAN_047.basePlot.vst,2018-09-13,vst_BLAN_2018,D02,BLAN,BLAN_047,NEON.PLA.D02.BLAN.08955,single bole tree,23.2,130,14.3
04697cf3-3038-490e-bb87-5988c737f115,BLAN_047.basePlot.vst,2018-09-13,vst_BLAN_2018,D02,BLAN,BLAN_047,NEON.PLA.D02.BLAN.08965,single bole tree,29.3,130,13.5
96c97c61-a26c-4e84-8358-74f988c128e2,BLAN_047.basePlot.vst,2018-09-13,vst_BLAN_2018,D02,BLAN,BLAN_047,NEON.PLA.D02.BLAN.08964,single bole tree,23.2,130,14.1
96e28e4c-dfa9-45fa-b8fd-4f501451e29c,BLAN_047.basePlot.vst,2018-09-13,vst_BLAN_2018,D02,BLAN,BLAN_047,NEON.PLA.D02.BLAN.08958,single bole tree,22.4,130,14.2
c52d3d98-704d-49d1-ae5b-fa4b56a8c9f0,BLAN_047.basePlot.vst,2018-09-13,vst_BLAN_2018,D02,BLAN,BLAN_047,NEON.PLA.D02.BLAN.12325,single bole tree,12.2,130,9.1
60e98597-312e-40a3-a7f1-563841993b5a,BLAN_047.basePlot.vst,2018-09-13,vst_BLAN_2018,D02,BLAN,BLAN_047,NEON.PLA.D02.BLAN.08961,single bole tree,13.8,130,10.8
3fd0a13e-d615-4e21-8d2b-2e4e3c8ca489,BLAN_047.basePlot.vst,2018-09-13,vst_BLAN_2018,D02,BLAN,BLAN_047,NEON.PLA.D02.BLAN.12328,single bole tree,12.5,130,9.3
75ecda4e-8b54-4c8d-844a-2e0d64a840e7,BLAN_047.basePlot.vst,2018-09-13,vst_BLAN_2018,D02,BLAN,BLAN_047,NEON.PLA.D02.BLAN.12327,single bole tree,13.4,130,10.1
b3027823-7474-42c0-a225-81ddc1efb450,BLAN_047.basePlot.vst,2018-09-13,vst_BLAN_2018,D02,BLAN,BLAN_047,NEON.PLA.D02.BLAN.13575,single bole tree,10.0,130,9.0
cae44429-a85a-4cba-abfd-de309b48e282,BLAN_047.basePlot.vst,2018-09-13,vst_BLAN_2018,D02,BLAN,BLAN_047,NEON.PLA.D02.BLAN.12326,single bole tree,11.8,130,9.5
5ee0c5d9-0c44-49ec-abf2-3024ce7f2f6f,BLAN_036.basePlot.vst,2018-09-18,vst_BLAN_2018,D02,BLAN,BLAN_036,NEON.PLA.D02.BLAN.05396,single bole tree,15.0,130,10.7
2b443cfe-89ae-4dc1-9317-436d7e365d05,BLAN_036.basePlot.vst,2018-09-18,vst_BLAN_2018,D02,BLAN,BLAN_036,NEON.PLA.D02.BLAN.05399,single bole tree,19.3,130,12.4
5a3659be-a62d-421e-8b3e-43c600dcdb46,BLAN_036.basePlot.vst,2018-09-18,vst_BLAN_2018,D02,BLAN,BLAN_036,NEON.PLA.D02.BLAN.05999,single bole tree,14.3,130,10.7
216b1756-ed01-4170-b7c1-d3f81d5b0313,BLAN_036.basePlot.vst,2018-09-18,vst_BLAN_2018,D02,BLAN,BLAN_036,NEON.PLA.D02.BLAN.05398,single bole tree,15.0,130,12.1
87c017cf-5448-4808-b44d-f25b8f755172,BLAN_036.basePlot.vst,2018-09-18,vst_BLAN_2018,D02,BLAN,BLAN_036,NEON.PLA.D02.BLAN.05395,single bole tree,16.5,130,11.6
c6249b48-2559-4742-8f12-cbb73b59f66d,BLAN_036.basePlot.vst,2018-09-18,vst_BLAN_2018,D02,BLAN,BLAN_036,NEON.PLA.D02.BLAN.05400,single bole tree,38.1,130,13.5
8060073c-0059-4c3b-a31f-cb2496777a5e,BLAN_036.basePlot.vst,2018-09-18,vst_BLAN_2018,D02,BLAN,BLAN_036,NEON.PLA.D02.BLAN.08363,single bole tree,10.6,130,10.0
cde859d1-22db-4dbf-9472-f954dd9869c7,BLAN_036.basePlot.vst,2018-09-18,vst_BLAN_2018,D02,BLAN,BLAN_036,NEON.PLA.D02.BLAN.12298,single bole tree,11.4,130,10.6
1abe7872-b7e2-4feb-9e05-83acdcddd5ec,BLAN_036.basePlot.vst,2018-09-18,vst_BLAN_2018,D02,BLAN,BLAN_036,NEON.PLA.D02.BLAN.13150,single bole tree,10.8,130,8.4
6c771d00-4423-47b0-b075-38b71fe4cef8,BLAN_036.basePlot.vst,2018-09-18,vst_BLAN_2018,D02,BLAN,BLAN_036,NEON.PLA.D02.BLAN.05397,single bole tree,15.6,134,10.3
a5f9e173-6bd9-4523-b166-db04a110863e,BLAN_036.basePlot.vst,2018-09-18,vst_BLAN_2018,D02,BLAN,BLAN_036,NEON.PLA.D02.BLAN.12299,single bole tree,10.7,130,11.1
d82055fc-b976-46de-8dd3-e8e84df7f66d,BLAN_036.basePlot.vst,2018-09-18,vst_BLAN_2018,D02,BLAN,BLAN_036,NEON.PLA.D02.BLAN.05998,single bole tree,13.7,130,10.0
b0ef932d-20bc-4186-bef6-6e9b00789c12,BLAN_032.basePlot.vst,2018-09-19,vst_BLAN_2018,D02,BLAN,BLAN_032,NEON.PLA.D02.BLAN.05230,single shrub,2.3,130,3.2
f94a9849-c355-4bbb-bc35-43499f81e6d2,BLAN_032.basePlot.vst,2018-09-19,vst_BLAN_2018,D02,BLAN,BLAN_032,NEON.PLA.D02.BLAN.05238,single shrub,3.4,130,2.6
4c512824-f452-4a42-9705-a6fa26780dc9,BLAN_032.basePlot.vst,2018-09-19,vst_BLAN_2018,D02,BLAN,BLAN_032,NEON.PLA.D02.BLAN.05221,single shrub,5.4,130,4.2
0d7905fe-dc12-49f1-9e2a-5e0d846fed1a,BLAN_032.basePlot.vst,2018-09-19,vst_BLAN_2018,D02,BLAN,BLAN_032,NEON.PLA.D02.BLAN.05248,single shrub,5.3,130,4.5
a52f7d8b-78ee-4601-8a9f-3ebb6e719e2f,BLAN_032.basePlot.vst,2018-09-19,vst_BLAN_2018,D02,BLAN,BLAN_032,NEON.PLA.D02.BLAN.05239,single shrub,1.6,130,2.4
c15f3e39-9154-4a73-80fa-595eea8ad80c,BLAN_032.basePlot.vst,2018-09-19,vst_BLAN_2018,D02,BLAN,BLAN_032,NEON.PLA.D02.BLAN.05248,single shrub,4.3,130,4.5
1b53ffd8-bad5-4529-a762-90c482600f8d,BLAN_032.basePlot.vst,2018-09-19,vst_BLAN_2018,D02,BLAN,BLAN_032,NEON.PLA.D02.BLAN.05230,single shrub,1.2,130,3.2
fa11a9dd-8c6c-4e16-b1ff-86fc73cb2db3,BLAN_032.basePlot.vst,2018-09-19,vst_BLAN_2018,D02,BLAN,BLAN_032,NEON.PLA.D02.BLAN.05235,single shrub,5.1,130,3.9
c0495aa0-b786-4457-bdda-21f5a0d49f8e,BLAN_032.basePlot.vst,2018-09-19,vst_BLAN_2018,D02,BLAN,BLAN_032,NEON.PLA.D02.BLAN.05221,single shrub,1.2,130,4.2
3f0b983b-09fd-4305-867a-01deee8e2025,BLAN_032.basePlot.vst,2018-09-19,vst_BLAN_2018,D02,BLAN,BLAN_032,NEON.PLA.D02.BLAN.05226,single shrub,2.6,130,3.7
494fe1f1-7468-4c32-86ca-57927a8c437d,BLAN_032.basePlot.vst,2018-09-19,vst_BLAN_2018,D02,BLAN,BLAN_032,NEON.PLA.D02.BLAN.05240,single shrub,2.2,130,3.1
20f018f1-c7b6-4836-b840-4bc5075d5d30,BLAN_032.basePlot.vst,2018-09-19,vst_BLAN_2018,D02,BLAN,BLAN_032,NEON.PLA.D02.BLAN.05236,single shrub,6.0,130,3.2
ba6098a2-8eb3-45dd-b2ff-3b4bb12e211f,BLAN_032.basePlot.vst,2018-09-19,vst_BLAN_2018,D02,BLAN,BLAN_032,NEON.PLA.D02.BLAN.05221,single shrub,5.5,130,4.2
84504dc5-819f-47ea-a706-9681d783572a,BLAN_032.basePlot.vst,2018-09-19,vst_BLAN_2018,D02,BLAN,BLAN_032,NEON.PLA.D02.BLAN.05236,single shrub,3.4,130,3.2
ff7718cd-0252-4827-8ad7-0621a70f9b47,BLAN_032.basePlot.vst,2018-09-19,vst_BLAN_2018,D02,BLAN,BLAN_032,NEON.PLA.D02.BLAN.05228,single shrub,2.4,130,3.3
47908ea8-c2c5-42b2-be72-5037cf4cbf02,BLAN_032.basePlot.vst,2018-09-19,vst_BLAN_2018,D02,BLAN,BLAN_032,NEON.PLA.D02.BLAN.05235,single shrub,2.7,130,3.9
283887ff-5c26-4a46-a97a-d400290867d2,BLAN_032.basePlot.vst,2018-09-19,vst_BLAN_2018,D02,BLAN,BLAN_032,NEON.PLA.D02.BLAN.05240,single shrub,2.7,130,3.1
dfb89265-1c15-41f5-b60d-fce23a7f9bd5,BLAN_032.basePlot.vst,2018-09-19,vst_BLAN_2018,D02,BLAN,BLAN_032,NEON.PLA.D02.BLAN.05244,single shrub,3.4,130,2.2
ea73e13a-3740-4f51-bcaa-5f0e78c48e88,BLAN_032.basePlot.vst,2018-09-19,vst_BLAN_2018,D02,BLAN,BLAN_032,NEON.PLA.D02.BLAN.13120,single shrub,2.3,130,2.8
0b1af0ac-74c9-4e49-973c-62b801256e5a,BLAN_032.basePlot.vst,2018-09-19,vst_BLAN_2018,D02,BLAN,BLAN_032,NEON.PLA.D02.BLAN.05245,single shrub,1.9,130,2.3
2263017b-ca55-420a-8f12-815690d3097d,BLAN_032.basePlot.vst,2018-09-19,vst_BLAN_2018,D02,BLAN,BLAN_032,NEON.PLA.D02.BLAN.05247,single shrub,3.1,130,2.8
3db58061-58a3-4e54-9a13-d74da2820435,BLAN_032.basePlot.vst,2018-09-19,vst_BLAN_2018,D02,BLAN,BLAN_032,NEON.PLA.D02.BLAN.05230,single shrub,3.3,130,3.2
d3cf375c-e0a6-4905-a751-3374ece01f80,BLAN_032.basePlot.vst,2018-09-19,vst_BLAN_2018,D02,BLAN,BLAN_032,NEON.PLA.D02.BLAN.05236,single shrub,3.7,130,3.2
f0fc5560-eed4-4d94-a92e-ebe85cfec93d,BLAN_032.basePlot.vst,2018-09-19,vst_BLAN_2018,D02,BLAN,BLAN_032,NEON.PLA.D02.BLAN.05246,single shrub,1.5,130,2.0
23e7d1c9-b3d6-43e6-b09a-fcb81083cb6d,BLAN_032.basePlot.vst,2018-09-19,vst_BLAN_2018,D02,BLAN,BLAN_032,NEON.PLA.D02.BLAN.05223,single shrub,3.1,130,3.7
3c7d9dd9-093f-41d4-b4d7-795bdd4c7813,BLAN_032.basePlot.vst,2018-09-19,vst_BLAN_2018,D02,BLAN,BLAN_032,NEON.PLA.D02.BLAN.05244,single shrub,3.1,130,2.2
b6f42abd-0487-4266-a7df-5b7f7bb9618a,BLAN_032.basePlot.vst,2018-09-19,vst_BLAN_2018,D02,BLAN,BLAN_032,NEON.PLA.D02.BLAN.05230,single shrub,4.9,130,3.2
e335f1aa-b795-4711-82ee-e82327701c52,BLAN_032.basePlot.vst,2018-09-19,vst_BLAN_2018,D02,BLAN,BLAN_032,NEON.PLA.D02.BLAN.05237,single shrub,4.6,130,3.2
c8a0101c-af96-46ec-901e-2ece0283bc08,BLAN_032.basePlot.vst,2018-09-19,vst_BLAN_2018,D02,BLAN,BLAN_032,NEON.PLA.D02.BLAN.05237,single shrub,5.2,130,3.2
00d23204-fe06-41d3-951d-bf30fa8a325d,BLAN_032.basePlot.vst,2018-09-19,vst_BLAN_2018,D02,BLAN,BLAN_032,NEON.PLA.D02.BLAN.05239,single shrub,1.3,130,2.4
f00fe59b-1ccc-4f8f-805e-3bc2f90621fc,BLAN_032.basePlot.vst,2018-09-19,vst_BLAN_2018,D02,BLAN,BLAN_032,NEON.PLA.D02.BLAN.05237,single shrub,2.3,130,3.2
9280ec2b-5d6f-4cba-a9cf-57e4ac42d774,BLAN_032.basePlot.vst,2018-09-19,vst_BLAN_2018,D02,BLAN,BLAN_032,NEON.PLA.D02.BLAN.05235,single shrub,6.2,130,3.9
bb4c954b-6bbf-4755-9398-a4c88db697c1,BLAN_032.basePlot.vst,2018-09-19,vst_BLAN_2018,D02,BLAN,BLAN_032,NEON.PLA.D02.BLAN.05239,single shrub,2.9,130,2.4
b14ebe07-d178-48c4-a194-d16bbf070095,BLAN_032.basePlot.vst,2018-09-19,vst_BLAN_2018,D02,BLAN,BLAN_032,NEON.PLA.D02.BLAN.05223,single shrub,4.0,130,3.7
f7901e99-bb00-4800-8d58-8d3721861b43,BLAN_032.basePlot.vst,2018-09-19,vst_BLAN_2018,D02,BLAN,BLAN_032,NEON.PLA.D02.BLAN.05222,single shrub,2.6,130,3.2
8c01547f-980f-4376-8865-30322addc8de,BLAN_032.basePlot.vst,2018-09-19,vst_BLAN_2018,D02,BLAN,BLAN_032,NEON.PLA.D02.BLAN.05226,single shrub,3.0,130,3.7
01408d14-0004-461f-a886-42e1855aa812,BLAN_032.basePlot.vst,2018-09-19,vst_BLAN_2018,D02,BLAN,BLAN_032,NEON.PLA.D02.BLAN.05237,single shrub,2.8,130,3.2
e26ac0b7-be41-4725-bc8b-41fbf7982ca2,BLAN_032.basePlot.vst,2018-09-19,vst_BLAN_2018,D02,BLAN,BLAN_032,NEON.PLA.D02.BLAN.05248,single shrub,4.8,140,4.5
1b63e0eb-40e7-4c75-96be-69fc76a31898,BLAN_032.basePlot.vst,2018-09-19,vst_BLAN_2018,D02,BLAN,BLAN_032,NEON.PLA.D02.BLAN.05236,single shrub,3.3,130,3.2
c3a82977-2609-48ee-8fe5-6901d1accf3f,BLAN_032.basePlot.vst,2018-09-19,vst_BLAN_2018,D02,BLAN,BLAN_032,NEON.PLA.D02.BLAN.05233,single shrub,1.0,130,2.2
b5b7660e-417a-4a54-b85c-05b7aa147230,BLAN_032.basePlot.vst,2018-09-19,vst_BLAN_2018,D02,BLAN,BLAN_032,NEON.PLA.D02.BLAN.09925,small shrub,NA,NA,1.8
63c77a75-300f-4336-9a32-e11668e22285,BLAN_032.basePlot.vst,2018-09-19,vst_BLAN_2018,D02,BLAN,BLAN_032,NEON.PLA.D02.BLAN.12339,single shrub,1.5,130,2.3
73f82ce4-9a73-444e-825c-cc2f5593658c,BLAN_032.basePlot.vst,2018-09-19,vst_BLAN_2018,D02,BLAN,BLAN_032,NEON.PLA.D02.BLAN.12342,single shrub,1.7,130,2.5
fd309600-b5bb-491e-b23c-ca141ae43374,BLAN_032.basePlot.vst,2018-09-19,vst_BLAN_2018,D02,BLAN,BLAN_032,NEON.PLA.D02.BLAN.05244,single shrub,2.4,130,2.2
f563767a-5fdc-4942-9bd4-5d3f2c5cfc0a,BLAN_032.basePlot.vst,2018-09-19,vst_BLAN_2018,D02,BLAN,BLAN_032,NEON.PLA.D02.BLAN.05227,single shrub,4.2,130,3.8
ce002f28-d0a1-42ce-8432-678cfa498057,BLAN_032.basePlot.vst,2018-09-19,vst_BLAN_2018,D02,BLAN,BLAN_032,NEON.PLA.D02.BLAN.05239,single shrub,1.2,130,2.4
43fa2bd5-c2fd-4e9f-a9b2-bc6a8a552725,BLAN_032.basePlot.vst,2018-09-19,vst_BLAN_2018,D02,BLAN,BLAN_032,NEON.PLA.D02.BLAN.05226,single shrub,2.5,130,3.7
06556132-ba97-48bb-8897-af7046831977,BLAN_032.basePlot.vst,2018-09-19,vst_BLAN_2018,D02,BLAN,BLAN_032,NEON.PLA.D02.BLAN.05226,single shrub,2.6,130,3.7
0c93fac5-ff15-4ac4-83fe-39436062f772,BLAN_032.basePlot.vst,2018-09-19,vst_BLAN_2018,D02,BLAN,BLAN_032,NEON.PLA.D02.BLAN.05237,single shrub,2.3,130,3.2
0485d03c-1541-4dc6-886e-086fb1019608,BLAN_032.basePlot.vst,2018-09-19,vst_BLAN_2018,D02,BLAN,BLAN_032,NEON.PLA.D02.BLAN.05231,single shrub,2.7,130,2.5
e953bb8e-5187-42c3-a554-5c3bb2d4b6d0,BLAN_032.basePlot.vst,2018-09-19,vst_BLAN_2018,D02,BLAN,BLAN_032,NEON.PLA.D02.BLAN.12341,single shrub,1.3,130,2.1
792d71db-f72b-4c1e-90bf-c0a67c1b488e,BLAN_032.basePlot.vst,2018-09-19,vst_BLAN_2018,D02,BLAN,BLAN_032,NEON.PLA.D02.BLAN.05226,single shrub,3.4,130,3.7
9f34e18d-3956-48ab-a16c-e672803eefb0,BLAN_032.basePlot.vst,2018-09-19,vst_BLAN_2018,D02,BLAN,BLAN_032,NEON.PLA.D02.BLAN.05240,single shrub,3.4,130,3.1
19464f37-af25-4d66-bc24-3dfaad98f7c1,BLAN_032.basePlot.vst,2018-09-19,vst_BLAN_2018,D02,BLAN,BLAN_032,NEON.PLA.D02.BLAN.05227,single shrub,4.2,130,3.8
2e942f86-afae-4727-a42d-66b314f3d428,BLAN_032.basePlot.vst,2018-09-19,vst_BLAN_2018,D02,BLAN,BLAN_032,NEON.PLA.D02.BLAN.05229,small shrub,NA,NA,1.9
0e876b74-4545-4de5-a25d-b75fde494b07,BLAN_032.basePlot.vst,2018-09-19,vst_BLAN_2018,D02,BLAN,BLAN_032,NEON.PLA.D02.BLAN.05235,single shrub,5.5,130,3.9
cb855c2c-184b-41d4-9cb7-0a49cd5d3807,BLAN_032.basePlot.vst,2018-09-19,vst_BLAN_2018,D02,BLAN,BLAN_032,NEON.PLA.D02.BLAN.05239,single shrub,1.4,130,2.4
4d6f074a-b279-4fd1-b65c-5fdb4adbe666,BLAN_032.basePlot.vst,2018-09-19,vst_BLAN_2018,D02,BLAN,BLAN_032,NEON.PLA.D02.BLAN.05234,single shrub,2.8,130,2.7
1fbf8ffe-8c84-4bad-9e06-7d6043ecc1cf,BLAN_032.basePlot.vst,2018-09-19,vst_BLAN_2018,D02,BLAN,BLAN_032,NEON.PLA.D02.BLAN.05223,single shrub,4.2,130,3.7
d23d0a15-8dff-4cf6-9299-aa693081205a,BLAN_032.basePlot.vst,2018-09-19,vst_BLAN_2018,D02,BLAN,BLAN_032,NEON.PLA.D02.BLAN.05239,single shrub,3.2,130,2.4
d6e5b79b-20df-42c0-ab7f-d503a1dc7bac,BLAN_048.basePlot.vst,2018-09-20,vst_BLAN_2018,D02,BLAN,BLAN_048,NEON.PLA.D02.BLAN.08286,single bole tree,33.1,130,20.4
01a51c62-4dd0-477f-b485-01b1b5427877,BLAN_048.basePlot.vst,2018-09-20,vst_BLAN_2018,D02,BLAN,BLAN_048,NEON.PLA.D02.BLAN.08291,single bole tree,40.3,130,23.8
84f9c56b-60aa-4c88-81c1-c0accb0b83cf,BLAN_048.basePlot.vst,2018-09-20,vst_BLAN_2018,D02,BLAN,BLAN_048,NEON.PLA.D02.BLAN.08290,single bole tree,14.3,130,5.2
379f8a03-df04-4f0b-9f33-c825a9fb3801,BLAN_048.basePlot.vst,2018-09-20,vst_BLAN_2018,D02,BLAN,BLAN_048,NEON.PLA.D02.BLAN.08288,single bole tree,16.2,130,3.9
2aecc149-bbae-4855-bee5-1589265a4001,BLAN_048.basePlot.vst,2018-09-20,vst_BLAN_2018,D02,BLAN,BLAN_048,NEON.PLA.D02.BLAN.08287,single bole tree,29.9,130,18.2
b7dfcd7f-932b-4312-809a-e9117832ef4c,BLAN_048.basePlot.vst,2018-09-20,vst_BLAN_2018,D02,BLAN,BLAN_048,NEON.PLA.D02.BLAN.08285,single bole tree,11.9,130,9.5
b414c67b-361c-43a9-a3f8-fb2dbc4a3f70,BLAN_048.basePlot.vst,2018-09-20,vst_BLAN_2018,D02,BLAN,BLAN_048,NEON.PLA.D02.BLAN.08292,single bole tree,52.5,130,25.0
63299761-7148-4693-8fbc-0b7ad32c3966,BLAN_048.basePlot.vst,2018-09-20,vst_BLAN_2018,D02,BLAN,BLAN_048,NEON.PLA.D02.BLAN.08284,single bole tree,30.9,130,20.1
e395dbb9-22f7-4248-a60a-84afc0c31a7e,BLAN_048.basePlot.vst,2018-09-20,vst_BLAN_2018,D02,BLAN,BLAN_048,NEON.PLA.D02.BLAN.08289,single bole tree,44.5,130,28.2
