uid,namedLocation,date,eventID,domainID,siteID,plotID,individualID,growthForm,stemDiameter,measurementHeight,height
62a5c78a-8b6f-44ab-a16a-7b87dcff3f04,GRSM_057.basePlot.vst,2015-05-18,vst_GRSM_2015,D07,GRSM,GRSM_057,NEON.PLA.D07.GRSM.00079,single bole tree,66.3,130,NA
4df1edf9-9d39-4fa2-b531-b02a07f90678,GRSM_048.basePlot.vst,2015-05-18,vst_GRSM_2015,D07,GRSM,GRSM_048,NEON.PLA.D07.GRSM.00191,single bole tree,65.5,130,NA
be2489e6-1d40-46d2-8912-73dc4d35f113,GRSM_048.basePlot.vst,2015-05-18,vst_GRSM_2015,D07,GRSM,GRSM_048,NEON.PLA.D07.GRSM.00193,single bole tree,30.5,130,NA
ee7a5e50-f73a-41de-9b8a-a20ce92e8ab4,GRSM_048.basePlot.vst,2015-05-18,vst_GRSM_2015,D07,GRSM,GRSM_048,NEON.PLA.D07.GRSM.00173,single bole tree,26.1,130,NA
9a2d1635-9da7-40fc-a39d-bcc9c14f4039,GRSM_048.basePlot.vst,2015-05-18,vst_GRSM_2015,D07,GRSM,GRSM_048,NEON.PLA.D07.GRSM.00192,single bole tree,27.1,130,NA
d872780e-d188-4f3e-8da6-623377c900ca,GRSM_057.basePlot.vst,2015-05-18,vst_GRSM_2015,D07,GRSM,GRSM_057,NEON.PLA.D07.GRSM.00002,single bole tree,24.1,130,NA
2f8a87ce-1331-437d-a7e3-ecbeffdef39a,GRSM_048.basePlot.vst,2015-05-18,vst_GRSM_2015,D07,GRSM,GRSM_048,NEON.PLA.D07.GRSM.00125,single bole tree,16.0,130,NA
86aaf8f6-ce4a-4724-957f-64f5dc2377ce,GRSM_048.basePlot.vst,2015-05-18,vst_GRSM_2015,D07,GRSM,GRSM_048,NEON.PLA.D07.GRSM.00151,single bole tree,47.5,130,NA
4361494e-d371-449f-a784-c492b1f13f2a,GRSM_048.basePlot.vst,2015-05-18,vst_GRSM_2015,D07,GRSM,GRSM_048,NEON.PLA.D07.GRSM.00155,single bole tree,17.5,130,NA
e96992f7-395c-4fc1-86ef-997ae622221f,GRSM_057.basePlot.vst,2015-05-18,vst_GRSM_2015,D07,GRSM,GRSM_057,NEON.PLA.D07.GRSM.00029,single bole tree,59.3,130,NA
e50f5c20-4e56-44f3-906e-14c7f49af3b7,GRSM_057.basePlot.vst,2015-05-18,vst_GRSM_2015,D07,GRSM,GRSM_057,NEON.PLA.D07.GRSM.00105,single bole tree,10.2,130,NA
6e5fac90-ea1c-4cc1-a23a-51ce9896be82,GRSM_048.basePlot.vst,2015-05-18,vst_GRSM_2015,D07,GRSM,GRSM_048,NEON.PLA.D07.GRSM.00119,single bole tree,15.5,130,NA
3040a22f-bd2d-443e-bb23-f21db28c9d6a,GRSM_048.basePlot.vst,2015-05-18,vst_GRSM_2015,D07,GRSM,GRSM_048,NEON.PLA.D07.GRSM.00164,single bole tree,27.1,130,NA
7b9c538f-3f05-40e5-a4b9-286b9fe85243,GRSM_057.basePlot.vst,2015-05-18,vst_GRSM_2015,D07,GRSM,GRSM_057,NEON.PLA.D07.GRSM.00046,single bole tree,36.1,130,NA
7453e8a0-1f2f-4f48-b195-b6f8a64e7247,GRSM_048.basePlot.vst,2015-05-18,vst_GRSM_2015,D07,GRSM,GRSM_048,NEON.PLA.D07.GRSM.00124,single bole tree,18.0,130,NA
1adc5876-4e8a-44de-a3d4-f4b8eae810ee,GRSM_048.basePlot.vst,2015-05-18,vst_GRSM_2015,D07,GRSM,GRSM_048,NEON.PLA.D07.GRSM.00118,multi-bole tree,9.8,130,NA
ad635ffb-6b7d-4c89-8872-e606706b83ed,GRSM_048.basePlot.vst,2015-05-18,vst_GRSM_2015,D07,GRSM,GRSM_048,NEON.PLA.D07.GRSM.00145,single bole tree,44.0,130,NA
18c34a48-510f-4aa1-a08b-bb1d306b9203,GRSM_057.basePlot.vst,2015-05-18,vst_GRSM_2015,D07,GRSM,GRSM_057,NEON.PLA.D07.GRSM.00077,single bole tree,10.1,130,NA
0e31efa1-1def-4e65-a981-b8b141648d4e,GRSM_057.basePlot.vst,2015-05-18,vst_GRSM_2015,D07,GRSM,GRSM_057,NEON.PLA.D07.GRSM.00032,single bole tree,44.2,130,NA
f4cf26a3-47a9-4902-b685-7465f0e51660,GRSM_057.basePlot.vst,2015-05-18,vst_GRSM_2015,D07,GRSM,GRSM_057,NEON.PLA.D07.GRSM.00099,single bole tree,24.6,130,NA
cd51a2d1-97fe-4253-96fa-bc674075660f,GRSM_048.basePlot.vst,2015-05-18,vst_GRSM_2015,D07,GRSM,GRSM_048,NEON.PLA.D07.GRSM.00150,single bole tree,17.1,130,NA
059de3d3-e7ba-4446-80c0-97e1b44296eb,GRSM_048.basePlot.vst,2015-05-18,vst_GRSM_2015,D07,GRSM,GRSM_048,NEON.PLA.D07.GRSM.00161,single bole tree,51.4,130,NA
967fc7c1-58f3-4c72-9d97-831d1260c087,GRSM_048.basePlot.vst,2015-05-18,vst_GRSM_2015,D07,GRSM,GRSM_048,NEON.PLA.D07.GRSM.00153,single bole tree,17.7,130,NA
f07f739e-0ebb-4341-a09b-7f7a4e6ab76a,GRSM_057.basePlot.vst,2015-05-18,vst_GRSM_2015,D07,GRSM,GRSM_057,NEON.PLA.D07.GRSM.00041,single bole tree,11.7,130,NA
b02dff60-45b5-4ede-8d52-5a89fc9c01d4,GRSM_057.basePlot.vst,2015-05-18,vst_GRSM_2015,D07,GRSM,GRSM_057,NEON.PLA.D07.GRSM.00076,single bole tree,37.5,130,NA
48bbdeec-7e94-4a52-89cf-70c456e4bdc0,GRSM_057.basePlot.vst,2015-05-18,vst_GRSM_2015,D07,GRSM,GRSM_057,NEON.PLA.D07.GRSM.01979,single bole tree,18.5,130,NA
0cde620c-6877-4537-93a8-84cd0b75c18f,GRSM_048.basePlot.vst,2015-05-18,vst_GRSM_2015,D07,GRSM,GRSM_048,NEON.PLA.D07.GRSM.00147,single bole tree,14.7,130,NA
892b5bd8-034f-40db-874c-17c44f08ab29,GRSM_057.basePlot.vst,2015-05-18,vst_GRSM_2015,D07,GRSM,GRSM_057,NEON.PLA.D07.GRSM.00031,multi-bole tree,28.9,130,NA
98ec8e53-6dc6-4939-a66a-c99fe25b5849,GRSM_048.basePlot.vst,2015-05-18,vst_GRSM_2015,D07,GRSM,GRSM_048,NEON.PLA.D07.GRSM.00163,single bole tree,14.4,130,NA
55a7bc0e-8024-4d76-9028-c5d8628bf710,GRSM_057.basePlot.vst,2015-05-18,vst_GRSM_2015,D07,GRSM,GRSM_057,NEON.PLA.D07.GRSM.00043,single bole tree,55.3,130,NA
97d39a4a-1421-4924-8064-3515b4ecafe0,GRSM_048.basePlot.vst,2015-05-18,vst_GRSM_2015,D07,GRSM,GRSM_048,NEON.PLA.D07.GRSM.00166,single bole tree,98.9,130,NA
e6824f4f-4345-4df4-a5f2-25db230ea7a6,GRSM_057.basePlot.vst,2015-05-18,vst_GRSM_2015,D07,GRSM,GRSM_057,NEON.PLA.D07.GRSM.00045,single bole tree,32.6,130,NA
7fd65f5d-4d18-46f2-90fc-5bfffeb14806,GRSM_057.basePlot.vst,2015-05-18,vst_GRSM_2015,D07,GRSM,GRSM_057,NEON.PLA.D07.GRSM.00071,single bole tree,15.3,130,NA
51a74170-0390-4897-8897-83010259137d,GRSM_048.basePlot.vst,2015-05-18,vst_GRSM_2015,D07,GRSM,GRSM_048,NEON.PLA.D07.GRSM.00129,single bole tree,40.6,130,NA
b4f14d04-cc9d-4ce3-8838-922d5786926f,GRSM_057.basePlot.vst,2015-05-18,vst_GRSM_2015,D07,GRSM,GRSM_057,NEON.PLA.D07.GRSM.00010,single bole tree,15.5,130,NA
5c00c660-a34d-40bb-9ffd-bdeff1663fb4,GRSM_057.basePlot.vst,2015-05-18,vst_GRSM_2015,D07,GRSM,GRSM_057,NEON.PLA.D07.GRSM.00075,single bole tree,30.8,130,NA
4c8e68df-3bb6-49d9-9d91-3579ad0d2531,GRSM_048.basePlot.vst,2015-05-18,vst_GRSM_2015,D07,GRSM,GRSM_048,NEON.PLA.D07.GRSM.00146,single bole tree,43.9,130,NA
5fe6c603-dee5-4a4e-b5cf-44fb6ce8931f,GRSM_048.basePlot.vst,2015-05-18,vst_GRSM_2015,D07,GRSM,GRSM_048,NEON.PLA.D07.GRSM.00165,single bole tree,17.5,130,NA
c087da5f-7a21-41a7-a2d2-67c7cc9e3b90,GRSM_057.basePlot.vst,2015-05-18,vst_GRSM_2015,D07,GRSM,GRSM_057,NEON.PLA.D07.GRSM.00047,single bole tree,59.6,130,NA
8636ff43-126a-402d-b7e9-5a747da5f885,GRSM_048.basePlot.vst,2015-05-18,vst_GRSM_2015,D07,GRSM,GRSM_048,NEON.PLA.D07.GRSM.00137,single bole tree,50.2,130,NA
ca3bebe1-484e-4920-8796-674b93987211,GRSM_048.basePlot.vst,2015-05-18,vst_GRSM_2015,D07,GRSM,GRSM_048,NEON.PLA.D07.GRSM.00170,single bole tree,15.9,10,NA
adcd8bf3-6d06-4954-8ee4-ef88ec7b5141,GRSM_048.basePlot.vst,2015-05-18,vst_GRSM_2015,D07,GRSM,GRSM_048,NEON.PLA.D07.GRSM.00160,small tree,9.0,130,NA
b04fe9d7-c68c-4830-a7ba-e6b348a66111,GRSM_057.basePlot.vst,2015-05-18,vst_GRSM_2015,D07,GRSM,GRSM_057,NEON.PLA.D07.GRSM.00042,single bole tree,15.4,130,NA
834c6dd1-a9ca-40e1-af2e-32fc0e5bd77c,GRSM_048.basePlot.vst,2015-05-18,vst_GRSM_2015,D07,GRSM,GRSM_048,NEON.PLA.D07.GRSM.00148,single bole tree,14.6,130,NA
9f2586e8-fda3-4c25-b12d-8788e330b556,GRSM_048.basePlot.vst,2015-05-18,vst_GRSM_2015,D07,GRSM,GRSM_048,NEON.PLA.D07.GRSM.00118A,NA,9.4,130,NA
104c42a2-64f2-4dde-9ec9-907afe36ee88,GRSM_057.basePlot.vst,2015-05-18,vst_GRSM_2015,D07,GRSM,GRSM_057,NEON.PLA.D07.GRSM.00040,single bole tree,52.4,130,NA
d7223524-30a3-4973-b8bf-6495b4a2f507,GRSM_057.basePlot.vst,2015-05-18,vst_GRSM_2015,D07,GRSM,GRSM_057,NEON.PLA.D07.GRSM.00091,single bole tree,42.0,130,NA
3c04fbe3-c418-4e33-a008-1f0e84f454d1,GRSM_057.basePlot.vst,2015-05-18,vst_GRSM_2015,D07,GRSM,GRSM_057,NEON.PLA.D07.GRSM.00095,single bole tree,1.0,130,NA
ce8e4a5f-c7a6-4e19-972c-1071a662e3c1,GRSM_057.basePlot.vst,2015-05-18,vst_GRSM_2015,D07,GRSM,GRSM_057,NEON.PLA.D07.GRSM.00073,single bole tree,70.3,130,NA
a1307f92-974e-4388-9e71-c18d3762fd56,GRSM_048.basePlot.vst,2015-05-18,vst_GRSM_2015,D07,GRSM,GRSM_048,NEON.PLA.D07.GRSM.00154,single bole tree,13.4,130,NA
a629f09b-9948-4b74-8e4a-9411accc3839,GRSM_048.basePlot.vst,2015-05-18,vst_GRSM_2015,D07,GRSM,GRSM_048,NEON.PLA.D07.GRSM.00194,single bole tree,37.4,130,NA
4f2967ee-716c-4e5a-980e-22fb2dfc3d3d,GRSM_057.basePlot.vst,2015-05-18,vst_GRSM_2015,D07,GRSM,GRSM_057,NEON.PLA.D07.GRSM.00074,single bole tree,17.7,130,NA
7d1a8490-d0dc-4f7c-9aa4-75a51111bfe1,GRSM_057.basePlot.vst,2015-05-18,vst_GRSM_2015,D07,GRSM,GRSM_057,NEON.PLA.D07.GRSM.00001,single bole tree,14.1,130,NA
15287727-e871-481c-8d16-aa05fc290488,GRSM_057.basePlot.vst,2015-05-18,vst_GRSM_2015,D07,GRSM,GRSM_057,NEON.PLA.D07.GRSM.00070,single bole tree,92.3,130,NA
12dc5f0f-01a7-4259-822a-1fd78b793c1a,GRSM_048.basePlot.vst,2015-05-18,vst_GRSM_2015,D07,GRSM,GRSM_048,NEON.PLA.D07.GRSM.00167,single bole tree,18.7,130,NA
2449a255-486c-4cb3-9731-ef1ccf7723a0,GRSM_048.basePlot.vst,2015-05-18,vst_GRSM_2015,D07,GRSM,GRSM_048,NEON.PLA.D07.GRSM.00144,single bole tree,47.3,130,NA
4a487665-731e-4242-88bb-cc6f6f1ca492,GRSM_048.basePlot.vst,2015-05-18,vst_GRSM_2015,D07,GRSM,GRSM_048,NEON.PLA.D07.GRSM.00113,single bole tree,47.5,130,NA
7a694823-e6bb-4f90-b019-69dc6c72362d,GRSM_057.basePlot.vst,2015-05-18,vst_GRSM_2015,D07,GRSM,GRSM_057,NEON.PLA.D07.GRSM.00078,single bole tree,43.7,130,NA
d9f3258d-5552-436c-a3ee-cf7589ecadcd,GRSM_057.basePlot.vst,2015-05-18,vst_GRSM_2015,D07,GRSM,GRSM_057,NEON.PLA.D07.GRSM.00048,single bole tree,45.2,130,NA
95fe9770-7410-49b2-979b-af3082ddf933,GRSM_048.basePlot.vst,2015-05-18,vst_GRSM_2015,D07,GRSM,GRSM_048,NEON.PLA.D07.GRSM.00162,single bole tree,29.0,130,NA
097dd939-0981-4f59-9833-fa75064a83a3,GRSM_057.basePlot.vst,2015-05-18,vst_GRSM_2015,D07,GRSM,GRSM_057,NEON.PLA.D07.GRSM.00082,single bole tree,15.0,130,NA
c21f8979-45d1-4c52-be0a-3bde6e1af5d0,GRSM_057.basePlot.vst,2015-05-18,vst_GRSM_2015,D07,GRSM,GRSM_057,NEON.PLA.D07.GRSM.00072,single bole tree,27.4,130,NA
729c2843-c61c-4a41-b49f-c32ccbd43cc1,GRSM_057.basePlot.vst,2015-05-18,vst_GRSM_2015,D07,GRSM,GRSM_057,NEON.PLA.D07.GRSM.00024,single bole tree,22.2,130,NA
6eaeca36-bdd4-4b11-943d-bf8a7d6598b7,GRSM_048.basePlot.vst,2015-05-18,vst_GRSM_2015,D07,GRSM,GRSM_048,NEON.PLA.D07.GRSM.00107,single bole tree,34.1,130,NA
cef07670-a386-4552-a5eb-482e719ac12c,GRSM_048.basePlot.vst,2015-05-18,vst_GRSM_2015,D07,GRSM,GRSM_048,NEON.PLA.D07.GRSM.00152,single bole tree,13.9,130,NA
bad30859-15f8-4569-9edd-1487717fe15a,GRSM_057.basePlot.vst,2015-05-18,vst_GRSM_2015,D07,GRSM,GRSM_057,NEON.PLA.D07.GRSM.00044,single bole tree,16.2,130,NA
1120aec1-fa8b-40ed-bdf0-5e62a815cf5e,GRSM_057.basePlot.vst,2015-05-18,vst_GRSM_2015,D07,GRSM,GRSM_057,NEON.PLA.D07.GRSM.00034,single bole tree,62.1,130,NA
07d022bd-3dae-4c51-958f-ad6e0cd31cd8,GRSM_059.basePlot.vst,2015-05-19,vst_GRSM_2015,D07,GRSM,GRSM_059,NEON.PLA.D07.GRSM.00435,single bole tree,21.3,130,NA
6e18a918-d75a-4734-b2f2-f6a4853efdf3,GRSM_059.basePlot.vst,2015-05-19,vst_GRSM_2015,D07,GRSM,GRSM_059,NEON.PLA.D07.GRSM.00366,single bole tree,23.8,130,NA
717c4968-22a4-4512-8e6a-763f725c8dbc,GRSM_059.basePlot.vst,2015-05-19,vst_GRSM_2015,D07,GRSM,GRSM_059,NEON.PLA.D07.GRSM.00400,single bole tree,25.5,130,NA
bce32a76-568e-4a3a-8ece-2bd935c71c29,GRSM_059.basePlot.vst,2015-05-19,vst_GRSM_2015,D07,GRSM,GRSM_059,NEON.PLA.D07.GRSM.00428,single bole tree,4.8,130,NA
df95c682-4a61-47b2-b27a-cb33abff3181,GRSM_059.basePlot.vst,2015-05-19,vst_GRSM_2015,D07,GRSM,GRSM_059,NEON.PLA.D07.GRSM.00336,single bole tree,20.5,130,NA
e79f86b3-1263-418f-941d-313fc834b9de,GRSM_059.basePlot.vst,2015-05-19,vst_GRSM_2015,D07,GRSM,GRSM_059,NEON.PLA.D07.GRSM.00356,single bole tree,19.3,130,NA
7170b636-9147-4579-b6d7-9671adcd3b10,GRSM_059.basePlot.vst,2015-05-19,vst_GRSM_2015,D07,GRSM,GRSM_059,NEON.PLA.D07.GRSM.00406,single bole tree,23.7,130,2.0
f948ba56-d406-4a64-91af-305d5f43f52e,GRSM_059.basePlot.vst,2015-05-19,vst_GRSM_2015,D07,GRSM,GRSM_059,NEON.PLA.D07.GRSM.00434,single bole tree,28.1,130,NA
f664de89-9937-4036-953e-af265b883fa3,GRSM_059.basePlot.vst,2015-05-19,vst_GRSM_2015,D07,GRSM,GRSM_059,NEON.PLA.D07.GRSM.00370,single bole tree,11.8,130,NA
aa1f9ca2-81af-496f-8133-c4460c70aab7,GRSM_059.basePlot.vst,2015-05-19,vst_GRSM_2015,D07,GRSM,GRSM_059,NEON.PLA.D07.GRSM.00382,single bole tree,12.8,130,NA
ac0ded24-6990-42c2-816e-415c70a3c606,GRSM_059.basePlot.vst,2015-05-19,vst_GRSM_2015,D07,GRSM,GRSM_059,NEON.PLA.D07.GRSM.00438,single bole tree,18.0,130,NA
1a9bf0fb-f23b-441c-8caf-c2103c629c63,GRSM_059.basePlot.vst,2015-05-19,vst_GRSM_2015,D07,GRSM,GRSM_059,NEON.PLA.D07.GRSM.00363,single bole tree,13.2,130,NA
471e027d-bc7b-4c3d-b749-81670b1dc978,GRSM_059.basePlot.vst,2015-05-19,vst_GRSM_2015,D07,GRSM,GRSM_059,NEON.PLA.D07.GRSM.00397,single bole tree,15.4,130,NA
89d90e10-5958-4fac-b36d-efc90a1b88ed,GRSM_059.basePlot.vst,2015-05-19,vst_GRSM_2015,D07,GRSM,GRSM_059,NEON.PLA.D07.GRSM.00385,single bole tree,25.3,130,NA
490f7a1a-0a55-4eed-beb1-bd615108b6fe,GRSM_059.basePlot.vst,2015-05-19,vst_GRSM_2015,D07,GRSM,GRSM_059,NEON.PLA.D07.GRSM.00359,single bole tree,12.9,130,NA
3d4a9381-8efd-4467-b334-9d75b3a9f2c4,GRSM_059.basePlot.vst,2015-05-19,vst_GRSM_2015,D07,GRSM,GRSM_059,NEON.PLA.D07.GRSM.00422B,NA,19.9,130,NA
03a60c87-ca00-4b38-81ed-3d883aa87574,GRSM_059.basePlot.vst,2015-05-19,vst_GRSM_2015,D07,GRSM,GRSM_059,NEON.PLA.D07.GRSM.00404A,NA,13.4,130,NA
2e881318-740e-43a2-93cc-4899e3a1f2b5,GRSM_059.basePlot.vst,2015-05-19,vst_GRSM_2015,D07,GRSM,GRSM_059,NEON.PLA.D07.GRSM.00372,single bole tree,19.8,130,NA
62418533-11cd-4058-8540-c680a23b6170,GRSM_059.basePlot.vst,2015-05-19,vst_GRSM_2015,D07,GRSM,GRSM_059,NEON.PLA.D07.GRSM.00392,single bole tree,11.1,130,NA
c34e8a9f-68ef-490e-947b-5fc297ed07e4,GRSM_059.basePlot.vst,2015-05-19,vst_GRSM_2015,D07,GRSM,GRSM_059,NEON.PLA.D07.GRSM.00376,single bole tree,27.9,130,NA
1e3a772f-60ba-45e3-99ab-29cd29236872,GRSM_059.basePlot.vst,2015-05-19,vst_GRSM_2015,D07,GRSM,GRSM_059,NEON.PLA.D07.GRSM.00351,small shrub,13.1,130,NA
40d04fac-4077-4678-85e6-286d2e03ee10,GRSM_059.basePlot.vst,2015-05-19,vst_GRSM_2015,D07,GRSM,GRSM_059,NEON.PLA.D07.GRSM.00368,single bole tree,17.0,130,NA
54358877-3662-4ea0-9357-0ec3e1973846,GRSM_059.basePlot.vst,2015-05-19,vst_GRSM_2015,D07,GRSM,GRSM_059,NEON.PLA.D07.GRSM.00394,single bole tree,30.5,130,NA
d7b69afa-143a-4171-a61e-4a6d82604f33,GRSM_059.basePlot.vst,2015-05-19,vst_GRSM_2015,D07,GRSM,GRSM_059,NEON.PLA.D07.GRSM.00418A,NA,20.0,130,NA
75b2015e-59c6-4491-aaf5-3e813545de10,GRSM_059.basePlot.vst,2015-05-19,vst_GRSM_2015,D07,GRSM,GRSM_059,NEON.PLA.D07.GRSM.00402,single bole tree,21.1,130,NA
c8f9fd84-4a11-4eb5-bee1-b51ac6e2771d,GRSM_059.basePlot.vst,2015-05-19,vst_GRSM_2015,D07,GRSM,GRSM_059,NEON.PLA.D07.GRSM.00403,single bole tree,23.1,130,NA
cab8b079-0a7d-41e3-9a44-2af1b5cb83a1,GRSM_059.basePlot.vst,2015-05-19,vst_GRSM_2015,D07,GRSM,GRSM_059,NEON.PLA.D07.GRSM.00360,single bole tree,10.0,130,NA
fb0800f9-b561-4b24-9b63-ec7ed8c0892c,GRSM_059.basePlot.vst,2015-05-19,vst_GRSM_2015,D07,GRSM,GRSM_059,NEON.PLA.D07.GRSM.00381,single bole tree,16.1,130,NA
b2b6da3e-2b5f-44c6-ba34-8a9d7b035f03,GRSM_059.basePlot.vst,2015-05-19,vst_GRSM_2015,D07,GRSM,GRSM_059,NEON.PLA.D07.GRSM.00417,single bole tree,10.6,130,NA
256db1bf-596d-442d-b430-c2c97a1c6cbd,GRSM_059.basePlot.vst,2015-05-19,vst_GRSM_2015,D07,GRSM,GRSM_059,NEON.PLA.D07.GRSM.00348,single bole tree,23.1,130,NA
3c7d8472-786f-4348-8d05-7703daa94053,GRSM_059.basePlot.vst,2015-05-19,vst_GRSM_2015,D07,GRSM,GRSM_059,NEON.PLA.D07.GRSM.00399,single bole tree,13.4,130,NA
6a907124-4b4b-42c5-974d-1f19204e30b5,GRSM_059.basePlot.vst,2015-05-19,vst_GRSM_2015,D07,GRSM,GRSM_059,NEON.PLA.D07.GRSM.00369,single bole tree,27.1,130,NA
782de1c3-3e18-4067-ad87-338e5a76254e,GRSM_059.basePlot.vst,2015-05-19,vst_GRSM_2015,D07,GRSM,GRSM_059,NEON.PLA.D07.GRSM.00388,single bole tree,62.0,130,NA
3df26a12-d8db-4eee-b4a0-34f6a156b7d9,GRSM_059.basePlot.vst,2015-05-19,vst_GRSM_2015,D07,GRSM,GRSM_059,NEON.PLA.D07.GRSM.00375,single bole tree,12.1,130,NA
20db6d4c-ef03-478f-9f70-522685de93a1,GRSM_059.basePlot.vst,2015-05-19,vst_GRSM_2015,D07,GRSM,GRSM_059,NEON.PLA.D07.GRSM.00418,multi-bole tree,21.0,130,NA
4d49dedd-d120-4a48-b148-c1785e3ba939,GRSM_059.basePlot.vst,2015-05-19,vst_GRSM_2015,D07,GRSM,GRSM_059,NEON.PLA.D07.GRSM.00436,single bole tree,17.0,130,NA
76bb01bb-c0f5-4d87-8e73-77c278b3b371,GRSM_059.basePlot.vst,2015-05-19,vst_GRSM_2015,D07,GRSM,GRSM_059,NEON.PLA.D07.GRSM.00390,single bole tree,14.7,130,NA
98f0e911-2252-4b30-8cb6-4f7bced5fb9a,GRSM_059.basePlot.vst,2015-05-19,vst_GRSM_2015,D07,GRSM,GRSM_059,NEON.PLA.D07.GRSM.00404,multi-bole tree,20.1,130,NA
d0a9eb5b-88c2-4260-ae53-f9e4bd19c020,GRSM_059.basePlot.vst,2015-05-19,vst_GRSM_2015,D07,GRSM,GRSM_059,NEON.PLA.D07.GRSM.00413,single bole tree,47.1,130,NA
c8a2a36a-9440-4650-9e8f-7b19dee25f25,GRSM_059.basePlot.vst,2015-05-19,vst_GRSM_2015,D07,GRSM,GRSM_059,NEON.PLA.D07.GRSM.00425,single bole tree,13.9,130,NA
e46427f4-0373-4633-9364-3b051f005eee,GRSM_059.basePlot.vst,2015-05-19,vst_GRSM_2015,D07,GRSM,GRSM_059,NEON.PLA.D07.GRSM.00419,single bole tree,17.8,130,NA
d048a60c-0700-4115-a4e4-ee858f6936ea,GRSM_059.basePlot.vst,2015-05-19,vst_GRSM_2015,D07,GRSM,GRSM_059,NEON.PLA.D07.GRSM.00379,single bole tree,17.2,130,NA
ca15fdf6-43e9-48c5-abf0-e1256d86f04d,GRSM_059.basePlot.vst,2015-05-19,vst_GRSM_2015,D07,GRSM,GRSM_059,NEON.PLA.D07.GRSM.00361,single bole tree,15.5,130,NA
387afa35-2a68-49c2-b961-729b75ac7dbb,GRSM_059.basePlot.vst,2015-05-19,vst_GRSM_2015,D07,GRSM,GRSM_059,NEON.PLA.D07.GRSM.00422,multi-bole tree,27.0,130,NA
8c67f144-e678-4df7-a7a7-91a8b795c095,GRSM_059.basePlot.vst,2015-05-19,vst_GRSM_2015,D07,GRSM,GRSM_059,NEON.PLA.D07.GRSM.00387,single bole tree,10.4,130,NA
434e0233-a19e-4a8b-ac92-c3110dd85bb0,GRSM_059.basePlot.vst,2015-05-19,vst_GRSM_2015,D07,GRSM,GRSM_059,NEON.PLA.D07.GRSM.00362,single bole tree,13.7,130,NA
b4af0e16-e4c4-4f78-94e3-bc52d812644c,GRSM_059.basePlot.vst,2015-05-19,vst_GRSM_2015,D07,GRSM,GRSM_059,NEON.PLA.D07.GRSM.00373,single bole tree,19.8,130,1.6
8632c690-5df2-4f94-bec1-dfa26f0e2a15,GRSM_059.basePlot.vst,2015-05-19,vst_GRSM_2015,D07,GRSM,GRSM_059,NEON.PLA.D07.GRSM.00371,single bole tree,11.2,130,NA
5850db69-8ca8-49dd-9660-5afdd30b0b56,GRSM_059.basePlot.vst,2015-05-19,vst_GRSM_2015,D07,GRSM,GRSM_059,NEON.PLA.D07.GRSM.00386,single bole tree,19.9,130,NA
cc5253eb-2b31-4be4-9072-6724114de33c,GRSM_059.basePlot.vst,2015-05-19,vst_GRSM_2015,D07,GRSM,GRSM_059,NEON.PLA.D07.GRSM.00393,single bole tree,22.3,130,NA
89bab902-1065-4a93-8362-426e1bb9d402,GRSM_059.basePlot.vst,2015-05-19,vst_GRSM_2015,D07,GRSM,GRSM_059,NEON.PLA.D07.GRSM.00416,single bole tree,25.4,130,NA
9c2218cd-6092-4a61-9ee4-329cd314b596,GRSM_059.basePlot.vst,2015-05-19,vst_GRSM_2015,D07,GRSM,GRSM_059,NEON.PLA.D07.GRSM.00401,single bole tree,13.9,130,NA
b9c29bb4-89a7-4808-bdce-124d8e10a9a8,GRSM_059.basePlot.vst,2015-05-19,vst_GRSM_2015,D07,GRSM,GRSM_059,NEON.PLA.D07.GRSM.00423,single bole tree,14.3,130,NA
9a9caaec-cc16-40c0-91a4-193bbc25b882,GRSM_059.basePlot.vst,2015-05-19,vst_GRSM_2015,D07,GRSM,GRSM_059,NEON.PLA.D07.GRSM.01994,single bole tree,20.0,130,NA
d17c72ea-1db5-4f55-8094-c997d2b17ac7,GRSM_059.basePlot.vst,2015-05-19,vst_GRSM_2015,D07,GRSM,GRSM_059,NEON.PLA.D07.GRSM.00346,single bole tree,15.2,130,NA
dd95a0cd-6de4-46c4-8bec-84b64b9e4e9a,GRSM_059.basePlot.vst,2015-05-19,vst_GRSM_2015,D07,GRSM,GRSM_059,NEON.PLA.D07.GRSM.00437,single bole tree,13.7,130,NA
07ed529b-bc56-4035-8b71-f8287a992dd4,GRSM_059.basePlot.vst,2015-05-19,vst_GRSM_2015,D07,GRSM,GRSM_059,NEON.PLA.D07.GRSM.00374,multi-bole tree,45.0,130,NA
2af0418f-9f53-4f48-aedf-2e701281b38a,GRSM_059.basePlot.vst,2015-05-19,vst_GRSM_2015,D07,GRSM,GRSM_059,NEON.PLA.D07.GRSM.00378,single bole tree,12.1,130,NA
fdc627c0-dea2-4f9d-bcec-1a3d14280740,GRSM_059.basePlot.vst,2015-05-19,vst_GRSM_2015,D07,GRSM,GRSM_059,NEON.PLA.D07.GRSM.00396,single bole tree,15.2,130,NA
c47244ce-82c5-46db-8974-0aa18750e6b7,GRSM_059.basePlot.vst,2015-05-19,vst_GRSM_2015,D07,GRSM,GRSM_059,NEON.PLA.D07.GRSM.00389,single bole tree,17.2,130,NA
4dc5ea37-588a-4ad4-b7ac-657fce0b270a,GRSM_059.basePlot.vst,2015-05-19,vst_GRSM_2015,D07,GRSM,GRSM_059,NEON.PLA.D07.GRSM.00422A,NA,20.0,130,NA
5929dd79-81c2-4325-8bb0-ebea44ddc168,GRSM_059.basePlot.vst,2015-05-19,vst_GRSM_2015,D07,GRSM,GRSM_059,NEON.PLA.D07.GRSM.00352,single bole tree,11.9,130,NA
22532f21-3b75-4021-b384-1aa735470162,GRSM_059.basePlot.vst,2015-05-19,vst_GRSM_2015,D07,GRSM,GRSM_059,NEON.PLA.D07.GRSM.00398,single bole tree,16.0,130,NA
51e036d6-ac1c-4e74-ad41-8abb2595ff8f,GRSM_059.basePlot.vst,2015-05-19,vst_GRSM_2015,D07,GRSM,GRSM_059,NEON.PLA.D07.GRSM.00377,single bole tree,24.5,130,NA
a05c9af8-02d7-4081-ac1c-2ae5e4d4b243,GRSM_059.basePlot.vst,2015-05-19,vst_GRSM_2015,D07,GRSM,GRSM_059,NEON.PLA.D07.GRSM.00365,single bole tree,44.5,130,NA
9f2ee3e8-25d3-4af9-9ea4-858cddba8591,GRSM_059.basePlot.vst,2015-05-19,vst_GRSM_2015,D07,GRSM,GRSM_059,NEON.PLA.D07.GRSM.00391,single bole tree,21.2,130,NA
33a3e126-060d-467b-86a3-523b536cb2a8,GRSM_059.basePlot.vst,2015-05-19,vst_GRSM_2015,D07,GRSM,GRSM_059,NEON.PLA.D07.GRSM.00395,single bole tree,20.5,130,NA
44d5b23f-3c16-4d66-bd38-b2fb6fd2ee84,GRSM_054.basePlot.vst,2015-05-20,vst_GRSM_2015,D07,GRSM,GRSM_054,NEON.PLA.D07.GRSM.00478,single bole tree,22.2,130,NA
affcd361-e608-4dc0-aa55-2b27d9af2d23,GRSM_054.basePlot.vst,2015-05-20,vst_GRSM_2015,D07,GRSM,GRSM_054,NEON.PLA.D07.GRSM.00451,single bole tree,51.6,130,NA
479fd81f-cd73-4b58-9d83-42e0b52058bd,GRSM_059.basePlot.vst,2015-05-20,vst_GRSM_2015,D07,GRSM,GRSM_059,NEON.PLA.D07.GRSM.00374A,NA,35.5,130,NA
3dadae95-b163-43d7-a7d9-1fb331960d61,GRSM_054.basePlot.vst,2015-05-20,vst_GRSM_2015,D07,GRSM,GRSM_054,NEON.PLA.D07.GRSM.00442,multi-bole tree,10.7,130,NA
3906e0a2-f29a-4183-823f-926da2ca7ad4,GRSM_054.basePlot.vst,2015-05-20,vst_GRSM_2015,D07,GRSM,GRSM_054,NEON.PLA.D07.GRSM.00452,single bole tree,12.6,130,NA
e62a64af-da89-4676-aaf3-09bcbd79c781,GRSM_054.basePlot.vst,2015-05-20,vst_GRSM_2015,D07,GRSM,GRSM_054,NEON.PLA.D07.GRSM.00447,single bole tree,26.9,130,NA
fe65946f-f697-4c2b-881d-fa657ca9faa9,GRSM_054.basePlot.vst,2015-05-20,vst_GRSM_2015,D07,GRSM,GRSM_054,NEON.PLA.D07.GRSM.00502,single bole tree,13.7,130,NA
cb819367-67f4-4d5c-9226-ad24b6f8596b,GRSM_054.basePlot.vst,2015-05-20,vst_GRSM_2015,D07,GRSM,GRSM_054,NEON.PLA.D07.GRSM.00460,single bole tree,10.9,130,NA
d19a5d2a-4570-44f0-812b-37c7bc324e7f,GRSM_054.basePlot.vst,2015-05-20,vst_GRSM_2015,D07,GRSM,GRSM_054,NEON.PLA.D07.GRSM.00461,single bole tree,22.7,130,NA
1addfb4b-1640-4ceb-b7af-45232f8e33a6,GRSM_054.basePlot.vst,2015-05-20,vst_GRSM_2015,D07,GRSM,GRSM_054,NEON.PLA.D07.GRSM.00500,single bole tree,39.0,130,NA
0d00966c-025c-4a4f-af73-796329d5d114,GRSM_054.basePlot.vst,2015-05-20,vst_GRSM_2015,D07,GRSM,GRSM_054,NEON.PLA.D07.GRSM.00463,single bole tree,20.6,130,NA
d7d4a6c7-992f-4efb-9564-a4d271d098df,GRSM_054.basePlot.vst,2015-05-20,vst_GRSM_2015,D07,GRSM,GRSM_054,NEON.PLA.D07.GRSM.01734,single bole tree,11.1,130,NA
2ecd7cca-ed90-4523-88ae-4cd348a0999c,GRSM_052.basePlot.vst,2015-05-20,vst_GRSM_2015,D07,GRSM,GRSM_052,NEON.PLA.D07.GRSM.00699,single bole tree,11.2,130,NA
58317804-f98b-434c-becc-a2a59b438397,GRSM_054.basePlot.vst,2015-05-20,vst_GRSM_2015,D07,GRSM,GRSM_054,NEON.PLA.D07.GRSM.00457,single bole tree,21.5,130,NA
e6b640d9-e958-4eee-99a4-1745aa1ee73f,GRSM_054.basePlot.vst,2015-05-20,vst_GRSM_2015,D07,GRSM,GRSM_054,NEON.PLA.D07.GRSM.00428,single bole tree,19.6,130,NA
8a615007-637a-49fa-800d-7ca67b638e5b,GRSM_054.basePlot.vst,2015-05-20,vst_GRSM_2015,D07,GRSM,GRSM_054,NEON.PLA.D07.GRSM.00501,single bole tree,17.4,130,NA
59f7e2a8-68a6-4f2f-8706-64d4ef1ee484,GRSM_054.basePlot.vst,2015-05-20,vst_GRSM_2015,D07,GRSM,GRSM_054,NEON.PLA.D07.GRSM.00450,single bole tree,42.4,130,NA
afa92298-74c9-442b-9348-7fad0ab2190a,GRSM_054.basePlot.vst,2015-05-20,vst_GRSM_2015,D07,GRSM,GRSM_054,NEON.PLA.D07.GRSM.00504,single bole tree,33.1,130,NA
db856521-d236-4da8-b7b4-36ed249de6c6,GRSM_054.basePlot.vst,2015-05-20,vst_GRSM_2015,D07,GRSM,GRSM_054,NEON.PLA.D07.GRSM.00458,single bole tree,48.2,130,NA
6eb12969-f5ef-4c52-a7ca-e454dcaae1df,GRSM_054.basePlot.vst,2015-05-20,vst_GRSM_2015,D07,GRSM,GRSM_054,NEON.PLA.D07.GRSM.00462,multi-bole tree,56.2,130,NA
3fd3c63c-d303-4418-9365-4fe3e6a537de,GRSM_054.basePlot.vst,2015-05-20,vst_GRSM_2015,D07,GRSM,GRSM_054,NEON.PLA.D07.GRSM.00448,single bole tree,43.0,130,NA
5c5e5c2d-d2f6-495d-ac2f-b8bffc349c87,GRSM_054.basePlot.vst,2015-05-20,vst_GRSM_2015,D07,GRSM,GRSM_054,NEON.PLA.D07.GRSM.00453,single bole tree,71.0,130,NA
f575aa8d-acef-4c31-ae5b-dc288c761947,GRSM_054.basePlot.vst,2015-05-20,vst_GRSM_2015,D07,GRSM,GRSM_054,NEON.PLA.D07.GRSM.00506,single bole tree,36.5,130,NA
f8096f3a-1b29-4214-8fc9-735ad027174e,GRSM_054.basePlot.vst,2015-05-20,vst_GRSM_2015,D07,GRSM,GRSM_054,NEON.PLA.D07.GRSM.00464,single bole tree,16.5,130,NA
f1a4196c-ac79-421d-a999-c72a3153c068,GRSM_054.basePlot.vst,2015-05-20,vst_GRSM_2015,D07,GRSM,GRSM_054,NEON.PLA.D07.GRSM.00445,single bole tree,15.7,130,NA
46b9f4da-33bc-42a9-9635-e849e5e9fb3b,GRSM_054.basePlot.vst,2015-05-20,vst_GRSM_2015,D07,GRSM,GRSM_054,NEON.PLA.D07.GRSM.00443,single bole tree,14.3,130,NA
081d0ba9-89a1-4513-9979-3b5734d9a22d,GRSM_054.basePlot.vst,2015-05-20,vst_GRSM_2015,D07,GRSM,GRSM_054,NEON.PLA.D07.GRSM.00444,single bole tree,14.2,130,NA
5346462c-349a-4eb5-a0e8-5dbfcae9e768,GRSM_054.basePlot.vst,2015-05-20,vst_GRSM_2015,D07,GRSM,GRSM_054,NEON.PLA.D07.GRSM.00470,single bole tree,67.5,131,NA
760023cc-0596-4f2b-92b8-98fc1a70c08d,GRSM_054.basePlot.vst,2015-05-20,vst_GRSM_2015,D07,GRSM,GRSM_054,NEON.PLA.D07.GRSM.00491,single bole tree,20.6,NA,NA
00dcbe98-00bc-4ab8-9d2d-87452183ee2c,GRSM_054.basePlot.vst,2015-05-20,vst_GRSM_2015,D07,GRSM,GRSM_054,NEON.PLA.D07.GRSM.00433,single bole tree,42.7,130,NA
c2c7aad8-3547-4e03-9ed5-695c4712a705,GRSM_054.basePlot.vst,2015-05-20,vst_GRSM_2015,D07,GRSM,GRSM_054,NEON.PLA.D07.GRSM.00462A,NA,11.1,130,NA
00498cc8-3c5f-46dd-8705-2e4c2db8adf3,GRSM_054.basePlot.vst,2015-05-20,vst_GRSM_2015,D07,GRSM,GRSM_054,NEON.PLA.D07.GRSM.00503,single bole tree,21.0,130,NA
3ab8c46e-244e-44e0-8228-7a66edebb1f0,GRSM_054.basePlot.vst,2015-05-20,vst_GRSM_2015,D07,GRSM,GRSM_054,NEON.PLA.D07.GRSM.00446,single bole tree,15.6,130,NA
26ba9bd4-c582-4186-856a-dfac63298df1,GRSM_054.basePlot.vst,2015-05-20,vst_GRSM_2015,D07,GRSM,GRSM_054,NEON.PLA.D07.GRSM.00483,single bole tree,39.8,130,NA
aead1ef5-cf6d-4599-ab87-4c7769a58479,GRSM_049.basePlot.vst,2015-05-21,vst_GRSM_2015,D07,GRSM,GRSM_049,NEON.PLA.D07.GRSM.00864,single bole tree,31.1,130,NA
d806ddf8-ce79-4a93-9e54-36aeffe3ad83,GRSM_049.basePlot.vst,2015-05-21,vst_GRSM_2015,D07,GRSM,GRSM_049,NEON.PLA.D07.GRSM.00847,single bole tree,11.8,130,NA
c98719c5-6590-403e-a136-0bf6dd9c7cda,GRSM_049.basePlot.vst,2015-05-21,vst_GRSM_2015,D07,GRSM,GRSM_049,NEON.PLA.D07.GRSM.00814,single bole tree,10.6,130,NA
10003868-eb14-4243-9b07-346d82d7bf3d,GRSM_049.basePlot.vst,2015-05-21,vst_GRSM_2015,D07,GRSM,GRSM_049,NEON.PLA.D07.GRSM.00823,multi-bole tree,24.9,130,NA
efec398e-b518-42ca-a689-be7ceaccb1ab,GRSM_049.basePlot.vst,2015-05-21,vst_GRSM_2015,D07,GRSM,GRSM_049,NEON.PLA.D07.GRSM.00818,single bole tree,18.1,130,NA
5cab0f17-3659-4657-b517-7bd61c618fcb,GRSM_049.basePlot.vst,2015-05-21,vst_GRSM_2015,D07,GRSM,GRSM_049,NEON.PLA.D07.GRSM.00796,single bole tree,20.3,130,NA
3bc7ba5a-673e-41b5-a14b-f235e34a75cc,GRSM_049.basePlot.vst,2015-05-21,vst_GRSM_2015,D07,GRSM,GRSM_049,NEON.PLA.D07.GRSM.00861,single bole tree,18.0,130,NA
463ff5cf-adb6-44c2-bd3f-d27d1e6b2d01,GRSM_049.basePlot.vst,2015-05-21,vst_GRSM_2015,D07,GRSM,GRSM_049,NEON.PLA.D07.GRSM.00794,single bole tree,30.8,130,NA
976e95f9-852f-4831-88cd-6139b6be582b,GRSM_049.basePlot.vst,2015-05-21,vst_GRSM_2015,D07,GRSM,GRSM_049,NEON.PLA.D07.GRSM.00853,single bole tree,16.5,130,NA
f2355adb-01f1-482b-8745-8b92a0b6930b,GRSM_049.basePlot.vst,2015-05-21,vst_GRSM_2015,D07,GRSM,GRSM_049,NEON.PLA.D07.GRSM.00816,single bole tree,39.9,130,NA
fd36ba2f-42b9-4f1f-839c-c768c0964342,GRSM_049.basePlot.vst,2015-05-21,vst_GRSM_2015,D07,GRSM,GRSM_049,NEON.PLA.D07.GRSM.00805,single bole tree,17.7,130,NA
b24e9863-f07d-4031-8b8f-f9f15048a4e1,GRSM_049.basePlot.vst,2015-05-21,vst_GRSM_2015,D07,GRSM,GRSM_049,NEON.PLA.D07.GRSM.00858,single bole tree,25.1,130,NA
08e1a550-bbf1-4c66-9c72-30dad89fd98c,GRSM_049.basePlot.vst,2015-05-21,vst_GRSM_2015,D07,GRSM,GRSM_049,NEON.PLA.D07.GRSM.00811,single bole tree,19.0,130,NA
04a56c07-ab7f-4109-ab9e-f0715b9e77f7,GRSM_049.basePlot.vst,2015-05-21,vst_GRSM_2015,D07,GRSM,GRSM_049,NEON.PLA.D07.GRSM.00808,single bole tree,19.4,130,NA
4a482568-7d64-479e-867f-5a4564c2e39b,GRSM_049.basePlot.vst,2015-05-21,vst_GRSM_2015,D07,GRSM,GRSM_049,NEON.PLA.D07.GRSM.00785,single bole tree,59.3,130,NA
bae1e6d0-8694-49e4-b1ec-46c24a044149,GRSM_049.basePlot.vst,2015-05-21,vst_GRSM_2015,D07,GRSM,GRSM_049,NEON.PLA.D07.GRSM.00798,single bole tree,19.7,130,NA
d1317693-28e7-405a-aeb3-0d13ebb7892e,GRSM_049.basePlot.vst,2015-05-21,vst_GRSM_2015,D07,GRSM,GRSM_049,NEON.PLA.D07.GRSM.00872,single bole tree,22.0,130,NA
fb79f270-6730-45f0-afaf-c0eefc61de34,GRSM_049.basePlot.vst,2015-05-21,vst_GRSM_2015,D07,GRSM,GRSM_049,NEON.PLA.D07.GRSM.00851,single bole tree,10.2,130,NA
9c2a2eaa-d873-4c05-aba8-ca5f4c83eea5,GRSM_049.basePlot.vst,2015-05-21,vst_GRSM_2015,D07,GRSM,GRSM_049,NEON.PLA.D07.GRSM.00797,single bole tree,50.4,130,NA
844c99fd-d070-4e74-812d-fcf837ccbc56,GRSM_049.basePlot.vst,2015-05-21,vst_GRSM_2015,D07,GRSM,GRSM_049,NEON.PLA.D07.GRSM.00849,single bole tree,9.0,130,NA
f13688b4-0a05-4ec0-8df2-cc7750f9ddb0,GRSM_049.basePlot.vst,2015-05-21,vst_GRSM_2015,D07,GRSM,GRSM_049,NEON.PLA.D07.GRSM.00807,single bole tree,10.1,130,NA
5dd7e272-5ae9-4d73-b065-f1da2004fc82,GRSM_049.basePlot.vst,2015-05-21,vst_GRSM_2015,D07,GRSM,GRSM_049,NEON.PLA.D07.GRSM.00859,single bole tree,13.4,130,NA
b6a00965-9297-4200-addd-a1216b7c553a,GRSM_049.basePlot.vst,2015-05-21,vst_GRSM_2015,D07,GRSM,GRSM_049,NEON.PLA.D07.GRSM.00863,single bole tree,14.3,130,NA
efa3b6ec-f10e-46d7-9b5b-23a63118418c,GRSM_049.basePlot.vst,2015-05-21,vst_GRSM_2015,D07,GRSM,GRSM_049,NEON.PLA.D07.GRSM.00801,single bole tree,39.3,130,NA
387ee95c-58e6-4838-a88a-7815cf3314e1,GRSM_049.basePlot.vst,2015-05-21,vst_GRSM_2015,D07,GRSM,GRSM_049,NEON.PLA.D07.GRSM.00803,single bole tree,14.8,130,NA
cf6f7ac4-5ca1-49d5-bbb7-d77e44e8204f,GRSM_049.basePlot.vst,2015-05-21,vst_GRSM_2015,D07,GRSM,GRSM_049,NEON.PLA.D07.GRSM.00850,single bole tree,32.5,130,NA
65466abf-3f3e-49bd-b761-119134fcdda0,GRSM_049.basePlot.vst,2015-05-21,vst_GRSM_2015,D07,GRSM,GRSM_049,NEON.PLA.D07.GRSM.00857,single bole tree,16.7,130,NA
4fc4429f-5ff1-4f39-b178-64f2206fa834,GRSM_049.basePlot.vst,2015-05-21,vst_GRSM_2015,D07,GRSM,GRSM_049,NEON.PLA.D07.GRSM.00825,single bole tree,13.8,130,NA
6a43848d-d252-4319-9a4d-a813040ae979,GRSM_049.basePlot.vst,2015-05-21,vst_GRSM_2015,D07,GRSM,GRSM_049,NEON.PLA.D07.GRSM.00846,single bole tree,15.2,130,NA
65fba0a6-648e-4dec-bb91-426767b2ea4e,GRSM_049.basePlot.vst,2015-05-21,vst_GRSM_2015,D07,GRSM,GRSM_049,NEON.PLA.D07.GRSM.00843,single bole tree,10.1,130,NA
247e7cee-6577-4681-a536-248a9330d329,GRSM_049.basePlot.vst,2015-05-21,vst_GRSM_2015,D07,GRSM,GRSM_049,NEON.PLA.D07.GRSM.00799,single bole tree,40.5,130,NA
b3a58b51-1b55-499f-9383-30f50666d862,GRSM_049.basePlot.vst,2015-05-21,vst_GRSM_2015,D07,GRSM,GRSM_049,NEON.PLA.D07.GRSM.00844,single bole tree,22.8,130,NA
45bb5c41-0290-4484-9637-ba88aa4864a8,GRSM_049.basePlot.vst,2015-05-21,vst_GRSM_2015,D07,GRSM,GRSM_049,NEON.PLA.D07.GRSM.00862,single bole tree,54.8,130,NA
dc9a65aa-ee50-401e-83e5-904cd2b0c303,GRSM_049.basePlot.vst,2015-05-21,vst_GRSM_2015,D07,GRSM,GRSM_049,NEON.PLA.D07.GRSM.00845,single bole tree,10.1,130,NA
8202ab85-8e1a-423a-92f4-b82ea5cacaf8,GRSM_049.basePlot.vst,2015-05-21,vst_GRSM_2015,D07,GRSM,GRSM_049,NEON.PLA.D07.GRSM.00842,single bole tree,11.8,130,NA
995f1c0b-5052-4900-8288-3ac21db1811f,GRSM_049.basePlot.vst,2015-05-21,vst_GRSM_2015,D07,GRSM,GRSM_049,NEON.PLA.D07.GRSM.00813A,NA,30.3,130,NA
9577610d-893f-41eb-a596-2d705b798e0b,GRSM_049.basePlot.vst,2015-05-21,vst_GRSM_2015,D07,GRSM,GRSM_049,NEON.PLA.D07.GRSM.00812,single bole tree,17.7,130,NA
9595f09d-9cb8-4691-a522-a7fb7445c384,GRSM_049.basePlot.vst,2015-05-21,vst_GRSM_2015,D07,GRSM,GRSM_049,NEON.PLA.D07.GRSM.00867,single bole tree,31.9,130,NA
5396e5a9-32a4-4199-9ea6-8e0750248e7c,GRSM_049.basePlot.vst,2015-05-21,vst_GRSM_2015,D07,GRSM,GRSM_049,NEON.PLA.D07.GRSM.00856,single bole tree,13.9,130,NA
e87f74ff-f016-4d44-b59a-67163bf0dfdc,GRSM_049.basePlot.vst,2015-05-21,vst_GRSM_2015,D07,GRSM,GRSM_049,NEON.PLA.D07.GRSM.00809,single bole tree,38.3,130,NA
0c7ded48-e260-4c6f-aa3b-887880ee2231,GRSM_049.basePlot.vst,2015-05-21,vst_GRSM_2015,D07,GRSM,GRSM_049,NEON.PLA.D07.GRSM.00804,single bole tree,12.6,130,NA
c3259a05-b021-43e2-9a30-337dd344dcce,GRSM_049.basePlot.vst,2015-05-21,vst_GRSM_2015,D07,GRSM,GRSM_049,NEON.PLA.D07.GRSM.00813,multi-bole tree,38.5,130,NA
6fcaceb0-f89c-486d-b519-3e1285175b12,GRSM_049.basePlot.vst,2015-05-21,vst_GRSM_2015,D07,GRSM,GRSM_049,NEON.PLA.D07.GRSM.00855,single bole tree,21.0,130,NA
76eccbb5-9b7a-46f9-85c5-3e89b85d650c,GRSM_049.basePlot.vst,2015-05-21,vst_GRSM_2015,D07,GRSM,GRSM_049,NEON.PLA.D07.GRSM.00800,single bole tree,33.1,130,NA
8561fdce-7e7f-4258-981a-fb1fba6d3a58,GRSM_049.basePlot.vst,2015-05-21,vst_GRSM_2015,D07,GRSM,GRSM_049,NEON.PLA.D07.GRSM.00815,single bole tree,27.5,130,NA
993ccf34-4c8a-4d34-931f-9609220b4e40,GRSM_049.basePlot.vst,2015-05-21,vst_GRSM_2015,D07,GRSM,GRSM_049,NEON.PLA.D07.GRSM.00865,single bole tree,14.6,130,NA
2c300d3a-fd75-4653-b636-565666f46751,GRSM_049.basePlot.vst,2015-05-21,vst_GRSM_2015,D07,GRSM,GRSM_049,NEON.PLA.D07.GRSM.00810,single bole tree,12.4,130,NA
a6116de3-687d-4846-beb6-8191caef3aff,GRSM_049.basePlot.vst,2015-05-21,vst_GRSM_2015,D07,GRSM,GRSM_049,NEON.PLA.D07.GRSM.00802,single bole tree,40.3,130,NA
694958d0-95a9-4e60-b7dc-61105206bf1f,GRSM_049.basePlot.vst,2015-05-21,vst_GRSM_2015,D07,GRSM,GRSM_049,NEON.PLA.D07.GRSM.00860,single bole tree,13.3,130,NA
61249526-8388-41fe-bb9c-90094c298e39,GRSM_049.basePlot.vst,2015-05-21,vst_GRSM_2015,D07,GRSM,GRSM_049,NEON.PLA.D07.GRSM.00806,single bole tree,22.3,130,NA
92d03d37-244a-4551-80f0-b38743d19880,GRSM_049.basePlot.vst,2015-05-21,vst_GRSM_2015,D07,GRSM,GRSM_049,NEON.PLA.D07.GRSM.00823A,NA,17.5,130,NA
b73ce25d-4801-4e3f-9d2b-b4022a302465,GRSM_049.basePlot.vst,2015-05-21,vst_GRSM_2015,D07,GRSM,GRSM_049,NEON.PLA.D07.GRSM.00876,single bole tree,10.5,130,NA
877d3e7d-3717-4b6a-9ae0-f2c924d074d8,GRSM_049.basePlot.vst,2015-05-21,vst_GRSM_2015,D07,GRSM,GRSM_049,NEON.PLA.D07.GRSM.00817,single bole tree,50.6,130,NA
2962cf63-c506-41d9-8bc5-003900c74a8e,GRSM_065.basePlot.vst,2015-05-26,vst_GRSM_2015,D07,GRSM,GRSM_065,NEON.PLA.D07.GRSM.00895,multi-bole tree,31.2,130,NA
7b1734cc-e7ac-4823-81f0-49b3fd54c8f8,GRSM_065.basePlot.vst,2015-05-26,vst_GRSM_2015,D07,GRSM,GRSM_065,NEON.PLA.D07.GRSM.00921,single bole tree,16.5,130,NA
5277a214-368e-4629-a803-6c5d5f773a3b,GRSM_065.basePlot.vst,2015-05-26,vst_GRSM_2015,D07,GRSM,GRSM_065,NEON.PLA.D07.GRSM.00885,single bole tree,10.2,130,NA
a68b3bd1-5a2f-4ba0-b3cd-3a1b4c2df1d4,GRSM_066.basePlot.vst,2015-05-26,vst_GRSM_2015,D07,GRSM,GRSM_066,NEON.PLA.D07.GRSM.01071,single bole tree,25.5,130,NA
8ba520e8-de7e-408c-b02c-615efc854ca7,GRSM_065.basePlot.vst,2015-05-26,vst_GRSM_2015,D07,GRSM,GRSM_065,NEON.PLA.D07.GRSM.00938,single bole tree,39.5,130,NA
8e6b6b28-9515-4877-a077-42b475b914d8,GRSM_065.basePlot.vst,2015-05-26,vst_GRSM_2015,D07,GRSM,GRSM_065,NEON.PLA.D07.GRSM.00907,single bole tree,18.3,130,NA
6b929aba-6c7a-4caf-bbd4-b9166cbeb67e,GRSM_065.basePlot.vst,2015-05-26,vst_GRSM_2015,D07,GRSM,GRSM_065,NEON.PLA.D07.GRSM.00900,single bole tree,28.0,130,NA
5db4ff08-38e5-4e3b-a6b6-3820af9bcfaa,GRSM_065.basePlot.vst,2015-05-26,vst_GRSM_2015,D07,GRSM,GRSM_065,NEON.PLA.D07.GRSM.00933,single bole tree,18.0,130,NA
c8fbc4f3-07dd-4dfb-87e3-be66b5fb8429,GRSM_065.basePlot.vst,2015-05-26,vst_GRSM_2015,D07,GRSM,GRSM_065,NEON.PLA.D07.GRSM.00905,multi-bole tree,12.2,130,NA
dbdff153-ca9f-433d-9fde-9d2f9a0ea63e,GRSM_065.basePlot.vst,2015-05-26,vst_GRSM_2015,D07,GRSM,GRSM_065,NEON.PLA.D07.GRSM.00457,single bole tree,13.6,130,NA
c6cb7b57-7735-4533-8b05-940ab72576de,GRSM_065.basePlot.vst,2015-05-26,vst_GRSM_2015,D07,GRSM,GRSM_065,NEON.PLA.D07.GRSM.00935,single bole tree,13.2,130,NA
197f16c1-d4ca-4516-8230-c16d42b3c9e4,GRSM_065.basePlot.vst,2015-05-26,vst_GRSM_2015,D07,GRSM,GRSM_065,NEON.PLA.D07.GRSM.00883,single bole tree,32.0,130,NA
7ebd304c-c8df-4f65-8f94-1047f534aa66,GRSM_066.basePlot.vst,2015-05-26,vst_GRSM_2015,D07,GRSM,GRSM_066,NEON.PLA.D07.GRSM.01094,single bole tree,70.7,130,NA
07a5e71c-ddef-4748-940f-89999c35ee63,GRSM_065.basePlot.vst,2015-05-26,vst_GRSM_2015,D07,GRSM,GRSM_065,NEON.PLA.D07.GRSM.00928,single bole tree,28.4,130,NA
c0abd137-4a33-48ad-913d-faf7392df189,GRSM_065.basePlot.vst,2015-05-26,vst_GRSM_2015,D07,GRSM,GRSM_065,NEON.PLA.D07.GRSM.00887,single bole tree,16.0,130,NA
5bb47a0e-64d7-4ace-a0ac-320847f2935d,GRSM_065.basePlot.vst,2015-05-26,vst_GRSM_2015,D07,GRSM,GRSM_065,NEON.PLA.D07.GRSM.00892,single bole tree,14.2,130,NA
e512903c-3450-4aaa-bb7f-bc1a29cbbce9,GRSM_065.basePlot.vst,2015-05-26,vst_GRSM_2015,D07,GRSM,GRSM_065,NEON.PLA.D07.GRSM.00902,single bole tree,40.9,130,NA
598bb545-8060-487b-a8ca-bba861fd9116,GRSM_066.basePlot.vst,2015-05-26,vst_GRSM_2015,D07,GRSM,GRSM_066,NEON.PLA.D07.GRSM.01100,single bole tree,21.1,130,NA
5a304cb8-b45a-40ae-827e-032fec60b728,GRSM_066.basePlot.vst,2015-05-26,vst_GRSM_2015,D07,GRSM,GRSM_066,NEON.PLA.D07.GRSM.01078,single bole tree,12.6,130,NA
7c454570-c661-413c-84c5-cda8b19c04f2,GRSM_065.basePlot.vst,2015-05-26,vst_GRSM_2015,D07,GRSM,GRSM_065,NEON.PLA.D07.GRSM.00893,single bole tree,18.0,130,NA
3e123328-104f-4868-8393-7110337914ad,GRSM_065.basePlot.vst,2015-05-26,vst_GRSM_2015,D07,GRSM,GRSM_065,NEON.PLA.D07.GRSM.00934,multi-bole tree,25.3,130,NA
73754fdf-d83e-43a8-b0f3-4c15ad59ad67,GRSM_065.basePlot.vst,2015-05-26,vst_GRSM_2015,D07,GRSM,GRSM_065,NEON.PLA.D07.GRSM.00922,single bole tree,26.3,130,NA
3f0122ec-0a7b-464d-9ce1-50d1e9846151,GRSM_065.basePlot.vst,2015-05-26,vst_GRSM_2015,D07,GRSM,GRSM_065,NEON.PLA.D07.GRSM.00927,single bole tree,10.5,130,NA
7725dfb1-d591-49dc-b5ec-c90257c89d7f,GRSM_066.basePlot.vst,2015-05-26,vst_GRSM_2015,D07,GRSM,GRSM_066,NEON.PLA.D07.GRSM.01097,single bole tree,13.3,130,NA
674ca3fb-978d-4734-8688-17506bc6dfb4,GRSM_065.basePlot.vst,2015-05-26,vst_GRSM_2015,D07,GRSM,GRSM_065,NEON.PLA.D07.GRSM.00920,single bole tree,14.3,130,NA
bcd6a94f-c0aa-4c75-9d06-5b5d8008ced5,GRSM_066.basePlot.vst,2015-05-26,vst_GRSM_2015,D07,GRSM,GRSM_066,NEON.PLA.D07.GRSM.01074,single bole tree,58.1,130,NA
92254fa5-2f8e-4e9c-99b5-512056cc5936,GRSM_065.basePlot.vst,2015-05-26,vst_GRSM_2015,D07,GRSM,GRSM_065,NEON.PLA.D07.GRSM.00901,single bole tree,10.8,130,NA
184d999a-11ca-4ad2-95d5-562d8cf59509,GRSM_066.basePlot.vst,2015-05-26,vst_GRSM_2015,D07,GRSM,GRSM_066,NEON.PLA.D07.GRSM.01099,single bole tree,11.4,130,NA
785f7fb7-cc23-48a2-ae93-46935dd514b7,GRSM_065.basePlot.vst,2015-05-26,vst_GRSM_2015,D07,GRSM,GRSM_065,NEON.PLA.D07.GRSM.00930,single bole tree,16.6,130,NA
a1626cf4-ce92-4c59-870a-f01db23064b4,GRSM_066.basePlot.vst,2015-05-26,vst_GRSM_2015,D07,GRSM,GRSM_066,NEON.PLA.D07.GRSM.01075,single bole tree,19.8,130,NA
69c1905d-142b-49d2-ad31-ee32af5dc822,GRSM_065.basePlot.vst,2015-05-26,vst_GRSM_2015,D07,GRSM,GRSM_065,NEON.PLA.D07.GRSM.00898,single bole tree,13.4,130,NA
6f3807a1-f4c3-46b9-8158-c058a129651d,GRSM_066.basePlot.vst,2015-05-26,vst_GRSM_2015,D07,GRSM,GRSM_066,NEON.PLA.D07.GRSM.01077,single bole tree,16.0,130,NA
303338e7-0e0a-4149-b4a7-c42bf1f21eeb,GRSM_065.basePlot.vst,2015-05-26,vst_GRSM_2015,D07,GRSM,GRSM_065,NEON.PLA.D07.GRSM.00940,single bole tree,41.3,130,NA
cf0716e1-98c4-4738-a940-681488bb4cd3,GRSM_065.basePlot.vst,2015-05-26,vst_GRSM_2015,D07,GRSM,GRSM_065,NEON.PLA.D07.GRSM.00904,single bole tree,30.3,130,NA
c0fdb29d-6de2-4d79-bb97-1c31b816ae30,GRSM_065.basePlot.vst,2015-05-26,vst_GRSM_2015,D07,GRSM,GRSM_065,NEON.PLA.D07.GRSM.00886,single bole tree,12.7,130,NA
460a38ed-5550-4f6d-ab91-a1f2e41fa9e6,GRSM_065.basePlot.vst,2015-05-26,vst_GRSM_2015,D07,GRSM,GRSM_065,NEON.PLA.D07.GRSM.00894,single bole tree,36.0,130,NA
73dd5bcc-68c4-46e6-bcd3-9b4d03548dcc,GRSM_065.basePlot.vst,2015-05-26,vst_GRSM_2015,D07,GRSM,GRSM_065,NEON.PLA.D07.GRSM.00936,single bole tree,15.5,130,NA
4428b05e-43b0-4ab6-a7c2-11ef9b073a51,GRSM_065.basePlot.vst,2015-05-26,vst_GRSM_2015,D07,GRSM,GRSM_065,NEON.PLA.D07.GRSM.00897,single bole tree,41.2,130,NA
504c3a34-069f-456e-bfbe-f1538e872175,GRSM_066.basePlot.vst,2015-05-26,vst_GRSM_2015,D07,GRSM,GRSM_066,NEON.PLA.D07.GRSM.01076,single bole tree,14.0,130,NA
30cc1dda-c7a5-4e88-ae10-c792ecbb8b51,GRSM_065.basePlot.vst,2015-05-26,vst_GRSM_2015,D07,GRSM,GRSM_065,NEON.PLA.D07.GRSM.00926,single bole tree,12.8,130,NA
a64b556b-f648-47bb-bc47-deac7edee629,GRSM_065.basePlot.vst,2015-05-26,vst_GRSM_2015,D07,GRSM,GRSM_065,NEON.PLA.D07.GRSM.00929,single bole tree,38.8,130,NA
d0ea5c96-df48-414e-a7ef-bb68ea316a5c,GRSM_065.basePlot.vst,2015-05-26,vst_GRSM_2015,D07,GRSM,GRSM_065,NEON.PLA.D07.GRSM.00882,single bole tree,18.5,130,NA
4c55416a-db17-4cb7-99be-e36e27785b24,GRSM_065.basePlot.vst,2015-05-26,vst_GRSM_2015,D07,GRSM,GRSM_065,NEON.PLA.D07.GRSM.00891,single bole tree,12.0,130,NA
58170e35-2e2c-4c11-bd71-99e7f0b0371b,GRSM_066.basePlot.vst,2015-05-26,vst_GRSM_2015,D07,GRSM,GRSM_066,NEON.PLA.D07.GRSM.01081,single bole tree,35.3,130,NA
a85f87ca-3c58-4379-899e-b5c738af878f,GRSM_065.basePlot.vst,2015-05-26,vst_GRSM_2015,D07,GRSM,GRSM_065,NEON.PLA.D07.GRSM.00937,single bole tree,13.5,130,NA
5d5a8ee7-1d53-4415-9e85-c7eee97422ca,GRSM_066.basePlot.vst,2015-05-26,vst_GRSM_2015,D07,GRSM,GRSM_066,NEON.PLA.D07.GRSM.00433,single bole tree,58.1,130,NA
8d1a8902-12e7-43b7-b5cc-00bc1468ea3f,GRSM_066.basePlot.vst,2015-05-26,vst_GRSM_2015,D07,GRSM,GRSM_066,NEON.PLA.D07.GRSM.01096,single bole tree,43.7,130,NA
140c7933-3960-4704-8be6-5c779e9ddce3,GRSM_066.basePlot.vst,2015-05-26,vst_GRSM_2015,D07,GRSM,GRSM_066,NEON.PLA.D07.GRSM.01072,single bole tree,17.0,130,NA
779ebbba-310f-4a46-828f-c7ffd9d6d904,GRSM_065.basePlot.vst,2015-05-26,vst_GRSM_2015,D07,GRSM,GRSM_065,NEON.PLA.D07.GRSM.00923,multi-bole tree,22.6,130,NA
7c76fe9e-8ac5-4fcc-b37c-650331fe551b,GRSM_066.basePlot.vst,2015-05-26,vst_GRSM_2015,D07,GRSM,GRSM_066,NEON.PLA.D07.GRSM.01109,single bole tree,50.1,130,NA
f9a1565f-4d0b-4b88-ad0e-c2b84fb4b844,GRSM_066.basePlot.vst,2015-05-26,vst_GRSM_2015,D07,GRSM,GRSM_066,NEON.PLA.D07.GRSM.01063,single bole tree,60.1,130,NA
26c469ee-c768-454e-8cff-7624226f4715,GRSM_065.basePlot.vst,2015-05-26,vst_GRSM_2015,D07,GRSM,GRSM_065,NEON.PLA.D07.GRSM.00924,single bole tree,34.1,130,NA
20c3c0d6-bd38-4525-b9d5-822cdbe6ad3f,GRSM_065.basePlot.vst,2015-05-26,vst_GRSM_2015,D07,GRSM,GRSM_065,NEON.PLA.D07.GRSM.00884,single bole tree,38.0,130,NA
25602a4d-28c7-4f9c-bbb4-d2d431adcfa9,GRSM_066.basePlot.vst,2015-05-26,vst_GRSM_2015,D07,GRSM,GRSM_066,NEON.PLA.D07.GRSM.01064,single bole tree,38.3,130,NA
5de133be-7029-4a18-8f46-5171b34e9dfd,GRSM_066.basePlot.vst,2015-05-26,vst_GRSM_2015,D07,GRSM,GRSM_066,NEON.PLA.D07.GRSM.01101,single bole tree,29.8,130,NA
2586d98a-8e0d-4d7b-93e3-670b826ab51d,GRSM_065.basePlot.vst,2015-05-26,vst_GRSM_2015,D07,GRSM,GRSM_065,NEON.PLA.D07.GRSM.00888,single bole tree,27.5,130,NA
bd3a0498-4813-417d-bcc5-d9e7e46081fb,GRSM_065.basePlot.vst,2015-05-26,vst_GRSM_2015,D07,GRSM,GRSM_065,NEON.PLA.D07.GRSM.00931,multi-bole tree,23.5,130,NA
8712272b-2ff9-44d9-a784-b97e61fca139,GRSM_065.basePlot.vst,2015-05-26,vst_GRSM_2015,D07,GRSM,GRSM_065,NEON.PLA.D07.GRSM.00895A,NA,17.0,130,NA
fcd8c042-0d9e-4549-9421-4689c36cbd91,GRSM_065.basePlot.vst,2015-05-26,vst_GRSM_2015,D07,GRSM,GRSM_065,NEON.PLA.D07.GRSM.00925,single bole tree,42.2,130,NA
0916e137-1a04-4fe2-bfec-a1fea47b865e,GRSM_065.basePlot.vst,2015-05-26,vst_GRSM_2015,D07,GRSM,GRSM_065,NEON.PLA.D07.GRSM.00889,single bole tree,52.3,130,NA
17f18ad0-9eea-4e08-8306-dfcb5e97cda3,GRSM_066.basePlot.vst,2015-05-26,vst_GRSM_2015,D07,GRSM,GRSM_066,NEON.PLA.D07.GRSM.01070,multi-bole tree,58.5,130,NA
aa2b3477-8139-47d8-94d7-9f6d42a66fa9,GRSM_065.basePlot.vst,2015-05-26,vst_GRSM_2015,D07,GRSM,GRSM_065,NEON.PLA.D07.GRSM.00896,single bole tree,23.2,130,NA
2aacb196-458d-4db5-8116-d3101bd51f21,GRSM_065.basePlot.vst,2015-05-26,vst_GRSM_2015,D07,GRSM,GRSM_065,NEON.PLA.D07.GRSM.00932,single bole tree,15.4,130,NA
5d7ceafa-6378-4513-b974-5c66b683f062,GRSM_047.basePlot.vst,2015-05-27,vst_GRSM_2015,D07,GRSM,GRSM_047,NEON.PLA.D07.GRSM.01274,single bole tree,15.4,130,NA
a76224b1-9448-4488-b33e-6dbc661bc684,GRSM_047.basePlot.vst,2015-05-27,vst_GRSM_2015,D07,GRSM,GRSM_047,NEON.PLA.D07.GRSM.01324,single bole tree,11.9,130,NA
8cd37de8-b17c-41a7-9fc4-52f44dae6230,GRSM_047.basePlot.vst,2015-05-27,vst_GRSM_2015,D07,GRSM,GRSM_047,NEON.PLA.D07.GRSM.01276,single bole tree,17.4,130,NA
0140f067-00e9-4ac0-a31c-3a988e1c6902,GRSM_047.basePlot.vst,2015-05-27,vst_GRSM_2015,D07,GRSM,GRSM_047,NEON.PLA.D07.GRSM.01281,single bole tree,17.9,130,NA
490070a7-74ca-4aa6-b9ee-c4153191206f,GRSM_047.basePlot.vst,2015-05-27,vst_GRSM_2015,D07,GRSM,GRSM_047,NEON.PLA.D07.GRSM.01328,single bole tree,24.7,130,NA
220a7d63-1448-4675-8ab2-0e31b306c38b,GRSM_047.basePlot.vst,2015-05-27,vst_GRSM_2015,D07,GRSM,GRSM_047,NEON.PLA.D07.GRSM.01251,single bole tree,12.0,130,NA
80a7c77e-5bf8-4195-bfd0-bf4a93c87bc0,GRSM_047.basePlot.vst,2015-05-27,vst_GRSM_2015,D07,GRSM,GRSM_047,NEON.PLA.D07.GRSM.01264,single bole tree,33.0,130,NA
9df5dc75-8668-4687-99bc-06edcb018e10,GRSM_047.basePlot.vst,2015-05-27,vst_GRSM_2015,D07,GRSM,GRSM_047,NEON.PLA.D07.GRSM.01326,single bole tree,19.1,130,NA
3d4690ed-faba-4da0-9453-f837fccf624c,GRSM_047.basePlot.vst,2015-05-27,vst_GRSM_2015,D07,GRSM,GRSM_047,NEON.PLA.D07.GRSM.01296,single bole tree,13.3,130,NA
fe29f676-e73e-49a3-b04f-e195d7d536aa,GRSM_047.basePlot.vst,2015-05-27,vst_GRSM_2015,D07,GRSM,GRSM_047,NEON.PLA.D07.GRSM.01245,single bole tree,13.2,130,NA
b798b485-13d2-4a0f-aa8c-b170982bd14f,GRSM_047.basePlot.vst,2015-05-27,vst_GRSM_2015,D07,GRSM,GRSM_047,NEON.PLA.D07.GRSM.01286,single bole tree,11.2,130,NA
6895b8e5-bf69-4d0f-b1fb-d725e69f950b,GRSM_047.basePlot.vst,2015-05-27,vst_GRSM_2015,D07,GRSM,GRSM_047,NEON.PLA.D07.GRSM.01331,multi-bole tree,25.3,130,NA
30164250-c446-4854-aeaa-69c0f9dc3500,GRSM_047.basePlot.vst,2015-05-27,vst_GRSM_2015,D07,GRSM,GRSM_047,NEON.PLA.D07.GRSM.01325,single bole tree,16.9,130,NA
dd68923a-0cf0-4d3d-8405-053dfc9a1831,GRSM_047.basePlot.vst,2015-05-27,vst_GRSM_2015,D07,GRSM,GRSM_047,NEON.PLA.D07.GRSM.01269,single bole tree,35.2,130,NA
9273e48d-188a-443f-bc7f-7e4efa483dbf,GRSM_047.basePlot.vst,2015-05-27,vst_GRSM_2015,D07,GRSM,GRSM_047,NEON.PLA.D07.GRSM.01279,single bole tree,10.1,130,NA
87e891e5-30aa-4ddc-9ec5-e0a5f24beae8,GRSM_047.basePlot.vst,2015-05-27,vst_GRSM_2015,D07,GRSM,GRSM_047,NEON.PLA.D07.GRSM.01270,single bole tree,32.6,130,NA
24237317-d09b-4eed-8979-f41cc91570b6,GRSM_047.basePlot.vst,2015-05-27,vst_GRSM_2015,D07,GRSM,GRSM_047,NEON.PLA.D07.GRSM.01280,single bole tree,18.5,130,NA
0008b6db-845e-48a4-8577-434ffec2b7ae,GRSM_047.basePlot.vst,2015-05-27,vst_GRSM_2015,D07,GRSM,GRSM_047,NEON.PLA.D07.GRSM.01289,single bole tree,45.2,130,NA
371084f1-7d50-4fa7-8fff-69c5df41c185,GRSM_047.basePlot.vst,2015-05-27,vst_GRSM_2015,D07,GRSM,GRSM_047,NEON.PLA.D07.GRSM.01339,single bole tree,26.2,130,NA
ba933b95-060e-47ff-a812-5245f3e9a95b,GRSM_047.basePlot.vst,2015-05-27,vst_GRSM_2015,D07,GRSM,GRSM_047,NEON.PLA.D07.GRSM.01285,single bole tree,13.7,130,NA
fb5538e8-449f-4df8-8aab-2d58de546cc6,GRSM_047.basePlot.vst,2015-05-27,vst_GRSM_2015,D07,GRSM,GRSM_047,NEON.PLA.D07.GRSM.01307,single bole tree,26.3,130,NA
095cbb8f-0c34-4e65-9715-1749abb0b398,GRSM_047.basePlot.vst,2015-05-27,vst_GRSM_2015,D07,GRSM,GRSM_047,NEON.PLA.D07.GRSM.01283,multi-bole tree,11.8,130,NA
31be4d57-f194-448e-90cd-f281e701e3c4,GRSM_047.basePlot.vst,2015-05-27,vst_GRSM_2015,D07,GRSM,GRSM_047,NEON.PLA.D07.GRSM.01292,single bole tree,11.5,130,NA
01f83f35-2ccf-4ac2-8d07-290efb78396e,GRSM_047.basePlot.vst,2015-05-27,vst_GRSM_2015,D07,GRSM,GRSM_047,NEON.PLA.D07.GRSM.01250,single bole tree,41.0,130,NA
2c4b2bb1-b734-4ea6-9866-99c2037c066a,GRSM_047.basePlot.vst,2015-05-27,vst_GRSM_2015,D07,GRSM,GRSM_047,NEON.PLA.D07.GRSM.01322,single bole tree,14.8,130,NA
b25f1965-83f0-483f-8c1f-2e489fee0b20,GRSM_047.basePlot.vst,2015-05-27,vst_GRSM_2015,D07,GRSM,GRSM_047,NEON.PLA.D07.GRSM.01333,single bole tree,24.2,130,NA
d96e735c-360a-4d7f-b236-b8c2f85a1152,GRSM_047.basePlot.vst,2015-05-27,vst_GRSM_2015,D07,GRSM,GRSM_047,NEON.PLA.D07.GRSM.01341,multi-bole tree,10.9,130,NA
af56156e-6f54-4042-a4fa-1b9d4349df05,GRSM_047.basePlot.vst,2015-05-27,vst_GRSM_2015,D07,GRSM,GRSM_047,NEON.PLA.D07.GRSM.01290,single bole tree,23.0,130,NA
4144c712-f466-4080-92fb-bd03689ceeb5,GRSM_047.basePlot.vst,2015-05-27,vst_GRSM_2015,D07,GRSM,GRSM_047,NEON.PLA.D07.GRSM.01295,single bole tree,13.6,130,NA
0b2e7fab-cb36-4005-8254-3391909e187d,GRSM_047.basePlot.vst,2015-05-27,vst_GRSM_2015,D07,GRSM,GRSM_047,NEON.PLA.D07.GRSM.01273,single bole tree,10.5,130,NA
e04d1507-17c8-4015-bfc6-11848a5d442c,GRSM_047.basePlot.vst,2015-05-27,vst_GRSM_2015,D07,GRSM,GRSM_047,NEON.PLA.D07.GRSM.01268,single bole tree,15.5,130,NA
81e2fe5e-2543-45b2-9cc5-b4ddbf60e4ee,GRSM_047.basePlot.vst,2015-05-27,vst_GRSM_2015,D07,GRSM,GRSM_047,NEON.PLA.D07.GRSM.01332,single bole tree,15.3,130,NA
47f212a9-5462-49ba-8484-28b1684ea5e5,GRSM_047.basePlot.vst,2015-05-27,vst_GRSM_2015,D07,GRSM,GRSM_047,NEON.PLA.D07.GRSM.01321,single bole tree,12.4,130,NA
7c01407e-7c67-4c7b-a771-31abbf3228e9,GRSM_047.basePlot.vst,2015-05-27,vst_GRSM_2015,D07,GRSM,GRSM_047,NEON.PLA.D07.GRSM.01330,single bole tree,11.0,130,NA
9a49b035-acc3-4bc9-8bf9-d29be6634a20,GRSM_047.basePlot.vst,2015-05-27,vst_GRSM_2015,D07,GRSM,GRSM_047,NEON.PLA.D07.GRSM.01323,single bole tree,14.7,130,NA
9fc89b97-e76b-4953-847d-c3c5b8b117cc,GRSM_047.basePlot.vst,2015-05-27,vst_GRSM_2015,D07,GRSM,GRSM_047,NEON.PLA.D07.GRSM.01277,single bole tree,15.0,130,NA
24c039d2-9f4e-48e3-b555-aa3baa9817d8,GRSM_047.basePlot.vst,2015-05-27,vst_GRSM_2015,D07,GRSM,GRSM_047,NEON.PLA.D07.GRSM.01291,single bole tree,10.3,130,NA
e3cde57f-14b3-4d15-8cb4-3c208e5b670b,GRSM_047.basePlot.vst,2015-05-27,vst_GRSM_2015,D07,GRSM,GRSM_047,NEON.PLA.D07.GRSM.01329,single bole tree,14.5,130,NA
6080b370-f21a-4097-9f9a-503865d90513,GRSM_047.basePlot.vst,2015-05-27,vst_GRSM_2015,D07,GRSM,GRSM_047,NEON.PLA.D07.GRSM.01287,single bole tree,21.7,130,NA
03fc044c-1a13-496b-841b-3819f4078ae0,GRSM_047.basePlot.vst,2015-05-27,vst_GRSM_2015,D07,GRSM,GRSM_047,NEON.PLA.D07.GRSM.01278,single bole tree,17.6,130,NA
1c372717-b040-4abf-a234-c3169f257c03,GRSM_047.basePlot.vst,2015-05-27,vst_GRSM_2015,D07,GRSM,GRSM_047,NEON.PLA.D07.GRSM.01282,single bole tree,14.2,130,NA
d3c60458-cac7-42ff-9fb9-f7cf7ab10813,GRSM_047.basePlot.vst,2015-05-27,vst_GRSM_2015,D07,GRSM,GRSM_047,NEON.PLA.D07.GRSM.01294,single bole tree,12.2,130,NA
a6f02dee-8b28-4a16-a89f-ccbb8fd6856a,GRSM_047.basePlot.vst,2015-05-27,vst_GRSM_2015,D07,GRSM,GRSM_047,NEON.PLA.D07.GRSM.01275,single bole tree,11.1,130,NA
d5a29ec5-d11f-4939-afb6-a9aee3e8e626,GRSM_047.basePlot.vst,2015-05-27,vst_GRSM_2015,D07,GRSM,GRSM_047,NEON.PLA.D07.GRSM.01319,single bole tree,31.2,130,NA
d2fadc1a-ec77-4707-9de7-a48fd79b92c5,GRSM_047.basePlot.vst,2015-05-27,vst_GRSM_2015,D07,GRSM,GRSM_047,NEON.PLA.D07.GRSM.01334,single bole tree,16.0,130,NA
b539a94e-4154-4b12-aced-6ca35c0ac1a4,GRSM_047.basePlot.vst,2015-05-27,vst_GRSM_2015,D07,GRSM,GRSM_047,NEON.PLA.D07.GRSM.01271,single bole tree,13.0,130,NA
4bf8e6f8-1c04-4650-bd34-1fd12a63566f,GRSM_047.basePlot.vst,2015-05-27,vst_GRSM_2015,D07,GRSM,GRSM_047,NEON.PLA.D07.GRSM.01336,multi-bole tree,38.0,130,NA
c9836046-5d8e-493a-80b7-c4bf57036cc0,GRSM_047.basePlot.vst,2015-05-27,vst_GRSM_2015,D07,GRSM,GRSM_047,NEON.PLA.D07.GRSM.01327,single bole tree,35.5,130,NA
930cb8d9-fe19-4030-877d-11255fa167c7,GRSM_047.basePlot.vst,2015-05-27,vst_GRSM_2015,D07,GRSM,GRSM_047,NEON.PLA.D07.GRSM.01335,single bole tree,27.7,130,NA
5dcfa067-22f1-4882-976d-8aa6209fe7df,GRSM_047.basePlot.vst,2015-05-27,vst_GRSM_2015,D07,GRSM,GRSM_047,NEON.PLA.D07.GRSM.01293,single bole tree,10.2,130,NA
9f760a66-20ff-4a63-8fc6-56c148af1d77,GRSM_063.basePlot.vst,2015-05-28,vst_GRSM_2015,D07,GRSM,GRSM_063,NEON.PLA.D07.GRSM.01383,single bole tree,25.2,130,NA
3e522c76-08c6-4721-bb74-101e06ee2a7c,GRSM_063.basePlot.vst,2015-05-28,vst_GRSM_2015,D07,GRSM,GRSM_063,NEON.PLA.D07.GRSM.01395,single bole tree,48.7,130,NA
6d35aa20-636c-4dfc-ac1d-fddef0142f73,GRSM_063.basePlot.vst,2015-05-28,vst_GRSM_2015,D07,GRSM,GRSM_063,NEON.PLA.D07.GRSM.01419,single bole tree,22.0,130,NA
8c98dd46-a12b-47ac-a97f-b52ce5c0f757,GRSM_063.basePlot.vst,2015-05-28,vst_GRSM_2015,D07,GRSM,GRSM_063,NEON.PLA.D07.GRSM.01393,single bole tree,11.8,130,NA
2990fef9-c0f2-400f-8397-86f0917ee695,GRSM_063.basePlot.vst,2015-05-28,vst_GRSM_2015,D07,GRSM,GRSM_063,NEON.PLA.D07.GRSM.01388,single bole tree,23.4,130,NA
f38928b6-9fd6-4c3e-be2d-a58c94f248ac,GRSM_063.basePlot.vst,2015-05-28,vst_GRSM_2015,D07,GRSM,GRSM_063,NEON.PLA.D07.GRSM.01376,single bole tree,28.6,130,NA
a60b8b8b-98f2-496d-b87e-864ea9cecc8e,GRSM_063.basePlot.vst,2015-05-28,vst_GRSM_2015,D07,GRSM,GRSM_063,NEON.PLA.D07.GRSM.01385,single bole tree,21.3,130,NA
41490977-a5af-45bf-997c-c652df7d2789,GRSM_063.basePlot.vst,2015-05-28,vst_GRSM_2015,D07,GRSM,GRSM_063,NEON.PLA.D07.GRSM.01384,single bole tree,50.5,130,NA
675295f7-836c-4a19-8297-e7a15cf602b4,GRSM_063.basePlot.vst,2015-05-28,vst_GRSM_2015,D07,GRSM,GRSM_063,NEON.PLA.D07.GRSM.01356,single bole tree,41.5,130,NA
5053cc3c-8a47-4a18-8af2-7c38e618f138,GRSM_063.basePlot.vst,2015-05-28,vst_GRSM_2015,D07,GRSM,GRSM_063,NEON.PLA.D07.GRSM.01402,single bole tree,42.0,130,NA
4a81061b-854d-4108-a083-8b3031f29059,GRSM_063.basePlot.vst,2015-05-28,vst_GRSM_2015,D07,GRSM,GRSM_063,NEON.PLA.D07.GRSM.01381,single bole tree,59.0,130,NA
70651fb9-87a1-4754-9c5b-49e40876fc03,GRSM_063.basePlot.vst,2015-05-28,vst_GRSM_2015,D07,GRSM,GRSM_063,NEON.PLA.D07.GRSM.01422,single bole tree,56.0,130,NA
f17287e3-7431-4ee8-a33d-b422b85e35b2,GRSM_063.basePlot.vst,2015-05-28,vst_GRSM_2015,D07,GRSM,GRSM_063,NEON.PLA.D07.GRSM.01438,single bole tree,45.3,130,NA
129ebe1b-c519-4a9c-a6b0-98d27e8f6896,GRSM_063.basePlot.vst,2015-05-28,vst_GRSM_2015,D07,GRSM,GRSM_063,NEON.PLA.D07.GRSM.01389,single bole tree,15.0,130,NA
e60d2188-2420-4473-9d8e-f796e1d2f83b,GRSM_063.basePlot.vst,2015-05-28,vst_GRSM_2015,D07,GRSM,GRSM_063,NEON.PLA.D07.GRSM.01380,single bole tree,14.5,130,NA
38192036-e60b-4eb7-85ad-f9bfec5e0197,GRSM_063.basePlot.vst,2015-05-28,vst_GRSM_2015,D07,GRSM,GRSM_063,NEON.PLA.D07.GRSM.01387,single bole tree,23.4,130,NA
69649183-aaf2-4af5-9398-bf98b844aec4,GRSM_063.basePlot.vst,2015-05-28,vst_GRSM_2015,D07,GRSM,GRSM_063,NEON.PLA.D07.GRSM.01456,single bole tree,23.0,130,NA
a66ba3bc-4a70-4672-8530-bcf8bbbc00cb,GRSM_063.basePlot.vst,2015-05-28,vst_GRSM_2015,D07,GRSM,GRSM_063,NEON.PLA.D07.GRSM.01453,single bole tree,58.1,130,NA
48c02890-5419-4694-b684-a27eefb50c32,GRSM_063.basePlot.vst,2015-05-28,vst_GRSM_2015,D07,GRSM,GRSM_063,NEON.PLA.D07.GRSM.01352,single bole tree,12.4,130,NA
ba3c5b69-0c1f-416b-808f-52f297b9d8fc,GRSM_063.basePlot.vst,2015-05-28,vst_GRSM_2015,D07,GRSM,GRSM_063,NEON.PLA.D07.GRSM.01454,single bole tree,20.0,130,NA
df4f8aa8-7250-4058-b8dc-f88914259edc,GRSM_063.basePlot.vst,2015-05-28,vst_GRSM_2015,D07,GRSM,GRSM_063,NEON.PLA.D07.GRSM.01394,single bole tree,52.0,130,NA
178667ac-7ba0-42d8-bfde-14abdc7d45c9,GRSM_063.basePlot.vst,2015-05-28,vst_GRSM_2015,D07,GRSM,GRSM_063,NEON.PLA.D07.GRSM.01373,single bole tree,20.2,130,NA
821b09da-f000-488b-8771-29869997a028,GRSM_063.basePlot.vst,2015-05-28,vst_GRSM_2015,D07,GRSM,GRSM_063,NEON.PLA.D07.GRSM.01391,single bole tree,73.5,130,NA
1183f89a-73a1-4f07-90be-6a51737272ef,GRSM_063.basePlot.vst,2015-05-28,vst_GRSM_2015,D07,GRSM,GRSM_063,NEON.PLA.D07.GRSM.01457,single bole tree,63.1,130,NA
c638ca57-d5d1-42ca-b074-356a50f3605b,GRSM_063.basePlot.vst,2015-05-28,vst_GRSM_2015,D07,GRSM,GRSM_063,NEON.PLA.D07.GRSM.01431,multi-bole tree,48.0,130,NA
3dac581b-e60c-4a84-916e-71cfc2a8ab0b,GRSM_063.basePlot.vst,2015-05-28,vst_GRSM_2015,D07,GRSM,GRSM_063,NEON.PLA.D07.GRSM.01427,single bole tree,44.0,130,NA
39b4bccc-dd3c-415d-994a-481a37ba4690,GRSM_063.basePlot.vst,2015-05-28,vst_GRSM_2015,D07,GRSM,GRSM_063,NEON.PLA.D07.GRSM.01428,single bole tree,15.0,130,NA
13e45e23-d45f-4e57-8023-e6ac4c7af2f7,GRSM_063.basePlot.vst,2015-05-28,vst_GRSM_2015,D07,GRSM,GRSM_063,NEON.PLA.D07.GRSM.01400,single bole tree,44.0,130,NA
24f0a950-cc32-4fa8-87c8-66ffedb432f9,GRSM_063.basePlot.vst,2015-05-28,vst_GRSM_2015,D07,GRSM,GRSM_063,NEON.PLA.D07.GRSM.01354,single bole tree,60.6,130,NA
ed226189-a732-494d-802b-94aa07a33370,GRSM_063.basePlot.vst,2015-05-28,vst_GRSM_2015,D07,GRSM,GRSM_063,NEON.PLA.D07.GRSM.01431A,NA,42.0,130,NA
bbc93283-30d2-4e71-a99d-b976497c444d,GRSM_063.basePlot.vst,2015-05-28,vst_GRSM_2015,D07,GRSM,GRSM_063,NEON.PLA.D07.GRSM.01390,single bole tree,10.5,130,NA
83b424ea-1cb9-423f-9475-64d80208f766,GRSM_063.basePlot.vst,2015-05-28,vst_GRSM_2015,D07,GRSM,GRSM_063,NEON.PLA.D07.GRSM.01386,single bole tree,23.7,130,NA
aadbfbfa-9954-481c-9c28-af68e9a30b10,GRSM_063.basePlot.vst,2015-05-28,vst_GRSM_2015,D07,GRSM,GRSM_063,NEON.PLA.D07.GRSM.01350,single bole tree,28.9,130,NA
f9202e50-c7fe-4422-851c-a757ab6c4a18,GRSM_063.basePlot.vst,2015-05-28,vst_GRSM_2015,D07,GRSM,GRSM_063,NEON.PLA.D07.GRSM.01392,single bole tree,86.7,130,NA
