uid,namedLocation,date,eventID,domainID,siteID,plotID,individualID,growthForm,stemDiameter,measurementHeight,height
e70ea297-a6f7-44a7-9715-d94afe6410fc,GRSM_053.basePlot.vst,2015-06-01,vst_GRSM_2015,D07,GRSM,GRSM_053,NEON.PLA.D07.GRSM.01473,single bole tree,17.0,130,NA
c70109ca-5e0b-4163-a062-b37b0d447c19,GRSM_053.basePlot.vst,2015-06-01,vst_GRSM_2015,D07,GRSM,GRSM_053,NEON.PLA.D07.GRSM.01515,single bole tree,13.5,130,NA
72ce8858-7490-40c1-9f25-5a6f3d72dabb,GRSM_053.basePlot.vst,2015-06-01,vst_GRSM_2015,D07,GRSM,GRSM_053,NEON.PLA.D07.GRSM.01560A,NA,32.0,130,NA
c6650f15-00e3-4255-ab1f-ec172b9368cc,GRSM_053.basePlot.vst,2015-06-01,vst_GRSM_2015,D07,GRSM,GRSM_053,NEON.PLA.D07.GRSM.01526,single bole tree,23.7,130,NA
a42ac9cc-c330-4077-9225-cc53591c123c,GRSM_053.basePlot.vst,2015-06-01,vst_GRSM_2015,D07,GRSM,GRSM_053,NEON.PLA.D07.GRSM.01500,single bole tree,53.0,130,NA
82f359a7-50c6-4530-afd4-072b5bdc511c,GRSM_053.basePlot.vst,2015-06-01,vst_GRSM_2015,D07,GRSM,GRSM_053,NEON.PLA.D07.GRSM.01597,single bole tree,56.2,130,NA
c3b30aec-9742-479c-bf6d-c45f31b77555,GRSM_053.basePlot.vst,2015-06-01,vst_GRSM_2015,D07,GRSM,GRSM_053,NEON.PLA.D07.GRSM.01519,single bole tree,48.0,130,NA
c7a67f0e-6e83-4afd-91f7-adbe29d5e77f,GRSM_053.basePlot.vst,2015-06-01,vst_GRSM_2015,D07,GRSM,GRSM_053,NEON.PLA.D07.GRSM.01470,single bole tree,28.7,130,NA
fa2e3204-0d8b-4fe4-bf69-dd8e3ff7c7b0,GRSM_053.basePlot.vst,2015-06-01,vst_GRSM_2015,D07,GRSM,GRSM_053,NEON.PLA.D07.GRSM.01572,single bole tree,14.7,130,NA
1a402119-6872-4d56-971e-3bc5e8bde620,GRSM_053.basePlot.vst,2015-06-01,vst_GRSM_2015,D07,GRSM,GRSM_053,NEON.PLA.D07.GRSM.01276,single bole tree,34.3,130,NA
85a23195-2c1c-42e0-a777-555d9390da7e,GRSM_053.basePlot.vst,2015-06-01,vst_GRSM_2015,D07,GRSM,GRSM_053,NEON.PLA.D07.GRSM.01518,single bole tree,33.0,130,NA
318a3872-baa0-4359-9411-ba1210de8e7f,GRSM_053.basePlot.vst,2015-06-01,vst_GRSM_2015,D07,GRSM,GRSM_053,NEON.PLA.D07.GRSM.01475,single bole tree,56.0,130,NA
11e67499-827b-433c-b125-1c73c3a82726,GRSM_053.basePlot.vst,2015-06-01,vst_GRSM_2015,D07,GRSM,GRSM_053,NEON.PLA.D07.GRSM.02094,single bole tree,32.0,130,NA
e26df859-5fe8-4bf3-83fb-ef3904e6cb6b,GRSM_053.basePlot.vst,2015-06-01,vst_GRSM_2015,D07,GRSM,GRSM_053,NEON.PLA.D07.GRSM.01516,single bole tree,49.0,130,NA
6253f6e1-7966-4e1e-982a-84898a29cc36,GRSM_053.basePlot.vst,2015-06-01,vst_GRSM_2015,D07,GRSM,GRSM_053,NEON.PLA.D07.GRSM.01511,single bole tree,57.0,130,NA
ec87c6f0-8dca-4b27-97cc-7f6282b4ff55,GRSM_053.basePlot.vst,2015-06-01,vst_GRSM_2015,D07,GRSM,GRSM_053,NEON.PLA.D07.GRSM.01596,single bole tree,56.7,130,NA
f37a6db3-d0c8-4656-9d55-d89246c5cd4a,GRSM_053.basePlot.vst,2015-06-01,vst_GRSM_2015,D07,GRSM,GRSM_053,NEON.PLA.D07.GRSM.01567,single bole tree,47.5,130,NA
5fccae55-6a39-42f2-b0b7-842610972c36,GRSM_053.basePlot.vst,2015-06-01,vst_GRSM_2015,D07,GRSM,GRSM_053,NEON.PLA.D07.GRSM.01595,single bole tree,53.0,130,NA
fd683b77-b4d5-4804-ba9b-39ba493ebb0b,GRSM_053.basePlot.vst,2015-06-01,vst_GRSM_2015,D07,GRSM,GRSM_053,NEON.PLA.D07.GRSM.01514,single bole tree,29.0,130,NA
49656f0e-7a08-445c-8f0b-5457af9908c8,GRSM_053.basePlot.vst,2015-06-01,vst_GRSM_2015,D07,GRSM,GRSM_053,NEON.PLA.D07.GRSM.01513,single bole tree,47.0,130,NA
980fdc58-7a61-4a9b-a78b-2646bbe6f583,GRSM_053.basePlot.vst,2015-06-01,vst_GRSM_2015,D07,GRSM,GRSM_053,NEON.PLA.D07.GRSM.01508,single bole tree,21.6,130,NA
0bbc5545-949c-4204-abfe-3592250fa719,GRSM_053.basePlot.vst,2015-06-01,vst_GRSM_2015,D07,GRSM,GRSM_053,NEON.PLA.D07.GRSM.01491,multi-bole tree,30.7,130,NA
c3e35beb-b273-4d3f-8191-0852e6b4e786,GRSM_053.basePlot.vst,2015-06-01,vst_GRSM_2015,D07,GRSM,GRSM_053,NEON.PLA.D07.GRSM.01501,single bole tree,45.0,130,NA
0c15c969-c95f-4aaf-9ac5-25820688b40f,GRSM_053.basePlot.vst,2015-06-01,vst_GRSM_2015,D07,GRSM,GRSM_053,NEON.PLA.D07.GRSM.01465,single bole tree,53.0,130,NA
782fd1b0-5c7d-46d4-89ef-bf7a5e4082a8,GRSM_053.basePlot.vst,2015-06-01,vst_GRSM_2015,D07,GRSM,GRSM_053,NEON.PLA.D07.GRSM.01577,single bole tree,59.0,130,NA
13ca0a4d-b4c6-436f-82a6-41d5daaa4178,GRSM_053.basePlot.vst,2015-06-01,vst_GRSM_2015,D07,GRSM,GRSM_053,NEON.PLA.D07.GRSM.01556,single bole tree,54.0,130,NA
6eec47e3-38d7-48a7-a9a2-9f542715b07f,GRSM_053.basePlot.vst,2015-06-01,vst_GRSM_2015,D07,GRSM,GRSM_053,NEON.PLA.D07.GRSM.01594,single bole tree,79.0,130,NA
49c7934f-955b-4ed3-9dd4-7c1b599649d0,GRSM_053.basePlot.vst,2015-06-01,vst_GRSM_2015,D07,GRSM,GRSM_053,NEON.PLA.D07.GRSM.01591,single bole tree,39.0,130,NA
baa88399-46be-45a4-aad4-a139bc18d382,GRSM_053.basePlot.vst,2015-06-01,vst_GRSM_2015,D07,GRSM,GRSM_053,NEON.PLA.D07.GRSM.01509,single bole tree,33.3,130,NA
b6eee79d-2e06-4dbf-ae85-a2fda75a8e6d,GRSM_053.basePlot.vst,2015-06-01,vst_GRSM_2015,D07,GRSM,GRSM_053,NEON.PLA.D07.GRSM.01517,single bole tree,34.0,130,NA
02254ddc-03e4-4af5-bd63-0aec10aa68ad,GRSM_053.basePlot.vst,2015-06-01,vst_GRSM_2015,D07,GRSM,GRSM_053,NEON.PLA.D07.GRSM.01512,single bole tree,13.3,130,NA
6b639c1a-3798-4716-bec7-8e207896ba1d,GRSM_053.basePlot.vst,2015-06-01,vst_GRSM_2015,D07,GRSM,GRSM_053,NEON.PLA.D07.GRSM.01578,single bole tree,49.0,130,NA
982ee572-e5cc-45a7-b9c2-7f9bd89b6604,GRSM_053.basePlot.vst,2015-06-01,vst_GRSM_2015,D07,GRSM,GRSM_053,NEON.PLA.D07.GRSM.01593,single bole tree,28.0,130,NA
f6b8bf6f-c3ad-4b9d-984c-4302a5ef19a8,GRSM_053.basePlot.vst,2015-06-01,vst_GRSM_2015,D07,GRSM,GRSM_053,NEON.PLA.D07.GRSM.01560,multi-bole tree,36.6,130,NA
fa2c9ec1-a4ab-4348-b6b5-33c5e6399025,GRSM_053.basePlot.vst,2015-06-01,vst_GRSM_2015,D07,GRSM,GRSM_053,NEON.PLA.D07.GRSM.01483,single bole tree,57.0,130,NA
f5587aac-2585-4a30-8770-d81449e59ff8,GRSM_062.basePlot.vst,2015-06-02,vst_GRSM_2015,D07,GRSM,GRSM_062,NEON.PLA.D07.GRSM.01664,single bole tree,12.0,130,NA
51aa1ec3-cdaf-479c-83e3-dfb076304308,GRSM_062.basePlot.vst,2015-06-02,vst_GRSM_2015,D07,GRSM,GRSM_062,NEON.PLA.D07.GRSM.01682,single bole tree,13.3,130,NA
fd0ecd7f-ff24-4ee6-b974-7a9d7ab5e892,GRSM_062.basePlot.vst,2015-06-02,vst_GRSM_2015,D07,GRSM,GRSM_062,NEON.PLA.D07.GRSM.01720,single bole tree,13.3,130,NA
bad958f7-08ee-45cb-af5e-2cdbf82b0970,GRSM_062.basePlot.vst,2015-06-02,vst_GRSM_2015,D07,GRSM,GRSM_062,NEON.PLA.D07.GRSM.01739,single bole tree,28.1,130,NA
5a776c3f-da01-499e-ab62-15ac6b651cc8,GRSM_062.basePlot.vst,2015-06-02,vst_GRSM_2015,D07,GRSM,GRSM_062,NEON.PLA.D07.GRSM.01667,single bole tree,18.9,130,NA
429b8c61-58a4-49d9-86eb-f978edb1f725,GRSM_062.basePlot.vst,2015-06-02,vst_GRSM_2015,D07,GRSM,GRSM_062,NEON.PLA.D07.GRSM.01745,single bole tree,21.5,130,NA
77dae82c-c13d-43b6-8861-95439fcdd455,GRSM_062.basePlot.vst,2015-06-02,vst_GRSM_2015,D07,GRSM,GRSM_062,NEON.PLA.D07.GRSM.01738,single bole tree,15.1,130,NA
b053a67e-90f4-4162-af24-a45b41111a22,GRSM_062.basePlot.vst,2015-06-02,vst_GRSM_2015,D07,GRSM,GRSM_062,NEON.PLA.D07.GRSM.01675,single bole tree,51.0,130,NA
f00610cb-7ae9-4625-821b-1caebd8a7137,GRSM_062.basePlot.vst,2015-06-02,vst_GRSM_2015,D07,GRSM,GRSM_062,NEON.PLA.D07.GRSM.01724,single bole tree,13.2,130,NA
892c1341-6b18-4b4b-be96-d7aed4eb290d,GRSM_062.basePlot.vst,2015-06-02,vst_GRSM_2015,D07,GRSM,GRSM_062,NEON.PLA.D07.GRSM.01683,single bole tree,16.9,130,NA
0ca13f49-84fd-41d3-bce0-c405c951ac4d,GRSM_062.basePlot.vst,2015-06-02,vst_GRSM_2015,D07,GRSM,GRSM_062,NEON.PLA.D07.GRSM.01730,single bole tree,15.8,130,NA
6adc5b96-29fb-4cfb-bfe3-35680cf0f99b,GRSM_062.basePlot.vst,2015-06-02,vst_GRSM_2015,D07,GRSM,GRSM_062,NEON.PLA.D07.GRSM.01721,single bole tree,11.7,130,NA
b0dcef4e-3c34-477b-b8d1-b0287fd888aa,GRSM_062.basePlot.vst,2015-06-02,vst_GRSM_2015,D07,GRSM,GRSM_062,NEON.PLA.D07.GRSM.01736,single bole tree,15.5,130,NA
071391bb-517f-4665-bba7-e9091561306f,GRSM_062.basePlot.vst,2015-06-02,vst_GRSM_2015,D07,GRSM,GRSM_062,NEON.PLA.D07.GRSM.01725,single bole tree,37.3,130,NA
3d37a79d-8597-4e8c-a58f-5745edd8833e,GRSM_062.basePlot.vst,2015-06-02,vst_GRSM_2015,D07,GRSM,GRSM_062,NEON.PLA.D07.GRSM.01734,single bole tree,11.4,130,NA
579be291-33f3-465e-a379-e11730314ccb,GRSM_062.basePlot.vst,2015-06-02,vst_GRSM_2015,D07,GRSM,GRSM_062,NEON.PLA.D07.GRSM.01676A,NA,15.3,130,NA
52194a08-6caa-4300-b957-2eab4deed75d,GRSM_062.basePlot.vst,2015-06-02,vst_GRSM_2015,D07,GRSM,GRSM_062,NEON.PLA.D07.GRSM.01743,single bole tree,16.0,130,NA
3c39cbf9-b6cf-4707-8e58-3f44fede20d3,GRSM_062.basePlot.vst,2015-06-02,vst_GRSM_2015,D07,GRSM,GRSM_062,NEON.PLA.D07.GRSM.01671,single bole tree,28.3,130,NA
1e8ff059-d467-4589-8d3f-7c483f869f12,GRSM_062.basePlot.vst,2015-06-02,vst_GRSM_2015,D07,GRSM,GRSM_062,NEON.PLA.D07.GRSM.01674A,NA,10.0,130,NA
22378866-5b72-4406-b46d-50a6c84c3b25,GRSM_062.basePlot.vst,2015-06-02,vst_GRSM_2015,D07,GRSM,GRSM_062,NEON.PLA.D07.GRSM.01690,single bole tree,11.2,130,NA
f95459dd-6899-4977-9fb2-1394b34ca85c,GRSM_062.basePlot.vst,2015-06-02,vst_GRSM_2015,D07,GRSM,GRSM_062,NEON.PLA.D07.GRSM.01742,single bole tree,20.3,130,NA
bb4784c5-b563-498d-b086-53da53bfbc93,GRSM_062.basePlot.vst,2015-06-02,vst_GRSM_2015,D07,GRSM,GRSM_062,NEON.PLA.D07.GRSM.01746,single bole tree,36.6,130,NA
f326499b-61e3-49ac-a2ad-fcd845b7b154,GRSM_062.basePlot.vst,2015-06-02,vst_GRSM_2015,D07,GRSM,GRSM_062,NEON.PLA.D07.GRSM.01669,single bole tree,20.0,130,NA
c3982f3c-d3d1-4db2-bc40-157340571f87,GRSM_062.basePlot.vst,2015-06-02,vst_GRSM_2015,D07,GRSM,GRSM_062,NEON.PLA.D07.GRSM.01663,single bole tree,13.0,130,NA
c6b8dd12-09e6-46b3-ae97-87e63a11acb9,GRSM_062.basePlot.vst,2015-06-02,vst_GRSM_2015,D07,GRSM,GRSM_062,NEON.PLA.D07.GRSM.01680,single bole tree,21.6,130,NA
ba6d2079-05ac-485b-b40a-eb59fcf7210d,GRSM_062.basePlot.vst,2015-06-02,vst_GRSM_2015,D07,GRSM,GRSM_062,NEON.PLA.D07.GRSM.01731,single bole tree,21.4,130,NA
e0a8ee1e-efbe-4e89-b385-69b60b67c8cf,GRSM_062.basePlot.vst,2015-06-02,vst_GRSM_2015,D07,GRSM,GRSM_062,NEON.PLA.D07.GRSM.01747,single bole tree,33.7,130,NA
f1ca5733-6bc1-4de0-8146-dfacbea24580,GRSM_062.basePlot.vst,2015-06-02,vst_GRSM_2015,D07,GRSM,GRSM_062,NEON.PLA.D07.GRSM.01729,single bole tree,14.8,130,NA
011100de-2c02-4c8b-9c85-e995861d4308,GRSM_062.basePlot.vst,2015-06-02,vst_GRSM_2015,D07,GRSM,GRSM_062,NEON.PLA.D07.GRSM.01740,single bole tree,44.4,130,NA
2636550e-22fc-442d-9b6f-5de98051c799,GRSM_062.basePlot.vst,2015-06-02,vst_GRSM_2015,D07,GRSM,GRSM_062,NEON.PLA.D07.GRSM.01642,single bole tree,15.8,130,NA
275214e5-c792-4573-93e2-930d90b81238,GRSM_062.basePlot.vst,2015-06-02,vst_GRSM_2015,D07,GRSM,GRSM_062,NEON.PLA.D07.GRSM.01727,single bole tree,14.9,130,NA
fe47d295-5c9f-4abc-9b75-700010333afd,GRSM_062.basePlot.vst,2015-06-02,vst_GRSM_2015,D07,GRSM,GRSM_062,NEON.PLA.D07.GRSM.01673,single bole tree,14.0,130,NA
5f102ece-e45f-4b5f-bfcd-c745d8215a38,GRSM_062.basePlot.vst,2015-06-02,vst_GRSM_2015,D07,GRSM,GRSM_062,NEON.PLA.D07.GRSM.01723,single bole tree,13.3,130,NA
3c0c4713-4313-4149-addc-c14303d933c0,GRSM_062.basePlot.vst,2015-06-02,vst_GRSM_2015,D07,GRSM,GRSM_062,NEON.PLA.D07.GRSM.01666,single bole tree,11.5,130,NA
0f8546e7-ab2e-489f-980e-5d1dff6e329f,GRSM_062.basePlot.vst,2015-06-02,vst_GRSM_2015,D07,GRSM,GRSM_062,NEON.PLA.D07.GRSM.01726,single bole tree,11.9,130,NA
273358eb-9194-4b7c-8150-2e0dcdcb479d,GRSM_062.basePlot.vst,2015-06-02,vst_GRSM_2015,D07,GRSM,GRSM_062,NEON.PLA.D07.GRSM.01665,single bole tree,11.0,130,NA
a7696803-7a4f-4070-9718-922ef93f115f,GRSM_062.basePlot.vst,2015-06-02,vst_GRSM_2015,D07,GRSM,GRSM_062,NEON.PLA.D07.GRSM.01679,single bole tree,10.6,130,NA
f2696970-9797-4eaa-a78b-dcb6aea9b80d,GRSM_062.basePlot.vst,2015-06-02,vst_GRSM_2015,D07,GRSM,GRSM_062,NEON.PLA.D07.GRSM.01744,single bole tree,10.6,130,NA
8a348f86-d6aa-47d4-b2da-f3b9c7c3f02e,GRSM_062.basePlot.vst,2015-06-02,vst_GRSM_2015,D07,GRSM,GRSM_062,NEON.PLA.D07.GRSM.01741A,NA,12.2,130,NA
d88034a9-295c-4878-85aa-5fc215f5526e,GRSM_062.basePlot.vst,2015-06-02,vst_GRSM_2015,D07,GRSM,GRSM_062,NEON.PLA.D07.GRSM.01672,single bole tree,10.2,130,NA
18343bc0-6f1b-462c-8414-5b4e48c33bd6,GRSM_062.basePlot.vst,2015-06-02,vst_GRSM_2015,D07,GRSM,GRSM_062,NEON.PLA.D07.GRSM.01741,multi-bole tree,14.8,130,NA
6e059b2e-cfe5-4f94-81e7-d71b887c6a9c,GRSM_062.basePlot.vst,2015-06-02,vst_GRSM_2015,D07,GRSM,GRSM_062,NEON.PLA.D07.GRSM.01733,single bole tree,15.9,130,NA
db5bff49-1ee9-47a3-9eef-b405ec5e0820,GRSM_062.basePlot.vst,2015-06-02,vst_GRSM_2015,D07,GRSM,GRSM_062,NEON.PLA.D07.GRSM.01684,single bole tree,10.8,130,NA
5ddd08c1-0d9f-4197-814b-2c1d2f5ed2ac,GRSM_062.basePlot.vst,2015-06-02,vst_GRSM_2015,D07,GRSM,GRSM_062,NEON.PLA.D07.GRSM.01732,single bole tree,11.6,130,NA
64ea04fa-afc1-4546-9703-42f2c314de5c,GRSM_062.basePlot.vst,2015-06-02,vst_GRSM_2015,D07,GRSM,GRSM_062,NEON.PLA.D07.GRSM.01674,multi-bole tree,13.0,130,NA
3ed0d3eb-fca9-4b9c-b00b-84bd51567a77,GRSM_062.basePlot.vst,2015-06-02,vst_GRSM_2015,D07,GRSM,GRSM_062,NEON.PLA.D07.GRSM.01681,single bole tree,10.7,130,NA
640e2421-dbbb-4163-a51a-8e6d510ba9c0,GRSM_062.basePlot.vst,2015-06-02,vst_GRSM_2015,D07,GRSM,GRSM_062,NEON.PLA.D07.GRSM.01676,multi-bole tree,19.7,130,NA
2415b664-057f-481b-a326-106844592bab,GRSM_062.basePlot.vst,2015-06-02,vst_GRSM_2015,D07,GRSM,GRSM_062,NEON.PLA.D07.GRSM.01722,single bole tree,16.5,130,NA
4d28ab50-c933-44bd-b145-5769b573a8c5,GRSM_062.basePlot.vst,2015-06-02,vst_GRSM_2015,D07,GRSM,GRSM_062,NEON.PLA.D07.GRSM.01735,single bole tree,10.2,130,NA
7e758188-286b-4a58-82dd-fe764df2ebbc,GRSM_062.basePlot.vst,2015-06-02,vst_GRSM_2015,D07,GRSM,GRSM_062,NEON.PLA.D07.GRSM.01677,single bole tree,19.0,130,NA
eb005f07-b9db-4ef9-8889-3c6a73d688c8,GRSM_062.basePlot.vst,2015-06-02,vst_GRSM_2015,D07,GRSM,GRSM_062,NEON.PLA.D07.GRSM.01728,single bole tree,18.4,130,NA
f9f245fd-7ab2-4bec-b6c1-d2cb430b579c,GRSM_060.basePlot.vst,2015-06-08,vst_GRSM_2015,D07,GRSM,GRSM_060,NEON.PLA.D07.GRSM.01888,single bole tree,43.2,130,NA
278f6a71-07d7-4a6a-9193-0d82aa66d9ff,GRSM_060.basePlot.vst,2015-06-08,vst_GRSM_2015,D07,GRSM,GRSM_060,NEON.PLA.D07.GRSM.01809,single bole tree,16.8,130,NA
d2d62e8b-1c27-4ded-91ae-bb30ff32c9e6,GRSM_060.basePlot.vst,2015-06-08,vst_GRSM_2015,D07,GRSM,GRSM_060,NEON.PLA.D07.GRSM.01898,single bole tree,37.1,130,NA
51e6f6b2-963d-4cce-a4a3-f5beca716e97,GRSM_060.basePlot.vst,2015-06-08,vst_GRSM_2015,D07,GRSM,GRSM_060,NEON.PLA.D07.GRSM.01851,single bole tree,8.1,130,NA
e40ad260-8f03-4222-a4d7-ae33399c9d6e,GRSM_050.basePlot.vst,2015-06-08,vst_GRSM_2015,D07,GRSM,GRSM_050,NEON.PLA.D07.GRSM.02113,single bole tree,18.1,130,NA
9328e954-7cfa-4fac-8e71-0ffb0fa3f3b7,GRSM_060.basePlot.vst,2015-06-08,vst_GRSM_2015,D07,GRSM,GRSM_060,NEON.PLA.D07.GRSM.01833,single bole tree,33.0,130,NA
0a80cf1a-3cad-4c82-b1ee-6820ae12fa14,GRSM_060.basePlot.vst,2015-06-08,vst_GRSM_2015,D07,GRSM,GRSM_060,NEON.PLA.D07.GRSM.01861,single bole tree,12.0,130,NA
b23034f8-c754-433b-a682-319768c8f00e,GRSM_060.basePlot.vst,2015-06-08,vst_GRSM_2015,D07,GRSM,GRSM_060,NEON.PLA.D07.GRSM.01772,single bole tree,34.0,130,NA
af8ad88c-ccc9-4d9d-b4c4-3e68525168f3,GRSM_060.basePlot.vst,2015-06-08,vst_GRSM_2015,D07,GRSM,GRSM_060,NEON.PLA.D07.GRSM.01823,single bole tree,29.5,130,NA
4a30d30e-a6f2-4fd2-8e1e-13238bf95e69,GRSM_050.basePlot.vst,2015-06-08,vst_GRSM_2015,D07,GRSM,GRSM_050,NEON.PLA.D07.GRSM.01950,single bole tree,31.0,130,NA
17a66593-1e87-42f8-a76e-f37636ac7e73,GRSM_050.basePlot.vst,2015-06-08,vst_GRSM_2015,D07,GRSM,GRSM_050,NEON.PLA.D07.GRSM.02087,single bole tree,48.5,130,NA
9bbba65d-1433-47cd-978c-cd4804385927,GRSM_050.basePlot.vst,2015-06-08,vst_GRSM_2015,D07,GRSM,GRSM_050,NEON.PLA.D07.GRSM.02090,single bole tree,16.0,130,NA
049fb098-a3ec-4902-a38a-d4b337fe8dde,GRSM_060.basePlot.vst,2015-06-08,vst_GRSM_2015,D07,GRSM,GRSM_060,NEON.PLA.D07.GRSM.01834,single bole tree,15.3,130,NA
37622346-db7a-49bb-9bc6-7fff093ca4e0,GRSM_050.basePlot.vst,2015-06-08,vst_GRSM_2015,D07,GRSM,GRSM_050,NEON.PLA.D07.GRSM.01958,single bole tree,11.2,130,NA
b5940e21-be4d-4b88-bad1-4f9c86e32834,GRSM_060.basePlot.vst,2015-06-08,vst_GRSM_2015,D07,GRSM,GRSM_060,NEON.PLA.D07.GRSM.01836,single bole tree,12.5,130,NA
5b2661d3-1199-450a-85d6-e3313a5ccbed,GRSM_060.basePlot.vst,2015-06-08,vst_GRSM_2015,D07,GRSM,GRSM_060,NEON.PLA.D07.GRSM.01882,single bole tree,10.0,130,NA
52c9ac23-d280-4322-bdf2-9938685efb62,GRSM_060.basePlot.vst,2015-06-08,vst_GRSM_2015,D07,GRSM,GRSM_060,NEON.PLA.D07.GRSM.01791,single bole tree,42.7,130,NA
fdacf435-103a-4aab-97e6-cc36b633f21f,GRSM_060.basePlot.vst,2015-06-08,vst_GRSM_2015,D07,GRSM,GRSM_060,NEON.PLA.D07.GRSM.01822,single bole tree,19.1,130,NA
4b617d1a-cd6d-4a48-a179-5c97cfd7de27,GRSM_060.basePlot.vst,2015-06-08,vst_GRSM_2015,D07,GRSM,GRSM_060,NEON.PLA.D07.GRSM.01826,single bole tree,17.6,130,NA
f2800327-2100-4005-a91e-758695921ff5,GRSM_050.basePlot.vst,2015-06-08,vst_GRSM_2015,D07,GRSM,GRSM_050,NEON.PLA.D07.GRSM.01972,single bole tree,18.8,130,NA
cf6df723-44f5-4a83-ac1c-bf4ee8c4ae87,GRSM_050.basePlot.vst,2015-06-08,vst_GRSM_2015,D07,GRSM,GRSM_050,NEON.PLA.D07.GRSM.01973,single bole tree,13.0,130,NA
945afb2b-b5a2-4bdc-9435-a4717aa0bd3d,GRSM_050.basePlot.vst,2015-06-08,vst_GRSM_2015,D07,GRSM,GRSM_050,NEON.PLA.D07.GRSM.02111,single bole tree,16.9,130,NA
bc1dc6e6-14eb-4faa-96ab-53dc27a9fbc0,GRSM_050.basePlot.vst,2015-06-08,vst_GRSM_2015,D07,GRSM,GRSM_050,NEON.PLA.D07.GRSM.01955,single bole tree,30.8,130,NA
2f80ac25-035c-44ac-8dac-dc9312814cd0,GRSM_060.basePlot.vst,2015-06-08,vst_GRSM_2015,D07,GRSM,GRSM_060,NEON.PLA.D07.GRSM.01832,single bole tree,17.0,130,NA
051c0f30-e4a5-41c4-aaa7-c6664fa4ec58,GRSM_050.basePlot.vst,2015-06-08,vst_GRSM_2015,D07,GRSM,GRSM_050,NEON.PLA.D07.GRSM.02091,single bole tree,25.8,130,NA
148b8fa2-d5b1-4855-8355-cc9047d0cda0,GRSM_060.basePlot.vst,2015-06-08,vst_GRSM_2015,D07,GRSM,GRSM_060,NEON.PLA.D07.GRSM.01893,single bole tree,34.1,130,NA
e70c4114-d98c-4c2a-adb1-8e39c27077d1,GRSM_050.basePlot.vst,2015-06-08,vst_GRSM_2015,D07,GRSM,GRSM_050,NEON.PLA.D07.GRSM.01985,single bole tree,46.0,130,NA
26781b13-f0b3-4547-bd15-8c6ebcbbd828,GRSM_050.basePlot.vst,2015-06-08,vst_GRSM_2015,D07,GRSM,GRSM_050,NEON.PLA.D07.GRSM.01939,single bole tree,17.8,130,NA
ce6aab60-4091-4efb-9803-892922ddaeb6,GRSM_060.basePlot.vst,2015-06-08,vst_GRSM_2015,D07,GRSM,GRSM_060,NEON.PLA.D07.GRSM.01841,single bole tree,14.5,130,NA
1d194681-9eb3-4d22-b3ce-ffe08543896f,GRSM_060.basePlot.vst,2015-06-08,vst_GRSM_2015,D07,GRSM,GRSM_060,NEON.PLA.D07.GRSM.01827,single bole tree,14.9,130,NA
8632a4c7-4d4d-436d-8ffe-dc6ddf4ba6e7,GRSM_050.basePlot.vst,2015-06-08,vst_GRSM_2015,D07,GRSM,GRSM_050,NEON.PLA.D07.GRSM.02094,single bole tree,46.5,130,NA
c9f41886-1a25-4795-9930-64ade5bf0199,GRSM_060.basePlot.vst,2015-06-08,vst_GRSM_2015,D07,GRSM,GRSM_060,NEON.PLA.D07.GRSM.01876,multi-bole tree,17.4,130,NA
6ae6ae00-6ac2-48d4-ba05-a25cde53ce41,GRSM_050.basePlot.vst,2015-06-08,vst_GRSM_2015,D07,GRSM,GRSM_050,NEON.PLA.D07.GRSM.02101,single bole tree,55.8,130,NA
bc8ac7c8-8adb-4eef-bc83-e13d28a82a6e,GRSM_050.basePlot.vst,2015-06-08,vst_GRSM_2015,D07,GRSM,GRSM_050,NEON.PLA.D07.GRSM.01974,single bole tree,12.7,130,NA
160ff3cd-3d93-4798-a471-10547ea62338,GRSM_060.basePlot.vst,2015-06-08,vst_GRSM_2015,D07,GRSM,GRSM_060,NEON.PLA.D07.GRSM.01847,single bole tree,15.0,130,NA
e9bd6f65-ab2a-4ed8-aae3-29594ba5590d,GRSM_050.basePlot.vst,2015-06-08,vst_GRSM_2015,D07,GRSM,GRSM_050,NEON.PLA.D07.GRSM.02114,single bole tree,10.2,130,NA
d5774b06-2599-4c09-b943-72b554ff231a,GRSM_060.basePlot.vst,2015-06-08,vst_GRSM_2015,D07,GRSM,GRSM_060,NEON.PLA.D07.GRSM.01900,single bole tree,14.2,130,NA
d7f90558-b407-4029-9733-b5c9f9eaaaed,GRSM_060.basePlot.vst,2015-06-08,vst_GRSM_2015,D07,GRSM,GRSM_060,NEON.PLA.D07.GRSM.01837,single bole tree,47.7,130,NA
4c552796-99af-4470-bb0c-af988ce94f36,GRSM_050.basePlot.vst,2015-06-08,vst_GRSM_2015,D07,GRSM,GRSM_050,NEON.PLA.D07.GRSM.01982,single bole tree,40.0,130,NA
e0a2257f-fd15-4d6e-87b9-d3d0bcc8516a,GRSM_060.basePlot.vst,2015-06-08,vst_GRSM_2015,D07,GRSM,GRSM_060,NEON.PLA.D07.GRSM.01844,single bole tree,42.6,130,NA
6a40eed9-3d86-49a0-8d3a-a8f6405826d5,GRSM_060.basePlot.vst,2015-06-08,vst_GRSM_2015,D07,GRSM,GRSM_060,NEON.PLA.D07.GRSM.01768,single bole tree,27.0,130,NA
42387199-ba5f-4e7a-80a7-b8b32a125550,GRSM_060.basePlot.vst,2015-06-08,vst_GRSM_2015,D07,GRSM,GRSM_060,NEON.PLA.D07.GRSM.01828,single bole tree,10.3,130,NA
31dfbbd1-26b1-4da4-88db-967546db94c1,GRSM_060.basePlot.vst,2015-06-08,vst_GRSM_2015,D07,GRSM,GRSM_060,NEON.PLA.D07.GRSM.01780,single bole tree,31.0,130,NA
f3d6d677-7914-4895-9a17-53eb054f7201,GRSM_050.basePlot.vst,2015-06-08,vst_GRSM_2015,D07,GRSM,GRSM_050,NEON.PLA.D07.GRSM.02097,single bole tree,31.6,130,NA
4aa4b8ab-6f77-4e5e-bf92-23fdfe0860bd,GRSM_060.basePlot.vst,2015-06-08,vst_GRSM_2015,D07,GRSM,GRSM_060,NEON.PLA.D07.GRSM.01860,single bole tree,10.5,130,NA
f0cc4186-032b-4520-ad0f-dca7156e32fa,GRSM_060.basePlot.vst,2015-06-08,vst_GRSM_2015,D07,GRSM,GRSM_060,NEON.PLA.D07.GRSM.01773,single bole tree,25.0,130,NA
f56dd76f-0a65-43b5-bbaf-053857a96809,GRSM_050.basePlot.vst,2015-06-08,vst_GRSM_2015,D07,GRSM,GRSM_050,NEON.PLA.D07.GRSM.01975,single bole tree,14.3,130,NA
4fa36281-198d-489a-9181-778877fb6365,GRSM_060.basePlot.vst,2015-06-08,vst_GRSM_2015,D07,GRSM,GRSM_060,NEON.PLA.D07.GRSM.01815,single bole tree,44.5,130,NA
950ae63a-c766-45c2-a278-81831994bb63,GRSM_050.basePlot.vst,2015-06-08,vst_GRSM_2015,D07,GRSM,GRSM_050,NEON.PLA.D07.GRSM.01960,multi-bole tree,10.8,130,NA
54ed90c5-a6aa-4ec5-b6a2-42d515e978fe,GRSM_060.basePlot.vst,2015-06-08,vst_GRSM_2015,D07,GRSM,GRSM_060,NEON.PLA.D07.GRSM.01830,single bole tree,120.0,130,NA
50257c14-ea3b-42dd-b798-1040fcc00cf8,GRSM_050.basePlot.vst,2015-06-08,vst_GRSM_2015,D07,GRSM,GRSM_050,NEON.PLA.D07.GRSM.02077,single bole tree,15.8,130,NA
0fa035c9-cde4-4cc5-91d4-91afa4400ebe,GRSM_050.basePlot.vst,2015-06-08,vst_GRSM_2015,D07,GRSM,GRSM_050,NEON.PLA.D07.GRSM.01971,single bole tree,34.9,130,NA
fdb8d9bf-5740-421e-92ef-913edcaa29b2,GRSM_060.basePlot.vst,2015-06-08,vst_GRSM_2015,D07,GRSM,GRSM_060,NEON.PLA.D07.GRSM.01835,single bole tree,13.5,130,NA
06e44ff7-f8fd-44a1-9ee9-319f69d57a4e,GRSM_060.basePlot.vst,2015-06-08,vst_GRSM_2015,D07,GRSM,GRSM_060,NEON.PLA.D07.GRSM.01767,single bole tree,21.6,130,NA
837ff53e-90f6-4bc4-b315-6b5dbc7d4b13,GRSM_060.basePlot.vst,2015-06-08,vst_GRSM_2015,D07,GRSM,GRSM_060,NEON.PLA.D07.GRSM.01843,single bole tree,35.5,130,NA
922b6fcb-2cb6-482f-ab64-665244e01325,GRSM_050.basePlot.vst,2015-06-08,vst_GRSM_2015,D07,GRSM,GRSM_050,NEON.PLA.D07.GRSM.02110,single bole tree,37.4,130,NA
4dda59bc-f5d7-48b9-8675-69c422c0d1db,GRSM_060.basePlot.vst,2015-06-08,vst_GRSM_2015,D07,GRSM,GRSM_060,NEON.PLA.D07.GRSM.01816,single bole tree,11.1,130,NA
d5d2e60e-74af-4a66-b55e-9dc3bd05ae74,GRSM_060.basePlot.vst,2015-06-08,vst_GRSM_2015,D07,GRSM,GRSM_060,NEON.PLA.D07.GRSM.01870,single bole tree,21.0,130,NA
22fb4d0e-254c-4840-8d10-2b3068d99ef4,GRSM_050.basePlot.vst,2015-06-08,vst_GRSM_2015,D07,GRSM,GRSM_050,NEON.PLA.D07.GRSM.02099,single bole tree,19.7,130,NA
25549e16-5792-4723-ab73-9f2f1beff734,GRSM_050.basePlot.vst,2015-06-08,vst_GRSM_2015,D07,GRSM,GRSM_050,NEON.PLA.D07.GRSM.02096,single bole tree,12.5,130,NA
ece97ef6-7d3c-4a87-8dbc-d82ba50e3562,GRSM_060.basePlot.vst,2015-06-08,vst_GRSM_2015,D07,GRSM,GRSM_060,NEON.PLA.D07.GRSM.01903,single bole tree,17.0,130,NA
4d84a43e-b50b-495c-92fa-7302346ee30b,GRSM_060.basePlot.vst,2015-06-08,vst_GRSM_2015,D07,GRSM,GRSM_060,NEON.PLA.D07.GRSM.01842,single bole tree,15.0,130,NA
3c48811b-1ee9-43b8-b927-28188cab005d,GRSM_060.basePlot.vst,2015-06-08,vst_GRSM_2015,D07,GRSM,GRSM_060,NEON.PLA.D07.GRSM.01825,single bole tree,12.0,130,NA
81762bef-f9d2-4cf4-8fe0-51c6054c099c,GRSM_060.basePlot.vst,2015-06-08,vst_GRSM_2015,D07,GRSM,GRSM_060,NEON.PLA.D07.GRSM.01905,single bole tree,11.0,130,NA
0d079460-4f63-46db-a3cd-5b817f6bc45a,GRSM_060.basePlot.vst,2015-06-08,vst_GRSM_2015,D07,GRSM,GRSM_060,NEON.PLA.D07.GRSM.01824,single bole tree,28.5,130,NA
dfe48c9f-6184-4e34-bf33-a5159ef85e09,GRSM_050.basePlot.vst,2015-06-08,vst_GRSM_2015,D07,GRSM,GRSM_050,NEON.PLA.D07.GRSM.01965,single bole tree,15.4,130,NA
7fecf157-8503-4cf1-a344-df5d45841d9d,GRSM_060.basePlot.vst,2015-06-08,vst_GRSM_2015,D07,GRSM,GRSM_060,NEON.PLA.D07.GRSM.01781,single bole tree,17.0,130,NA
ae75f382-0e39-4b44-a51a-f25618aaadeb,GRSM_060.basePlot.vst,2015-06-08,vst_GRSM_2015,D07,GRSM,GRSM_060,NEON.PLA.D07.GRSM.01862,single bole tree,10.9,130,NA
b6355e68-4dfd-4b9f-921a-f4c8e3c246e8,GRSM_050.basePlot.vst,2015-06-08,vst_GRSM_2015,D07,GRSM,GRSM_050,NEON.PLA.D07.GRSM.01948,single bole tree,17.5,130,NA
3f3cc034-6625-43e9-8730-90b24269ea07,GRSM_050.basePlot.vst,2015-06-08,vst_GRSM_2015,D07,GRSM,GRSM_050,NEON.PLA.D07.GRSM.02107,single bole tree,130.0,2,NA
f090a84b-34bd-4d86-8b83-1ff99678d2d6,GRSM_050.basePlot.vst,2015-06-08,vst_GRSM_2015,D07,GRSM,GRSM_050,NEON.PLA.D07.GRSM.01945,multi-bole tree,34.5,130,NA
ba6d4f48-2ecc-4de6-911c-837e232d5090,GRSM_050.basePlot.vst,2015-06-08,vst_GRSM_2015,D07,GRSM,GRSM_050,NEON.PLA.D07.GRSM.02100,single bole tree,40.6,130,NA
a89c3159-41b1-49fc-97fd-f237176358ed,GRSM_060.basePlot.vst,2015-06-08,vst_GRSM_2015,D07,GRSM,GRSM_060,NEON.PLA.D07.GRSM.01902,single bole tree,27.0,130,NA
5e0755b3-55cd-41a1-b80c-28105a9979f7,GRSM_060.basePlot.vst,2015-06-08,vst_GRSM_2015,D07,GRSM,GRSM_060,NEON.PLA.D07.GRSM.01892,single bole tree,11.5,130,NA
38484594-d2d4-4fd5-8713-af2acac886c0,GRSM_060.basePlot.vst,2015-06-08,vst_GRSM_2015,D07,GRSM,GRSM_060,NEON.PLA.D07.GRSM.01864,single bole tree,13.5,130,NA
66570d8a-150b-48b0-93c0-dae178a7e4d6,GRSM_060.basePlot.vst,2015-06-08,vst_GRSM_2015,D07,GRSM,GRSM_060,NEON.PLA.D07.GRSM.01896,small tree,7.9,130,NA
1ea3f251-4a02-411b-b469-8b5f070a1f94,GRSM_060.basePlot.vst,2015-06-08,vst_GRSM_2015,D07,GRSM,GRSM_060,NEON.PLA.D07.GRSM.01852,single bole tree,43.7,130,NA
9cd9c0ba-63e7-4a41-bcd7-1a8215ff058c,GRSM_060.basePlot.vst,2015-06-08,vst_GRSM_2015,D07,GRSM,GRSM_060,NEON.PLA.D07.GRSM.01821,single bole tree,54.0,130,NA
6d56e5de-d5a4-4977-b986-317fce66f0ce,GRSM_060.basePlot.vst,2015-06-08,vst_GRSM_2015,D07,GRSM,GRSM_060,NEON.PLA.D07.GRSM.01899,single bole tree,23.0,130,NA
19fc8b8b-edbc-4edd-a010-4297ac5d3303,GRSM_060.basePlot.vst,2015-06-08,vst_GRSM_2015,D07,GRSM,GRSM_060,NEON.PLA.D07.GRSM.01901,single bole tree,15.4,130,NA
4c605c07-872b-4645-93ed-6e203d05a1c1,GRSM_050.basePlot.vst,2015-06-08,vst_GRSM_2015,D07,GRSM,GRSM_050,NEON.PLA.D07.GRSM.02098,single bole tree,24.4,130,NA
1b188f17-5de5-4d2c-8353-187381ba1639,GRSM_050.basePlot.vst,2015-06-08,vst_GRSM_2015,D07,GRSM,GRSM_050,NEON.PLA.D07.GRSM.02095,single bole tree,90.3,130,NA
2dc3c2a0-f99e-42e5-abf1-8c5ecb39293c,GRSM_060.basePlot.vst,2015-06-08,vst_GRSM_2015,D07,GRSM,GRSM_060,NEON.PLA.D07.GRSM.01880,single bole tree,19.3,130,NA
ddbaad8c-8a82-4e88-a5ce-3d5ddc7f0f11,GRSM_060.basePlot.vst,2015-06-08,vst_GRSM_2015,D07,GRSM,GRSM_060,NEON.PLA.D07.GRSM.01782,single bole tree,17.8,130,NA
3fc7ec4c-dd86-4582-8d9a-06898348355c,GRSM_050.basePlot.vst,2015-06-08,vst_GRSM_2015,D07,GRSM,GRSM_050,NEON.PLA.D07.GRSM.02112,single bole tree,17.5,130,NA
e606aaa3-6f7e-45a2-87da-6a12207cbd74,GRSM_060.basePlot.vst,2015-06-08,vst_GRSM_2015,D07,GRSM,GRSM_060,NEON.PLA.D07.GRSM.01877,single bole tree,1.8,130,NA
3d61f7b0-1f45-4bbb-99c6-e647dde63203,GRSM_050.basePlot.vst,2015-06-08,vst_GRSM_2015,D07,GRSM,GRSM_050,NEON.PLA.D07.GRSM.01984,single bole tree,10.1,130,NA
27c036eb-ceee-4901-a29e-23a73c9b9f94,GRSM_060.basePlot.vst,2015-06-08,vst_GRSM_2015,D07,GRSM,GRSM_060,NEON.PLA.D07.GRSM.01885,single bole tree,11.6,130,NA
4013726d-dbb3-4624-a270-65dd081504fd,GRSM_060.basePlot.vst,2015-06-08,vst_GRSM_2015,D07,GRSM,GRSM_060,NEON.PLA.D07.GRSM.01863,single bole tree,17.4,130,NA
730bf9d7-ed25-4e1a-b7f4-2c4051e4e6f5,GRSM_050.basePlot.vst,2015-06-08,vst_GRSM_2015,D07,GRSM,GRSM_050,NEON.PLA.D07.GRSM.01964,single bole tree,61.5,130,NA
6352f28a-b672-4efb-b0b9-76ffdb9d1dfc,GRSM_060.basePlot.vst,2015-06-08,vst_GRSM_2015,D07,GRSM,GRSM_060,NEON.PLA.D07.GRSM.01904,single bole tree,30.6,130,NA
666d0024-3cb4-4127-a967-c0d0d7f8807a,GRSM_060.basePlot.vst,2015-06-08,vst_GRSM_2015,D07,GRSM,GRSM_060,NEON.PLA.D07.GRSM.01831,single bole tree,18.0,130,NA
b43bf626-63b2-4db0-b528-ac842f1358b0,GRSM_060.basePlot.vst,2015-06-08,vst_GRSM_2015,D07,GRSM,GRSM_060,NEON.PLA.D07.GRSM.01840,single bole tree,44.5,130,NA
2b438f73-6797-4afe-a3db-5842d5f31b0c,GRSM_050.basePlot.vst,2015-06-08,vst_GRSM_2015,D07,GRSM,GRSM_050,NEON.PLA.D07.GRSM.01976,single bole tree,15.9,130,NA
ff4655a5-d7d7-49f4-af93-953bcbc3b404,GRSM_050.basePlot.vst,2015-06-08,vst_GRSM_2015,D07,GRSM,GRSM_050,NEON.PLA.D07.GRSM.01959,single bole tree,11.2,130,NA
72fceff7-1aa3-4b27-933a-23dc5358d1bc,GRSM_050.basePlot.vst,2015-06-08,vst_GRSM_2015,D07,GRSM,GRSM_050,NEON.PLA.D07.GRSM.01977,single bole tree,14.5,130,NA
df470ef0-0c3d-428c-8523-67370d4b1c2a,GRSM_060.basePlot.vst,2015-06-08,vst_GRSM_2015,D07,GRSM,GRSM_060,NEON.PLA.D07.GRSM.01871,single bole tree,15.3,130,NA
3a68ca72-a37c-4de8-a604-f09d23599eb7,GRSM_051.basePlot.vst,2015-06-09,vst_GRSM_2015,D07,GRSM,GRSM_051,NEON.PLA.D07.GRSM.02019,single bole tree,18.2,130,NA
dd6da3f7-5f40-48fa-b305-7a5547f46b78,GRSM_051.basePlot.vst,2015-06-09,vst_GRSM_2015,D07,GRSM,GRSM_051,NEON.PLA.D07.GRSM.01990,single bole tree,15.4,130,NA
f2aa0a5b-9d5f-4fa9-9fda-899fd309e94a,GRSM_051.basePlot.vst,2015-06-09,vst_GRSM_2015,D07,GRSM,GRSM_051,NEON.PLA.D07.GRSM.02037,single bole tree,10.9,130,NA
dd466c91-dc3c-4120-9dae-3a7df09cdd5f,GRSM_051.basePlot.vst,2015-06-09,vst_GRSM_2015,D07,GRSM,GRSM_051,NEON.PLA.D07.GRSM.02040,single bole tree,33.0,130,NA
7000bed7-2abc-44f7-b5d1-0b7a16f702ea,GRSM_051.basePlot.vst,2015-06-09,vst_GRSM_2015,D07,GRSM,GRSM_051,NEON.PLA.D07.GRSM.02005,single bole tree,12.5,130,NA
01c30787-c48b-4b78-85f9-2c17cf5e7efc,GRSM_051.basePlot.vst,2015-06-09,vst_GRSM_2015,D07,GRSM,GRSM_051,NEON.PLA.D07.GRSM.02057,multi-bole tree,15.3,130,NA
4b231fb0-4193-4732-9a5b-f1959a9ce555,GRSM_051.basePlot.vst,2015-06-09,vst_GRSM_2015,D07,GRSM,GRSM_051,NEON.PLA.D07.GRSM.02035,single bole tree,30.0,130,NA
f61666a6-8f05-483a-a940-38157fc66099,GRSM_051.basePlot.vst,2015-06-09,vst_GRSM_2015,D07,GRSM,GRSM_051,NEON.PLA.D07.GRSM.02059,single bole tree,19.1,130,NA
5fc704a9-b215-4387-8653-c0491cf563f2,GRSM_051.basePlot.vst,2015-06-09,vst_GRSM_2015,D07,GRSM,GRSM_051,NEON.PLA.D07.GRSM.02071,single bole tree,14.1,130,NA
c8d06ab6-07a4-49da-a3cf-3ce814b33e67,GRSM_051.basePlot.vst,2015-06-09,vst_GRSM_2015,D07,GRSM,GRSM_051,NEON.PLA.D07.GRSM.02021,single bole tree,10.1,130,NA
b549e8ee-9208-48ef-a7ca-2b88a032c426,GRSM_051.basePlot.vst,2015-06-09,vst_GRSM_2015,D07,GRSM,GRSM_051,NEON.PLA.D07.GRSM.01987,single bole tree,10.2,130,NA
8d8cb806-cd14-4760-b9fe-96d3c0f0c2e9,GRSM_051.basePlot.vst,2015-06-09,vst_GRSM_2015,D07,GRSM,GRSM_051,NEON.PLA.D07.GRSM.02015,single bole tree,14.5,130,NA
8fe45497-7fe1-4e7d-acc3-b0cc63a8d5ea,GRSM_051.basePlot.vst,2015-06-09,vst_GRSM_2015,D07,GRSM,GRSM_051,NEON.PLA.D07.GRSM.01994,single bole tree,13.5,130,NA
b54fffa4-617a-4670-9a54-c7e12f8c9e71,GRSM_051.basePlot.vst,2015-06-09,vst_GRSM_2015,D07,GRSM,GRSM_051,NEON.PLA.D07.GRSM.02046,single bole tree,16.0,130,NA
39addc5c-9e16-4141-a498-c25fb89625fc,GRSM_051.basePlot.vst,2015-06-09,vst_GRSM_2015,D07,GRSM,GRSM_051,NEON.PLA.D07.GRSM.02004,multi-bole tree,10.9,130,NA
2675ed55-c624-49e2-8def-02be228577f4,GRSM_051.basePlot.vst,2015-06-09,vst_GRSM_2015,D07,GRSM,GRSM_051,NEON.PLA.D07.GRSM.02002,single bole tree,19.3,130,NA
772313b1-d173-4fef-8006-ecf32c916fec,GRSM_051.basePlot.vst,2015-06-09,vst_GRSM_2015,D07,GRSM,GRSM_051,NEON.PLA.D07.GRSM.02070,single bole tree,13.5,130,NA
cd6fe1a6-88fa-4b49-b294-ae31ead43399,GRSM_051.basePlot.vst,2015-06-09,vst_GRSM_2015,D07,GRSM,GRSM_051,NEON.PLA.D07.GRSM.02072,single bole tree,18.5,130,NA
a4654e6f-14b4-49da-bd5d-a70057dbfc31,GRSM_051.basePlot.vst,2015-06-09,vst_GRSM_2015,D07,GRSM,GRSM_051,NEON.PLA.D07.GRSM.02034,single bole tree,26.5,130,NA
8f30081a-b5a9-4dd9-9a47-ac3e3681ebf4,GRSM_051.basePlot.vst,2015-06-09,vst_GRSM_2015,D07,GRSM,GRSM_051,NEON.PLA.D07.GRSM.02054,single bole tree,15.8,130,NA
2f70fb9f-c756-487c-be85-c1b385b3976f,GRSM_051.basePlot.vst,2015-06-09,vst_GRSM_2015,D07,GRSM,GRSM_051,NEON.PLA.D07.GRSM.02058,single bole tree,11.3,130,NA
cb8b2664-18c0-4fc6-a0dc-f135f57b3743,GRSM_051.basePlot.vst,2015-06-09,vst_GRSM_2015,D07,GRSM,GRSM_051,NEON.PLA.D07.GRSM.01981,single bole tree,39.0,130,NA
f5c3b3ef-3bea-4733-bd07-6a34a19edd49,GRSM_051.basePlot.vst,2015-06-09,vst_GRSM_2015,D07,GRSM,GRSM_051,NEON.PLA.D07.GRSM.02061,single bole tree,26.7,130,NA
d7ff2d20-be5a-446a-9ba2-fe24702270d9,GRSM_051.basePlot.vst,2015-06-09,vst_GRSM_2015,D07,GRSM,GRSM_051,NEON.PLA.D07.GRSM.01995,single bole tree,10.2,130,NA
84410307-1cab-45a8-8cb9-6f0e8b4182b9,GRSM_051.basePlot.vst,2015-06-09,vst_GRSM_2015,D07,GRSM,GRSM_051,NEON.PLA.D07.GRSM.02041,single bole tree,45.4,130,NA
0bc0d602-7445-4275-87c8-57e6e6a445ba,GRSM_051.basePlot.vst,2015-06-09,vst_GRSM_2015,D07,GRSM,GRSM_051,NEON.PLA.D07.GRSM.02065,single bole tree,13.7,130,NA
3f1c44da-22c4-4cbc-a637-50864a932bdd,GRSM_051.basePlot.vst,2015-06-09,vst_GRSM_2015,D07,GRSM,GRSM_051,NEON.PLA.D07.GRSM.01999,single bole tree,10.4,130,NA
fdf32eba-209d-4bca-beea-8e35794550ff,GRSM_051.basePlot.vst,2015-06-09,vst_GRSM_2015,D07,GRSM,GRSM_051,NEON.PLA.D07.GRSM.02003,single bole tree,12.8,130,NA
e36de384-d9ac-4802-b231-942506e161c9,GRSM_051.basePlot.vst,2015-06-09,vst_GRSM_2015,D07,GRSM,GRSM_051,NEON.PLA.D07.GRSM.02020,single bole tree,27.3,130,NA
f53b2688-df93-4b4a-ab75-8eca0580ee36,GRSM_051.basePlot.vst,2015-06-09,vst_GRSM_2015,D07,GRSM,GRSM_051,NEON.PLA.D07.GRSM.02016,single bole tree,31.0,130,NA
b4fca65a-50ec-4a09-8e0c-70155ec20745,GRSM_051.basePlot.vst,2015-06-09,vst_GRSM_2015,D07,GRSM,GRSM_051,NEON.PLA.D07.GRSM.02039,multi-bole tree,19.8,130,NA
1a9c32cb-f724-4fb3-95a4-f2ce1114d316,GRSM_051.basePlot.vst,2015-06-09,vst_GRSM_2015,D07,GRSM,GRSM_051,NEON.PLA.D07.GRSM.02038,single bole tree,12.9,130,NA
66133c6e-4750-4bb8-aa41-48d0a70dd0a3,GRSM_051.basePlot.vst,2015-06-09,vst_GRSM_2015,D07,GRSM,GRSM_051,NEON.PLA.D07.GRSM.02062,single bole tree,15.0,130,NA
f03f56d6-22ec-40bc-bd3d-184bcb827b1b,GRSM_051.basePlot.vst,2015-06-09,vst_GRSM_2015,D07,GRSM,GRSM_051,NEON.PLA.D07.GRSM.01993,single bole tree,41.0,130,NA
22a8c738-eb2c-4f9b-a43e-633cf48b8c90,GRSM_051.basePlot.vst,2015-06-09,vst_GRSM_2015,D07,GRSM,GRSM_051,NEON.PLA.D07.GRSM.02063,single bole tree,18.3,130,NA
67e034c3-da42-4be9-9055-befbc9c84966,GRSM_051.basePlot.vst,2015-06-09,vst_GRSM_2015,D07,GRSM,GRSM_051,NEON.PLA.D07.GRSM.02045,single bole tree,18.2,130,NA
fdbdd0f1-f69a-4a8f-b58e-6142f5c52573,GRSM_051.basePlot.vst,2015-06-09,vst_GRSM_2015,D07,GRSM,GRSM_051,NEON.PLA.D07.GRSM.02060,multi-bole tree,10.0,130,NA
5f9301e7-a79f-4676-835e-ca4f8c16697c,GRSM_051.basePlot.vst,2015-06-09,vst_GRSM_2015,D07,GRSM,GRSM_051,NEON.PLA.D07.GRSM.02044,single bole tree,34.7,130,NA
6070a9c0-e072-4f80-9213-b356d4e76b29,GRSM_051.basePlot.vst,2015-06-09,vst_GRSM_2015,D07,GRSM,GRSM_051,NEON.PLA.D07.GRSM.02043,single bole tree,30.0,130,NA
cf3ee57b-ab0d-4330-9965-07ebe35098bb,GRSM_051.basePlot.vst,2015-06-09,vst_GRSM_2015,D07,GRSM,GRSM_051,NEON.PLA.D07.GRSM.02000,single bole tree,22.0,130,NA
a5834e0c-a27b-44aa-b5c9-100c16c9f17d,GRSM_051.basePlot.vst,2015-06-09,vst_GRSM_2015,D07,GRSM,GRSM_051,NEON.PLA.D07.GRSM.01996,single bole tree,17.5,130,NA
3f2e6680-652c-4ecf-a0bb-a2886941a9f8,GRSM_051.basePlot.vst,2015-06-09,vst_GRSM_2015,D07,GRSM,GRSM_051,NEON.PLA.D07.GRSM.02056,single bole tree,10.0,130,NA
c9caabea-1d3f-4f3b-b354-a5858d79575a,GRSM_051.basePlot.vst,2015-06-09,vst_GRSM_2015,D07,GRSM,GRSM_051,NEON.PLA.D07.GRSM.01991,single bole tree,24.0,130,NA
9d14172c-aef4-4190-83b8-16dfcd9d8a8d,GRSM_051.basePlot.vst,2015-06-09,vst_GRSM_2015,D07,GRSM,GRSM_051,NEON.PLA.D07.GRSM.01986,single bole tree,18.4,130,NA
ee81876f-e3fa-4c08-a11d-c70fd746f6d3,GRSM_051.basePlot.vst,2015-06-09,vst_GRSM_2015,D07,GRSM,GRSM_051,NEON.PLA.D07.GRSM.01980,single bole tree,19.0,130,NA
55bf416e-8091-44b5-860a-bf9a68f9c237,GRSM_051.basePlot.vst,2015-06-09,vst_GRSM_2015,D07,GRSM,GRSM_051,NEON.PLA.D07.GRSM.01988,single bole tree,27.6,130,NA
1f86efc3-ae6d-4844-92d1-8bce10c73d76,GRSM_051.basePlot.vst,2015-06-09,vst_GRSM_2015,D07,GRSM,GRSM_051,NEON.PLA.D07.GRSM.01989,single bole tree,24.8,130,NA
e640ef86-37b8-42c3-b82a-33e30f3ea2a0,GRSM_051.basePlot.vst,2015-06-09,vst_GRSM_2015,D07,GRSM,GRSM_051,NEON.PLA.D07.GRSM.01998,single bole tree,14.2,130,NA
0db330ab-5aff-4dfa-a57a-578235dbba67,GRSM_051.basePlot.vst,2015-06-09,vst_GRSM_2015,D07,GRSM,GRSM_051,NEON.PLA.D07.GRSM.01979,single bole tree,33.4,130,NA
1c840f95-09a1-4804-9d53-d97d6ac38963,GRSM_051.basePlot.vst,2015-06-09,vst_GRSM_2015,D07,GRSM,GRSM_051,NEON.PLA.D07.GRSM.02017,multi-bole tree,15.4,130,NA
5fec0600-0ba3-4446-98d9-fa7fb8f9cf8a,GRSM_051.basePlot.vst,2015-06-09,vst_GRSM_2015,D07,GRSM,GRSM_051,NEON.PLA.D07.GRSM.01997,single bole tree,13.1,130,NA
d911db63-7eca-414b-89f9-e48e1282d4e9,GRSM_051.basePlot.vst,2015-06-09,vst_GRSM_2015,D07,GRSM,GRSM_051,NEON.PLA.D07.GRSM.02036,single bole tree,12.4,130,NA
c6736302-3c52-458a-88b5-eee8e229d430,GRSM_051.basePlot.vst,2015-06-09,vst_GRSM_2015,D07,GRSM,GRSM_051,NEON.PLA.D07.GRSM.02047,single bole tree,18.5,130,NA
b1273e30-3839-47bb-8502-d7b7e4492a05,GRSM_051.basePlot.vst,2015-06-09,vst_GRSM_2015,D07,GRSM,GRSM_051,NEON.PLA.D07.GRSM.02022,single bole tree,17.9,130,NA
8e6aea01-d620-4003-85eb-91d14a178e96,GRSM_051.basePlot.vst,2015-06-09,vst_GRSM_2015,D07,GRSM,GRSM_051,NEON.PLA.D07.GRSM.02055,single bole tree,13.7,130,NA
a3dd5e45-cdfe-4e0e-a53a-75503a431416,GRSM_064.basePlot.vst,2015-06-26,vst_GRSM_2015,D07,GRSM,GRSM_064,NEON.PLA.D07.GRSM.01047,single bole tree,12.8,130,NA
4ae78c97-312a-46dd-9399-0e3a1312f6c6,GRSM_064.basePlot.vst,2015-06-26,vst_GRSM_2015,D07,GRSM,GRSM_064,NEON.PLA.D07.GRSM.00959,single bole tree,28.9,130,NA
d0297964-ebce-45d9-8e82-1f92d92c8ad4,GRSM_064.basePlot.vst,2015-06-26,vst_GRSM_2015,D07,GRSM,GRSM_064,NEON.PLA.D07.GRSM.01056,single bole tree,26.1,130,NA
38796501-05bc-411b-8131-c2d4a2a59fb4,GRSM_064.basePlot.vst,2015-06-26,vst_GRSM_2015,D07,GRSM,GRSM_064,NEON.PLA.D07.GRSM.00987,single bole tree,18.9,130,NA
79d4e7eb-8f32-435b-8c72-bece1638580e,GRSM_064.basePlot.vst,2015-06-26,vst_GRSM_2015,D07,GRSM,GRSM_064,NEON.PLA.D07.GRSM.01016,single bole tree,56.2,130,NA
f593752e-ee6d-4fcb-8cb7-5377c3558643,GRSM_064.basePlot.vst,2015-06-26,vst_GRSM_2015,D07,GRSM,GRSM_064,NEON.PLA.D07.GRSM.01031,single bole tree,15.1,130,NA
de26ac9d-f637-4995-85eb-9d4a182b939e,GRSM_064.basePlot.vst,2015-06-26,vst_GRSM_2015,D07,GRSM,GRSM_064,NEON.PLA.D07.GRSM.01049,single bole tree,56.3,130,NA
14664905-7606-4892-bc54-32c37834978e,GRSM_064.basePlot.vst,2015-06-26,vst_GRSM_2015,D07,GRSM,GRSM_064,NEON.PLA.D07.GRSM.01035,single bole tree,35.9,130,NA
04d5e81a-77f2-4ef4-832f-e35c85ca7c21,GRSM_064.basePlot.vst,2015-06-26,vst_GRSM_2015,D07,GRSM,GRSM_064,NEON.PLA.D07.GRSM.00963,single bole tree,373.3,130,NA
12f2faf0-5b87-4506-9e01-808749a1feb2,GRSM_064.basePlot.vst,2015-06-26,vst_GRSM_2015,D07,GRSM,GRSM_064,NEON.PLA.D07.GRSM.01058,single bole tree,12.0,130,NA
e9740313-8779-41f8-8f18-1c2f34342544,GRSM_064.basePlot.vst,2015-06-26,vst_GRSM_2015,D07,GRSM,GRSM_064,NEON.PLA.D07.GRSM.01038,single bole tree,36.8,130,NA
6ff8dc83-c75c-4df0-b15d-b65ffa3462a7,GRSM_064.basePlot.vst,2015-06-26,vst_GRSM_2015,D07,GRSM,GRSM_064,NEON.PLA.D07.GRSM.01052,single bole tree,34.0,130,NA
39162f0e-3304-4f8a-bcc4-3a7fcfb15815,GRSM_064.basePlot.vst,2015-06-26,vst_GRSM_2015,D07,GRSM,GRSM_064,NEON.PLA.D07.GRSM.00984,single bole tree,12.3,130,NA
051bfcc5-2e0a-433d-8704-6a6e4914886b,GRSM_064.basePlot.vst,2015-06-26,vst_GRSM_2015,D07,GRSM,GRSM_064,NEON.PLA.D07.GRSM.01050,single bole tree,15.6,130,NA
e0cff4a8-5d97-4b89-b83e-bdfdffe0df4d,GRSM_064.basePlot.vst,2015-06-26,vst_GRSM_2015,D07,GRSM,GRSM_064,NEON.PLA.D07.GRSM.01014,single bole tree,34.4,130,NA
78d3d328-4068-4176-8f19-83ef9b4afecc,GRSM_064.basePlot.vst,2015-06-26,vst_GRSM_2015,D07,GRSM,GRSM_064,NEON.PLA.D07.GRSM.01019,single bole tree,47.5,130,NA
59c7cf99-6cd3-4c2f-8b15-74812be412fd,GRSM_064.basePlot.vst,2015-06-26,vst_GRSM_2015,D07,GRSM,GRSM_064,NEON.PLA.D07.GRSM.01023,single bole tree,12.4,130,NA
8fb7f910-fac2-47ff-9f49-ef31b81d25a0,GRSM_064.basePlot.vst,2015-06-26,vst_GRSM_2015,D07,GRSM,GRSM_064,NEON.PLA.D07.GRSM.01033,multi-bole tree,12.0,130,NA
30e44b70-6b71-44ed-80ef-1ab83d69a5e3,GRSM_064.basePlot.vst,2015-06-26,vst_GRSM_2015,D07,GRSM,GRSM_064,NEON.PLA.D07.GRSM.01034,single bole tree,12.0,130,NA
b5e15b0b-36f4-47b0-b016-bb09198a01af,GRSM_064.basePlot.vst,2015-06-26,vst_GRSM_2015,D07,GRSM,GRSM_064,NEON.PLA.D07.GRSM.01042,single bole tree,10.6,130,NA
15043252-d7ba-434f-8db8-ddc7a6abca24,GRSM_064.basePlot.vst,2015-06-26,vst_GRSM_2015,D07,GRSM,GRSM_064,NEON.PLA.D07.GRSM.01039,single bole tree,25.0,130,NA
430dca54-f1ee-4970-94ab-e3e1b278e7b5,GRSM_064.basePlot.vst,2015-06-26,vst_GRSM_2015,D07,GRSM,GRSM_064,NEON.PLA.D07.GRSM.01060,single bole tree,31.1,130,NA
e630eb3d-1b08-40da-991e-ca90f1b3f4ed,GRSM_064.basePlot.vst,2015-06-26,vst_GRSM_2015,D07,GRSM,GRSM_064,NEON.PLA.D07.GRSM.01048,single bole tree,12.4,130,NA
5851ebf2-5e91-4ab4-afdc-9cb4b189a321,GRSM_064.basePlot.vst,2015-06-26,vst_GRSM_2015,D07,GRSM,GRSM_064,NEON.PLA.D07.GRSM.01055,single bole tree,21.0,130,NA
12328afa-54d9-4c43-a44a-7b3e19d546b7,GRSM_064.basePlot.vst,2015-06-26,vst_GRSM_2015,D07,GRSM,GRSM_064,NEON.PLA.D07.GRSM.01025,single bole tree,11.0,130,NA
ac2b96bf-7f7f-4584-b19f-f35cc6eaa563,GRSM_064.basePlot.vst,2015-06-26,vst_GRSM_2015,D07,GRSM,GRSM_064,NEON.PLA.D07.GRSM.01054,single bole tree,46.1,130,NA
baacb811-048b-4767-86f5-0adc74918540,GRSM_064.basePlot.vst,2015-06-26,vst_GRSM_2015,D07,GRSM,GRSM_064,NEON.PLA.D07.GRSM.01030,single bole tree,42.6,130,NA
b11878e6-ba99-4805-97de-4100d8be6e8e,GRSM_064.basePlot.vst,2015-06-26,vst_GRSM_2015,D07,GRSM,GRSM_064,NEON.PLA.D07.GRSM.01018,single bole tree,19.7,130,NA
1204c8e3-b9a0-4ad9-a6fd-69fd3385ba39,GRSM_064.basePlot.vst,2015-06-26,vst_GRSM_2015,D07,GRSM,GRSM_064,NEON.PLA.D07.GRSM.01017,single bole tree,14.0,130,NA
4cb95f60-cbcd-4a70-bcdc-b7b7fdfe1980,GRSM_064.basePlot.vst,2015-06-26,vst_GRSM_2015,D07,GRSM,GRSM_064,NEON.PLA.D07.GRSM.01044,single bole tree,31.9,130,NA
75430aa0-6e70-490e-888e-84e4a0aa27fb,GRSM_064.basePlot.vst,2015-06-26,vst_GRSM_2015,D07,GRSM,GRSM_064,NEON.PLA.D07.GRSM.01057,single bole tree,46.2,130,NA
26253910-1f1a-4386-b68a-8d1be46dd73b,GRSM_064.basePlot.vst,2015-06-26,vst_GRSM_2015,D07,GRSM,GRSM_064,NEON.PLA.D07.GRSM.01021,single bole tree,16.0,130,NA
478c3439-28e5-436e-a794-e1b5c95d6b85,GRSM_064.basePlot.vst,2015-06-26,vst_GRSM_2015,D07,GRSM,GRSM_064,NEON.PLA.D07.GRSM.01022,single bole tree,53.0,130,NA
6f88ba3a-b56b-4730-8ab4-9f576b186cec,GRSM_064.basePlot.vst,2015-06-26,vst_GRSM_2015,D07,GRSM,GRSM_064,NEON.PLA.D07.GRSM.01051,single bole tree,28.1,130,NA
8a77384e-a4b9-469f-8881-481e5c5555dc,GRSM_064.basePlot.vst,2015-06-26,vst_GRSM_2015,D07,GRSM,GRSM_064,NEON.PLA.D07.GRSM.00997,single bole tree,10.3,130,NA
b89d9633-8662-404e-a6aa-207fbc8fa25a,GRSM_064.basePlot.vst,2015-06-26,vst_GRSM_2015,D07,GRSM,GRSM_064,NEON.PLA.D07.GRSM.01027,single bole tree,56.7,130,NA
6f236eec-cf87-4a37-b652-eda4bd778c34,GRSM_064.basePlot.vst,2015-06-26,vst_GRSM_2015,D07,GRSM,GRSM_064,NEON.PLA.D07.GRSM.00975,single bole tree,58.2,130,NA
3fb59c7b-eb34-442e-9261-2fd94ed8c0f9,GRSM_064.basePlot.vst,2015-06-26,vst_GRSM_2015,D07,GRSM,GRSM_064,NEON.PLA.D07.GRSM.01024,single bole tree,41.2,130,NA
dc7286a8-987a-4cc0-ba88-4af4dace1078,GRSM_064.basePlot.vst,2015-06-26,vst_GRSM_2015,D07,GRSM,GRSM_064,NEON.PLA.D07.GRSM.01059,single bole tree,18.0,130,NA
8cbd8f1c-58cd-4a0d-9937-f662553c3236,GRSM_064.basePlot.vst,2015-06-26,vst_GRSM_2015,D07,GRSM,GRSM_064,NEON.PLA.D07.GRSM.00995,single bole tree,31.4,130,NA
22a74553-6519-4dc1-bf0e-c189205c8491,GRSM_064.basePlot.vst,2015-06-26,vst_GRSM_2015,D07,GRSM,GRSM_064,NEON.PLA.D07.GRSM.01020,single bole tree,34.2,130,NA
88e89d84-7463-4707-81fe-183901fa29e0,GRSM_064.basePlot.vst,2015-06-26,vst_GRSM_2015,D07,GRSM,GRSM_064,NEON.PLA.D07.GRSM.00958,single bole tree,10.0,130,NA
01b14764-334d-4b2f-b48d-e7c6beefb3e3,GRSM_064.basePlot.vst,2015-06-26,vst_GRSM_2015,D07,GRSM,GRSM_064,NEON.PLA.D07.GRSM.01043,multi-bole tree,33.1,130,NA
