uid,namedLocation,date,eventID,domainID,siteID,plotID,individualID,growthForm,stemDiameter,measurementHeight,height
5cb01515-2ca0-4942-aa9a-9aac2fdaeb95,DELA_037.basePlot.vst,2017-10-19,vst_DELA_2017,D08,DELA,DELA_037,NEON.PLA.D08.DELA.04949,single bole tree,17.4,130,11.5
422f2054-2d88-4869-9492-61ee56022032,DELA_037.basePlot.vst,2017-10-19,vst_DELA_2017,D08,DELA,DELA_037,NEON.PLA.D08.DELA.09881,single bole tree,10.6,130,7.6
894d040f-f74d-4932-9f75-c8c5426af620,DELA_037.basePlot.vst,2017-10-19,vst_DELA_2017,D08,DELA,DELA_037,NEON.PLA.D08.DELA.12839,single bole tree,10.5,130,10.2
e62dc987-88a1-48b8-97b2-f2f46bf36246,DELA_037.basePlot.vst,2017-10-19,vst_DELA_2017,D08,DELA,DELA_037,NEON.PLA.D08.DELA.04943,single bole tree,50.2,130,18.8
054fe88b-5de2-41ac-81d0-72dea5af57ac,DELA_037.basePlot.vst,2017-10-19,vst_DELA_2017,D08,DELA,DELA_037,NEON.PLA.D08.DELA.04901,single bole tree,25.9,130,11.9
ade0609c-9eef-49bf-a51e-ebc9234a33b3,DELA_037.basePlot.vst,2017-10-19,vst_DELA_2017,D08,DELA,DELA_037,NEON.PLA.D08.DELA.12563,single bole tree,12.0,130,6.1
bc9bb39e-0bdb-41f3-b2fb-e152acd14a49,DELA_037.basePlot.vst,2017-10-19,vst_DELA_2017,D08,DELA,DELA_037,NEON.PLA.D08.DELA.04982,single bole tree,43.9,130,21.2
c7313050-9cd6-4a34-b67b-224535429b3d,DELA_037.basePlot.vst,2017-10-19,vst_DELA_2017,D08,DELA,DELA_037,NEON.PLA.D08.DELA.04947,single bole tree,63.5,130,19.5
fcda2fa7-a5cb-4058-8595-d17d12189372,DELA_037.basePlot.vst,2017-10-19,vst_DELA_2017,D08,DELA,DELA_037,NEON.PLA.D08.DELA.03557,single bole tree,27.2,130,16.9
0770bb61-4243-4c5a-9e8e-78325e4ddc92,DELA_037.basePlot.vst,2017-10-19,vst_DELA_2017,D08,DELA,DELA_037,NEON.PLA.D08.DELA.04953,single bole tree,31.7,130,16.6
0d50b5b8-78d2-4b31-9e1b-a0c2e6c2843c,DELA_037.basePlot.vst,2017-10-19,vst_DELA_2017,D08,DELA,DELA_037,NEON.PLA.D08.DELA.04984,single bole tree,13.6,130,6.2
74a259ea-d54f-4853-ba4d-1764e1265639,DELA_037.basePlot.vst,2017-10-19,vst_DELA_2017,D08,DELA,DELA_037,NEON.PLA.D08.DELA.12600,single bole tree,24.4,130,2.1
a2ba30ed-ae7a-4e35-a12a-1f7e4a0fda34,DELA_037.basePlot.vst,2017-10-19,vst_DELA_2017,D08,DELA,DELA_037,NEON.PLA.D08.DELA.03535,NA,NA,NA,NA
0c512a44-69a1-42ca-8f74-39ceb9a3e76f,DELA_037.basePlot.vst,2017-10-19,vst_DELA_2017,D08,DELA,DELA_037,NEON.PLA.D08.DELA.12565,single bole tree,14.5,130,12.5
b2cd7f68-62aa-4243-aa83-19ec9ca6f1cc,DELA_037.basePlot.vst,2017-10-19,vst_DELA_2017,D08,DELA,DELA_037,NEON.PLA.D08.DELA.04976,single bole tree,11.6,130,10.1
415bd772-054e-459d-81aa-284a6d4c6eac,DELA_037.basePlot.vst,2017-10-19,vst_DELA_2017,D08,DELA,DELA_037,NEON.PLA.D08.DELA.12552,single bole tree,20.1,130,15.8
b5f6a1fd-60f3-479b-afa4-adaa265e1fff,DELA_037.basePlot.vst,2017-10-19,vst_DELA_2017,D08,DELA,DELA_037,NEON.PLA.D08.DELA.04916,single bole tree,28.5,130,18.9
d4f6f6b6-0c30-4f54-bdd8-ea1b10fb7146,DELA_037.basePlot.vst,2017-10-19,vst_DELA_2017,D08,DELA,DELA_037,NEON.PLA.D08.DELA.04950,multi-bole tree,13.4,130,7.5
c26d4ee4-b972-480d-9a2b-15371f8e7603,DELA_037.basePlot.vst,2017-10-19,vst_DELA_2017,D08,DELA,DELA_037,NEON.PLA.D08.DELA.04917,single bole tree,51.7,130,18.9
b49997e2-8717-4bea-b621-a4ca54d1e1fd,DELA_037.basePlot.vst,2017-10-19,vst_DELA_2017,D08,DELA,DELA_037,NEON.PLA.D08.DELA.04981,single bole tree,27.0,130,11.3
5b1ed00b-de19-470a-b44e-7985cfe04c91,DELA_037.basePlot.vst,2017-10-19,vst_DELA_2017,D08,DELA,DELA_037,NEON.PLA.D08.DELA.04948,single bole tree,25.1,130,13.5
5fb86f51-8e3c-47f4-bee5-eb36416ad7da,DELA_037.basePlot.vst,2017-10-19,vst_DELA_2017,D08,DELA,DELA_037,NEON.PLA.D08.DELA.04989,single bole tree,28.4,130,11.6
988d0c29-a340-42f9-916a-ccfebd0d9683,DELA_039.basePlot.vst,2017-10-23,vst_DELA_2017,D08,DELA,DELA_039,NEON.PLA.D08.DELA.03929,single bole tree,18.0,130,14.1
ff17e656-47e3-4c7d-8beb-674c11936d34,DELA_039.basePlot.vst,2017-10-23,vst_DELA_2017,D08,DELA,DELA_039,NEON.PLA.D08.DELA.03970,single bole tree,22.4,130,17.1
2de744b3-e55e-42ee-ba93-629eb3cda2bf,DELA_039.basePlot.vst,2017-10-23,vst_DELA_2017,D08,DELA,DELA_039,NEON.PLA.D08.DELA.03964,single bole tree,14.4,130,8.7
22d55e63-ffff-4f9c-a497-d3b01f2352fe,DELA_039.basePlot.vst,2017-10-23,vst_DELA_2017,D08,DELA,DELA_039,NEON.PLA.D08.DELA.03941,single bole tree,11.5,130,10.9
3a0b694a-ca07-474a-8893-4c7f8e7692a7,DELA_039.basePlot.vst,2017-10-23,vst_DELA_2017,D08,DELA,DELA_039,NEON.PLA.D08.DELA.03940,single bole tree,27.6,130,16.5
e44c4b33-96f2-4548-b7a3-f1957fb869b1,DELA_039.basePlot.vst,2017-10-23,vst_DELA_2017,D08,DELA,DELA_039,NEON.PLA.D08.DELA.03975,single bole tree,21.2,130,16.9
c1ac0dce-5d8b-42b7-a368-07781290c6c4,DELA_039.basePlot.vst,2017-10-23,vst_DELA_2017,D08,DELA,DELA_039,NEON.PLA.D08.DELA.03943,single bole tree,28.5,130,17.6
28bc22d1-5bf5-416a-b60e-b545b8ba126d,DELA_039.basePlot.vst,2017-10-23,vst_DELA_2017,D08,DELA,DELA_039,NEON.PLA.D08.DELA.03981,single bole tree,27.5,130,19.9
1e67ad12-9c97-4919-aea0-79fca1ef7741,DELA_039.basePlot.vst,2017-10-23,vst_DELA_2017,D08,DELA,DELA_039,NEON.PLA.D08.DELA.03968,single bole tree,45.0,130,24.9
f38676f2-f57f-466e-84a6-e064689c8d06,DELA_039.basePlot.vst,2017-10-23,vst_DELA_2017,D08,DELA,DELA_039,NEON.PLA.D08.DELA.03936,single bole tree,17.3,130,13.6
af1ce656-45ac-4cab-806a-7c8774dbbd57,DELA_039.basePlot.vst,2017-10-23,vst_DELA_2017,D08,DELA,DELA_039,NEON.PLA.D08.DELA.03977,single bole tree,13.7,130,9.0
7139c32f-e155-4ba1-9bf5-9e14c0e3347d,DELA_039.basePlot.vst,2017-10-23,vst_DELA_2017,D08,DELA,DELA_039,NEON.PLA.D08.DELA.03986,single bole tree,27.9,130,14.5
3dcee205-794d-4022-8c9e-152fdb2d301f,DELA_039.basePlot.vst,2017-10-23,vst_DELA_2017,D08,DELA,DELA_039,NEON.PLA.D08.DELA.03985,single bole tree,57.1,130,28.6
9c0d53c5-fac8-47c1-a0d2-3847beb4ea29,DELA_039.basePlot.vst,2017-10-23,vst_DELA_2017,D08,DELA,DELA_039,NEON.PLA.D08.DELA.03980,single bole tree,37.6,130,20.7
aa955e4c-1b2c-4553-a5fa-664fd7b4a975,DELA_039.basePlot.vst,2017-10-23,vst_DELA_2017,D08,DELA,DELA_039,NEON.PLA.D08.DELA.03976,single bole tree,13.1,130,6.9
ace0399d-746b-4e0b-b9d7-f8925c0be837,DELA_039.basePlot.vst,2017-10-23,vst_DELA_2017,D08,DELA,DELA_039,NEON.PLA.D08.DELA.03921,single bole tree,10.5,130,9.5
e7b4eb72-e1bd-4745-b08a-37113b204a83,DELA_039.basePlot.vst,2017-10-23,vst_DELA_2017,D08,DELA,DELA_039,NEON.PLA.D08.DELA.03967,single bole tree,14.2,130,14.3
9b474820-8e89-4c6d-902c-b26656701981,DELA_039.basePlot.vst,2017-10-23,vst_DELA_2017,D08,DELA,DELA_039,NEON.PLA.D08.DELA.03920,single bole tree,25.4,130,15.1
50028f91-3cef-4bbe-a407-40e458a13449,DELA_039.basePlot.vst,2017-10-23,vst_DELA_2017,D08,DELA,DELA_039,NEON.PLA.D08.DELA.03946,single bole tree,15.5,130,9.7
893cb556-2b95-498a-931d-67b97e289c69,DELA_039.basePlot.vst,2017-10-23,vst_DELA_2017,D08,DELA,DELA_039,NEON.PLA.D08.DELA.03938,single bole tree,13.9,130,12.6
807e4722-804b-4263-a7aa-8cf87a14bca5,DELA_039.basePlot.vst,2017-10-23,vst_DELA_2017,D08,DELA,DELA_039,NEON.PLA.D08.DELA.03979,single bole tree,38.9,130,22.8
22dea682-b834-4398-90cf-661305d5451c,DELA_039.basePlot.vst,2017-10-23,vst_DELA_2017,D08,DELA,DELA_039,NEON.PLA.D08.DELA.12575,single bole tree,29.0,130,3.0
46c11a40-c508-4c11-ad14-81fee088d8f4,DELA_039.basePlot.vst,2017-10-23,vst_DELA_2017,D08,DELA,DELA_039,NEON.PLA.D08.DELA.03947,single bole tree,15.5,130,11.7
9f8b2b44-689e-43f6-941d-a85f1de04a66,DELA_039.basePlot.vst,2017-10-23,vst_DELA_2017,D08,DELA,DELA_039,NEON.PLA.D08.DELA.09669,single bole tree,10.9,130,11.1
8bb1799d-e939-4a28-b03e-adccd4eae7fe,DELA_039.basePlot.vst,2017-10-23,vst_DELA_2017,D08,DELA,DELA_039,NEON.PLA.D08.DELA.03983,single bole tree,11.5,130,3.4
b7ab7f04-7b76-4e01-bfeb-911cb9e52622,DELA_039.basePlot.vst,2017-10-23,vst_DELA_2017,D08,DELA,DELA_039,NEON.PLA.D08.DELA.03945,single bole tree,14.1,130,12.9
acdb7aa1-1a07-4578-8ba1-7d516e8db1bc,DELA_039.basePlot.vst,2017-10-23,vst_DELA_2017,D08,DELA,DELA_039,NEON.PLA.D08.DELA.12176,sapling,NA,NA,NA
e60b46dc-06ff-45cc-a8c7-c5ee64640f63,DELA_039.basePlot.vst,2017-10-23,vst_DELA_2017,D08,DELA,DELA_039,NEON.PLA.D08.DELA.03922,single bole tree,15.1,130,14.2
873aed4f-305b-467c-acae-44a2c8f636ff,DELA_039.basePlot.vst,2017-10-23,vst_DELA_2017,D08,DELA,DELA_039,NEON.PLA.D08.DELA.03942,single bole tree,22.4,130,12.5
b1075b09-3a7a-4d98-836f-305fe8b25daf,DELA_039.basePlot.vst,2017-10-23,vst_DELA_2017,D08,DELA,DELA_039,NEON.PLA.D08.DELA.03949,single bole tree,29.5,130,18.0
697bbe73-abee-400a-9301-8ec820194e50,DELA_039.basePlot.vst,2017-10-23,vst_DELA_2017,D08,DELA,DELA_039,NEON.PLA.D08.DELA.03982,single bole tree,29.8,130,7.7
8098874d-a22f-49ab-9d60-c6f99d476804,DELA_039.basePlot.vst,2017-10-23,vst_DELA_2017,D08,DELA,DELA_039,NEON.PLA.D08.DELA.03984,single bole tree,35.1,130,16.9
68d8a727-69dc-4e75-8732-93267d270092,DELA_039.basePlot.vst,2017-10-23,vst_DELA_2017,D08,DELA,DELA_039,NEON.PLA.D08.DELA.03948,single bole tree,15.9,130,14.7
f4f87e28-7f08-4c91-8950-9aa9947d5f57,DELA_039.basePlot.vst,2017-10-23,vst_DELA_2017,D08,DELA,DELA_039,NEON.PLA.D08.DELA.03960,single bole tree,23.9,130,14.2
cb1ca0b8-56e0-49c7-bc6c-6243a3331a43,DELA_039.basePlot.vst,2017-10-23,vst_DELA_2017,D08,DELA,DELA_039,NEON.PLA.D08.DELA.03939,single bole tree,23.0,130,16.9
393dbb6f-f129-4a45-80a8-0e5fcfe41f94,DELA_039.basePlot.vst,2017-10-23,vst_DELA_2017,D08,DELA,DELA_039,NEON.PLA.D08.DELA.03966,single bole tree,78.7,130,26.9
4eb707fd-7e86-4004-baa5-e328933fdf75,DELA_039.basePlot.vst,2017-10-23,vst_DELA_2017,D08,DELA,DELA_039,NEON.PLA.D08.DELA.03923,single bole tree,11.0,130,10.1
442f5722-62d1-451e-b6d5-b41b1f0af229,DELA_039.basePlot.vst,2017-10-23,vst_DELA_2017,D08,DELA,DELA_039,NEON.PLA.D08.DELA.03965,single bole tree,18.7,130,15.3
8d5f1a5c-b2ac-4703-ac31-e9fc40158804,DELA_038.basePlot.vst,2017-10-24,vst_DELA_2017,D08,DELA,DELA_038,NEON.PLA.D08.DELA.10149,single bole tree,16.6,130,13.3
3121f468-ec45-4e71-8e78-74194fc070e8,DELA_038.basePlot.vst,2017-10-24,vst_DELA_2017,D08,DELA,DELA_038,NEON.PLA.D08.DELA.03988,single bole tree,10.6,130,6.0
537562b5-2b7d-41a3-a87d-d4f2d9202400,DELA_038.basePlot.vst,2017-10-24,vst_DELA_2017,D08,DELA,DELA_038,NEON.PLA.D08.DELA.05003,single bole tree,31.3,130,13.4
1b565e13-6d05-4533-8fcc-e3f880aec1c1,DELA_038.basePlot.vst,2017-10-24,vst_DELA_2017,D08,DELA,DELA_038,NEON.PLA.D08.DELA.05042,single bole tree,20.0,130,8.4
0ccf3958-1aaa-4cd5-ac3d-48523ac4faaa,DELA_038.basePlot.vst,2017-10-24,vst_DELA_2017,D08,DELA,DELA_038,NEON.PLA.D08.DELA.05022,single bole tree,21.3,130,16.7
3923400a-e1d1-40e5-bcb9-7243085e1d97,DELA_038.basePlot.vst,2017-10-24,vst_DELA_2017,D08,DELA,DELA_038,NEON.PLA.D08.DELA.05017,single bole tree,22.3,130,6.1
8b65781b-cb2c-40b8-b5a0-2951ea097237,DELA_038.basePlot.vst,2017-10-24,vst_DELA_2017,D08,DELA,DELA_038,NEON.PLA.D08.DELA.05012,single bole tree,10.9,130,10.5
92ef1ee3-36c5-4a0e-875e-c72fa5ae7328,DELA_038.basePlot.vst,2017-10-24,vst_DELA_2017,D08,DELA,DELA_038,NEON.PLA.D08.DELA.05009,single bole tree,10.7,130,7.1
377e642f-a38a-45ba-854d-76d12002bced,DELA_038.basePlot.vst,2017-10-24,vst_DELA_2017,D08,DELA,DELA_038,NEON.PLA.D08.DELA.05024,single bole tree,15.7,130,17.2
a52084a2-fa2b-4c9f-9db6-e071321f8c45,DELA_038.basePlot.vst,2017-10-24,vst_DELA_2017,D08,DELA,DELA_038,NEON.PLA.D08.DELA.05018,single bole tree,49.6,130,17.0
224667ff-77ea-4acb-8804-46535053fb3b,DELA_038.basePlot.vst,2017-10-24,vst_DELA_2017,D08,DELA,DELA_038,NEON.PLA.D08.DELA.05026,single bole tree,17.0,130,8.0
3f6ee420-1920-4a68-886a-b6b61ed46e9c,DELA_038.basePlot.vst,2017-10-24,vst_DELA_2017,D08,DELA,DELA_038,NEON.PLA.D08.DELA.05043,single bole tree,20.0,130,10.1
eecf438e-16c0-4354-944d-cf41077cbf40,DELA_038.basePlot.vst,2017-10-24,vst_DELA_2017,D08,DELA,DELA_038,NEON.PLA.D08.DELA.12812,multi-bole tree,10.4,130,8.9
8a6f0185-1857-430e-9961-33b7e5358333,DELA_038.basePlot.vst,2017-10-24,vst_DELA_2017,D08,DELA,DELA_038,NEON.PLA.D08.DELA.05011,single bole tree,15.1,130,11.6
e8085d1d-527e-4009-9faf-f1cfa897f085,DELA_038.basePlot.vst,2017-10-24,vst_DELA_2017,D08,DELA,DELA_038,NEON.PLA.D08.DELA.10180,single bole tree,11.1,130,4.5
6d20eda4-574f-40d5-8931-474777b47ec9,DELA_038.basePlot.vst,2017-10-24,vst_DELA_2017,D08,DELA,DELA_038,NEON.PLA.D08.DELA.05028,single bole tree,18.8,130,6.1
960428f6-9cab-4662-b8ce-55125b377fc8,DELA_038.basePlot.vst,2017-10-24,vst_DELA_2017,D08,DELA,DELA_038,NEON.PLA.D08.DELA.05069,single bole tree,13.8,130,5.3
999030d5-d7ce-4bf3-a44c-937093c8de4b,DELA_038.basePlot.vst,2017-10-24,vst_DELA_2017,D08,DELA,DELA_038,NEON.PLA.D08.DELA.05072,single bole tree,17.3,130,3.5
45eebd11-c628-4d3a-aa66-e9b15d3802c7,DELA_038.basePlot.vst,2017-10-24,vst_DELA_2017,D08,DELA,DELA_038,NEON.PLA.D08.DELA.05054,single bole tree,22.2,130,5.1
bbf0ac07-8cb3-4cd8-818e-2764622251bd,DELA_038.basePlot.vst,2017-10-24,vst_DELA_2017,D08,DELA,DELA_038,NEON.PLA.D08.DELA.10173,single bole tree,10.5,130,9.6
004f8bc4-1512-4172-85b1-3bae4a54c225,DELA_038.basePlot.vst,2017-10-24,vst_DELA_2017,D08,DELA,DELA_038,NEON.PLA.D08.DELA.05071,single bole tree,NA,NA,NA
2cd264c3-3123-4520-b813-81b869f3ea04,DELA_038.basePlot.vst,2017-10-24,vst_DELA_2017,D08,DELA,DELA_038,NEON.PLA.D08.DELA.05063,single bole tree,21.1,130,5.9
7187a833-eca0-4c10-8d22-3341db415f0b,DELA_038.basePlot.vst,2017-10-24,vst_DELA_2017,D08,DELA,DELA_038,NEON.PLA.D08.DELA.10150,single bole tree,27.5,160,8.0
f9ab3602-6a38-4f32-90ea-180d095867a7,DELA_038.basePlot.vst,2017-10-24,vst_DELA_2017,D08,DELA,DELA_038,NEON.PLA.D08.DELA.05068,multi-bole tree,17.5,130,4.6
4267899d-90e1-4052-8af2-bd3b7733ec4d,DELA_038.basePlot.vst,2017-10-24,vst_DELA_2017,D08,DELA,DELA_038,NEON.PLA.D08.DELA.05062,single bole tree,17.3,130,6.0
3f238a37-6301-4eff-b500-42c82a27bfc5,DELA_038.basePlot.vst,2017-10-24,vst_DELA_2017,D08,DELA,DELA_038,NEON.PLA.D08.DELA.05070,single bole tree,15.9,130,11.3
fe3db6a0-6a28-4691-9795-1fd35cc8cd39,DELA_038.basePlot.vst,2017-10-24,vst_DELA_2017,D08,DELA,DELA_038,NEON.PLA.D08.DELA.10189,single bole tree,10.5,130,6.5
21cce384-1bf4-46cc-ad84-2c59f14ed3af,DELA_038.basePlot.vst,2017-10-24,vst_DELA_2017,D08,DELA,DELA_038,NEON.PLA.D08.DELA.10142,single bole tree,11.8,130,13.3
42615c9f-9c3f-4f8e-b2f7-108d8fd44293,DELA_038.basePlot.vst,2017-10-24,vst_DELA_2017,D08,DELA,DELA_038,NEON.PLA.D08.DELA.05020,single bole tree,17.0,130,7.1
9618dbfe-a377-456a-939f-9e1e4c2ab3e7,DELA_038.basePlot.vst,2017-10-24,vst_DELA_2017,D08,DELA,DELA_038,NEON.PLA.D08.DELA.05021,single bole tree,14.2,130,10.9
782e7d35-39d2-4a57-b992-17e621066bf3,DELA_038.basePlot.vst,2017-10-24,vst_DELA_2017,D08,DELA,DELA_038,NEON.PLA.D08.DELA.05068A,multi-bole tree,11.0,130,NA
5c630cdc-cb45-4115-9218-2dcdaeb8f740,DELA_040.basePlot.vst,2017-10-25,vst_DELA_2017,D08,DELA,DELA_040,NEON.PLA.D08.DELA.04181,single bole tree,11.8,130,12.7
1f42ef83-7cd5-4a82-a008-e9fce9dd8582,DELA_040.basePlot.vst,2017-10-25,vst_DELA_2017,D08,DELA,DELA_040,NEON.PLA.D08.DELA.04202,single bole tree,16.5,130,20.6
11979138-fd02-429a-841e-dddf7b0e045a,DELA_041.basePlot.vst,2017-10-25,vst_DELA_2017,D08,DELA,DELA_041,NEON.PLA.D08.DELA.04552,single bole tree,18.5,130,6.7
30284fc2-200b-4531-a6de-f2b4deb6231d,DELA_041.basePlot.vst,2017-10-25,vst_DELA_2017,D08,DELA,DELA_041,NEON.PLA.D08.DELA.04547,single bole tree,12.1,130,9.0
01fc0748-b83f-4e3d-ac34-e428f6ed96e5,DELA_040.basePlot.vst,2017-10-25,vst_DELA_2017,D08,DELA,DELA_040,NEON.PLA.D08.DELA.04159,single bole tree,16.4,125,15.6
e044d97d-6099-4d5c-9078-d60305ac14bd,DELA_041.basePlot.vst,2017-10-25,vst_DELA_2017,D08,DELA,DELA_041,NEON.PLA.D08.DELA.04533,single bole tree,11.9,160,8.3
e00bcd80-3957-4936-b1d7-3b62ed1ee92d,DELA_041.basePlot.vst,2017-10-25,vst_DELA_2017,D08,DELA,DELA_041,NEON.PLA.D08.DELA.04507,single bole tree,25.9,130,14.2
3c3f14ca-f1bb-4922-b0f0-e172409eb8b1,DELA_041.basePlot.vst,2017-10-25,vst_DELA_2017,D08,DELA,DELA_041,NEON.PLA.D08.DELA.04499,multi-bole tree,22.7,130,13.4
35ac24dc-619f-4d77-b99a-0a055402f3a1,DELA_041.basePlot.vst,2017-10-25,vst_DELA_2017,D08,DELA,DELA_041,NEON.PLA.D08.DELA.04549,single bole tree,47.2,130,24.3
d63c094c-d111-4954-8856-abff99911e44,DELA_041.basePlot.vst,2017-10-25,vst_DELA_2017,D08,DELA,DELA_041,NEON.PLA.D08.DELA.04532,single bole tree,56.5,130,22.0
8734a265-bd51-4a89-ac2a-2a489f81ade4,DELA_041.basePlot.vst,2017-10-25,vst_DELA_2017,D08,DELA,DELA_041,NEON.PLA.D08.DELA.04529,single bole tree,29.1,130,18.1
b759d421-9190-42f3-991a-95657a0cdbd4,DELA_041.basePlot.vst,2017-10-25,vst_DELA_2017,D08,DELA,DELA_041,NEON.PLA.D08.DELA.04553,single bole tree,13.9,130,11.1
c285f24b-0e90-4abc-b37a-0e3d9907c556,DELA_041.basePlot.vst,2017-10-25,vst_DELA_2017,D08,DELA,DELA_041,NEON.PLA.D08.DELA.04524,single bole tree,32.9,130,12.4
1c45fbda-b930-4e2d-9a1a-c0a6dd0c8823,DELA_040.basePlot.vst,2017-10-25,vst_DELA_2017,D08,DELA,DELA_040,NEON.PLA.D08.DELA.04169,single bole tree,33.5,130,23.9
5aaddae6-db6f-44c8-840d-74a8b707981b,DELA_041.basePlot.vst,2017-10-25,vst_DELA_2017,D08,DELA,DELA_041,NEON.PLA.D08.DELA.04521A,multi-bole tree,11.3,130,6.4
69bb1b48-4782-4cfa-8d37-b83660b20512,DELA_040.basePlot.vst,2017-10-25,vst_DELA_2017,D08,DELA,DELA_040,NEON.PLA.D08.DELA.04164,single bole tree,24.9,130,16.5
d21793b3-1c36-4eb5-a28c-979ffcabb3f9,DELA_040.basePlot.vst,2017-10-25,vst_DELA_2017,D08,DELA,DELA_040,NEON.PLA.D08.DELA.04146,single bole tree,15.4,130,13.6
aaf610a8-c1fd-4d13-9c90-675f18bdd20f,DELA_041.basePlot.vst,2017-10-25,vst_DELA_2017,D08,DELA,DELA_041,NEON.PLA.D08.DELA.04513,single bole tree,50.5,130,12.0
1ecd67ea-080d-478a-977a-5826df4babd7,DELA_041.basePlot.vst,2017-10-25,vst_DELA_2017,D08,DELA,DELA_041,NEON.PLA.D08.DELA.04542,single bole tree,15.5,130,13.5
1173a191-ddc3-4949-98b6-7705f3afacec,DELA_040.basePlot.vst,2017-10-25,vst_DELA_2017,D08,DELA,DELA_040,NEON.PLA.D08.DELA.04167,single bole tree,12.9,130,16.5
c6f3c619-ad84-4991-bd46-9aa89ac60097,DELA_040.basePlot.vst,2017-10-25,vst_DELA_2017,D08,DELA,DELA_040,NEON.PLA.D08.DELA.04195,single bole tree,25.7,130,22.7
eaa87a33-dad4-4acb-9f5a-3d0a75ec18ce,DELA_041.basePlot.vst,2017-10-25,vst_DELA_2017,D08,DELA,DELA_041,NEON.PLA.D08.DELA.04503,multi-bole tree,37.0,140,22.5
4abef2b4-5f96-409a-a04a-606f71eca0ff,DELA_040.basePlot.vst,2017-10-25,vst_DELA_2017,D08,DELA,DELA_040,NEON.PLA.D08.DELA.04177,small tree,11.8,130,13.5
b136596d-3bff-4b03-b5e6-46b51d7d5dff,DELA_040.basePlot.vst,2017-10-25,vst_DELA_2017,D08,DELA,DELA_040,NEON.PLA.D08.DELA.04178,single bole tree,14.2,130,13.1
8729c22a-ea26-4b77-b92d-12d3a77c347b,DELA_041.basePlot.vst,2017-10-25,vst_DELA_2017,D08,DELA,DELA_041,NEON.PLA.D08.DELA.04506,single bole tree,23.8,160,17.4
c5eb0cd6-4b90-4301-8444-7863303a9e2c,DELA_041.basePlot.vst,2017-10-25,vst_DELA_2017,D08,DELA,DELA_041,NEON.PLA.D08.DELA.04520,single bole tree,17.6,140,16.6
67582e49-383b-4a94-b87e-da0d1dce8a50,DELA_041.basePlot.vst,2017-10-25,vst_DELA_2017,D08,DELA,DELA_041,NEON.PLA.D08.DELA.04512,multi-bole tree,27.6,130,16.9
b64b10b2-8f8f-40c8-b21b-a0b582d63f71,DELA_040.basePlot.vst,2017-10-25,vst_DELA_2017,D08,DELA,DELA_040,NEON.PLA.D08.DELA.04186,small tree,12.0,130,10.5
b2143dc3-597c-462a-b61a-be1bc2d1cb6e,DELA_040.basePlot.vst,2017-10-25,vst_DELA_2017,D08,DELA,DELA_040,NEON.PLA.D08.DELA.04149,single bole tree,16.5,130,9.6
f0e52050-f5b5-4042-8094-9c991587f04c,DELA_040.basePlot.vst,2017-10-25,vst_DELA_2017,D08,DELA,DELA_040,NEON.PLA.D08.DELA.012283,single bole tree,11.0,130,6.7
372db074-5fd3-43bb-b4d2-ef73c68e6150,DELA_040.basePlot.vst,2017-10-25,vst_DELA_2017,D08,DELA,DELA_040,NEON.PLA.D08.DELA.04184A,multi-bole tree,23.9,130,22.5
1b97f520-d106-4baa-9096-8ae06fc87fcb,DELA_041.basePlot.vst,2017-10-25,vst_DELA_2017,D08,DELA,DELA_041,NEON.PLA.D08.DELA.04550,single bole tree,20.3,130,16.2
48541072-a1f8-4222-8d23-4b595e4436df,DELA_041.basePlot.vst,2017-10-25,vst_DELA_2017,D08,DELA,DELA_041,NEON.PLA.D08.DELA.04545,single bole tree,18.6,130,19.4
0490046b-0cff-43ac-a945-1d1efd1f65a0,DELA_041.basePlot.vst,2017-10-25,vst_DELA_2017,D08,DELA,DELA_041,NEON.PLA.D08.DELA.04514,single bole tree,18.1,130,11.4
b45a7c5e-9cfb-4084-9ec0-1ebf346a247a,DELA_040.basePlot.vst,2017-10-25,vst_DELA_2017,D08,DELA,DELA_040,NEON.PLA.D08.DELA.04200,single bole tree,37.9,130,22.2
0409dfb2-e5df-4933-bac8-76c1d54ebf73,DELA_040.basePlot.vst,2017-10-25,vst_DELA_2017,D08,DELA,DELA_040,NEON.PLA.D08.DELA.04182,single bole tree,16.1,130,9.5
308eae9d-dbb9-42db-8e63-967aa4dede0d,DELA_040.basePlot.vst,2017-10-25,vst_DELA_2017,D08,DELA,DELA_040,NEON.PLA.D08.DELA.09516,NA,NA,NA,NA
c2f1012c-5b14-472d-9606-c906e3c73237,DELA_041.basePlot.vst,2017-10-25,vst_DELA_2017,D08,DELA,DELA_041,NEON.PLA.D08.DELA.04548,single bole tree,11.6,130,9.5
b6c05eff-88c6-428b-8087-8825071dd325,DELA_040.basePlot.vst,2017-10-25,vst_DELA_2017,D08,DELA,DELA_040,NEON.PLA.D08.DELA.04172,single bole tree,29.3,130,17.5
af9d2eb5-6719-4b2b-929d-98c37ba3a446,DELA_041.basePlot.vst,2017-10-25,vst_DELA_2017,D08,DELA,DELA_041,NEON.PLA.D08.DELA.04516A,multi-bole tree,6.8,160,6.7
68df2e2f-25d4-4a01-9b4b-bc92adef24dc,DELA_040.basePlot.vst,2017-10-25,vst_DELA_2017,D08,DELA,DELA_040,NEON.PLA.D08.DELA.04151,single bole tree,18.5,130,13.7
a36e54fe-89cc-4397-b572-fc37edcc9d73,DELA_040.basePlot.vst,2017-10-25,vst_DELA_2017,D08,DELA,DELA_040,NEON.PLA.D08.DELA.04199,single bole tree,25.6,130,22.4
3316b1c8-b221-4759-85e8-3da84e6e6b61,DELA_040.basePlot.vst,2017-10-25,vst_DELA_2017,D08,DELA,DELA_040,NEON.PLA.D08.DELA.04145,single bole tree,11.3,130,9.5
99e172ac-cbf2-45aa-8e56-59fcd84ea485,DELA_040.basePlot.vst,2017-10-25,vst_DELA_2017,D08,DELA,DELA_040,NEON.PLA.D08.DELA.04198,single bole tree,13.1,130,9.4
828cca56-49e8-41b5-a2ee-aaa15f165bc5,DELA_040.basePlot.vst,2017-10-25,vst_DELA_2017,D08,DELA,DELA_040,NEON.PLA.D08.DELA.04155,single bole tree,14.0,130,14.5
28191998-2837-4487-808f-5ad1ff59a385,DELA_041.basePlot.vst,2017-10-25,vst_DELA_2017,D08,DELA,DELA_041,NEON.PLA.D08.DELA.04556,single bole tree,45.1,130,22.4
48a766d9-6718-4683-bc99-14d0a8fe4e89,DELA_041.basePlot.vst,2017-10-25,vst_DELA_2017,D08,DELA,DELA_041,NEON.PLA.D08.DELA.04512B,multi-bole tree,9.7,130,16.9
f9162101-038d-46a6-87bf-2e55928ca9c8,DELA_040.basePlot.vst,2017-10-25,vst_DELA_2017,D08,DELA,DELA_040,NEON.PLA.D08.DELA.04176,small tree,11.0,130,11.7
f1bc93a4-c9bc-4a75-b016-999bb84f156f,DELA_040.basePlot.vst,2017-10-25,vst_DELA_2017,D08,DELA,DELA_040,NEON.PLA.D08.DELA.04161,single bole tree,30.1,130,21.5
8668a95c-6b9d-4887-8776-c34506ba1b40,DELA_040.basePlot.vst,2017-10-25,vst_DELA_2017,D08,DELA,DELA_040,NEON.PLA.D08.DELA.04183,single bole tree,12.5,130,9.3
924870c4-85e9-4cde-a1aa-f05c30125106,DELA_040.basePlot.vst,2017-10-25,vst_DELA_2017,D08,DELA,DELA_040,NEON.PLA.D08.DELA.04189A,multi-bole tree,33.8,130,24.9
148a86a7-8c85-47d8-97ca-f11ca41fcb34,DELA_040.basePlot.vst,2017-10-25,vst_DELA_2017,D08,DELA,DELA_040,NEON.PLA.D08.DELA.04166,single bole tree,13.6,130,10.5
64fb826d-1854-4bf6-8cbf-881db663225a,DELA_041.basePlot.vst,2017-10-25,vst_DELA_2017,D08,DELA,DELA_041,NEON.PLA.D08.DELA.04543,single bole tree,29.7,130,18.6
95c251e7-3474-4cc0-ad5d-5b91b93b8289,DELA_040.basePlot.vst,2017-10-25,vst_DELA_2017,D08,DELA,DELA_040,NEON.PLA.D08.DELA.04163,single bole tree,18.7,130,14.8
e7acc151-7cbf-4316-89d4-ee4df696cb04,DELA_040.basePlot.vst,2017-10-25,vst_DELA_2017,D08,DELA,DELA_040,NEON.PLA.D08.DELA.04152,single bole tree,15.2,130,14.9
ca96964b-edf1-4e1a-9f42-cac5ec176312,DELA_041.basePlot.vst,2017-10-25,vst_DELA_2017,D08,DELA,DELA_041,NEON.PLA.D08.DELA.04504,single bole tree,44.5,130,22.8
e7ddd19c-6ad1-4ed9-8094-b536d2429360,DELA_040.basePlot.vst,2017-10-25,vst_DELA_2017,D08,DELA,DELA_040,NEON.PLA.D08.DELA.04144,single bole tree,34.9,130,22.8
6b325b70-06b8-4182-9e26-8977eafdd415,DELA_040.basePlot.vst,2017-10-25,vst_DELA_2017,D08,DELA,DELA_040,NEON.PLA.D08.DELA.04147,single bole tree,43.6,130,20.5
6e423ab5-18a5-478b-818c-73a1b1420a3f,DELA_040.basePlot.vst,2017-10-25,vst_DELA_2017,D08,DELA,DELA_040,NEON.PLA.D08.DELA.04194,single bole tree,16.3,130,8.4
f9a157fc-383e-4dcc-ab10-cd51cc5e76c7,DELA_040.basePlot.vst,2017-10-25,vst_DELA_2017,D08,DELA,DELA_040,NEON.PLA.D08.DELA.04184,multi-bole tree,24.0,130,22.5
5b7a62ad-726f-4e6f-a795-298fe9616cde,DELA_040.basePlot.vst,2017-10-25,vst_DELA_2017,D08,DELA,DELA_040,NEON.PLA.D08.DELA.04168,single bole tree,16.4,130,16.5
075028f7-c02a-4613-8bcf-afb7a0539fcb,DELA_040.basePlot.vst,2017-10-25,vst_DELA_2017,D08,DELA,DELA_040,NEON.PLA.D08.DELA.04171,single bole tree,11.9,130,10.7
771a51bf-43e5-4593-809c-0f8dae945648,DELA_041.basePlot.vst,2017-10-25,vst_DELA_2017,D08,DELA,DELA_041,NEON.PLA.D08.DELA.12171,NA,NA,NA,NA
14cf9c02-65bb-4655-9e31-436c5b1c5d40,DELA_041.basePlot.vst,2017-10-25,vst_DELA_2017,D08,DELA,DELA_041,NEON.PLA.D08.DELA.12172,single bole tree,16.8,130,NA
f12f27c6-980c-44be-a4f2-f80bc3aa5ee5,DELA_041.basePlot.vst,2017-10-25,vst_DELA_2017,D08,DELA,DELA_041,NEON.PLA.D08.DELA.04544,single bole tree,20.8,130,16.1
eafd85d3-00dd-4505-8b74-3712b27df3f7,DELA_041.basePlot.vst,2017-10-25,vst_DELA_2017,D08,DELA,DELA_041,NEON.PLA.D08.DELA.04519,single bole tree,17.8,130,13.0
87a1fdf9-4fdd-4ac7-b1bb-cf6c9949c2d8,DELA_040.basePlot.vst,2017-10-25,vst_DELA_2017,D08,DELA,DELA_040,NEON.PLA.D08.DELA.04162,single bole tree,33.5,130,21.5
ded08d1f-f373-4810-bfb0-159a1fea44ac,DELA_040.basePlot.vst,2017-10-25,vst_DELA_2017,D08,DELA,DELA_040,NEON.PLA.D08.DELA.04197,single bole tree,20.6,130,20.6
59debdc7-7b1d-4d37-9ce8-f6bb30e82b16,DELA_041.basePlot.vst,2017-10-25,vst_DELA_2017,D08,DELA,DELA_041,NEON.PLA.D08.DELA.04557,single bole tree,31.0,130,7.3
85e3e83e-aa28-4ed0-a150-d1ffe9febe41,DELA_041.basePlot.vst,2017-10-25,vst_DELA_2017,D08,DELA,DELA_041,NEON.PLA.D08.DELA.04518,single bole tree,37.6,130,23.8
66af34a3-adcd-4e98-b9db-698aa3faf9ae,DELA_041.basePlot.vst,2017-10-25,vst_DELA_2017,D08,DELA,DELA_041,NEON.PLA.D08.DELA.04558,single bole tree,10.5,130,10.8
b9b20c93-68a3-4cef-a186-da554fa126d5,DELA_040.basePlot.vst,2017-10-25,vst_DELA_2017,D08,DELA,DELA_040,NEON.PLA.D08.DELA.04150,single bole tree,24.2,130,19.6
c06077d6-2fdd-4ad9-8a5a-2d79e94cb51e,DELA_041.basePlot.vst,2017-10-25,vst_DELA_2017,D08,DELA,DELA_041,NEON.PLA.D08.DELA.04528,single bole tree,19.7,150,16.3
49cb1522-3a88-4b6e-b971-473557471f25,DELA_041.basePlot.vst,2017-10-25,vst_DELA_2017,D08,DELA,DELA_041,NEON.PLA.D08.DELA.04554,single bole tree,23.8,130,18.4
5ab89107-43d9-4c82-a39e-f6a616ad318e,DELA_041.basePlot.vst,2017-10-25,vst_DELA_2017,D08,DELA,DELA_041,NEON.PLA.D08.DELA.04551,single bole tree,24.8,130,16.0
90110f54-d380-47df-a744-99855101a4d5,DELA_040.basePlot.vst,2017-10-25,vst_DELA_2017,D08,DELA,DELA_040,NEON.PLA.D08.DELA.04179,single bole tree,14.4,130,15.5
d36d444c-e3af-46ad-ae96-32513e4e16d9,DELA_040.basePlot.vst,2017-10-25,vst_DELA_2017,D08,DELA,DELA_040,NEON.PLA.D08.DELA.04188,single bole tree,29.8,130,14.5
394dfda4-39a4-4a5a-84b1-1d74857fda8f,DELA_041.basePlot.vst,2017-10-25,vst_DELA_2017,D08,DELA,DELA_041,NEON.PLA.D08.DELA.04516,multi-bole tree,13.7,130,6.7
d28a03c3-0387-4f48-a0e1-d28d858b1afc,DELA_041.basePlot.vst,2017-10-25,vst_DELA_2017,D08,DELA,DELA_041,NEON.PLA.D08.DELA.04546,single bole tree,12.4,130,16.7
914001b3-a783-4b61-b6e4-3f7dde0cc897,DELA_041.basePlot.vst,2017-10-25,vst_DELA_2017,D08,DELA,DELA_041,NEON.PLA.D08.DELA.12168,single bole tree,10.0,130,7.3
654496ba-d217-440c-811b-7a8def9d9ef8,DELA_041.basePlot.vst,2017-10-25,vst_DELA_2017,D08,DELA,DELA_041,NEON.PLA.D08.DELA.04508,single bole tree,20.7,130,15.8
3be6837f-ec1f-4113-9da9-a9d423812d96,DELA_041.basePlot.vst,2017-10-25,vst_DELA_2017,D08,DELA,DELA_041,NEON.PLA.D08.DELA.04540,single bole tree,29.1,130,19.5
1bba7cda-3d82-49a8-b498-52b24e930db9,DELA_041.basePlot.vst,2017-10-25,vst_DELA_2017,D08,DELA,DELA_041,NEON.PLA.D08.DELA.09722,NA,NA,NA,NA
417d7e64-98ed-478b-9df9-aed55b387ee3,DELA_041.basePlot.vst,2017-10-25,vst_DELA_2017,D08,DELA,DELA_041,NEON.PLA.D08.DELA.04521,multi-bole tree,12.6,130,12.6
ae3fac3e-53b3-480f-b14e-ebf6df674226,DELA_040.basePlot.vst,2017-10-25,vst_DELA_2017,D08,DELA,DELA_040,NEON.PLA.D08.DELA.04174,small tree,9.7,130,12.5
2461fe3e-5ae3-4d8b-99a5-c39b1ceb6877,DELA_040.basePlot.vst,2017-10-25,vst_DELA_2017,D08,DELA,DELA_040,NEON.PLA.D08.DELA.04196,single bole tree,23.4,130,20.9
d33a3809-94c2-4bdf-a13c-878e3ba3838a,DELA_041.basePlot.vst,2017-10-25,vst_DELA_2017,D08,DELA,DELA_041,NEON.PLA.D08.DELA.04555,single bole tree,43.2,130,16.2
18532e7f-acd8-4eb0-af4d-45e48c4c95b7,DELA_040.basePlot.vst,2017-10-25,vst_DELA_2017,D08,DELA,DELA_040,NEON.PLA.D08.DELA.04143,single bole tree,11.4,130,9.8
66998665-0c57-4b40-8cf5-5223a448f2e8,DELA_041.basePlot.vst,2017-10-25,vst_DELA_2017,D08,DELA,DELA_041,NEON.PLA.D08.DELA.04523,single bole tree,13.3,130,11.9
d92b0f72-3110-4f18-913c-1cf1045a8b92,DELA_041.basePlot.vst,2017-10-25,vst_DELA_2017,D08,DELA,DELA_041,NEON.PLA.D08.DELA.04515,single bole tree,15.4,130,12.5
ae31c347-7e01-4531-b9e5-29f12871cd6b,DELA_041.basePlot.vst,2017-10-25,vst_DELA_2017,D08,DELA,DELA_041,NEON.PLA.D08.DELA.04517,single bole tree,10.6,130,8.4
89dd07fa-c3d0-4b0a-8657-d0fd49a6fbc9,DELA_041.basePlot.vst,2017-10-25,vst_DELA_2017,D08,DELA,DELA_041,NEON.PLA.D08.DELA.12169,NA,NA,NA,NA
a6a3c17d-17ef-4a09-8da3-85e57630f81c,DELA_041.basePlot.vst,2017-10-25,vst_DELA_2017,D08,DELA,DELA_041,NEON.PLA.D08.DELA.04500,multi-bole tree,29.6,190,18.3
21c44024-e22a-4e1d-a8b5-28324892b3cc,DELA_041.basePlot.vst,2017-10-25,vst_DELA_2017,D08,DELA,DELA_041,NEON.PLA.D08.DELA.04522,single bole tree,24.0,130,17.0
16b00deb-7efd-46d3-b82c-f78ecdb62f9d,DELA_043.basePlot.vst,2017-10-26,vst_DELA_2017,D08,DELA,DELA_043,NEON.PLA.D08.DELA.04653,single bole tree,10.1,130,10.1
146aea76-321c-4598-9bb2-81d110f05ac4,DELA_042.basePlot.vst,2017-10-26,vst_DELA_2017,D08,DELA,DELA_042,NEON.PLA.D08.DELA.04699,single bole tree,19.3,130,13.7
a7837cd1-26f9-4d2f-b164-43e888997423,DELA_042.basePlot.vst,2017-10-26,vst_DELA_2017,D08,DELA,DELA_042,NEON.PLA.D08.DELA.04803,single bole tree,19.9,130,12.1
c8ecf795-c685-443e-b2bc-47a688c3d2ea,DELA_043.basePlot.vst,2017-10-26,vst_DELA_2017,D08,DELA,DELA_043,NEON.PLA.D08.DELA.04650,single bole tree,35.3,130,13.3
db37952a-1261-49c0-b774-780953fe9e4e,DELA_042.basePlot.vst,2017-10-26,vst_DELA_2017,D08,DELA,DELA_042,NEON.PLA.D08.DELA.04698,single bole tree,22.5,130,16.3
e4a024fc-06f9-4e64-8362-6f0a8868fc02,DELA_043.basePlot.vst,2017-10-26,vst_DELA_2017,D08,DELA,DELA_043,NEON.PLA.D08.DELA.04649,single bole tree,14.6,130,1.5
a6c9467a-1752-4cea-8341-ab854e39dbb8,DELA_042.basePlot.vst,2017-10-26,vst_DELA_2017,D08,DELA,DELA_042,NEON.PLA.D08.DELA.04819,single bole tree,21.3,130,16.7
e465929a-fe0e-4d82-a066-13b63bf71b9a,DELA_042.basePlot.vst,2017-10-26,vst_DELA_2017,D08,DELA,DELA_042,NEON.PLA.D08.DELA.04400,single bole tree,48.0,130,29.0
0d18ce12-db4a-4aac-9af1-c231f35c3b6c,DELA_043.basePlot.vst,2017-10-26,vst_DELA_2017,D08,DELA,DELA_043,NEON.PLA.D08.DELA.04657,single bole tree,29.5,130,11.2
5adda8e2-c95b-49fe-8066-67c19e43f13f,DELA_043.basePlot.vst,2017-10-26,vst_DELA_2017,D08,DELA,DELA_043,NEON.PLA.D08.DELA.04643,single bole tree,24.2,130,12.5
5aa82624-2029-4a97-a41a-28e2ab491d8b,DELA_043.basePlot.vst,2017-10-26,vst_DELA_2017,D08,DELA,DELA_043,NEON.PLA.D08.DELA.12236,NA,NA,NA,NA
37aca9ee-ce0c-490d-8550-bba9b406b9d7,DELA_042.basePlot.vst,2017-10-26,vst_DELA_2017,D08,DELA,DELA_042,NEON.PLA.D08.DELA.12816,single bole tree,10.1,130,10.5
54e40be9-5617-4452-87c7-71ffd12fb9b4,DELA_043.basePlot.vst,2017-10-26,vst_DELA_2017,D08,DELA,DELA_043,NEON.PLA.D08.DELA.04656,single bole tree,36.0,130,17.4
a1113d4f-0fbb-4ab6-b09c-57d2292c6b43,DELA_043.basePlot.vst,2017-10-26,vst_DELA_2017,D08,DELA,DELA_043,NEON.PLA.D08.DELA.04645,single bole tree,28.9,130,13.9
ad19b58d-cdb2-40a4-a2a0-46c19ff7afd7,DELA_043.basePlot.vst,2017-10-26,vst_DELA_2017,D08,DELA,DELA_043,NEON.PLA.D08.DELA.04662,single bole tree,33.5,130,19.0
e68f1715-f19a-467d-b5ae-7b35706ec2cb,DELA_043.basePlot.vst,2017-10-26,vst_DELA_2017,D08,DELA,DELA_043,NEON.PLA.D08.DELA.04655,single bole tree,48.0,130,23.8
79ed04e4-3bdf-472f-bda5-03b4b552ac8d,DELA_043.basePlot.vst,2017-10-26,vst_DELA_2017,D08,DELA,DELA_043,NEON.PLA.D08.DELA.04641,single bole tree,25.0,138,14.1
f9cff32c-bfc3-45ee-93f7-369fc1dc51eb,DELA_042.basePlot.vst,2017-10-26,vst_DELA_2017,D08,DELA,DELA_042,NEON.PLA.D08.DELA.04802,single bole tree,15.8,130,5.2
684d3ced-764c-49ed-bddf-972b576c5513,DELA_043.basePlot.vst,2017-10-26,vst_DELA_2017,D08,DELA,DELA_043,NEON.PLA.D08.DELA.04646,single bole tree,28.4,130,12.1
51e1a0c5-78fd-4dc2-ad61-66133a398272,DELA_042.basePlot.vst,2017-10-26,vst_DELA_2017,D08,DELA,DELA_042,NEON.PLA.D08.DELA.04817,single bole tree,47.0,130,23.9
b13a47a4-7a96-4b63-9f6f-e55332b4fad7,DELA_042.basePlot.vst,2017-10-26,vst_DELA_2017,D08,DELA,DELA_042,NEON.PLA.D08.DELA.04804,single bole tree,22.1,130,18.3
a2721828-4d47-4634-b5bf-f8a0bb78b572,DELA_042.basePlot.vst,2017-10-26,vst_DELA_2017,D08,DELA,DELA_042,NEON.PLA.D08.DELA.04815,single bole tree,31.8,130,16.1
450bfdf9-7af0-497e-9580-0947e4c782ff,DELA_042.basePlot.vst,2017-10-26,vst_DELA_2017,D08,DELA,DELA_042,NEON.PLA.D08.DELA.04683,single bole tree,10.1,130,11.5
1c94d5a6-ed31-4fc4-91f3-7ff7b57737a0,DELA_042.basePlot.vst,2017-10-26,vst_DELA_2017,D08,DELA,DELA_042,NEON.PLA.D08.DELA.04693,single bole tree,22.9,130,16.2
1ae02408-5249-4d8d-87a1-42a4d343edc1,DELA_042.basePlot.vst,2017-10-26,vst_DELA_2017,D08,DELA,DELA_042,NEON.PLA.D08.DELA.04696,single bole tree,35.9,130,22.2
9a8e79f1-39bc-4b0d-9db8-bf58f75a1fa9,DELA_043.basePlot.vst,2017-10-26,vst_DELA_2017,D08,DELA,DELA_043,NEON.PLA.D08.DELA.04644,multi-bole tree,19.9,130,15.2
3d3b904f-14f0-4772-90f2-e5e3a11a1c05,DELA_043.basePlot.vst,2017-10-26,vst_DELA_2017,D08,DELA,DELA_043,NEON.PLA.D08.DELA.04667,single bole tree,39.1,130,17.7
4dcee7dc-1a9d-450d-a951-85613ce8e999,DELA_042.basePlot.vst,2017-10-26,vst_DELA_2017,D08,DELA,DELA_042,NEON.PLA.D08.DELA.04691,single bole tree,11.8,130,8.3
7915caec-9d8f-40ce-97e4-bba2402ff06d,DELA_043.basePlot.vst,2017-10-26,vst_DELA_2017,D08,DELA,DELA_043,NEON.PLA.D08.DELA.12175,single bole tree,16.8,130,6.3
ce125643-1c8f-4fc7-8066-65442af94d4a,DELA_042.basePlot.vst,2017-10-26,vst_DELA_2017,D08,DELA,DELA_042,NEON.PLA.D08.DELA.04816,single bole tree,48.6,130,25.8
9bd70a5d-35ba-41cd-b6b1-8882b030f631,DELA_042.basePlot.vst,2017-10-26,vst_DELA_2017,D08,DELA,DELA_042,NEON.PLA.D08.DELA.04677,single bole tree,14.9,130,12.3
0a9f7807-0963-4b6c-9921-3a4007924ad6,DELA_042.basePlot.vst,2017-10-26,vst_DELA_2017,D08,DELA,DELA_042,NEON.PLA.D08.DELA.04692,single bole tree,25.5,130,14.9
77048a7f-e2f0-4f35-8593-46c00073ee70,DELA_042.basePlot.vst,2017-10-26,vst_DELA_2017,D08,DELA,DELA_042,NEON.PLA.D08.DELA.09690,NA,NA,NA,NA
401a6e60-d817-43ea-b519-79a11f80b935,DELA_042.basePlot.vst,2017-10-26,vst_DELA_2017,D08,DELA,DELA_042,NEON.PLA.D08.DELA.04821,single bole tree,18.0,130,9.5
c44a0b23-4694-40bd-9a4d-54b022a31f90,DELA_043.basePlot.vst,2017-10-26,vst_DELA_2017,D08,DELA,DELA_043,NEON.PLA.D08.DELA.04661,single bole tree,20.2,130,6.9
d7ec506c-3fd3-4d19-97e5-18e06edaef7e,DELA_043.basePlot.vst,2017-10-26,vst_DELA_2017,D08,DELA,DELA_043,NEON.PLA.D08.DELA.04648,single bole tree,15.7,130,10.0
c373295b-62c0-4de2-a618-5c4d9872901e,DELA_042.basePlot.vst,2017-10-26,vst_DELA_2017,D08,DELA,DELA_042,NEON.PLA.D08.DELA.04697,single bole tree,30.6,130,19.8
5c85fda7-349a-4ade-b0f7-0dd2a83c32e3,DELA_043.basePlot.vst,2017-10-26,vst_DELA_2017,D08,DELA,DELA_043,NEON.PLA.D08.DELA.04647,single bole tree,16.4,130,8.3
847b3752-5ff3-4404-b07c-4a3e3b42994e,DELA_043.basePlot.vst,2017-10-26,vst_DELA_2017,D08,DELA,DELA_043,NEON.PLA.D08.DELA.04666,single bole tree,14.6,130,11.1
079bfd1c-f63c-42ba-a9fe-9e99b06a3680,DELA_043.basePlot.vst,2017-10-26,vst_DELA_2017,D08,DELA,DELA_043,NEON.PLA.D08.DELA.04640,NA,NA,NA,NA
603137d4-1eb5-4202-9f1c-46c7ffd9e51f,DELA_043.basePlot.vst,2017-10-26,vst_DELA_2017,D08,DELA,DELA_043,NEON.PLA.D08.DELA.04665,single bole tree,50.4,130,22.3
64242752-ef64-4354-bfd9-85a581f33f15,DELA_043.basePlot.vst,2017-10-26,vst_DELA_2017,D08,DELA,DELA_043,NEON.PLA.D08.DELA.04639,single bole tree,15.0,130,4.6
73760086-d2d5-46f5-9876-b8c53f56820a,DELA_043.basePlot.vst,2017-10-26,vst_DELA_2017,D08,DELA,DELA_043,NEON.PLA.D08.DELA.04664,single bole tree,18.8,150,7.7
1427be6f-e25b-4b14-a823-081e4e5ac376,DELA_042.basePlot.vst,2017-10-26,vst_DELA_2017,D08,DELA,DELA_042,NEON.PLA.D08.DELA.04690,single bole tree,23.9,130,12.2
eea37060-008e-4fab-8699-42394fc5cf36,DELA_042.basePlot.vst,2017-10-26,vst_DELA_2017,D08,DELA,DELA_042,NEON.PLA.D08.DELA.04695,single bole tree,22.5,130,16.6
d1637cd6-2757-42f4-a869-655fe76936e2,DELA_043.basePlot.vst,2017-10-26,vst_DELA_2017,D08,DELA,DELA_043,NEON.PLA.D08.DELA.04663,NA,NA,NA,NA
a5292305-760f-46d7-84d9-d1eb1e7dcf84,DELA_043.basePlot.vst,2017-10-26,vst_DELA_2017,D08,DELA,DELA_043,NEON.PLA.D08.DELA.04660,single bole tree,22.1,130,13.3
0be2162d-e554-4b84-a909-d79d236ff512,DELA_042.basePlot.vst,2017-10-26,vst_DELA_2017,D08,DELA,DELA_042,NEON.PLA.D08.DELA.04820,single bole tree,19.4,130,14.1
0efb1de4-c231-443b-bef5-eac769153528,DELA_043.basePlot.vst,2017-10-26,vst_DELA_2017,D08,DELA,DELA_043,NEON.PLA.D08.DELA.09178,single bole tree,20.1,130,3.8
