uid,namedLocation,date,eventID,domainID,siteID,plotID,individualID,growthForm,stemDiameter,measurementHeight,height
00ed83ea-5555-456a-bc5c-bf8bc4a96730,DELA_055.basePlot.vst,2016-09-07,vst_DELA_2016,D08,DELA,DELA_055,NEON.PLA.D08.DELA.03652,single bole tree,15.0,130,6.7
5225f0be-24bb-41ec-b551-08e19c155053,DELA_055.basePlot.vst,2016-09-07,vst_DELA_2016,D08,DELA,DELA_055,NEON.PLA.D08.DELA.12538,single bole tree,96.4,130,28.0
2dec0e49-edf8-4eac-b5b2-b930dc9c4f72,DELA_055.basePlot.vst,2016-09-07,vst_DELA_2016,D08,DELA,DELA_055,NEON.PLA.D08.DELA.03693,single bole tree,15.0,130,8.4
36336190-4f40-4137-993c-013a64c2078d,DELA_055.basePlot.vst,2016-09-07,vst_DELA_2016,D08,DELA,DELA_055,NEON.PLA.D08.DELA.03650,single bole tree,15.8,130,7.9
eedf03a1-5d27-4742-b91d-d85bd64fc3d3,DELA_055.basePlot.vst,2016-09-07,vst_DELA_2016,D08,DELA,DELA_055,NEON.PLA.D08.DELA.12536,single bole tree,31.9,130,11.0
2f4a70c2-e35a-4e4d-968a-0c48cc6bb900,DELA_055.basePlot.vst,2016-09-07,vst_DELA_2016,D08,DELA,DELA_055,NEON.PLA.D08.DELA.03655,single bole tree,32.0,130,11.3
84c58f4c-b3e6-4637-bec2-06d73f42d105,DELA_055.basePlot.vst,2016-09-07,vst_DELA_2016,D08,DELA,DELA_055,NEON.PLA.D08.DELA.03644,single bole tree,12.5,130,8.7
2afb5f31-f8ec-40b9-80bc-97d42a00c4b8,DELA_055.basePlot.vst,2016-09-07,vst_DELA_2016,D08,DELA,DELA_055,NEON.PLA.D08.DELA.03662,single bole tree,NA,NA,NA
b0c733c8-26c4-4eda-b764-90d24782c6f9,DELA_055.basePlot.vst,2016-09-07,vst_DELA_2016,D08,DELA,DELA_055,NEON.PLA.D08.DELA.03672,single bole tree,17.9,130,5.3
c1fcc434-ebb6-4c85-9188-61f2b7b4ff63,DELA_055.basePlot.vst,2016-09-07,vst_DELA_2016,D08,DELA,DELA_055,NEON.PLA.D08.DELA.03651,single bole tree,20.1,130,8.2
baa96b42-8c95-4ca4-9e60-f4cf4fce57ff,DELA_055.basePlot.vst,2016-09-07,vst_DELA_2016,D08,DELA,DELA_055,NEON.PLA.D08.DELA.03673,single bole tree,10.7,130,6.6
05fe2b97-e537-4940-baa4-7d206c2d7019,DELA_055.basePlot.vst,2016-09-07,vst_DELA_2016,D08,DELA,DELA_055,NEON.PLA.D08.DELA.03675,single bole tree,26.9,130,10.0
3871518a-d245-4109-8370-fe760f1175bb,DELA_055.basePlot.vst,2016-09-07,vst_DELA_2016,D08,DELA,DELA_055,NEON.PLA.D08.DELA.12801,single bole tree,9.5,140,4.7
f34cd16e-1c12-43cf-b65f-c5164d3e95f7,DELA_055.basePlot.vst,2016-09-07,vst_DELA_2016,D08,DELA,DELA_055,NEON.PLA.D08.DELA.03659,single bole tree,12.5,130,7.9
179cf775-c049-4b20-a93b-1be5e1ddbf65,DELA_055.basePlot.vst,2016-09-07,vst_DELA_2016,D08,DELA,DELA_055,NEON.PLA.D08.DELA.12808,single bole tree,11.0,130,7.3
5855211c-f21d-4484-8732-4b06e4caaf26,DELA_055.basePlot.vst,2016-09-07,vst_DELA_2016,D08,DELA,DELA_055,NEON.PLA.D08.DELA.03674,single bole tree,26.9,130,9.3
97e602e8-9132-43d5-a4fb-a139e5b4130b,DELA_055.basePlot.vst,2016-09-07,vst_DELA_2016,D08,DELA,DELA_055,NEON.PLA.D08.DELA.03664,single bole tree,21.5,160,5.2
df68b98e-f683-47d4-9daa-cd1a7fe74f50,DELA_055.basePlot.vst,2016-09-07,vst_DELA_2016,D08,DELA,DELA_055,NEON.PLA.D08.DELA.03666,single bole tree,52.0,130,19.8
f5a06a8f-0b55-4c1c-8559-7ec746e83ea1,DELA_055.basePlot.vst,2016-09-07,vst_DELA_2016,D08,DELA,DELA_055,NEON.PLA.D08.DELA.03682,single bole tree,11.5,130,9.4
44b8f670-24f8-4001-a608-4af2c5923a2d,DELA_055.basePlot.vst,2016-09-07,vst_DELA_2016,D08,DELA,DELA_055,NEON.PLA.D08.DELA.12810,single bole tree,10.0,130,8.8
e3970cc3-12f8-46f8-840a-a458e185201d,DELA_055.basePlot.vst,2016-09-07,vst_DELA_2016,D08,DELA,DELA_055,NEON.PLA.D08.DELA.03661,single bole tree,20.6,130,8.8
05c0520a-e2a5-491d-8607-0725ccd9429d,DELA_055.basePlot.vst,2016-09-07,vst_DELA_2016,D08,DELA,DELA_055,NEON.PLA.D08.DELA.03677,single bole tree,22.1,130,10.1
1db372bb-4949-4408-a35b-2d22fd37fac6,DELA_055.basePlot.vst,2016-09-07,vst_DELA_2016,D08,DELA,DELA_055,NEON.PLA.D08.DELA.12811,single bole tree,14.0,130,8.7
10a3117c-77a9-4075-beea-7c11857b5df8,DELA_055.basePlot.vst,2016-09-07,vst_DELA_2016,D08,DELA,DELA_055,NEON.PLA.D08.DELA.03656,single bole tree,13.5,130,11.8
10ef35bb-9e3e-4bf4-8302-84611d15a1b8,DELA_055.basePlot.vst,2016-09-07,vst_DELA_2016,D08,DELA,DELA_055,NEON.PLA.D08.DELA.01177,single bole tree,12.0,130,5.6
528db79d-7b20-4226-82df-5eb24358b653,DELA_055.basePlot.vst,2016-09-07,vst_DELA_2016,D08,DELA,DELA_055,NEON.PLA.D08.DELA.03657,single bole tree,NA,NA,NA
4b338c76-d6d2-43f4-ae81-1aa0a9a502b7,DELA_055.basePlot.vst,2016-09-07,vst_DELA_2016,D08,DELA,DELA_055,NEON.PLA.D08.DELA.03627,single bole tree,12.5,130,10.7
cf325a85-0a99-4904-ae51-47cefff66b03,DELA_055.basePlot.vst,2016-09-07,vst_DELA_2016,D08,DELA,DELA_055,NEON.PLA.D08.DELA.09950,single bole tree,11.8,130,8.0
b026d36b-0979-40d9-a9a7-e2f2a9dd77d4,DELA_055.basePlot.vst,2016-09-07,vst_DELA_2016,D08,DELA,DELA_055,NEON.PLA.D08.DELA.03654,single bole tree,21.0,130,13.2
79fbbe79-45b6-4138-9148-2500bf6a3fa7,DELA_055.basePlot.vst,2016-09-07,vst_DELA_2016,D08,DELA,DELA_055,NEON.PLA.D08.DELA.03665,single bole tree,17.5,140,7.2
33add459-1c61-40f5-ba7d-01ed458dbac9,DELA_055.basePlot.vst,2016-09-07,vst_DELA_2016,D08,DELA,DELA_055,NEON.PLA.D08.DELA.03626,single bole tree,27.3,130,8.5
347fe494-e7fd-4948-b1a9-e112f46a150a,DELA_055.basePlot.vst,2016-09-07,vst_DELA_2016,D08,DELA,DELA_055,NEON.PLA.D08.DELA.03667,single bole tree,21.5,130,10.1
85b05da1-af7d-4da2-a02f-7212cd54c9cc,DELA_055.basePlot.vst,2016-09-07,vst_DELA_2016,D08,DELA,DELA_055,NEON.PLA.D08.DELA.03671,single bole tree,14.2,130,4.9
31091308-ed04-4e52-8b12-cc6d6b884d64,DELA_055.basePlot.vst,2016-09-07,vst_DELA_2016,D08,DELA,DELA_055,NEON.PLA.D08.DELA.12807,single bole tree,11.2,130,7.6
8588b4c1-7238-4df2-af6d-6ec0c2c72600,DELA_055.basePlot.vst,2016-09-07,vst_DELA_2016,D08,DELA,DELA_055,NEON.PLA.D08.DELA.03669,single bole tree,12.5,130,5.5
e1fb8e95-5a25-44d1-9e83-6be82fc82f7a,DELA_055.basePlot.vst,2016-09-07,vst_DELA_2016,D08,DELA,DELA_055,NEON.PLA.D08.DELA.03680,single bole tree,11.3,130,9.4
e925edf4-034c-435d-b2bc-4fc076da459b,DELA_055.basePlot.vst,2016-09-07,vst_DELA_2016,D08,DELA,DELA_055,NEON.PLA.D08.DELA.03670,single bole tree,39.8,130,14.1
690f1bed-879e-4c3e-a141-f73a9d7bae91,DELA_055.basePlot.vst,2016-09-07,vst_DELA_2016,D08,DELA,DELA_055,NEON.PLA.D08.DELA.03653,single bole tree,NA,NA,NA
0b3e307e-3628-4ae9-8ec6-e5930ee7888f,DELA_055.basePlot.vst,2016-09-07,vst_DELA_2016,D08,DELA,DELA_055,NEON.PLA.D08.DELA.12809,single bole tree,10.5,130,7.7
b1d319c7-d136-432a-83d2-7abc8aae0dbc,DELA_042.basePlot.vst,2016-09-08,vst_DELA_2016,D08,DELA,DELA_042,NEON.PLA.D08.DELA.04693,single bole tree,21.9,130,14.5
b7ef891d-1226-454e-96f8-d066e683ca51,DELA_042.basePlot.vst,2016-09-08,vst_DELA_2016,D08,DELA,DELA_042,NEON.PLA.D08.DELA.04815,single bole tree,31.4,130,16.5
ecb7d1d4-19fa-432e-acfb-7d8dea284301,DELA_042.basePlot.vst,2016-09-08,vst_DELA_2016,D08,DELA,DELA_042,NEON.PLA.D08.DELA.04821,single bole tree,17.4,130,12.4
8a737bc5-28e9-4957-887b-920137bb4417,DELA_042.basePlot.vst,2016-09-08,vst_DELA_2016,D08,DELA,DELA_042,NEON.PLA.D08.DELA.04804,single bole tree,21.5,130,11.9
33067da3-138e-47cb-a283-63da23e33bfc,DELA_042.basePlot.vst,2016-09-08,vst_DELA_2016,D08,DELA,DELA_042,NEON.PLA.D08.DELA.12816,single bole tree,9.2,130,8.3
3186f97a-c628-4178-aeb7-5cc41903338a,DELA_042.basePlot.vst,2016-09-08,vst_DELA_2016,D08,DELA,DELA_042,NEON.PLA.D08.DELA.04677,single bole tree,14.6,130,12.8
99372c21-3c4e-43b7-8e8d-7077aad1f097,DELA_042.basePlot.vst,2016-09-08,vst_DELA_2016,D08,DELA,DELA_042,NEON.PLA.D08.DELA.04690,single bole tree,23.8,130,14.0
ca2812f3-c976-4459-81dc-ef4ca9719694,DELA_042.basePlot.vst,2016-09-08,vst_DELA_2016,D08,DELA,DELA_042,NEON.PLA.D08.DELA.04683,single bole tree,10.3,130,12.2
c528ecdc-3192-42b4-a7c7-6826f44d8223,DELA_042.basePlot.vst,2016-09-08,vst_DELA_2016,D08,DELA,DELA_042,NEON.PLA.D08.DELA.04817,single bole tree,47.2,130,27.9
9f3f3fde-fd5c-4350-a414-b3628bcd8b32,DELA_042.basePlot.vst,2016-09-08,vst_DELA_2016,D08,DELA,DELA_042,NEON.PLA.D08.DELA.04400,single bole tree,47.8,130,25.8
ccecb315-b2cd-4d24-a121-4dde69916000,DELA_042.basePlot.vst,2016-09-08,vst_DELA_2016,D08,DELA,DELA_042,NEON.PLA.D08.DELA.04691,single bole tree,11.4,130,9.6
47039376-bb79-49b1-93e6-47a0315f8d99,DELA_042.basePlot.vst,2016-09-08,vst_DELA_2016,D08,DELA,DELA_042,NEON.PLA.D08.DELA.04819,single bole tree,21.1,130,18.5
e9fb4593-812d-44e3-81c2-58b808c86e2f,DELA_042.basePlot.vst,2016-09-08,vst_DELA_2016,D08,DELA,DELA_042,NEON.PLA.D08.DELA.04803,single bole tree,19.9,130,11.9
247e2a72-a512-499a-a7f5-bb233a5a2c2a,DELA_042.basePlot.vst,2016-09-08,vst_DELA_2016,D08,DELA,DELA_042,NEON.PLA.D08.DELA.04820,single bole tree,18.9,130,14.8
86c3fa43-84d0-42cc-ad59-aadc5701e0d9,DELA_042.basePlot.vst,2016-09-08,vst_DELA_2016,D08,DELA,DELA_042,NEON.PLA.D08.DELA.04695,single bole tree,21.8,130,16.6
aa29b14a-f28a-4c69-9bab-1537c782596b,DELA_042.basePlot.vst,2016-09-08,vst_DELA_2016,D08,DELA,DELA_042,NEON.PLA.D08.DELA.04816,single bole tree,47.3,130,27.4
8d14b243-90bc-4024-b159-efab97ba3e9a,DELA_042.basePlot.vst,2016-09-08,vst_DELA_2016,D08,DELA,DELA_042,NEON.PLA.D08.DELA.04697,single bole tree,28.8,130,19.1
9e22113d-a0f9-4834-98fa-96662ac6ccf6,DELA_042.basePlot.vst,2016-09-08,vst_DELA_2016,D08,DELA,DELA_042,NEON.PLA.D08.DELA.04802,single bole tree,15.2,130,6.2
9a78b19a-c512-4f78-819c-3fc2fdf98a8a,DELA_042.basePlot.vst,2016-09-08,vst_DELA_2016,D08,DELA,DELA_042,NEON.PLA.D08.DELA.04699,single bole tree,18.9,130,16.1
7eb0b9b5-8bdc-4e74-b1dd-efbf3659c03e,DELA_042.basePlot.vst,2016-09-08,vst_DELA_2016,D08,DELA,DELA_042,NEON.PLA.D08.DELA.04692,single bole tree,25.5,130,13.9
d11b76ac-0ebf-43a2-9c2f-75887aca11fb,DELA_042.basePlot.vst,2016-09-08,vst_DELA_2016,D08,DELA,DELA_042,NEON.PLA.D08.DELA.04698,single bole tree,22.2,130,13.8
b63b9655-06e8-4119-878c-c3e808225c0d,DELA_042.basePlot.vst,2016-09-08,vst_DELA_2016,D08,DELA,DELA_042,NEON.PLA.D08.DELA.09690,single bole tree,NA,NA,NA
f336f1a4-3224-40b9-a117-be6578ae26eb,DELA_042.basePlot.vst,2016-09-08,vst_DELA_2016,D08,DELA,DELA_042,NEON.PLA.D08.DELA.04696,single bole tree,36.2,130,22.7
1ac06473-c4f9-441d-8fca-de075db61b1d,DELA_046.basePlot.vst,2016-09-12,vst_DELA_2016,D08,DELA,DELA_046,NEON.PLA.D08.DELA.04056,single bole tree,12.7,130,12.2
6ba82af0-6fb8-41ef-a2e6-d999e2ecdfd3,DELA_046.basePlot.vst,2016-09-12,vst_DELA_2016,D08,DELA,DELA_046,NEON.PLA.D08.DELA.04065,single bole tree,15.8,130,15.3
5c7d66fd-5e81-498b-be49-eb8826f5de4e,DELA_046.basePlot.vst,2016-09-12,vst_DELA_2016,D08,DELA,DELA_046,NEON.PLA.D08.DELA.04070,single bole tree,47.1,130,13.9
4ed0439b-9c20-4ce0-8d35-e11225f49aa6,DELA_046.basePlot.vst,2016-09-12,vst_DELA_2016,D08,DELA,DELA_046,NEON.PLA.D08.DELA.04016,single bole tree,10.5,130,5.2
78ee1b41-0d80-45b6-9b50-45cc50859c06,DELA_046.basePlot.vst,2016-09-12,vst_DELA_2016,D08,DELA,DELA_046,NEON.PLA.D08.DELA.04042,single bole tree,16.8,130,21.3
4f27a6e0-1513-4463-9dd9-4481435a37fe,DELA_046.basePlot.vst,2016-09-12,vst_DELA_2016,D08,DELA,DELA_046,NEON.PLA.D08.DELA.04026,single bole tree,30.6,130,23.4
e414368d-be34-43ec-aed9-4a6dbbadcf54,DELA_046.basePlot.vst,2016-09-12,vst_DELA_2016,D08,DELA,DELA_046,NEON.PLA.D08.DELA.04059,single bole tree,11.9,130,12.2
b0304fa3-ee66-4643-8074-6826ee0e77c4,DELA_046.basePlot.vst,2016-09-12,vst_DELA_2016,D08,DELA,DELA_046,NEON.PLA.D08.DELA.04068,single bole tree,19.1,130,16.2
1f24d2df-b823-41ba-8cb8-1a2e94e2a13b,DELA_046.basePlot.vst,2016-09-12,vst_DELA_2016,D08,DELA,DELA_046,NEON.PLA.D08.DELA.04054,single bole tree,22.4,130,12.1
3e040c7b-d349-41b2-abaf-42e432238aff,DELA_046.basePlot.vst,2016-09-12,vst_DELA_2016,D08,DELA,DELA_046,NEON.PLA.D08.DELA.04031,single bole tree,12.5,130,13.1
8284e99e-b219-4753-8730-5546418181a6,DELA_046.basePlot.vst,2016-09-12,vst_DELA_2016,D08,DELA,DELA_046,NEON.PLA.D08.DELA.04062,single bole tree,NA,NA,NA
b663a838-818e-4ac7-917a-19f65433a98b,DELA_046.basePlot.vst,2016-09-12,vst_DELA_2016,D08,DELA,DELA_046,NEON.PLA.D08.DELA.12514,single bole tree,11.6,130,8.0
fc5758f8-afca-4561-b65f-c08b8d8f94e7,DELA_046.basePlot.vst,2016-09-12,vst_DELA_2016,D08,DELA,DELA_046,NEON.PLA.D08.DELA.04028,single bole tree,22.5,130,18.3
2c5b0a9c-0ad5-4a60-bd8a-c19e21ea97b1,DELA_046.basePlot.vst,2016-09-12,vst_DELA_2016,D08,DELA,DELA_046,NEON.PLA.D08.DELA.12506,single bole tree,10.4,130,6.4
4aedc7d3-045d-40c5-b91c-a1d435a45011,DELA_046.basePlot.vst,2016-09-12,vst_DELA_2016,D08,DELA,DELA_046,NEON.PLA.D08.DELA.04057,single bole tree,34.0,130,16.9
f121eea0-5d38-40a4-8484-2caf386d8770,DELA_046.basePlot.vst,2016-09-12,vst_DELA_2016,D08,DELA,DELA_046,NEON.PLA.D08.DELA.04038,small tree,4.7,130,4.8
ae04ea5a-e0c1-4ef8-8d09-173cf71f86ce,DELA_046.basePlot.vst,2016-09-12,vst_DELA_2016,D08,DELA,DELA_046,NEON.PLA.D08.DELA.04005,single bole tree,NA,NA,NA
6b98e791-85d6-41a3-8f34-b8214b8bab1a,DELA_046.basePlot.vst,2016-09-12,vst_DELA_2016,D08,DELA,DELA_046,NEON.PLA.D08.DELA.04018,single bole tree,47.3,130,22.7
66a703ec-be14-4493-87e2-c56f0c9825b1,DELA_046.basePlot.vst,2016-09-12,vst_DELA_2016,D08,DELA,DELA_046,NEON.PLA.D08.DELA.04071,single bole tree,19.9,144,19.3
08cb6b64-f5e8-4e77-8a93-d74afb18d70b,DELA_046.basePlot.vst,2016-09-12,vst_DELA_2016,D08,DELA,DELA_046,NEON.PLA.D08.DELA.04044,single bole tree,10.1,130,15.2
cf7f2a9c-8c14-42eb-b37c-c270f81a1e2e,DELA_046.basePlot.vst,2016-09-12,vst_DELA_2016,D08,DELA,DELA_046,NEON.PLA.D08.DELA.04050,single bole tree,39.5,130,24.2
dc55e206-4484-4273-be88-7f35601c9ff9,DELA_046.basePlot.vst,2016-09-12,vst_DELA_2016,D08,DELA,DELA_046,NEON.PLA.D08.DELA.04029,single bole tree,20.4,130,19.2
5c92a46c-7eaf-40fa-ac22-f660605ee24c,DELA_046.basePlot.vst,2016-09-12,vst_DELA_2016,D08,DELA,DELA_046,NEON.PLA.D08.DELA.04046,single bole tree,28.2,130,18.0
26966cac-5d99-467e-890c-b4e15f6a20d4,DELA_046.basePlot.vst,2016-09-12,vst_DELA_2016,D08,DELA,DELA_046,NEON.PLA.D08.DELA.04067,single bole tree,NA,NA,NA
d0bbcf68-a9c6-43b3-a87c-26eb55950e9f,DELA_046.basePlot.vst,2016-09-12,vst_DELA_2016,D08,DELA,DELA_046,NEON.PLA.D08.DELA.04066,single bole tree,23.5,130,23.3
4d089f4e-adf4-4517-ab1e-2e1097cb583c,DELA_046.basePlot.vst,2016-09-12,vst_DELA_2016,D08,DELA,DELA_046,NEON.PLA.D08.DELA.04038,single bole tree,11.1,130,9.7
c4aa406d-2561-4cb8-a82b-4b3eababa5cd,DELA_046.basePlot.vst,2016-09-12,vst_DELA_2016,D08,DELA,DELA_046,NEON.PLA.D08.DELA.04034,multi-bole tree,6.8,130,11.1
5122138b-6240-435d-95eb-59604f9c3ea6,DELA_046.basePlot.vst,2016-09-12,vst_DELA_2016,D08,DELA,DELA_046,NEON.PLA.D08.DELA.04008,single bole tree,17.8,130,11.1
62043df5-1f2f-477c-9f3b-59e7418cb557,DELA_046.basePlot.vst,2016-09-12,vst_DELA_2016,D08,DELA,DELA_046,NEON.PLA.D08.DELA.04047,single bole tree,27.6,182,17.1
9a475944-7130-4a57-9fc6-09e0baab5aa8,DELA_046.basePlot.vst,2016-09-12,vst_DELA_2016,D08,DELA,DELA_046,NEON.PLA.D08.DELA.04055,single bole tree,NA,NA,NA
4484b3d3-1107-4340-bd33-70bb0f29dab2,DELA_046.basePlot.vst,2016-09-12,vst_DELA_2016,D08,DELA,DELA_046,NEON.PLA.D08.DELA.04061,single bole tree,22.8,130,15.6
5dcd7d62-c064-4a6b-b767-f7fb6c7faf81,DELA_046.basePlot.vst,2016-09-12,vst_DELA_2016,D08,DELA,DELA_046,NEON.PLA.D08.DELA.04058,single bole tree,22.2,130,19.4
1af64ff5-89a6-4140-a5bd-2f9d9f19ebad,DELA_046.basePlot.vst,2016-09-12,vst_DELA_2016,D08,DELA,DELA_046,NEON.PLA.D08.DELA.04036,single bole tree,20.5,130,20.1
a7dd7b31-ed1e-4895-a16d-1cdfbd8bc3f7,DELA_046.basePlot.vst,2016-09-12,vst_DELA_2016,D08,DELA,DELA_046,NEON.PLA.D08.DELA.04060,multi-bole tree,35.6,163,22.7
66bfb2f8-1975-47f1-8678-0f7066394457,DELA_046.basePlot.vst,2016-09-12,vst_DELA_2016,D08,DELA,DELA_046,NEON.PLA.D08.DELA.04064,single bole tree,NA,NA,NA
74eb132d-27b5-426b-88b5-c98dc396591d,DELA_046.basePlot.vst,2016-09-12,vst_DELA_2016,D08,DELA,DELA_046,NEON.PLA.D08.DELA.04023,single bole tree,60.4,130,22.2
9d2490cc-fa28-4872-baa3-d9b401929ba8,DELA_046.basePlot.vst,2016-09-12,vst_DELA_2016,D08,DELA,DELA_046,NEON.PLA.D08.DELA.04063,single bole tree,13.5,130,8.1
03c3e577-aaf7-493e-8428-d9cb5a4b1dbf,DELA_046.basePlot.vst,2016-09-12,vst_DELA_2016,D08,DELA,DELA_046,NEON.PLA.D08.DELA.04069,single bole tree,22.2,130,16.1
b6c475f5-ecc3-47fd-8efc-defd2ab3081e,DELA_046.basePlot.vst,2016-09-12,vst_DELA_2016,D08,DELA,DELA_046,NEON.PLA.D08.DELA.04006,single bole tree,20.6,130,17.0
92c9f5ee-5863-487c-8c71-469eb8afe575,DELA_046.basePlot.vst,2016-09-12,vst_DELA_2016,D08,DELA,DELA_046,NEON.PLA.D08.DELA.04034,multi-bole tree,14.5,130,2.1
66a1177a-935e-4520-9b16-3973e4307643,DELA_046.basePlot.vst,2016-09-12,vst_DELA_2016,D08,DELA,DELA_046,NEON.PLA.D08.DELA.04048,single bole tree,26.7,130,15.4
eaa3fe9b-d68d-4321-9ffb-389006f22187,DELA_046.basePlot.vst,2016-09-12,vst_DELA_2016,D08,DELA,DELA_046,NEON.PLA.D08.DELA.04049,single bole tree,11.5,130,8.7
2b8d5fc0-205e-45d8-8406-d036543da08c,DELA_046.basePlot.vst,2016-09-12,vst_DELA_2016,D08,DELA,DELA_046,NEON.PLA.D08.DELA.04060A,multi-bole tree,15.1,163,22.7
2aa0c77e-b8ca-476e-8d33-cc2c1a820faf,DELA_040.basePlot.vst,2016-09-19,vst_DELA_2016,D08,DELA,DELA_040,NEON.PLA.D08.DELA.04151,single bole tree,18.1,130,13.9
1ddeb7b9-5046-4c0a-9bdf-33d091b6ecf6,DELA_040.basePlot.vst,2016-09-19,vst_DELA_2016,D08,DELA,DELA_040,NEON.PLA.D08.DELA.04184A,multi-bole tree,23.5,130,18.6
3af4e30a-c2f6-4855-baa9-cd9a1c059184,DELA_040.basePlot.vst,2016-09-19,vst_DELA_2016,D08,DELA,DELA_040,NEON.PLA.D08.DELA.04147,single bole tree,44.6,130,21.1
58ba004c-52e0-4bd7-9f30-bfe8b91a3763,DELA_040.basePlot.vst,2016-09-19,vst_DELA_2016,D08,DELA,DELA_040,NEON.PLA.D08.DELA.04171,single bole tree,12.3,130,14.2
f6b3d4c5-cbcd-44b1-8c83-a0b9fc3c85cc,DELA_040.basePlot.vst,2016-09-19,vst_DELA_2016,D08,DELA,DELA_040,NEON.PLA.D08.DELA.04184,multi-bole tree,23.7,130,19.7
4ede3663-244f-40a9-8740-59ab5421101f,DELA_040.basePlot.vst,2016-09-19,vst_DELA_2016,D08,DELA,DELA_040,NEON.PLA.D08.DELA.04150,single bole tree,24.4,130,17.1
172f0a6b-c863-4448-90a5-31abd8584eed,DELA_040.basePlot.vst,2016-09-19,vst_DELA_2016,D08,DELA,DELA_040,NEON.PLA.D08.DELA.04176,single bole tree,11.0,130,8.9
21b2e94d-e03f-4b6f-a91c-19055623af6c,DELA_040.basePlot.vst,2016-09-19,vst_DELA_2016,D08,DELA,DELA_040,NEON.PLA.D08.DELA.04182,single bole tree,16.5,130,8.4
865e1635-210d-4a56-8f05-11ddb0dcda91,DELA_040.basePlot.vst,2016-09-19,vst_DELA_2016,D08,DELA,DELA_040,NEON.PLA.D08.DELA.04200,single bole tree,36.9,130,18.2
b27ce178-7b08-46ad-9b33-a0e40cd2b62c,DELA_040.basePlot.vst,2016-09-19,vst_DELA_2016,D08,DELA,DELA_040,NEON.PLA.D08.DELA.04174,small tree,9.6,130,9.9
52a75d3a-835d-4584-b73f-e2427719ebdf,DELA_040.basePlot.vst,2016-09-19,vst_DELA_2016,D08,DELA,DELA_040,NEON.PLA.D08.DELA.04197,single bole tree,20.3,130,18.2
e3d8ef40-3b68-43e3-aebe-93f6f5c25e0d,DELA_040.basePlot.vst,2016-09-19,vst_DELA_2016,D08,DELA,DELA_040,NEON.PLA.D08.DELA.04188,single bole tree,30.1,130,15.5
5a7543e6-a051-4047-9165-6ac98a83233f,DELA_040.basePlot.vst,2016-09-19,vst_DELA_2016,D08,DELA,DELA_040,NEON.PLA.D08.DELA.04163,single bole tree,18.8,130,15.2
30a3e98b-eebd-4f59-abe9-47817542d1e9,DELA_040.basePlot.vst,2016-09-19,vst_DELA_2016,D08,DELA,DELA_040,NEON.PLA.D08.DELA.04182,single bole tree,16.5,130,8.4
03a408c0-53fe-4dd7-8c3a-11a397d39e2b,DELA_040.basePlot.vst,2016-09-19,vst_DELA_2016,D08,DELA,DELA_040,NEON.PLA.D08.DELA.04168,single bole tree,16.3,130,19.2
13b0a477-a9de-4735-97e4-948d31dab239,DELA_040.basePlot.vst,2016-09-19,vst_DELA_2016,D08,DELA,DELA_040,NEON.PLA.D08.DELA.04159,single bole tree,16.3,125,12.1
3e0ca24d-b473-4d65-9bd8-f764ca98167e,DELA_040.basePlot.vst,2016-09-19,vst_DELA_2016,D08,DELA,DELA_040,NEON.PLA.D08.DELA.04195,single bole tree,25.0,130,17.6
891c6b9f-70f2-49d4-a7fb-4e7d0c99c3d2,DELA_040.basePlot.vst,2016-09-19,vst_DELA_2016,D08,DELA,DELA_040,NEON.PLA.D08.DELA.04161,single bole tree,30.1,130,17.0
fd287ae3-f104-4bbb-9378-2bc4a6d773ea,DELA_040.basePlot.vst,2016-09-19,vst_DELA_2016,D08,DELA,DELA_040,NEON.PLA.D08.DELA.04196,single bole tree,23.0,130,20.4
1889cef1-1939-48f7-a9da-7ee62d3b8a64,DELA_040.basePlot.vst,2016-09-19,vst_DELA_2016,D08,DELA,DELA_040,NEON.PLA.D08.DELA.012283,single bole tree,11.4,130,6.2
74f83dcd-e281-440c-bdad-9787fa514abd,DELA_040.basePlot.vst,2016-09-19,vst_DELA_2016,D08,DELA,DELA_040,NEON.PLA.D08.DELA.04162,single bole tree,32.3,130,19.1
0d306557-bb6c-41d2-81f4-54ad28c47c08,DELA_040.basePlot.vst,2016-09-19,vst_DELA_2016,D08,DELA,DELA_040,NEON.PLA.D08.DELA.04199,single bole tree,26.3,130,19.0
5295faac-d835-4512-bdcd-1526772b0459,DELA_040.basePlot.vst,2016-09-19,vst_DELA_2016,D08,DELA,DELA_040,NEON.PLA.D08.DELA.04167,single bole tree,12.6,130,13.2
f9af4ef2-6e88-41a3-9ab2-4be86c6df564,DELA_040.basePlot.vst,2016-09-19,vst_DELA_2016,D08,DELA,DELA_040,NEON.PLA.D08.DELA.04146,single bole tree,15.3,130,11.8
86bf61ac-bcb8-4338-b03a-f5b98d63d61e,DELA_040.basePlot.vst,2016-09-19,vst_DELA_2016,D08,DELA,DELA_040,NEON.PLA.D08.DELA.04179,single bole tree,14.6,130,15.1
43871da8-942c-4966-a2aa-978e71104341,DELA_040.basePlot.vst,2016-09-19,vst_DELA_2016,D08,DELA,DELA_040,NEON.PLA.D08.DELA.04194,single bole tree,16.3,130,7.9
ee06ba3e-333f-43a0-bec5-161282f2d1c7,DELA_040.basePlot.vst,2016-09-19,vst_DELA_2016,D08,DELA,DELA_040,NEON.PLA.D08.DELA.04144,single bole tree,35.6,130,18.3
80544329-fd1b-45d5-b0d6-c712564e13f3,DELA_040.basePlot.vst,2016-09-19,vst_DELA_2016,D08,DELA,DELA_040,NEON.PLA.D08.DELA.04183,single bole tree,13.1,130,9.3
111ff82f-88bd-44e7-8c64-44b315c01b59,DELA_040.basePlot.vst,2016-09-19,vst_DELA_2016,D08,DELA,DELA_040,NEON.PLA.D08.DELA.04166,single bole tree,13.6,130,9.4
3d0b366e-9a99-4fc3-90dc-6320c16f7550,DELA_040.basePlot.vst,2016-09-19,vst_DELA_2016,D08,DELA,DELA_040,NEON.PLA.D08.DELA.04186,single bole tree,12.1,130,8.0
3241eb9e-0dd5-42af-bca7-612fe7960522,DELA_040.basePlot.vst,2016-09-19,vst_DELA_2016,D08,DELA,DELA_040,NEON.PLA.D08.DELA.04181,single bole tree,11.9,130,10.8
34797eec-54b4-4607-b056-f8eaef10a5ed,DELA_040.basePlot.vst,2016-09-19,vst_DELA_2016,D08,DELA,DELA_040,NEON.PLA.D08.DELA.04155,single bole tree,14.0,130,11.3
d40c84d5-5677-47a3-8545-0ccf82209653,DELA_040.basePlot.vst,2016-09-19,vst_DELA_2016,D08,DELA,DELA_040,NEON.PLA.D08.DELA.04172,single bole tree,28.6,130,18.3
f3927219-9849-4838-966f-782888f4197b,DELA_040.basePlot.vst,2016-09-19,vst_DELA_2016,D08,DELA,DELA_040,NEON.PLA.D08.DELA.09516,single bole tree,12.0,130,14.5
edaf125d-f41b-4606-bf1f-3fde042845ed,DELA_040.basePlot.vst,2016-09-19,vst_DELA_2016,D08,DELA,DELA_040,NEON.PLA.D08.DELA.04145,single bole tree,11.3,130,10.1
5b8a78ae-11b9-4635-a885-c9415d56e905,DELA_040.basePlot.vst,2016-09-19,vst_DELA_2016,D08,DELA,DELA_040,NEON.PLA.D08.DELA.04180,NA,NA,NA,NA
1fff8bd8-52bf-427e-a3d3-a3e28f40ffe7,DELA_040.basePlot.vst,2016-09-19,vst_DELA_2016,D08,DELA,DELA_040,NEON.PLA.D08.DELA.04177,single bole tree,11.9,130,14.2
0bccd9f7-a8c7-4ae2-8a48-6ce2e98a12a2,DELA_040.basePlot.vst,2016-09-19,vst_DELA_2016,D08,DELA,DELA_040,NEON.PLA.D08.DELA.04152,single bole tree,15.3,130,15.1
57e28d90-4b76-45f6-91f0-e8070ab060ef,DELA_040.basePlot.vst,2016-09-19,vst_DELA_2016,D08,DELA,DELA_040,NEON.PLA.D08.DELA.04202,single bole tree,17.4,130,17.3
10acb419-e037-44b8-97b6-8077ad288043,DELA_040.basePlot.vst,2016-09-19,vst_DELA_2016,D08,DELA,DELA_040,NEON.PLA.D08.DELA.04143,single bole tree,11.5,130,10.2
749539f7-01f0-4386-9d10-f132d5c0555a,DELA_040.basePlot.vst,2016-09-19,vst_DELA_2016,D08,DELA,DELA_040,NEON.PLA.D08.DELA.04198,single bole tree,13.9,110,10.8
6c837b30-ff0e-4a9b-8001-87d9902123a3,DELA_040.basePlot.vst,2016-09-19,vst_DELA_2016,D08,DELA,DELA_040,NEON.PLA.D08.DELA.04189A,multi-bole tree,32.3,145,23.3
85228e9d-bcf7-470a-898d-869f8f154c2b,DELA_040.basePlot.vst,2016-09-19,vst_DELA_2016,D08,DELA,DELA_040,NEON.PLA.D08.DELA.04169,single bole tree,32.4,130,19.2
d943ed9f-34bc-472a-9c99-e4b8774709b5,DELA_040.basePlot.vst,2016-09-19,vst_DELA_2016,D08,DELA,DELA_040,NEON.PLA.D08.DELA.04164,single bole tree,25.2,130,19.3
84da9e98-cc0e-4925-bb00-e30ac47cdfca,DELA_040.basePlot.vst,2016-09-19,vst_DELA_2016,D08,DELA,DELA_040,NEON.PLA.D08.DELA.04149,single bole tree,16.9,130,10.4
d530e54d-9889-4f36-8381-1ba01e5751ae,DELA_051.basePlot.vst,2016-09-20,vst_DELA_2016,D08,DELA,DELA_051,NEON.PLA.D08.DELA.04140,single bole tree,10.6,130,9.5
df05716b-0a89-467f-b92d-95c427f7ba78,DELA_051.basePlot.vst,2016-09-20,vst_DELA_2016,D08,DELA,DELA_051,NEON.PLA.D08.DELA.04119,multi-bole tree,27.5,143,18.1
aeb80d11-a609-4e0e-83d5-f13462054eb1,DELA_051.basePlot.vst,2016-09-20,vst_DELA_2016,D08,DELA,DELA_051,NEON.PLA.D08.DELA.04089A,multi-bole tree,22.7,154,18.5
c7291e0f-84e8-459c-86c2-53aeaf906c5c,DELA_051.basePlot.vst,2016-09-20,vst_DELA_2016,D08,DELA,DELA_051,NEON.PLA.D08.DELA.04132,NA,NA,NA,NA
46454809-496d-430a-8c7e-84931cd89e9e,DELA_051.basePlot.vst,2016-09-20,vst_DELA_2016,D08,DELA,DELA_051,NEON.PLA.D08.DELA.04109,single bole tree,10.1,130,9.5
85c7b74d-90f3-4ae0-ac17-7997b7d5c4c6,DELA_051.basePlot.vst,2016-09-20,vst_DELA_2016,D08,DELA,DELA_051,NEON.PLA.D08.DELA.04142,single bole tree,16.3,130,14.9
9f68aa13-ae56-4274-bc1f-af41bbbe122a,DELA_051.basePlot.vst,2016-09-20,vst_DELA_2016,D08,DELA,DELA_051,NEON.PLA.D08.DELA.09156,NA,NA,NA,NA
f72a7115-64fb-497d-84ed-8f0c038a002e,DELA_051.basePlot.vst,2016-09-20,vst_DELA_2016,D08,DELA,DELA_051,NEON.PLA.D08.DELA.09161,single bole tree,11.2,130,8.2
0ceee808-c1b2-4f5f-9894-8de968652775,DELA_051.basePlot.vst,2016-09-20,vst_DELA_2016,D08,DELA,DELA_051,NEON.PLA.D08.DELA.04138,NA,NA,NA,NA
c972f191-0249-4d6e-b3e5-dbd23d9301fe,DELA_051.basePlot.vst,2016-09-20,vst_DELA_2016,D08,DELA,DELA_051,NEON.PLA.D08.DELA.09164,multi-bole tree,12.7,130,9.3
211e94d8-498b-4714-9265-2206b04a6ee8,DELA_051.basePlot.vst,2016-09-20,vst_DELA_2016,D08,DELA,DELA_051,NEON.PLA.D08.DELA.04139,NA,NA,NA,NA
0849a65e-39a2-4e9c-a3dc-2101da16ddc1,DELA_051.basePlot.vst,2016-09-20,vst_DELA_2016,D08,DELA,DELA_051,NEON.PLA.D08.DELA.09164A,multi-bole tree,11.2,130,7.5
212ed276-273a-4a43-96c5-fbfb048da976,DELA_051.basePlot.vst,2016-09-20,vst_DELA_2016,D08,DELA,DELA_051,NEON.PLA.D08.DELA.04072,single bole tree,14.1,130,19.0
1cfffe55-1f13-4680-b19e-466a0f3a1bd3,DELA_051.basePlot.vst,2016-09-20,vst_DELA_2016,D08,DELA,DELA_051,NEON.PLA.D08.DELA.04099,single bole tree,21.1,130,17.7
ca204fdb-2a7e-4f0c-b98f-075e2a36f9d3,DELA_051.basePlot.vst,2016-09-20,vst_DELA_2016,D08,DELA,DELA_051,NEON.PLA.D08.DELA.09163,single bole tree,20.1,130,19.5
087008b5-dce9-4a30-817d-3494903bdd26,DELA_051.basePlot.vst,2016-09-20,vst_DELA_2016,D08,DELA,DELA_051,NEON.PLA.D08.DELA.04111,single bole tree,12.0,130,12.9
35e35d9e-b7ba-4d59-9a81-1292a68ec8b6,DELA_051.basePlot.vst,2016-09-20,vst_DELA_2016,D08,DELA,DELA_051,NEON.PLA.D08.DELA.09159,single bole tree,15.9,130,14.5
f6a2af57-ac4c-4632-b6d1-a3531bb7c32e,DELA_051.basePlot.vst,2016-09-20,vst_DELA_2016,D08,DELA,DELA_051,NEON.PLA.D08.DELA.04136A,multi-bole tree,14.9,130,5.3
47b0a3cf-d3c4-4b56-916b-0a241551afc0,DELA_051.basePlot.vst,2016-09-20,vst_DELA_2016,D08,DELA,DELA_051,NEON.PLA.D08.DELA.04136,multi-bole tree,24.2,130,17.7
9c2c6253-d25a-4672-839b-eaeee36d4325,DELA_051.basePlot.vst,2016-09-20,vst_DELA_2016,D08,DELA,DELA_051,NEON.PLA.D08.DELA.04095,single bole tree,27.6,130,15.5
910b9cbc-1c1a-4897-8095-2787e7a8560d,DELA_051.basePlot.vst,2016-09-20,vst_DELA_2016,D08,DELA,DELA_051,NEON.PLA.D08.DELA.04078,single bole tree,14.2,130,10.8
05ab02ba-6ee3-493b-bde5-28d6fb85c1df,DELA_051.basePlot.vst,2016-09-20,vst_DELA_2016,D08,DELA,DELA_051,NEON.PLA.D08.DELA.04112,single bole tree,45.3,130,20.3
6230c1c8-d412-494b-8234-edc5a7dade58,DELA_051.basePlot.vst,2016-09-20,vst_DELA_2016,D08,DELA,DELA_051,NEON.PLA.D08.DELA.04081,single bole tree,13.6,130,10.6
455d61e1-3c4b-411f-b93b-a783bf848b8b,DELA_051.basePlot.vst,2016-09-20,vst_DELA_2016,D08,DELA,DELA_051,NEON.PLA.D08.DELA.04086,single bole tree,26.8,130,19.9
4310d648-5023-41c7-bba4-4411ae02d172,DELA_051.basePlot.vst,2016-09-20,vst_DELA_2016,D08,DELA,DELA_051,NEON.PLA.D08.DELA.09157,single bole tree,12.1,130,11.3
2d5cb1dd-ac60-4573-9472-9b373cb1ac6e,DELA_051.basePlot.vst,2016-09-20,vst_DELA_2016,D08,DELA,DELA_051,NEON.PLA.D08.DELA.04141A,multi-bole tree,4.5,164,6.5
8dd405b8-0b66-49a7-8721-da055493925c,DELA_051.basePlot.vst,2016-09-20,vst_DELA_2016,D08,DELA,DELA_051,NEON.PLA.D08.DELA.04082,single bole tree,12.6,130,13.1
d5a6cec3-f1ed-4466-894e-cd37621d7b7d,DELA_051.basePlot.vst,2016-09-20,vst_DELA_2016,D08,DELA,DELA_051,NEON.PLA.D08.DELA.09162,single bole tree,29.6,130,21.7
9f878704-a5ee-4937-9c57-63c40adeef20,DELA_051.basePlot.vst,2016-09-20,vst_DELA_2016,D08,DELA,DELA_051,NEON.PLA.D08.DELA.04087,single bole tree,28.8,130,21.0
56a05df0-698e-4395-a0e8-a1205aec633c,DELA_051.basePlot.vst,2016-09-20,vst_DELA_2016,D08,DELA,DELA_051,NEON.PLA.D08.DELA.04141,multi-bole tree,11.4,164,10.1
7a54be86-b91a-489c-9b46-7c1819562b7b,DELA_051.basePlot.vst,2016-09-20,vst_DELA_2016,D08,DELA,DELA_051,NEON.PLA.D08.DELA.04116,single bole tree,11.4,130,5.8
cdd8e8c2-a676-4ca3-aebd-614da9cbd01a,DELA_051.basePlot.vst,2016-09-20,vst_DELA_2016,D08,DELA,DELA_051,NEON.PLA.D08.DELA.04132,multi-bole tree,38.5,130,22.4
77eb4d64-c06f-48a0-ba91-be1e78b89af8,DELA_051.basePlot.vst,2016-09-20,vst_DELA_2016,D08,DELA,DELA_051,NEON.PLA.D08.DELA.04089,multi-bole tree,22.7,154,19.8
9d6f2e7c-da7f-45be-b5ab-966c0c15aa9d,DELA_051.basePlot.vst,2016-09-20,vst_DELA_2016,D08,DELA,DELA_051,NEON.PLA.D08.DELA.09158,single bole tree,25.5,130,9.4
144758e8-fc98-4ebd-b17c-77d56f63f4cf,DELA_051.basePlot.vst,2016-09-20,vst_DELA_2016,D08,DELA,DELA_051,NEON.PLA.D08.DELA.09146,single bole tree,14.2,130,15.9
bb9f0e79-88de-443e-9e39-daab24f26c7f,DELA_051.basePlot.vst,2016-09-20,vst_DELA_2016,D08,DELA,DELA_051,NEON.PLA.D08.DELA.09147,single bole tree,12.9,130,2.2
1730e89b-e2a0-42f6-88c1-af64544b3919,DELA_051.basePlot.vst,2016-09-20,vst_DELA_2016,D08,DELA,DELA_051,NEON.PLA.D08.DELA.04135,single bole tree,15.0,130,16.7
45a418ef-2c8f-445b-a3ee-00f52876699a,DELA_051.basePlot.vst,2016-09-20,vst_DELA_2016,D08,DELA,DELA_051,NEON.PLA.D08.DELA.04132A,multi-bole tree,24.4,130,21.1
52568632-ae67-4266-9c78-a54f08568f35,DELA_051.basePlot.vst,2016-09-20,vst_DELA_2016,D08,DELA,DELA_051,NEON.PLA.D08.DELA.04132A,NA,NA,NA,NA
e5b88491-96ca-4896-8323-52f38f80d0b0,DELA_051.basePlot.vst,2016-09-20,vst_DELA_2016,D08,DELA,DELA_051,NEON.PLA.D08.DELA.012280,single bole tree,10.3,130,8.6
936168b5-1cd6-444a-b08b-2bdf850a755e,DELA_051.basePlot.vst,2016-09-20,vst_DELA_2016,D08,DELA,DELA_051,NEON.PLA.D08.DELA.04088,multi-bole tree,27.7,175,19.9
a01b47cd-58d5-4eaf-aad4-d0b129a81a0d,DELA_051.basePlot.vst,2016-09-20,vst_DELA_2016,D08,DELA,DELA_051,NEON.PLA.D08.DELA.04119A,NA,NA,NA,NA
36722b48-1452-4a7c-9f5b-3471d3f7897f,DELA_051.basePlot.vst,2016-09-20,vst_DELA_2016,D08,DELA,DELA_051,NEON.PLA.D08.DELA.04085,single bole tree,52.0,84,19.4
9fb55825-d2dd-4526-afa3-df9c84e36f78,DELA_051.basePlot.vst,2016-09-20,vst_DELA_2016,D08,DELA,DELA_051,NEON.PLA.D08.DELA.04137,single bole tree,19.1,130,15.6
11c9f340-fcf0-46dc-b40a-b28da166769b,DELA_051.basePlot.vst,2016-09-20,vst_DELA_2016,D08,DELA,DELA_051,NEON.PLA.D08.DELA.04131,single bole tree,14.0,130,14.7
3b299d94-46c7-475c-a031-e9bab5071c92,DELA_051.basePlot.vst,2016-09-20,vst_DELA_2016,D08,DELA,DELA_051,NEON.PLA.D08.DELA.04088A,multi-bole tree,9.1,130,19.7
6de630b1-c2df-44d2-ba36-6ff2c406eda7,DELA_051.basePlot.vst,2016-09-20,vst_DELA_2016,D08,DELA,DELA_051,NEON.PLA.D08.DELA.04073A,multi-bole tree,29.3,88,13.5
0fde486f-321c-4d1c-be36-f0d020348f3a,DELA_051.basePlot.vst,2016-09-20,vst_DELA_2016,D08,DELA,DELA_051,NEON.PLA.D08.DELA.04079A,multi-bole tree,13.0,140,12.2
1a5c70d9-d28f-4458-a101-9a8e13f41eb2,DELA_051.basePlot.vst,2016-09-20,vst_DELA_2016,D08,DELA,DELA_051,NEON.PLA.D08.DELA.04079,multi-bole tree,26.7,140,15.5
77f436d6-2cc8-4905-8c62-2c1ea84d65b5,DELA_051.basePlot.vst,2016-09-20,vst_DELA_2016,D08,DELA,DELA_051,NEON.PLA.D08.DELA.04085,NA,NA,NA,NA
96d1783a-ae6b-482d-9538-14eaaf41b85b,DELA_051.basePlot.vst,2016-09-20,vst_DELA_2016,D08,DELA,DELA_051,NEON.PLA.D08.DELA.04117,single bole tree,23.0,130,14.6
194c4233-f668-4fa6-bb9c-8ca332a175ca,DELA_051.basePlot.vst,2016-09-20,vst_DELA_2016,D08,DELA,DELA_051,NEON.PLA.D08.DELA.04108,single bole tree,23.2,130,11.5
b9e23937-69c6-4e18-850a-7ffd5ab97b7f,DELA_051.basePlot.vst,2016-09-20,vst_DELA_2016,D08,DELA,DELA_051,NEON.PLA.D08.DELA.04088B,NA,NA,NA,NA
7223d85d-3c74-4cb5-ab30-50a557cc1e86,DELA_051.basePlot.vst,2016-09-20,vst_DELA_2016,D08,DELA,DELA_051,NEON.PLA.D08.DELA.04119A,multi-bole tree,14.7,143,11.3
68df9552-d9db-44a1-8b81-949e8c8e8b84,DELA_051.basePlot.vst,2016-09-20,vst_DELA_2016,D08,DELA,DELA_051,NEON.PLA.D08.DELA.04119,NA,NA,NA,NA
60d20a5b-cb7e-4604-893d-af4b3630cd8c,DELA_051.basePlot.vst,2016-09-20,vst_DELA_2016,D08,DELA,DELA_051,NEON.PLA.D08.DELA.04073,multi-bole tree,41.5,150,19.6
44cddf5d-47ed-4066-8e04-908a090a37ba,DELA_051.basePlot.vst,2016-09-20,vst_DELA_2016,D08,DELA,DELA_051,NEON.PLA.D08.DELA.09160,single bole tree,33.4,130,19.5
accf3350-8db6-447e-aa81-2d2541408d63,DELA_051.basePlot.vst,2016-09-20,vst_DELA_2016,D08,DELA,DELA_051,NEON.PLA.D08.DELA.04074,single bole tree,11.4,130,9.5
13e50d7e-beb8-4351-9f3e-88478cde32c6,DELA_038.basePlot.vst,2016-09-21,vst_DELA_2016,D08,DELA,DELA_038,NEON.PLA.D08.DELA.05042,single bole tree,20.0,130,7.7
2bb38531-e119-477f-b26e-ccb3e4a734e9,DELA_038.basePlot.vst,2016-09-21,vst_DELA_2016,D08,DELA,DELA_038,NEON.PLA.D08.DELA.05009,single bole tree,10.5,130,7.2
6420eff7-c254-4060-b5fb-02f06f49fb39,DELA_038.basePlot.vst,2016-09-21,vst_DELA_2016,D08,DELA,DELA_038,NEON.PLA.D08.DELA.03988,single bole tree,11.0,130,6.8
a955ec4e-bb1b-465a-8f8b-d21e18771526,DELA_038.basePlot.vst,2016-09-21,vst_DELA_2016,D08,DELA,DELA_038,NEON.PLA.D08.DELA.05017,single bole tree,22.4,130,6.7
37406297-61f3-4169-a1d5-a0c49b073621,DELA_038.basePlot.vst,2016-09-21,vst_DELA_2016,D08,DELA,DELA_038,NEON.PLA.D08.DELA.10173,single bole tree,10.5,130,6.0
7cb4460c-04f9-4ab9-81d4-0e125402ffbc,DELA_038.basePlot.vst,2016-09-21,vst_DELA_2016,D08,DELA,DELA_038,NEON.PLA.D08.DELA.10181,single bole tree,12.0,130,6.7
917bce41-8897-4048-85e8-7306e9412c32,DELA_038.basePlot.vst,2016-09-21,vst_DELA_2016,D08,DELA,DELA_038,NEON.PLA.D08.DELA.05054,single bole tree,22.6,130,5.4
d18fbc7c-595a-4786-9d0f-fefd62372801,DELA_038.basePlot.vst,2016-09-21,vst_DELA_2016,D08,DELA,DELA_038,NEON.PLA.D08.DELA.05020,single bole tree,17.8,130,6.8
5192e4d7-32a4-42aa-9f90-076184d1fe56,DELA_038.basePlot.vst,2016-09-21,vst_DELA_2016,D08,DELA,DELA_038,NEON.PLA.D08.DELA.05021,single bole tree,13.3,130,12.9
3a3b525e-36d1-4616-ba45-b4a93a205e60,DELA_038.basePlot.vst,2016-09-21,vst_DELA_2016,D08,DELA,DELA_038,NEON.PLA.D08.DELA.05022,single bole tree,19.8,130,13.7
82a78d75-7017-4038-9bbb-e4648b143ac3,DELA_038.basePlot.vst,2016-09-21,vst_DELA_2016,D08,DELA,DELA_038,NEON.PLA.D08.DELA.05068,single bole tree,17.7,130,4.5
06b5d980-a512-420f-8b6a-e0ae00f71cf5,DELA_038.basePlot.vst,2016-09-21,vst_DELA_2016,D08,DELA,DELA_038,NEON.PLA.D08.DELA.10150,single bole tree,26.7,130,6.9
9e62997e-7fd8-49b6-b24e-a8c553a58a19,DELA_038.basePlot.vst,2016-09-21,vst_DELA_2016,D08,DELA,DELA_038,NEON.PLA.D08.DELA.10142,single bole tree,10.9,130,10.4
d9a68e36-199c-4d41-9274-36b29ef63f93,DELA_038.basePlot.vst,2016-09-21,vst_DELA_2016,D08,DELA,DELA_038,NEON.PLA.D08.DELA.10180,single bole tree,11.0,130,7.2
226521c9-556f-4af2-93de-3d93f294af0b,DELA_038.basePlot.vst,2016-09-21,vst_DELA_2016,D08,DELA,DELA_038,NEON.PLA.D08.DELA.05063,single bole tree,21.6,130,5.6
098f9a2a-5aed-47f4-8019-cfa05a868a2e,DELA_038.basePlot.vst,2016-09-21,vst_DELA_2016,D08,DELA,DELA_038,NEON.PLA.D08.DELA.05062,single bole tree,17.7,130,4.7
b151f606-e548-4377-a4c5-6743ef548ce9,DELA_038.basePlot.vst,2016-09-21,vst_DELA_2016,D08,DELA,DELA_038,NEON.PLA.D08.DELA.10149,single bole tree,16.5,130,9.8
4afa3f76-4f17-44e1-b8f7-a940488575a1,DELA_038.basePlot.vst,2016-09-21,vst_DELA_2016,D08,DELA,DELA_038,NEON.PLA.D08.DELA.05043,single bole tree,19.7,130,7.7
eb023900-e9f5-4a7b-afd1-b0f6526e9577,DELA_038.basePlot.vst,2016-09-21,vst_DELA_2016,D08,DELA,DELA_038,NEON.PLA.D08.DELA.12812,multi-bole tree,10.0,130,7.8
80a45e6b-e912-4b09-8156-fad279bb83d1,DELA_038.basePlot.vst,2016-09-21,vst_DELA_2016,D08,DELA,DELA_038,NEON.PLA.D08.DELA.05071,single bole tree,NA,NA,NA
4fc4ff4b-56ce-484a-9fb1-bac5056f9564,DELA_038.basePlot.vst,2016-09-21,vst_DELA_2016,D08,DELA,DELA_038,NEON.PLA.D08.DELA.05012,single bole tree,10.8,130,6.0
97b85189-0ffd-416f-a6e8-c1ff7d651a61,DELA_038.basePlot.vst,2016-09-21,vst_DELA_2016,D08,DELA,DELA_038,NEON.PLA.D08.DELA.05071,NA,NA,NA,NA
9f90e185-450a-4219-99ac-748b5ff78a35,DELA_038.basePlot.vst,2016-09-21,vst_DELA_2016,D08,DELA,DELA_038,NEON.PLA.D08.DELA.05026,single bole tree,16.5,130,7.1
1fb0c010-183c-40ac-b233-841a1fa220ed,DELA_038.basePlot.vst,2016-09-21,vst_DELA_2016,D08,DELA,DELA_038,NEON.PLA.D08.DELA.05070,single bole tree,14.7,130,8.9
77780541-2cac-4030-99cd-417dea2e5eee,DELA_038.basePlot.vst,2016-09-21,vst_DELA_2016,D08,DELA,DELA_038,NEON.PLA.D08.DELA.05011,single bole tree,14.2,130,12.0
0fde5f59-4655-4744-b19e-8fe48e3f49e7,DELA_038.basePlot.vst,2016-09-21,vst_DELA_2016,D08,DELA,DELA_038,NEON.PLA.D08.DELA.05072,single bole tree,18.4,130,3.2
b243d653-cb82-421c-b7c3-b2f75b7b9b88,DELA_038.basePlot.vst,2016-09-21,vst_DELA_2016,D08,DELA,DELA_038,NEON.PLA.D08.DELA.05018,single bole tree,47.3,130,14.5
0e3ec591-9c36-4c8f-9f02-ce76d3a25538,DELA_038.basePlot.vst,2016-09-21,vst_DELA_2016,D08,DELA,DELA_038,NEON.PLA.D08.DELA.10189,single bole tree,10.3,140,4.6
f8b4dbc5-8e53-439c-ab07-fb05075386db,DELA_038.basePlot.vst,2016-09-21,vst_DELA_2016,D08,DELA,DELA_038,NEON.PLA.D08.DELA.05024,single bole tree,15.2,130,10.6
274e2c40-32c8-45ad-a548-22c6e5530e54,DELA_038.basePlot.vst,2016-09-21,vst_DELA_2016,D08,DELA,DELA_038,NEON.PLA.D08.DELA.05069,single bole tree,13.6,130,5.8
8b6a8284-9c37-4a45-ac9a-8b74bf2a54b4,DELA_038.basePlot.vst,2016-09-21,vst_DELA_2016,D08,DELA,DELA_038,NEON.PLA.D08.DELA.05003,single bole tree,30.5,130,13.2
84b56d8c-ef32-446b-b3f2-92037cf9c005,DELA_038.basePlot.vst,2016-09-21,vst_DELA_2016,D08,DELA,DELA_038,NEON.PLA.D08.DELA.05028,single bole tree,19.2,130,6.7
38281cbf-b939-4e3f-9bcd-c41f96f0798e,DELA_037.basePlot.vst,2016-09-22,vst_DELA_2016,D08,DELA,DELA_037,NEON.PLA.D08.DELA.04981,single bole tree,27.5,130,11.4
78c81a7b-29a2-4f12-b16e-ed6ee0b12525,DELA_037.basePlot.vst,2016-09-22,vst_DELA_2016,D08,DELA,DELA_037,NEON.PLA.D08.DELA.04950,multi-bole tree,14.0,130,10.7
428ec95e-8cac-4d6b-ad98-6ff8b0117664,DELA_037.basePlot.vst,2016-09-22,vst_DELA_2016,D08,DELA,DELA_037,NEON.PLA.D08.DELA.03535,NA,NA,NA,NA
f3b3b425-8ab3-4be7-bdbe-306a794b205b,DELA_037.basePlot.vst,2016-09-22,vst_DELA_2016,D08,DELA,DELA_037,NEON.PLA.D08.DELA.04948,single bole tree,22.5,130,16.4
c18974b5-c816-4fb1-b5d7-e013ffd1d1c6,DELA_037.basePlot.vst,2016-09-22,vst_DELA_2016,D08,DELA,DELA_037,NEON.PLA.D08.DELA.04982,single bole tree,42.2,130,17.9
9e66f443-19d8-4435-b172-4d4f5600e1ea,DELA_037.basePlot.vst,2016-09-22,vst_DELA_2016,D08,DELA,DELA_037,NEON.PLA.D08.DELA.04901,single bole tree,26.2,130,11.7
5d69a257-b69c-477f-85ce-46bd083b63b1,DELA_037.basePlot.vst,2016-09-22,vst_DELA_2016,D08,DELA,DELA_037,NEON.PLA.D08.DELA.09881,single bole tree,11.4,130,6.6
954677af-c0b3-4a06-b4ee-4f77087a5312,DELA_037.basePlot.vst,2016-09-22,vst_DELA_2016,D08,DELA,DELA_037,NEON.PLA.D08.DELA.04943,single bole tree,48.2,130,18.9
7254d0bb-cae4-4fdc-a25c-d92c45553d51,DELA_037.basePlot.vst,2016-09-22,vst_DELA_2016,D08,DELA,DELA_037,NEON.PLA.D08.DELA.04947,single bole tree,66.1,130,23.9
4bdf59c8-e90f-4878-807d-a3dcb8d8cb45,DELA_037.basePlot.vst,2016-09-22,vst_DELA_2016,D08,DELA,DELA_037,NEON.PLA.D08.DELA.03557,single bole tree,26.4,130,17.4
f02c707d-47e5-4237-8fee-c68ccae1e273,DELA_037.basePlot.vst,2016-09-22,vst_DELA_2016,D08,DELA,DELA_037,NEON.PLA.D08.DELA.12600,single bole tree,24.7,130,2.0
8b5d8e71-5265-4ff7-8017-99ced46cb121,DELA_037.basePlot.vst,2016-09-22,vst_DELA_2016,D08,DELA,DELA_037,NEON.PLA.D08.DELA.04949,single bole tree,17.6,130,12.8
d3929bc8-600e-46c0-b764-d64aa9250b95,DELA_037.basePlot.vst,2016-09-22,vst_DELA_2016,D08,DELA,DELA_037,NEON.PLA.D08.DELA.04984,single bole tree,12.6,130,9.8
3d3eb671-e7b8-4749-9c95-a249991fae5e,DELA_037.basePlot.vst,2016-09-22,vst_DELA_2016,D08,DELA,DELA_037,NEON.PLA.D08.DELA.04917,single bole tree,49.4,130,22.5
c6b7d4d9-4fb7-4ac4-9ddb-087ef976caa3,DELA_037.basePlot.vst,2016-09-22,vst_DELA_2016,D08,DELA,DELA_037,NEON.PLA.D08.DELA.04953,single bole tree,31.4,130,11.4
c21b5852-83b8-493d-8a06-44c454f7d50a,DELA_037.basePlot.vst,2016-09-22,vst_DELA_2016,D08,DELA,DELA_037,NEON.PLA.D08.DELA.04989,single bole tree,25.3,130,10.7
212a5f4d-cfb1-4ffd-a485-ad16b8722b57,DELA_037.basePlot.vst,2016-09-22,vst_DELA_2016,D08,DELA,DELA_037,NEON.PLA.D08.DELA.12839,single bole tree,10.9,130,8.0
96332c60-0882-43f9-a8ea-f817d7143467,DELA_037.basePlot.vst,2016-09-22,vst_DELA_2016,D08,DELA,DELA_037,NEON.PLA.D08.DELA.04976,single bole tree,11.5,130,9.0
04e863d9-9842-4d10-be6f-0fb1a558bf68,DELA_041.basePlot.vst,2016-09-26,vst_DELA_2016,D08,DELA,DELA_041,NEON.PLA.D08.DELA.04555,single bole tree,43.9,130,19.3
1588a066-f593-4a26-aa15-4e97eec071a2,DELA_041.basePlot.vst,2016-09-26,vst_DELA_2016,D08,DELA,DELA_041,NEON.PLA.D08.DELA.04512B,multi-bole tree,9.6,130,3.0
0e66f5cf-26af-41af-880c-72ab1b92f36c,DELA_041.basePlot.vst,2016-09-26,vst_DELA_2016,D08,DELA,DELA_041,NEON.PLA.D08.DELA.04515,single bole tree,15.0,160,12.9
610123a7-6abd-44c1-99d2-adca90444c2b,DELA_041.basePlot.vst,2016-09-26,vst_DELA_2016,D08,DELA,DELA_041,NEON.PLA.D08.DELA.04522,single bole tree,23.2,130,17.5
ecbad166-5f0c-4a36-8b86-0c050ae825fd,DELA_041.basePlot.vst,2016-09-26,vst_DELA_2016,D08,DELA,DELA_041,NEON.PLA.D08.DELA.12169,single bole tree,33.0,130,3.1
526186f4-8ba1-497e-a33d-d5727b771951,DELA_041.basePlot.vst,2016-09-26,vst_DELA_2016,D08,DELA,DELA_041,NEON.PLA.D08.DELA.04557,single bole tree,30.4,130,18.7
7e135c33-cba4-4372-9452-29c1fc4f9a90,DELA_041.basePlot.vst,2016-09-26,vst_DELA_2016,D08,DELA,DELA_041,NEON.PLA.D08.DELA.04500,multi-bole tree,28.4,NA,19.5
2057cbad-3bf9-43f7-9a5c-8cb75ebac795,DELA_041.basePlot.vst,2016-09-26,vst_DELA_2016,D08,DELA,DELA_041,NEON.PLA.D08.DELA.04545,single bole tree,18.6,130,19.5
c344b03d-549d-45eb-b1cd-cafb7078934e,DELA_041.basePlot.vst,2016-09-26,vst_DELA_2016,D08,DELA,DELA_041,NEON.PLA.D08.DELA.04542,single bole tree,15.2,130,13.2
97fb3581-de17-402d-908b-f2ceeff870bf,DELA_041.basePlot.vst,2016-09-26,vst_DELA_2016,D08,DELA,DELA_041,NEON.PLA.D08.DELA.04546,single bole tree,12.4,130,16.5
ffce710a-7a3f-49bc-a244-872a26a46868,DELA_041.basePlot.vst,2016-09-26,vst_DELA_2016,D08,DELA,DELA_041,NEON.PLA.D08.DELA.04501,single bole tree,NA,NA,NA
3acc6cbe-fcc9-4782-9f43-7002f8b3a900,DELA_041.basePlot.vst,2016-09-26,vst_DELA_2016,D08,DELA,DELA_041,NEON.PLA.D08.DELA.04558,single bole tree,10.6,130,11.6
ab9e59c6-d2a7-49dc-9f22-afb5dc084cc9,DELA_041.basePlot.vst,2016-09-26,vst_DELA_2016,D08,DELA,DELA_041,NEON.PLA.D08.DELA.04550,single bole tree,20.3,130,16.1
4817c33d-f0bc-466a-8418-6a2c267774b0,DELA_041.basePlot.vst,2016-09-26,vst_DELA_2016,D08,DELA,DELA_041,NEON.PLA.D08.DELA.04516,multi-bole tree,14.3,130,7.4
83a64bad-1324-4ae7-8343-9b1130d2c1bd,DELA_041.basePlot.vst,2016-09-26,vst_DELA_2016,D08,DELA,DELA_041,NEON.PLA.D08.DELA.04551,single bole tree,25.1,130,19.8
9305ea1b-4884-46cf-8d74-0ef7b3f89305,DELA_041.basePlot.vst,2016-09-26,vst_DELA_2016,D08,DELA,DELA_041,NEON.PLA.D08.DELA.12172,single bole tree,16.8,130,2.6
f83b4af4-90f7-4162-8347-83a718a4a86c,DELA_041.basePlot.vst,2016-09-26,vst_DELA_2016,D08,DELA,DELA_041,NEON.PLA.D08.DELA.04516A,multi-bole tree,7.1,130,2.6
5d9b4387-4cb5-4565-a112-398385632794,DELA_041.basePlot.vst,2016-09-26,vst_DELA_2016,D08,DELA,DELA_041,NEON.PLA.D08.DELA.04523,single bole tree,12.7,130,13.6
4e58bbe8-b6e5-4ce5-94ce-fa241c19f975,DELA_041.basePlot.vst,2016-09-26,vst_DELA_2016,D08,DELA,DELA_041,NEON.PLA.D08.DELA.04553,single bole tree,13.6,130,11.7
00a6b67d-b132-45d6-86a9-560193151837,DELA_041.basePlot.vst,2016-09-26,vst_DELA_2016,D08,DELA,DELA_041,NEON.PLA.D08.DELA.04549,single bole tree,47.9,130,24.5
5a780641-e2f4-4f01-869c-b8e0ca42de25,DELA_041.basePlot.vst,2016-09-26,vst_DELA_2016,D08,DELA,DELA_041,NEON.PLA.D08.DELA.04543,single bole tree,28.6,130,19.3
5578c677-7128-4f30-810a-9f0fbe1ca3bf,DELA_041.basePlot.vst,2016-09-26,vst_DELA_2016,D08,DELA,DELA_041,NEON.PLA.D08.DELA.09722,single bole tree,10.6,130,4.5
1419c14a-5b1f-4192-b151-65a22693288c,DELA_041.basePlot.vst,2016-09-26,vst_DELA_2016,D08,DELA,DELA_041,NEON.PLA.D08.DELA.04548,single bole tree,11.7,130,9.4
eba5c114-6ded-4f4d-83f2-fe0bde0862ce,DELA_041.basePlot.vst,2016-09-26,vst_DELA_2016,D08,DELA,DELA_041,NEON.PLA.D08.DELA.12168,single bole tree,10.0,130,6.6
8f734e2e-1051-4d06-b606-25a31dc8e787,DELA_041.basePlot.vst,2016-09-26,vst_DELA_2016,D08,DELA,DELA_041,NEON.PLA.D08.DELA.04528,single bole tree,19.1,149,17.3
6bf56a05-032b-4880-a5ae-72ac8d739fc2,DELA_041.basePlot.vst,2016-09-26,vst_DELA_2016,D08,DELA,DELA_041,NEON.PLA.D08.DELA.04521A,multi-bole tree,5.2,195,3.5
c6a16a4b-1754-41c5-99dc-31519948bee9,DELA_041.basePlot.vst,2016-09-26,vst_DELA_2016,D08,DELA,DELA_041,NEON.PLA.D08.DELA.04504,single bole tree,44.1,130,22.9
12bf26a2-8a8a-41dd-8dbb-1243bd73373f,DELA_041.basePlot.vst,2016-09-26,vst_DELA_2016,D08,DELA,DELA_041,NEON.PLA.D08.DELA.04554,single bole tree,23.8,130,19.4
a0f1c9f0-8994-46b5-8d35-01c24a5f570a,DELA_041.basePlot.vst,2016-09-26,vst_DELA_2016,D08,DELA,DELA_041,NEON.PLA.D08.DELA.04544,single bole tree,20.5,130,17.1
212a7427-2842-43b8-b977-6279fe159a2e,DELA_041.basePlot.vst,2016-09-26,vst_DELA_2016,D08,DELA,DELA_041,NEON.PLA.D08.DELA.04540,single bole tree,27.1,130,18.6
c88e11a2-a1cd-48af-bb64-f7f8a47747ac,DELA_041.basePlot.vst,2016-09-26,vst_DELA_2016,D08,DELA,DELA_041,NEON.PLA.D08.DELA.12171,single bole tree,14.8,130,9.7
a886bea0-651a-498f-b50e-f9889334e23c,DELA_041.basePlot.vst,2016-09-26,vst_DELA_2016,D08,DELA,DELA_041,NEON.PLA.D08.DELA.04517,single bole tree,10.3,130,8.8
d5951b62-390d-4b34-bf25-0505561819f3,DELA_041.basePlot.vst,2016-09-26,vst_DELA_2016,D08,DELA,DELA_041,NEON.PLA.D08.DELA.04519,single bole tree,18.6,130,14.1
f7756037-e6a6-401e-bdc5-fab0e77c9ee5,DELA_041.basePlot.vst,2016-09-26,vst_DELA_2016,D08,DELA,DELA_041,NEON.PLA.D08.DELA.04552,single bole tree,18.6,130,7.2
6c018412-9cb0-420a-b157-899a4c94c575,DELA_041.basePlot.vst,2016-09-26,vst_DELA_2016,D08,DELA,DELA_041,NEON.PLA.D08.DELA.04532,single bole tree,56.6,130,24.4
c0a0fff0-29e1-4099-938c-4005257bd17d,DELA_041.basePlot.vst,2016-09-26,vst_DELA_2016,D08,DELA,DELA_041,NEON.PLA.D08.DELA.04547,single bole tree,11.5,152,10.6
917a3cd5-b0bf-48b1-874f-bdc2bb2561fb,DELA_041.basePlot.vst,2016-09-26,vst_DELA_2016,D08,DELA,DELA_041,NEON.PLA.D08.DELA.04499,multi-bole tree,21.6,130,12.2
28b6fc33-5588-4877-9d3f-e31d3101fb01,DELA_041.basePlot.vst,2016-09-26,vst_DELA_2016,D08,DELA,DELA_041,NEON.PLA.D08.DELA.04527,single bole tree,NA,NA,NA
3d4c5d77-cbc3-4256-afaa-d0c3841cf066,DELA_041.basePlot.vst,2016-09-26,vst_DELA_2016,D08,DELA,DELA_041,NEON.PLA.D08.DELA.04513,single bole tree,52.0,130,17.9
e8826107-62c2-44c9-8183-0303738d3426,DELA_041.basePlot.vst,2016-09-26,vst_DELA_2016,D08,DELA,DELA_041,NEON.PLA.D08.DELA.04503,multi-bole tree,37.4,130,22.6
ef833203-d5c6-4104-81b7-22aa7ef462f5,DELA_041.basePlot.vst,2016-09-26,vst_DELA_2016,D08,DELA,DELA_041,NEON.PLA.D08.DELA.04541,single bole tree,NA,NA,NA
8f482287-0fb5-4bc4-a6e0-3be570626733,DELA_041.basePlot.vst,2016-09-26,vst_DELA_2016,D08,DELA,DELA_041,NEON.PLA.D08.DELA.04524,single bole tree,23.6,130,17.7
48deb4e8-f7b1-41e7-8f43-e9dffe92a6b6,DELA_041.basePlot.vst,2016-09-26,vst_DELA_2016,D08,DELA,DELA_041,NEON.PLA.D08.DELA.04520,single bole tree,16.9,140,16.6
25fb7dbc-7fa5-47a4-a826-0ef7b39d03f8,DELA_041.basePlot.vst,2016-09-26,vst_DELA_2016,D08,DELA,DELA_041,NEON.PLA.D08.DELA.04508,single bole tree,20.2,130,14.2
92b16ebb-0bb6-4fb8-a062-cbec725cecbb,DELA_041.basePlot.vst,2016-09-26,vst_DELA_2016,D08,DELA,DELA_041,NEON.PLA.D08.DELA.04514,single bole tree,17.6,130,12.1
ddfd3a97-69cc-4635-95c8-9f03af163650,DELA_041.basePlot.vst,2016-09-26,vst_DELA_2016,D08,DELA,DELA_041,NEON.PLA.D08.DELA.04506,single bole tree,23.4,130,16.6
c159e9d2-f804-437d-9751-e4ddc64a5a2a,DELA_041.basePlot.vst,2016-09-26,vst_DELA_2016,D08,DELA,DELA_041,NEON.PLA.D08.DELA.04507,single bole tree,25.4,130,19.1
0304654e-703b-4a28-a6c7-7c9985b1ecd1,DELA_041.basePlot.vst,2016-09-26,vst_DELA_2016,D08,DELA,DELA_041,NEON.PLA.D08.DELA.04521,multi-bole tree,12.0,195,12.2
c0052427-f8c3-402c-a3b3-b65679f06b36,DELA_041.basePlot.vst,2016-09-26,vst_DELA_2016,D08,DELA,DELA_041,NEON.PLA.D08.DELA.04533,single bole tree,11.8,160,8.9
8196c4ff-b0c4-438e-a6c8-c32faaa112d4,DELA_041.basePlot.vst,2016-09-26,vst_DELA_2016,D08,DELA,DELA_041,NEON.PLA.D08.DELA.04512,multi-bole tree,27.5,130,19.0
01bca960-4cf5-431f-aee3-91ff3ac3e653,DELA_041.basePlot.vst,2016-09-26,vst_DELA_2016,D08,DELA,DELA_041,NEON.PLA.D08.DELA.04556,single bole tree,44.9,130,23.2
4a280f02-8767-4417-8ef2-e75212791656,DELA_041.basePlot.vst,2016-09-26,vst_DELA_2016,D08,DELA,DELA_041,NEON.PLA.D08.DELA.04529,single bole tree,29.4,130,18.7
8ae70eb7-3e6d-4e9f-8e75-70e9f20bbef5,DELA_041.basePlot.vst,2016-09-26,vst_DELA_2016,D08,DELA,DELA_041,NEON.PLA.D08.DELA.04518,single bole tree,27.4,130,22.0
989d0b5c-b510-46b9-b22e-e34ed5b43445,DELA_043.basePlot.vst,2016-09-27,vst_DELA_2016,D08,DELA,DELA_043,NEON.PLA.D08.DELA.04653,small tree,9.9,130,9.4
9c4e88f1-588b-4639-bf48-018bb135daeb,DELA_043.basePlot.vst,2016-09-27,vst_DELA_2016,D08,DELA,DELA_043,NEON.PLA.D08.DELA.04656,single bole tree,36.2,130,17.4
c6e45ae9-35f6-4336-ab72-aa2ca7731de2,DELA_043.basePlot.vst,2016-09-27,vst_DELA_2016,D08,DELA,DELA_043,NEON.PLA.D08.DELA.04664,single bole tree,16.4,110,9.0
6b33089f-7428-4daa-8366-50fc0d5d4c0f,DELA_043.basePlot.vst,2016-09-27,vst_DELA_2016,D08,DELA,DELA_043,NEON.PLA.D08.DELA.04649,single bole tree,13.7,130,4.5
2f47f1a7-6761-4d3f-bbe4-266f8ce9aad1,DELA_043.basePlot.vst,2016-09-27,vst_DELA_2016,D08,DELA,DELA_043,NEON.PLA.D08.DELA.12175,single bole tree,16.0,130,6.9
c0d0110c-4220-4b52-8832-f60e25d3d096,DELA_043.basePlot.vst,2016-09-27,vst_DELA_2016,D08,DELA,DELA_043,NEON.PLA.D08.DELA.04644,multi-bole tree,19.2,130,18.1
f233ade6-7415-4bf6-8572-e1633faca64c,DELA_043.basePlot.vst,2016-09-27,vst_DELA_2016,D08,DELA,DELA_043,NEON.PLA.D08.DELA.04663,NA,NA,NA,NA
b8909021-c34a-44c9-b062-244563007beb,DELA_043.basePlot.vst,2016-09-27,vst_DELA_2016,D08,DELA,DELA_043,NEON.PLA.D08.DELA.04666,single bole tree,13.7,130,12.0
bc38d759-41b1-411a-9238-db7b81d5f1bc,DELA_043.basePlot.vst,2016-09-27,vst_DELA_2016,D08,DELA,DELA_043,NEON.PLA.D08.DELA.04648,single bole tree,15.9,130,7.3
40fa4b2f-7d08-459d-ae16-e6b0e124397c,DELA_043.basePlot.vst,2016-09-27,vst_DELA_2016,D08,DELA,DELA_043,NEON.PLA.D08.DELA.04661,single bole tree,23.0,130,9.7
1bebe3aa-8233-45e6-b079-f10b7b347910,DELA_043.basePlot.vst,2016-09-27,vst_DELA_2016,D08,DELA,DELA_043,NEON.PLA.D08.DELA.04643,single bole tree,24.0,130,12.6
e2f6fdac-7c4b-4f93-be1a-7c86a920bbf1,DELA_043.basePlot.vst,2016-09-27,vst_DELA_2016,D08,DELA,DELA_043,NEON.PLA.D08.DELA.04646,single bole tree,28.4,130,10.8
9cf412f0-635a-4a70-8e1a-bcf13e9d2044,DELA_043.basePlot.vst,2016-09-27,vst_DELA_2016,D08,DELA,DELA_043,NEON.PLA.D08.DELA.04647,single bole tree,16.7,130,8.5
dc4d0cc6-9f17-481d-8285-d74ee643e6d8,DELA_043.basePlot.vst,2016-09-27,vst_DELA_2016,D08,DELA,DELA_043,NEON.PLA.D08.DELA.09178,single bole tree,20.8,130,6.3
b4246d1b-198d-49f1-ac01-06d664fdd699,DELA_043.basePlot.vst,2016-09-27,vst_DELA_2016,D08,DELA,DELA_043,NEON.PLA.D08.DELA.04665,single bole tree,52.4,130,21.5
f2149a2c-564b-452d-9fa5-c8ba3a99e030,DELA_043.basePlot.vst,2016-09-27,vst_DELA_2016,D08,DELA,DELA_043,NEON.PLA.D08.DELA.12236,single bole tree,10.1,130,6.3
4ce670db-5535-4e8e-8abf-17acf61ea0e5,DELA_043.basePlot.vst,2016-09-27,vst_DELA_2016,D08,DELA,DELA_043,NEON.PLA.D08.DELA.04640,single bole tree,NA,NA,NA
7d8b7577-a8b6-4f2c-b68a-2e6819512765,DELA_043.basePlot.vst,2016-09-27,vst_DELA_2016,D08,DELA,DELA_043,NEON.PLA.D08.DELA.04641,single bole tree,24.4,130,11.8
8c350419-d264-4261-a530-1d9b1c752962,DELA_043.basePlot.vst,2016-09-27,vst_DELA_2016,D08,DELA,DELA_043,NEON.PLA.D08.DELA.04667,single bole tree,36.6,130,16.8
a4ae3e5c-80ff-4d11-b932-b9cbbbe162c1,DELA_043.basePlot.vst,2016-09-27,vst_DELA_2016,D08,DELA,DELA_043,NEON.PLA.D08.DELA.04660,single bole tree,21.0,130,12.6
64a0688e-64c8-4b3a-8f89-26d2f8ae2c90,DELA_043.basePlot.vst,2016-09-27,vst_DELA_2016,D08,DELA,DELA_043,NEON.PLA.D08.DELA.04645,single bole tree,27.5,130,19.3
6874ff48-7b50-4f45-9548-b8570244a01f,DELA_043.basePlot.vst,2016-09-27,vst_DELA_2016,D08,DELA,DELA_043,NEON.PLA.D08.DELA.04657,single bole tree,29.5,130,11.4
4554327e-5a19-4f19-bc72-5156ba289ba9,DELA_043.basePlot.vst,2016-09-27,vst_DELA_2016,D08,DELA,DELA_043,NEON.PLA.D08.DELA.04655,single bole tree,41.3,130,20.8
1d179860-e1bc-4ead-a179-df387b7088ab,DELA_043.basePlot.vst,2016-09-27,vst_DELA_2016,D08,DELA,DELA_043,NEON.PLA.D08.DELA.04662,single bole tree,34.2,130,16.1
a521c1f7-07eb-44b9-aeb8-7359b350addc,DELA_043.basePlot.vst,2016-09-27,vst_DELA_2016,D08,DELA,DELA_043,NEON.PLA.D08.DELA.04639,single bole tree,15.5,130,4.5
47995a8b-3967-4433-ab88-29a776311cea,DELA_043.basePlot.vst,2016-09-27,vst_DELA_2016,D08,DELA,DELA_043,NEON.PLA.D08.DELA.04650,single bole tree,35.5,130,16.2
1629527a-5ae8-473e-9dfa-d421d6de4940,DELA_044.basePlot.vst,2016-09-29,vst_DELA_2016,D08,DELA,DELA_044,NEON.PLA.D08.DELA.04444,single bole tree,13.8,130,12.1
c6370cb1-5d0b-43c9-8605-dba9692b10e6,DELA_044.basePlot.vst,2016-09-29,vst_DELA_2016,D08,DELA,DELA_044,NEON.PLA.D08.DELA.04464,single bole tree,23.7,130,14.8
ffb9144d-c1a3-4364-aa5c-9059161cfdad,DELA_044.basePlot.vst,2016-09-29,vst_DELA_2016,D08,DELA,DELA_044,NEON.PLA.D08.DELA.04440,single bole tree,105.6,130,24.9
9d41f695-9a05-4ca2-877f-a1faba8b950f,DELA_044.basePlot.vst,2016-09-29,vst_DELA_2016,D08,DELA,DELA_044,NEON.PLA.D08.DELA.04470,single bole tree,10.5,130,5.5
474c3c90-840d-49e0-a99b-011ee04dead2,DELA_044.basePlot.vst,2016-09-29,vst_DELA_2016,D08,DELA,DELA_044,NEON.PLA.D08.DELA.04493,single bole tree,81.0,130,26.1
47dbf2f8-bc9c-434f-aa06-82e2078ddb1a,DELA_044.basePlot.vst,2016-09-29,vst_DELA_2016,D08,DELA,DELA_044,NEON.PLA.D08.DELA.04446,single bole tree,25.0,130,14.5
0ff791f6-9ac8-4b0d-a75d-0e6f1d070b84,DELA_044.basePlot.vst,2016-09-29,vst_DELA_2016,D08,DELA,DELA_044,NEON.PLA.D08.DELA.09663,single bole tree,10.7,130,8.7
72fa655f-fa64-4d59-b12c-e36a7ccc2b61,DELA_044.basePlot.vst,2016-09-29,vst_DELA_2016,D08,DELA,DELA_044,NEON.PLA.D08.DELA.04496,single bole tree,14.2,130,11.6
63e198e1-6d5e-4b64-979e-4c0540e61bf2,DELA_044.basePlot.vst,2016-09-29,vst_DELA_2016,D08,DELA,DELA_044,NEON.PLA.D08.DELA.04406,single bole tree,12.8,130,7.0
c676f5a9-3418-4d3c-a79e-1f0ca310fc0b,DELA_044.basePlot.vst,2016-09-29,vst_DELA_2016,D08,DELA,DELA_044,NEON.PLA.D08.DELA.04404,single bole tree,12.7,130,6.1
0d67cf84-465c-4c92-99eb-4e54b24bcacb,DELA_044.basePlot.vst,2016-09-29,vst_DELA_2016,D08,DELA,DELA_044,NEON.PLA.D08.DELA.09657,single bole tree,13.7,130,8.4
3749e1d5-848b-4f83-a2e0-bd72cd991c1d,DELA_044.basePlot.vst,2016-09-29,vst_DELA_2016,D08,DELA,DELA_044,NEON.PLA.D08.DELA.09656,single bole tree,21.7,130,16.9
3d53ec19-1b69-4bbe-8318-9ac3fa947c18,DELA_044.basePlot.vst,2016-09-29,vst_DELA_2016,D08,DELA,DELA_044,NEON.PLA.D08.DELA.04472,single bole tree,11.7,130,8.2
e0a54b2d-9662-4b75-8b0e-fca5e5bcf7aa,DELA_044.basePlot.vst,2016-09-29,vst_DELA_2016,D08,DELA,DELA_044,NEON.PLA.D08.DELA.04425,single bole tree,10.3,130,5.8
ba165d88-65ea-45f6-82f9-5e00e4907dbb,DELA_044.basePlot.vst,2016-09-29,vst_DELA_2016,D08,DELA,DELA_044,NEON.PLA.D08.DELA.04430,single bole tree,16.2,130,14.0
be9cab6c-3ecf-476e-8052-0b9b06843286,DELA_044.basePlot.vst,2016-09-29,vst_DELA_2016,D08,DELA,DELA_044,NEON.PLA.D08.DELA.04484,single bole tree,46.0,130,22.2
eb9b1ac7-7430-49f7-aaa4-3c71bafd8e4a,DELA_044.basePlot.vst,2016-09-29,vst_DELA_2016,D08,DELA,DELA_044,NEON.PLA.D08.DELA.04421,single bole tree,17.2,130,12.2
71611705-bb16-4ea4-9edc-7aa22b787451,DELA_044.basePlot.vst,2016-09-29,vst_DELA_2016,D08,DELA,DELA_044,NEON.PLA.D08.DELA.04496,liana,1.9,50,NA
2c4a7628-050b-4e5c-8e52-363ca56c3546,DELA_044.basePlot.vst,2016-09-29,vst_DELA_2016,D08,DELA,DELA_044,NEON.PLA.D08.DELA.04432,single bole tree,23.2,130,18.4
15dde3c0-d5b5-4ee9-9ade-02a71ff94eed,DELA_044.basePlot.vst,2016-09-29,vst_DELA_2016,D08,DELA,DELA_044,NEON.PLA.D08.DELA.04423,multi-bole tree,10.2,130,5.0
c4d1298f-0be2-4d0b-b247-bde0c2a12b06,DELA_044.basePlot.vst,2016-09-29,vst_DELA_2016,D08,DELA,DELA_044,NEON.PLA.D08.DELA.04434,single bole tree,22.4,130,14.9
c985666f-9bb1-491b-9ec6-aa48ce84833b,DELA_039.basePlot.vst,2016-09-29,vst_DELA_2016,D08,DELA,DELA_039,NEON.PLA.D08.DELA.03942,single bole tree,2.2,130,12.8
f7fca8a6-a306-4a6b-a995-4b68c67d3f18,DELA_044.basePlot.vst,2016-09-29,vst_DELA_2016,D08,DELA,DELA_044,NEON.PLA.D08.DELA.04494,single bole tree,19.1,130,12.5
078e1506-fff6-449e-96fe-d3a7c03d4df5,DELA_044.basePlot.vst,2016-09-29,vst_DELA_2016,D08,DELA,DELA_044,NEON.PLA.D08.DELA.04491,single bole tree,16.9,130,12.6
997f06cc-8b4d-448e-b94d-f930c3d2273c,DELA_044.basePlot.vst,2016-09-29,vst_DELA_2016,D08,DELA,DELA_044,NEON.PLA.D08.DELA.09655,single bole tree,NA,NA,NA
d9da519f-2a40-4091-8c3a-4b6d901b3d08,DELA_044.basePlot.vst,2016-09-29,vst_DELA_2016,D08,DELA,DELA_044,NEON.PLA.D08.DELA.04462,single bole tree,11.8,130,9.2
1c7d4081-8a0a-4e53-b4f9-20039b2056f1,DELA_044.basePlot.vst,2016-09-29,vst_DELA_2016,D08,DELA,DELA_044,NEON.PLA.D08.DELA.04489,single bole tree,NA,NA,NA
07ba01cb-de72-4391-9311-c883a3ccc0a4,DELA_044.basePlot.vst,2016-09-29,vst_DELA_2016,D08,DELA,DELA_044,NEON.PLA.D08.DELA.04433,single bole tree,18.8,130,14.2
2c5fd3f8-5d78-4a0c-8793-919bf8767929,DELA_044.basePlot.vst,2016-09-29,vst_DELA_2016,D08,DELA,DELA_044,NEON.PLA.D08.DELA.04450,single bole tree,24.4,130,13.9
da053dad-b470-48c0-9dd7-181d5a363458,DELA_044.basePlot.vst,2016-09-29,vst_DELA_2016,D08,DELA,DELA_044,NEON.PLA.D08.DELA.04495,single bole tree,NA,NA,NA
1b745b1a-dff9-4202-b240-39981c256e44,DELA_044.basePlot.vst,2016-09-29,vst_DELA_2016,D08,DELA,DELA_044,NEON.PLA.D08.DELA.04442,single bole tree,24.7,130,14.4
01f6805f-f683-431f-9dea-d379cd4bd211,DELA_044.basePlot.vst,2016-09-29,vst_DELA_2016,D08,DELA,DELA_044,NEON.PLA.D08.DELA.04445,single bole tree,13.6,130,6.4
f1687f02-91d4-473f-bd11-f6bfc621177b,DELA_044.basePlot.vst,2016-09-29,vst_DELA_2016,D08,DELA,DELA_044,NEON.PLA.D08.DELA.04496,liana,2.4,50,NA
bf861a8e-3058-438b-b7c8-f982c4f1ea36,DELA_044.basePlot.vst,2016-09-29,vst_DELA_2016,D08,DELA,DELA_044,NEON.PLA.D08.DELA.04441,single bole tree,11.5,130,8.0
5ef4e1ef-67bd-46fb-9139-761b2a508730,DELA_044.basePlot.vst,2016-09-29,vst_DELA_2016,D08,DELA,DELA_044,NEON.PLA.D08.DELA.04402,single bole tree,15.8,130,12.5
8d3acb2d-ca7b-426e-84d5-741f242d8872,DELA_044.basePlot.vst,2016-09-29,vst_DELA_2016,D08,DELA,DELA_044,NEON.PLA.D08.DELA.04490,single bole tree,29.7,130,13.4
1ee10844-2a20-4edb-9a01-67ae356108c9,DELA_044.basePlot.vst,2016-09-29,vst_DELA_2016,D08,DELA,DELA_044,NEON.PLA.D08.DELA.04492,single bole tree,13.2,130,11.4
70e144f9-1faa-4de6-9631-6859b054ebd4,DELA_044.basePlot.vst,2016-09-29,vst_DELA_2016,D08,DELA,DELA_044,NEON.PLA.D08.DELA.04443,single bole tree,19.7,130,14.2
9a1ef2d0-2aab-4247-852f-13580d4ed2a5,DELA_039.basePlot.vst,2016-09-29,vst_DELA_2016,D08,DELA,DELA_039,NEON.PLA.D08.DELA.03940,single bole tree,26.5,130,15.1
72760796-9e80-42ef-8a74-bd20b338b94f,DELA_039.basePlot.vst,2016-09-29,vst_DELA_2016,D08,DELA,DELA_039,NEON.PLA.D08.DELA.03949,single bole tree,29.4,130,15.1
5ba79fd8-401c-45f9-8876-56f6569c174f,DELA_039.basePlot.vst,2016-09-29,vst_DELA_2016,D08,DELA,DELA_039,NEON.PLA.D08.DELA.03920,single bole tree,24.5,130,13.4
f673e285-ed67-4e82-a63f-c6c1b7585861,DELA_039.basePlot.vst,2016-09-29,vst_DELA_2016,D08,DELA,DELA_039,NEON.PLA.D08.DELA.03968,single bole tree,44.9,130,14.7
c715c43e-3d5d-4aae-a5a2-15cbd98899b4,DELA_039.basePlot.vst,2016-09-29,vst_DELA_2016,D08,DELA,DELA_039,NEON.PLA.D08.DELA.03960,single bole tree,23.5,130,14.5
b5893d7f-945c-4014-adbc-07e6e11caffa,DELA_039.basePlot.vst,2016-09-29,vst_DELA_2016,D08,DELA,DELA_039,NEON.PLA.D08.DELA.03982,NA,NA,NA,NA
44e06cde-4937-4053-992d-c6082161b7b8,DELA_039.basePlot.vst,2016-09-29,vst_DELA_2016,D08,DELA,DELA_039,NEON.PLA.D08.DELA.03938,single bole tree,13.8,130,12.4
bcd5cc57-88a3-4f99-9c06-92c6530de59c,DELA_039.basePlot.vst,2016-09-29,vst_DELA_2016,D08,DELA,DELA_039,NEON.PLA.D08.DELA.03979,single bole tree,38.1,130,24.5
ca3b9a9a-a463-40d1-b599-b12eb7fcf65e,DELA_039.basePlot.vst,2016-09-29,vst_DELA_2016,D08,DELA,DELA_039,NEON.PLA.D08.DELA.03970,single bole tree,21.1,130,10.5
31e01c6a-8561-4b9d-b744-f7376a224071,DELA_039.basePlot.vst,2016-09-29,vst_DELA_2016,D08,DELA,DELA_039,NEON.PLA.D08.DELA.03936,single bole tree,16.8,130,11.1
835f47c1-0eb7-497a-b510-797489b93f1a,DELA_039.basePlot.vst,2016-09-29,vst_DELA_2016,D08,DELA,DELA_039,NEON.PLA.D08.DELA.03981,single bole tree,26.8,130,16.2
1edb06bc-857f-4ef3-b192-331b17229c1c,DELA_039.basePlot.vst,2016-09-29,vst_DELA_2016,D08,DELA,DELA_039,NEON.PLA.D08.DELA.03947,single bole tree,15.3,130,2.6
444647bf-d02e-4fc1-86b2-7ef5430a28a2,DELA_039.basePlot.vst,2016-09-29,vst_DELA_2016,D08,DELA,DELA_039,NEON.PLA.D08.DELA.03945,single bole tree,14.2,130,11.4
e1eca242-1d2e-413f-8af2-eb288b77f2fb,DELA_039.basePlot.vst,2016-09-29,vst_DELA_2016,D08,DELA,DELA_039,NEON.PLA.D08.DELA.03983,single bole tree,11.8,130,3.8
1ca90f54-b8cc-43f0-9b10-c960b4344999,DELA_039.basePlot.vst,2016-09-29,vst_DELA_2016,D08,DELA,DELA_039,NEON.PLA.D08.DELA.03975,single bole tree,21.0,130,14.5
9e3cd1bd-e813-4d26-9709-a657ce146012,DELA_039.basePlot.vst,2016-09-29,vst_DELA_2016,D08,DELA,DELA_039,NEON.PLA.D08.DELA.03966,single bole tree,78.1,130,28.1
4c0798e2-56d6-431c-b16b-37181123760c,DELA_039.basePlot.vst,2016-09-29,vst_DELA_2016,D08,DELA,DELA_039,NEON.PLA.D08.DELA.03977,single bole tree,13.5,130,10.7
94fff76c-e9e7-4bd8-8a6e-a1c116d2ae07,DELA_039.basePlot.vst,2016-09-29,vst_DELA_2016,D08,DELA,DELA_039,NEON.PLA.D08.DELA.03929,single bole tree,17.9,130,13.2
4920a5cd-d866-4ce4-9acf-2a0e6b346049,DELA_039.basePlot.vst,2016-09-29,vst_DELA_2016,D08,DELA,DELA_039,NEON.PLA.D08.DELA.03941,single bole tree,11.5,130,10.9
68888741-172a-4db0-89cc-48ac37c1403a,DELA_039.basePlot.vst,2016-09-29,vst_DELA_2016,D08,DELA,DELA_039,NEON.PLA.D08.DELA.03967,single bole tree,41.1,130,10.4
99a35a86-bce0-436d-9630-7cf9dc37ac95,DELA_039.basePlot.vst,2016-09-29,vst_DELA_2016,D08,DELA,DELA_039,NEON.PLA.D08.DELA.03984,single bole tree,34.5,130,15.5
f7836dbb-e983-48e8-b8ea-3d6fc4f77b89,DELA_039.basePlot.vst,2016-09-29,vst_DELA_2016,D08,DELA,DELA_039,NEON.PLA.D08.DELA.03922,single bole tree,14.2,130,12.4
959e5205-d0d0-43e9-891f-b63eeb02131c,DELA_039.basePlot.vst,2016-09-29,vst_DELA_2016,D08,DELA,DELA_039,NEON.PLA.D08.DELA.03976,single bole tree,12.9,130,6.7
59efd529-7b99-4a0f-85e2-09c931ae7e46,DELA_039.basePlot.vst,2016-09-29,vst_DELA_2016,D08,DELA,DELA_039,NEON.PLA.D08.DELA.03965,single bole tree,18.5,130,12.4
81fb46ee-c09d-4d2c-b906-979d7391b7d6,DELA_039.basePlot.vst,2016-09-29,vst_DELA_2016,D08,DELA,DELA_039,NEON.PLA.D08.DELA.09664,single bole tree,NA,NA,NA
2a9c4e33-0215-467c-aa9b-a5f0da6a5227,DELA_039.basePlot.vst,2016-09-29,vst_DELA_2016,D08,DELA,DELA_039,NEON.PLA.D08.DELA.03939,single bole tree,22.0,130,13.5
d9e0d61f-e0a4-4bc2-86ad-c0c4f3b148db,DELA_039.basePlot.vst,2016-09-29,vst_DELA_2016,D08,DELA,DELA_039,NEON.PLA.D08.DELA.03985,single bole tree,57.0,130,26.4
ea2dc92d-7b8d-447f-b650-73a6a4ee5c0e,DELA_039.basePlot.vst,2016-09-29,vst_DELA_2016,D08,DELA,DELA_039,NEON.PLA.D08.DELA.03943,single bole tree,27.6,130,17.0
53e85738-01d7-44dd-bd48-76aea8ce2e8f,DELA_039.basePlot.vst,2016-09-29,vst_DELA_2016,D08,DELA,DELA_039,NEON.PLA.D08.DELA.03923,small tree,11.3,130,9.0
094400fb-966b-4801-b270-72f009250c1f,DELA_039.basePlot.vst,2016-09-29,vst_DELA_2016,D08,DELA,DELA_039,NEON.PLA.D08.DELA.03986,single bole tree,26.0,130,15.2
d622b919-ad9e-4b5d-a2ee-855143862906,DELA_039.basePlot.vst,2016-09-29,vst_DELA_2016,D08,DELA,DELA_039,NEON.PLA.D08.DELA.09669,single bole tree,10.6,130,9.1
771f26d1-2ef2-49ad-a0a6-bf1503cdf4e5,DELA_039.basePlot.vst,2016-09-29,vst_DELA_2016,D08,DELA,DELA_039,NEON.PLA.D08.DELA.03948,single bole tree,15.8,130,13.1
04dbf601-fc72-40ac-848f-1f707dc814d3,DELA_039.basePlot.vst,2016-09-29,vst_DELA_2016,D08,DELA,DELA_039,NEON.PLA.D08.DELA.03946,single bole tree,16.4,140,9.5
4916c8d9-54ef-4733-a645-2ced3f1ea937,DELA_039.basePlot.vst,2016-09-29,vst_DELA_2016,D08,DELA,DELA_039,NEON.PLA.D08.DELA.03964,single bole tree,14.5,130,9.9
be44bc84-7167-44f9-a5e1-5308a896fd98,DELA_039.basePlot.vst,2016-09-29,vst_DELA_2016,D08,DELA,DELA_039,NEON.PLA.D08.DELA.03921,single bole tree,10.4,130,8.8
7ef2cbc5-a49a-4941-a24f-724b2adce270,DELA_039.basePlot.vst,2016-09-29,vst_DELA_2016,D08,DELA,DELA_039,NEON.PLA.D08.DELA.12176,single bole tree,30.5,130,7.7
9e96c557-f548-4b0b-8d9c-a785ea2a33eb,DELA_039.basePlot.vst,2016-09-29,vst_DELA_2016,D08,DELA,DELA_039,NEON.PLA.D08.DELA.03980,single bole tree,37.2,130,18.4
