uid,namedLocation,date,eventID,domainID,siteID,plotID,individualID,growthForm,stemDiameter,measurementHeight,height
b2f55334-53f9-4744-aabf-7085de64e36a,GRSM_052.basePlot.vst,2017-11-01,vst_GRSM_2017,D07,GRSM,GRSM_052,NEON.PLA.D07.GRSM.00699,single bole tree,11.5,130,9.6
e6510293-c560-4f29-85d2-b181e18e797e,GRSM_049.basePlot.vst,2017-11-02,vst_GRSM_2017,D07,GRSM,GRSM_049,NEON.PLA.D07.GRSM.00823,multi-bole tree,25.2,130,15.5
59ee8bdc-a7e9-408f-8597-e4b37c724c9c,GRSM_049.basePlot.vst,2017-11-02,vst_GRSM_2017,D07,GRSM,GRSM_049,NEON.PLA.D07.GRSM.00862,single bole tree,56.3,130,19.2
ba935d51-a0f0-4a15-800c-9d5e123062eb,GRSM_049.basePlot.vst,2017-11-02,vst_GRSM_2017,D07,GRSM,GRSM_049,NEON.PLA.D07.GRSM.00805,single bole tree,18.5,130,12.5
2240ef41-aa1a-4552-ba24-7cc626d8f69e,GRSM_049.basePlot.vst,2017-11-02,vst_GRSM_2017,D07,GRSM,GRSM_049,NEON.PLA.D07.GRSM.00809,single bole tree,38.9,130,22.9
f8b1775f-1511-42e6-8a6e-536287466fbd,GRSM_049.basePlot.vst,2017-11-02,vst_GRSM_2017,D07,GRSM,GRSM_049,NEON.PLA.D07.GRSM.00797,single bole tree,50.9,130,26.3
c0035dae-80ae-4b92-b41d-d7827f1a6c28,GRSM_049.basePlot.vst,2017-11-02,vst_GRSM_2017,D07,GRSM,GRSM_049,NEON.PLA.D07.GRSM.00851,single bole tree,10.5,130,13.2
bf9ddb4e-55c6-4abc-9181-b006c49ea31f,GRSM_049.basePlot.vst,2017-11-02,vst_GRSM_2017,D07,GRSM,GRSM_049,NEON.PLA.D07.GRSM.00865,single bole tree,15.5,130,9.4
a0f90424-c542-4db3-a936-3005bddf43a6,GRSM_049.basePlot.vst,2017-11-02,vst_GRSM_2017,D07,GRSM,GRSM_049,NEON.PLA.D07.GRSM.00857,single bole tree,32.7,130,20.4
2cbc1454-a949-4d8d-8a84-6a152d923599,GRSM_049.basePlot.vst,2017-11-02,vst_GRSM_2017,D07,GRSM,GRSM_049,NEON.PLA.D07.GRSM.00803,single bole tree,15.6,130,14.0
0fd62baa-cf68-41ed-af32-1c018ae91a8c,GRSM_049.basePlot.vst,2017-11-02,vst_GRSM_2017,D07,GRSM,GRSM_049,NEON.PLA.D07.GRSM.00859,single bole tree,10.8,130,9.4
657dac77-cfb0-49d0-a826-330559ab728f,GRSM_049.basePlot.vst,2017-11-02,vst_GRSM_2017,D07,GRSM,GRSM_049,NEON.PLA.D07.GRSM.00814,single bole tree,11.2,130,11.4
3bcd2be1-e65d-4ec1-84f5-d7603dc12518,GRSM_049.basePlot.vst,2017-11-02,vst_GRSM_2017,D07,GRSM,GRSM_049,NEON.PLA.D07.GRSM.00855,single bole tree,21.6,130,13.1
b2c5f8d8-31c6-40d8-b35b-e0774fccdb6b,GRSM_049.basePlot.vst,2017-11-02,vst_GRSM_2017,D07,GRSM,GRSM_049,NEON.PLA.D07.GRSM.00845,single bole tree,10.3,130,4.7
9a42ae1c-1cc5-4a96-bfe6-25a2a466e986,GRSM_049.basePlot.vst,2017-11-02,vst_GRSM_2017,D07,GRSM,GRSM_049,NEON.PLA.D07.GRSM.00802,single bole tree,40.8,130,21.9
603d5bce-1bd6-4cf5-941d-ee40aea49e57,GRSM_049.basePlot.vst,2017-11-02,vst_GRSM_2017,D07,GRSM,GRSM_049,NEON.PLA.D07.GRSM.00846,single bole tree,15.5,130,10.8
18cb4a66-e8c8-41d7-bcb2-48a34cbd926f,GRSM_049.basePlot.vst,2017-11-02,vst_GRSM_2017,D07,GRSM,GRSM_049,NEON.PLA.D07.GRSM.00823A,multi-bole tree,15.7,130,15.5
d658045f-6285-49af-84fc-a95b51ef7503,GRSM_049.basePlot.vst,2017-11-02,vst_GRSM_2017,D07,GRSM,GRSM_049,NEON.PLA.D07.GRSM.00876,small tree,9.5,130,6.0
9fb75d78-6786-4ec3-af8d-04c77121c1d2,GRSM_049.basePlot.vst,2017-11-02,vst_GRSM_2017,D07,GRSM,GRSM_049,NEON.PLA.D07.GRSM.00864,single bole tree,31.8,130,16.2
34b9b05d-131f-4a82-916e-2c07777fb8af,GRSM_049.basePlot.vst,2017-11-02,vst_GRSM_2017,D07,GRSM,GRSM_049,NEON.PLA.D07.GRSM.00858,single bole tree,26.4,130,14.8
5d414abf-ca4f-42c1-b0db-0979848b6082,GRSM_049.basePlot.vst,2017-11-02,vst_GRSM_2017,D07,GRSM,GRSM_049,NEON.PLA.D07.GRSM.00856,single bole tree,14.5,130,6.6
6708c469-7efb-465c-a1fd-5e35f4739133,GRSM_049.basePlot.vst,2017-11-02,vst_GRSM_2017,D07,GRSM,GRSM_049,NEON.PLA.D07.GRSM.00818,single bole tree,17.7,130,8.3
3a91f114-438b-4333-9607-6aea035bd9f3,GRSM_049.basePlot.vst,2017-11-02,vst_GRSM_2017,D07,GRSM,GRSM_049,NEON.PLA.D07.GRSM.00849,small tree,9.8,130,5.6
c617efa9-cf32-4e69-aaf0-143369987f7a,GRSM_049.basePlot.vst,2017-11-02,vst_GRSM_2017,D07,GRSM,GRSM_049,NEON.PLA.D07.GRSM.00807,single bole tree,10.2,130,5.7
6c630e51-58d1-44b5-ba42-fff6dbb0a155,GRSM_049.basePlot.vst,2017-11-02,vst_GRSM_2017,D07,GRSM,GRSM_049,NEON.PLA.D07.GRSM.00806,NA,NA,NA,NA
cf5b6827-0211-418b-bf7d-ac5d32715721,GRSM_049.basePlot.vst,2017-11-02,vst_GRSM_2017,D07,GRSM,GRSM_049,NEON.PLA.D07.GRSM.00785,single bole tree,59.6,130,18.4
71bfe7fb-f81b-46e9-bf31-c9de06cce87d,GRSM_049.basePlot.vst,2017-11-02,vst_GRSM_2017,D07,GRSM,GRSM_049,NEON.PLA.D07.GRSM.00810,single bole tree,12.9,130,7.1
2140e1d4-813f-46c2-ad43-73aea02e00c3,GRSM_049.basePlot.vst,2017-11-02,vst_GRSM_2017,D07,GRSM,GRSM_049,NEON.PLA.D07.GRSM.00799,single bole tree,41.2,130,24.1
008d65c9-23be-47ac-be6d-647e6bbf592a,GRSM_049.basePlot.vst,2017-11-02,vst_GRSM_2017,D07,GRSM,GRSM_049,NEON.PLA.D07.GRSM.00843,single bole tree,10.4,130,5.0
9ae90c0d-42fa-4477-a176-47f58eeb84dc,GRSM_049.basePlot.vst,2017-11-02,vst_GRSM_2017,D07,GRSM,GRSM_049,NEON.PLA.D07.GRSM.00853,single bole tree,16.5,130,4.0
9033f50d-f84f-4563-bb25-7e53032c1c64,GRSM_049.basePlot.vst,2017-11-02,vst_GRSM_2017,D07,GRSM,GRSM_049,NEON.PLA.D07.GRSM.00872,single bole tree,22.5,130,2.1
70d25760-6b7b-4c16-955f-62ce03f12b18,GRSM_049.basePlot.vst,2017-11-02,vst_GRSM_2017,D07,GRSM,GRSM_049,NEON.PLA.D07.GRSM.00861,single bole tree,17.7,130,9.3
22146898-d6c6-473f-ad2a-4eaee3a46857,GRSM_049.basePlot.vst,2017-11-02,vst_GRSM_2017,D07,GRSM,GRSM_049,NEON.PLA.D07.GRSM.00800,single bole tree,34.0,130,21.5
6ba0d6f5-abd9-4c81-95dc-e27d3f7b470a,GRSM_049.basePlot.vst,2017-11-02,vst_GRSM_2017,D07,GRSM,GRSM_049,NEON.PLA.D07.GRSM.00798,single bole tree,20.8,130,6.9
8232c4f8-d392-498b-87e8-8b50e55753e3,GRSM_049.basePlot.vst,2017-11-02,vst_GRSM_2017,D07,GRSM,GRSM_049,NEON.PLA.D07.GRSM.00815,NA,NA,NA,NA
393d250d-caf4-49a6-b90c-bbd2d5eea2df,GRSM_049.basePlot.vst,2017-11-02,vst_GRSM_2017,D07,GRSM,GRSM_049,NEON.PLA.D07.GRSM.00857,single bole tree,18.5,130,13.5
bbb42f1e-23ad-42f3-a041-937cb3510df7,GRSM_049.basePlot.vst,2017-11-02,vst_GRSM_2017,D07,GRSM,GRSM_049,NEON.PLA.D07.GRSM.00808,single bole tree,19.8,130,15.3
d241b47c-a698-46d8-b45f-4762da928487,GRSM_049.basePlot.vst,2017-11-02,vst_GRSM_2017,D07,GRSM,GRSM_049,NEON.PLA.D07.GRSM.00817,single bole tree,50.8,130,22.5
b07667e5-03c1-47ea-b96d-c8cb183f5429,GRSM_049.basePlot.vst,2017-11-02,vst_GRSM_2017,D07,GRSM,GRSM_049,NEON.PLA.D07.GRSM.00811,single bole tree,19.4,130,12.3
b2260872-aac9-4722-a79e-4bbadaa1949b,GRSM_049.basePlot.vst,2017-11-02,vst_GRSM_2017,D07,GRSM,GRSM_049,NEON.PLA.D07.GRSM.00813A,multi-bole tree,31.2,130,21.6
92f11d02-300b-457d-8596-baa32bbfac76,GRSM_049.basePlot.vst,2017-11-02,vst_GRSM_2017,D07,GRSM,GRSM_049,NEON.PLA.D07.GRSM.00844,single bole tree,23.5,130,17.4
c43e68c3-99c6-49a3-95ce-ebc1cc59789b,GRSM_049.basePlot.vst,2017-11-02,vst_GRSM_2017,D07,GRSM,GRSM_049,NEON.PLA.D07.GRSM.00842,single bole tree,12.0,130,9.0
a80c74ca-3a2a-4028-adb6-8450aacde0e4,GRSM_049.basePlot.vst,2017-11-02,vst_GRSM_2017,D07,GRSM,GRSM_049,NEON.PLA.D07.GRSM.00847,single bole tree,12.5,130,12.6
a95b758e-4b9b-4532-b1a8-859829566619,GRSM_049.basePlot.vst,2017-11-02,vst_GRSM_2017,D07,GRSM,GRSM_049,NEON.PLA.D07.GRSM.00796,single bole tree,20.5,130,13.2
d1baf8ac-8bbf-4a42-b395-46af6e313e09,GRSM_049.basePlot.vst,2017-11-02,vst_GRSM_2017,D07,GRSM,GRSM_049,NEON.PLA.D07.GRSM.00804,single bole tree,13.4,130,9.0
bb72e25f-b3c8-4483-b58c-726bde0051a5,GRSM_049.basePlot.vst,2017-11-02,vst_GRSM_2017,D07,GRSM,GRSM_049,NEON.PLA.D07.GRSM.00812,single bole tree,18.2,130,10.9
9c3a4f91-06f8-452e-b469-12aa76010835,GRSM_049.basePlot.vst,2017-11-02,vst_GRSM_2017,D07,GRSM,GRSM_049,NEON.PLA.D07.GRSM.00863,single bole tree,14.9,130,12.3
b1e0a1a0-bbf5-41d5-bf51-688603cde319,GRSM_049.basePlot.vst,2017-11-02,vst_GRSM_2017,D07,GRSM,GRSM_049,NEON.PLA.D07.GRSM.00794,single bole tree,32.8,130,20.8
5a42fc82-f0fc-453d-b992-628ad0987335,GRSM_049.basePlot.vst,2017-11-02,vst_GRSM_2017,D07,GRSM,GRSM_049,NEON.PLA.D07.GRSM.00850,single bole tree,33.3,130,20.0
43458d97-5b2a-43cc-b788-e0433267c473,GRSM_049.basePlot.vst,2017-11-02,vst_GRSM_2017,D07,GRSM,GRSM_049,NEON.PLA.D07.GRSM.00801,single bole tree,41.6,130,24.7
1cf97940-b963-407e-8b9f-978afb861c44,GRSM_049.basePlot.vst,2017-11-02,vst_GRSM_2017,D07,GRSM,GRSM_049,NEON.PLA.D07.GRSM.00860,single bole tree,13.5,130,6.9
6eb77454-d956-4b1c-8d45-43035ec8249b,GRSM_049.basePlot.vst,2017-11-02,vst_GRSM_2017,D07,GRSM,GRSM_049,NEON.PLA.D07.GRSM.00813,multi-bole tree,39.1,130,21.6
fc67b4ec-a6da-47b9-9ee3-2e8547c29cbd,GRSM_049.basePlot.vst,2017-11-02,vst_GRSM_2017,D07,GRSM,GRSM_049,NEON.PLA.D07.GRSM.00816,single bole tree,41.6,130,25.6
006339cc-85a4-433c-b48f-5fdd7810fd1f,GRSM_062.basePlot.vst,2017-11-06,vst_GRSM_2017,D07,GRSM,GRSM_062,NEON.PLA.D07.GRSM.01747,NA,NA,NA,NA
fc279554-7545-4419-84e5-220db845bf5a,GRSM_062.basePlot.vst,2017-11-06,vst_GRSM_2017,D07,GRSM,GRSM_062,NEON.PLA.D07.GRSM.01667,single bole tree,18.3,130,9.8
716f6e29-01f2-4a21-96ea-3af7fed56a50,GRSM_062.basePlot.vst,2017-11-06,vst_GRSM_2017,D07,GRSM,GRSM_062,NEON.PLA.D07.GRSM.01722,single bole tree,14.4,130,1.2
0545eb94-7cf4-42b5-8aba-b3f5ec9a292b,GRSM_062.basePlot.vst,2017-11-06,vst_GRSM_2017,D07,GRSM,GRSM_062,NEON.PLA.D07.GRSM.01740,NA,NA,NA,NA
b1c8b3c7-b32e-4528-b4c2-ad7930c727fd,GRSM_062.basePlot.vst,2017-11-06,vst_GRSM_2017,D07,GRSM,GRSM_062,NEON.PLA.D07.GRSM.01680,NA,NA,NA,NA
bba33a9a-617b-44e3-9b33-f7abb06911da,GRSM_062.basePlot.vst,2017-11-06,vst_GRSM_2017,D07,GRSM,GRSM_062,NEON.PLA.D07.GRSM.03707,single bole tree,33.4,130,15.7
a8489aa9-d39f-4445-88d0-6fb816103856,GRSM_062.basePlot.vst,2017-11-06,vst_GRSM_2017,D07,GRSM,GRSM_062,NEON.PLA.D07.GRSM.01737,single bole tree,19.2,130,12.1
7ffe9892-8000-48fe-b72a-39eb40a78133,GRSM_062.basePlot.vst,2017-11-06,vst_GRSM_2017,D07,GRSM,GRSM_062,NEON.PLA.D07.GRSM.01684,single bole tree,10.9,130,4.7
ec66c1d7-9e49-4634-aad9-2231c5caf666,GRSM_062.basePlot.vst,2017-11-06,vst_GRSM_2017,D07,GRSM,GRSM_062,NEON.PLA.D07.GRSM.01676A,multi-bole tree,14.5,130,12.3
98ef83a2-74f4-434e-ae79-8aef3d3fb3b5,GRSM_062.basePlot.vst,2017-11-06,vst_GRSM_2017,D07,GRSM,GRSM_062,NEON.PLA.D07.GRSM.01674A,multi-bole tree,9.8,130,4.9
d056a996-090b-443c-bcd9-396d0416e01e,GRSM_062.basePlot.vst,2017-11-06,vst_GRSM_2017,D07,GRSM,GRSM_062,NEON.PLA.D07.GRSM.01725,NA,NA,NA,NA
44bacd5d-b216-4e6b-8234-a44f1839dca7,GRSM_062.basePlot.vst,2017-11-06,vst_GRSM_2017,D07,GRSM,GRSM_062,NEON.PLA.D07.GRSM.01726,NA,NA,NA,NA
f95e6e44-64a0-43f4-a6b3-733e01e27344,GRSM_062.basePlot.vst,2017-11-06,vst_GRSM_2017,D07,GRSM,GRSM_062,NEON.PLA.D07.GRSM.01669,single bole tree,19.8,130,10.4
83933f7b-4f54-4971-b490-6fd9688d1b63,GRSM_062.basePlot.vst,2017-11-06,vst_GRSM_2017,D07,GRSM,GRSM_062,NEON.PLA.D07.GRSM.01724,single bole tree,10.8,130,5.2
0c596386-b6de-439a-b3e1-38bcb02ca4dd,GRSM_062.basePlot.vst,2017-11-06,vst_GRSM_2017,D07,GRSM,GRSM_062,NEON.PLA.D07.GRSM.01665,NA,NA,NA,NA
09b93632-c350-4ab1-928a-6d3e49e18158,GRSM_062.basePlot.vst,2017-11-06,vst_GRSM_2017,D07,GRSM,GRSM_062,NEON.PLA.D07.GRSM.01742,single bole tree,19.2,130,11.4
3af91b63-8985-4be3-9b33-6c74b8faac26,GRSM_062.basePlot.vst,2017-11-06,vst_GRSM_2017,D07,GRSM,GRSM_062,NEON.PLA.D07.GRSM.01729,single bole tree,14.7,130,10.2
06e43dfc-8925-400e-8b8d-6d0c27b53602,GRSM_062.basePlot.vst,2017-11-06,vst_GRSM_2017,D07,GRSM,GRSM_062,NEON.PLA.D07.GRSM.01681,single bole tree,11.0,130,6.1
b75fdfff-61c3-4683-a17e-6ed0d85eff58,GRSM_062.basePlot.vst,2017-11-06,vst_GRSM_2017,D07,GRSM,GRSM_062,NEON.PLA.D07.GRSM.01723,single bole tree,10.7,130,8.7
850ea9e6-2337-42cb-9e10-95385b88f82b,GRSM_062.basePlot.vst,2017-11-06,vst_GRSM_2017,D07,GRSM,GRSM_062,NEON.PLA.D07.GRSM.01735,NA,NA,NA,NA
91e8e934-ef4f-4f72-8151-e28512667293,GRSM_062.basePlot.vst,2017-11-06,vst_GRSM_2017,D07,GRSM,GRSM_062,NEON.PLA.D07.GRSM.01741A,multi-bole tree,11.9,130,6.8
a91306eb-e0f1-4cea-91a2-cd8be1ccfbc5,GRSM_062.basePlot.vst,2017-11-06,vst_GRSM_2017,D07,GRSM,GRSM_062,NEON.PLA.D07.GRSM.01739,single bole tree,27.9,130,15.3
10fbcec8-22cd-4acf-8e99-a7e898fd8b97,GRSM_062.basePlot.vst,2017-11-06,vst_GRSM_2017,D07,GRSM,GRSM_062,NEON.PLA.D07.GRSM.01728,single bole tree,17.5,130,10.3
1c0641e8-105e-497f-9e4b-c2145d6d0062,GRSM_062.basePlot.vst,2017-11-06,vst_GRSM_2017,D07,GRSM,GRSM_062,NEON.PLA.D07.GRSM.01732,single bole tree,12.5,130,8.6
b2882a19-28a7-4d04-ac30-c0f0299fa5dd,GRSM_062.basePlot.vst,2017-11-06,vst_GRSM_2017,D07,GRSM,GRSM_062,NEON.PLA.D07.GRSM.01666,single bole tree,11.9,130,10.4
ec785ff5-5815-4246-8a0c-11f6c324bc22,GRSM_062.basePlot.vst,2017-11-06,vst_GRSM_2017,D07,GRSM,GRSM_062,NEON.PLA.D07.GRSM.01663,single bole tree,14.6,130,10.9
85e3be19-6b86-4c4c-a68c-727be9d466de,GRSM_062.basePlot.vst,2017-11-06,vst_GRSM_2017,D07,GRSM,GRSM_062,NEON.PLA.D07.GRSM.01675,single bole tree,51.4,130,15.9
52486f77-acfb-4d8e-9545-ac804768656f,GRSM_062.basePlot.vst,2017-11-06,vst_GRSM_2017,D07,GRSM,GRSM_062,NEON.PLA.D07.GRSM.01668,single bole tree,31.4,130,18.8
aaffa19f-0d0d-4950-b232-628576ac72f1,GRSM_062.basePlot.vst,2017-11-06,vst_GRSM_2017,D07,GRSM,GRSM_062,NEON.PLA.D07.GRSM.01745,single bole tree,19.7,130,13.3
6e8cf324-b91e-4ba9-abd9-f5223ff84ed2,GRSM_062.basePlot.vst,2017-11-06,vst_GRSM_2017,D07,GRSM,GRSM_062,NEON.PLA.D07.GRSM.01682,single bole tree,13.4,130,11.3
4eb88c88-b4a6-4a05-84ed-89a541d44459,GRSM_062.basePlot.vst,2017-11-06,vst_GRSM_2017,D07,GRSM,GRSM_062,NEON.PLA.D07.GRSM.01741,multi-bole tree,14.8,130,6.8
4d2a5315-bee4-452f-b430-ea7a59679df6,GRSM_062.basePlot.vst,2017-11-06,vst_GRSM_2017,D07,GRSM,GRSM_062,NEON.PLA.D07.GRSM.01720,single bole tree,18.5,130,7.5
6a3c968f-19aa-4499-99a7-ec09890702c2,GRSM_062.basePlot.vst,2017-11-06,vst_GRSM_2017,D07,GRSM,GRSM_062,NEON.PLA.D07.GRSM.01727,single bole tree,14.9,130,9.2
6243d895-93ab-48c7-9d17-6cb97cc78c8f,GRSM_062.basePlot.vst,2017-11-06,vst_GRSM_2017,D07,GRSM,GRSM_062,NEON.PLA.D07.GRSM.01676,multi-bole tree,20.4,130,12.3
1a78a952-3c82-4911-86ae-c89ab1958139,GRSM_062.basePlot.vst,2017-11-06,vst_GRSM_2017,D07,GRSM,GRSM_062,NEON.PLA.D07.GRSM.01721,single bole tree,11.1,135,2.9
23bd0c93-215e-4c39-81a6-82ba467bb9c9,GRSM_062.basePlot.vst,2017-11-06,vst_GRSM_2017,D07,GRSM,GRSM_062,NEON.PLA.D07.GRSM.01679,single bole tree,11.5,130,7.7
a1306d72-411e-499a-ba09-1acf057066f8,GRSM_062.basePlot.vst,2017-11-06,vst_GRSM_2017,D07,GRSM,GRSM_062,NEON.PLA.D07.GRSM.01671,NA,NA,NA,NA
c9750c19-bf13-4a74-bbc9-aea3ddcd4d06,GRSM_062.basePlot.vst,2017-11-06,vst_GRSM_2017,D07,GRSM,GRSM_062,NEON.PLA.D07.GRSM.03687,single bole tree,13.3,130,7.8
97ba8a3f-49ac-430f-b9a6-1be4f62d23e6,GRSM_062.basePlot.vst,2017-11-06,vst_GRSM_2017,D07,GRSM,GRSM_062,NEON.PLA.D07.GRSM.01730,single bole tree,16.2,130,20.0
fcd40e78-87fa-4486-afcb-25e9e034e423,GRSM_062.basePlot.vst,2017-11-06,vst_GRSM_2017,D07,GRSM,GRSM_062,NEON.PLA.D07.GRSM.01690,single bole tree,12.0,130,5.1
d88a6d67-57e1-4501-a85d-75177db086cd,GRSM_062.basePlot.vst,2017-11-06,vst_GRSM_2017,D07,GRSM,GRSM_062,NEON.PLA.D07.GRSM.03701,single shrub,1.8,130,1.0
ae42e70c-ab94-412c-a81f-76329a9b7955,GRSM_062.basePlot.vst,2017-11-06,vst_GRSM_2017,D07,GRSM,GRSM_062,NEON.PLA.D07.GRSM.01746,single bole tree,38.0,130,16.5
8440aded-c156-468e-a65c-d1be15f8f3d8,GRSM_062.basePlot.vst,2017-11-06,vst_GRSM_2017,D07,GRSM,GRSM_062,NEON.PLA.D07.GRSM.01734,NA,NA,NA,NA
85b8080a-2850-4151-91a2-1416d528a72a,GRSM_062.basePlot.vst,2017-11-06,vst_GRSM_2017,D07,GRSM,GRSM_062,NEON.PLA.D07.GRSM.01673,single bole tree,14.2,130,6.3
b77aa093-84b4-4511-a43b-b2eb998bc7eb,GRSM_062.basePlot.vst,2017-11-06,vst_GRSM_2017,D07,GRSM,GRSM_062,NEON.PLA.D07.GRSM.01672,NA,NA,NA,NA
e30920ab-f1a1-45ea-869e-b793932301f8,GRSM_062.basePlot.vst,2017-11-06,vst_GRSM_2017,D07,GRSM,GRSM_062,NEON.PLA.D07.GRSM.01677,single bole tree,18.6,130,10.6
4563f806-5518-40ac-9b91-799929a06192,GRSM_062.basePlot.vst,2017-11-06,vst_GRSM_2017,D07,GRSM,GRSM_062,NEON.PLA.D07.GRSM.01642,single bole tree,15.5,130,11.4
27d56a33-c349-45f6-ab88-7fa5efd3252c,GRSM_062.basePlot.vst,2017-11-06,vst_GRSM_2017,D07,GRSM,GRSM_062,NEON.PLA.D07.GRSM.01738,single bole tree,16.7,130,10.7
86168405-d71b-41bc-8167-d9da43e4207d,GRSM_062.basePlot.vst,2017-11-06,vst_GRSM_2017,D07,GRSM,GRSM_062,NEON.PLA.D07.GRSM.01674,multi-bole tree,11.1,130,4.9
12468c70-accf-4845-9df1-24fead6b1742,GRSM_062.basePlot.vst,2017-11-06,vst_GRSM_2017,D07,GRSM,GRSM_062,NEON.PLA.D07.GRSM.01683,single bole tree,16.6,130,11.3
187e2ccb-90b0-4b77-b733-7c2f42e0abe7,GRSM_062.basePlot.vst,2017-11-06,vst_GRSM_2017,D07,GRSM,GRSM_062,NEON.PLA.D07.GRSM.01731,single bole tree,21.4,130,20.9
6cff90c3-6f4a-4203-8e75-08a9e5f326f7,GRSM_062.basePlot.vst,2017-11-06,vst_GRSM_2017,D07,GRSM,GRSM_062,NEON.PLA.D07.GRSM.01744,small tree,9.4,130,5.9
322a13ae-9451-454f-a5d8-9a90d64eeec9,GRSM_062.basePlot.vst,2017-11-06,vst_GRSM_2017,D07,GRSM,GRSM_062,NEON.PLA.D07.GRSM.01743,single bole tree,14.9,130,11.9
d85ce37c-e680-4607-bb48-973de5e95f15,GRSM_062.basePlot.vst,2017-11-06,vst_GRSM_2017,D07,GRSM,GRSM_062,NEON.PLA.D07.GRSM.01736,single bole tree,17.2,130,8.5
8468b9a4-8b4d-4065-ace4-d9ab7247d75c,GRSM_062.basePlot.vst,2017-11-06,vst_GRSM_2017,D07,GRSM,GRSM_062,NEON.PLA.D07.GRSM.01664,NA,NA,NA,NA
17e81c62-9f0a-4d62-97c9-97558acf109a,GRSM_057.basePlot.vst,2017-11-07,vst_GRSM_2017,D07,GRSM,GRSM_057,NEON.PLA.D07.GRSM.00105,single bole tree,12.0,130,12.4
c0f62a79-4735-4741-a4df-5d549ed82acf,GRSM_057.basePlot.vst,2017-11-07,vst_GRSM_2017,D07,GRSM,GRSM_057,NEON.PLA.D07.GRSM.00043,single bole tree,56.2,130,35.5
13f3bd4c-855a-47df-9d08-d4603cb8e9ee,GRSM_057.basePlot.vst,2017-11-07,vst_GRSM_2017,D07,GRSM,GRSM_057,NEON.PLA.D07.GRSM.00095,single bole tree,10.5,130,6.4
650abb0a-73f3-4bcb-b219-20a1687ead7e,GRSM_057.basePlot.vst,2017-11-07,vst_GRSM_2017,D07,GRSM,GRSM_057,NEON.PLA.D07.GRSM.00048,single bole tree,45.3,130,27.6
5ec3e65a-d752-48de-b299-2b3a980961ae,GRSM_057.basePlot.vst,2017-11-07,vst_GRSM_2017,D07,GRSM,GRSM_057,NEON.PLA.D07.GRSM.00070,multi-bole tree,64.6,170,32.1
ad1ac055-482f-419d-a3f4-82b53e1b3478,GRSM_057.basePlot.vst,2017-11-07,vst_GRSM_2017,D07,GRSM,GRSM_057,NEON.PLA.D07.GRSM.00040,single bole tree,53.3,130,36.5
e738d06e-2bb9-4e2e-b79b-d5d67a21df01,GRSM_057.basePlot.vst,2017-11-07,vst_GRSM_2017,D07,GRSM,GRSM_057,NEON.PLA.D07.GRSM.00091,single bole tree,42.4,130,27.1
76582377-7c5c-4375-8365-137858c507e3,GRSM_057.basePlot.vst,2017-11-07,vst_GRSM_2017,D07,GRSM,GRSM_057,NEON.PLA.D07.GRSM.00034,single bole tree,63.6,130,33.1
e7a91949-7aeb-4304-b5b4-fb91ab51d492,GRSM_057.basePlot.vst,2017-11-07,vst_GRSM_2017,D07,GRSM,GRSM_057,NEON.PLA.D07.GRSM.00076,single bole tree,37.6,130,18.1
db1378f8-f5c3-492d-8ef8-1eb3df32fadb,GRSM_057.basePlot.vst,2017-11-07,vst_GRSM_2017,D07,GRSM,GRSM_057,NEON.PLA.D07.GRSM.00010,single bole tree,15.7,130,9.4
63ebbca8-27e2-43e7-9b28-25fada1f0a34,GRSM_057.basePlot.vst,2017-11-07,vst_GRSM_2017,D07,GRSM,GRSM_057,NEON.PLA.D07.GRSM.00075,NA,NA,NA,NA
9a78b89a-f3c3-44dd-a851-7b9476ccca02,GRSM_057.basePlot.vst,2017-11-07,vst_GRSM_2017,D07,GRSM,GRSM_057,NEON.PLA.D07.GRSM.00042,single bole tree,16.5,130,18.0
21f2e072-3bd2-426c-9cca-6fa3b666f906,GRSM_057.basePlot.vst,2017-11-07,vst_GRSM_2017,D07,GRSM,GRSM_057,NEON.PLA.D07.GRSM.00099,single bole tree,25.6,130,18.6
4160e358-41f8-42cb-a709-6d79e30cdfa5,GRSM_057.basePlot.vst,2017-11-07,vst_GRSM_2017,D07,GRSM,GRSM_057,NEON.PLA.D07.GRSM.00041,single bole tree,11.5,130,7.4
cc717616-a609-4aa6-87a1-a3767527d63b,GRSM_057.basePlot.vst,2017-11-07,vst_GRSM_2017,D07,GRSM,GRSM_057,NEON.PLA.D07.GRSM.00071,single bole tree,15.1,130,7.8
db506d2d-c428-4bca-a265-a9e068c0b9bd,GRSM_057.basePlot.vst,2017-11-07,vst_GRSM_2017,D07,GRSM,GRSM_057,NEON.PLA.D07.GRSM.00001,single bole tree,13.6,130,5.0
2054cc75-471a-4b46-9d58-ef69196fd639,GRSM_057.basePlot.vst,2017-11-07,vst_GRSM_2017,D07,GRSM,GRSM_057,NEON.PLA.D07.GRSM.00077,single bole tree,11.5,130,10.2
3f75a33f-1609-4523-95e6-26ef15a20ff1,GRSM_057.basePlot.vst,2017-11-07,vst_GRSM_2017,D07,GRSM,GRSM_057,NEON.PLA.D07.GRSM.00078,single bole tree,44.5,130,28.4
6305e99e-c470-4c95-b450-8d5e38aaec67,GRSM_057.basePlot.vst,2017-11-07,vst_GRSM_2017,D07,GRSM,GRSM_057,NEON.PLA.D07.GRSM.00032,single bole tree,43.0,130,19.5
a410f14e-431b-419c-bdf8-c654383d1333,GRSM_057.basePlot.vst,2017-11-07,vst_GRSM_2017,D07,GRSM,GRSM_057,NEON.PLA.D07.GRSM.00029,single bole tree,63.0,130,24.7
b79a95c0-89c5-46b4-9767-2dc0f19a8f73,GRSM_057.basePlot.vst,2017-11-07,vst_GRSM_2017,D07,GRSM,GRSM_057,NEON.PLA.D07.GRSM.00045,single bole tree,32.9,130,23.8
7d788f20-b574-4a58-9a60-1eb7577cde53,GRSM_057.basePlot.vst,2017-11-07,vst_GRSM_2017,D07,GRSM,GRSM_057,NEON.PLA.D07.GRSM.00046,single bole tree,36.9,130,35.7
2dbb6691-3156-4e4f-8c0f-106ebe9d963d,GRSM_057.basePlot.vst,2017-11-07,vst_GRSM_2017,D07,GRSM,GRSM_057,NEON.PLA.D07.GRSM.00044,single bole tree,16.5,130,13.3
7e07fe04-aa3d-49b0-a406-44eea9f5c2ef,GRSM_057.basePlot.vst,2017-11-07,vst_GRSM_2017,D07,GRSM,GRSM_057,NEON.PLA.D07.GRSM.00047,single bole tree,61.5,130,37.9
bad445cf-0307-4a39-a1ad-79d5a0393131,GRSM_057.basePlot.vst,2017-11-07,vst_GRSM_2017,D07,GRSM,GRSM_057,NEON.PLA.D07.GRSM.00024,single bole tree,23.8,130,9.1
84706799-32a6-4cab-b682-125627028afc,GRSM_057.basePlot.vst,2017-11-07,vst_GRSM_2017,D07,GRSM,GRSM_057,NEON.PLA.D07.GRSM.00031,multi-bole tree,29.8,135,28.8
ff969bbf-2e6a-43e2-9e65-7f066a4bdb05,GRSM_057.basePlot.vst,2017-11-07,vst_GRSM_2017,D07,GRSM,GRSM_057,NEON.PLA.D07.GRSM.00074,single bole tree,17.9,130,10.4
4339f75c-01ca-418b-87c7-7d1bcd859a1c,GRSM_057.basePlot.vst,2017-11-07,vst_GRSM_2017,D07,GRSM,GRSM_057,NEON.PLA.D07.GRSM.00082,single bole tree,15.2,130,19.5
705b66f0-a03b-4666-a97c-ece1b6ace2cf,GRSM_057.basePlot.vst,2017-11-07,vst_GRSM_2017,D07,GRSM,GRSM_057,NEON.PLA.D07.GRSM.00079,single bole tree,66.9,130,34.9
4d861e6e-ff53-4894-ac88-4d90a1636f25,GRSM_057.basePlot.vst,2017-11-07,vst_GRSM_2017,D07,GRSM,GRSM_057,NEON.PLA.D07.GRSM.00002,single bole tree,24.2,130,16.3
60235c60-5f48-4e49-9212-7ef4b5bad632,GRSM_057.basePlot.vst,2017-11-07,vst_GRSM_2017,D07,GRSM,GRSM_057,NEON.PLA.D07.GRSM.00072,single bole tree,28.5,130,14.6
5b8b9fe0-9504-48db-93b1-0f6e16abde1b,GRSM_057.basePlot.vst,2017-11-07,vst_GRSM_2017,D07,GRSM,GRSM_057,NEON.PLA.D07.GRSM.00073,single bole tree,72.1,130,36.0
90e19720-fd36-4817-93c3-07459ceb2916,GRSM_047.basePlot.vst,2017-11-08,vst_GRSM_2017,D07,GRSM,GRSM_047,NEON.PLA.D07.GRSM.01335,single bole tree,27.2,130,2.9
0c96a30a-d48e-4ed5-85fe-d40db5a42f1a,GRSM_047.basePlot.vst,2017-11-08,vst_GRSM_2017,D07,GRSM,GRSM_047,NEON.PLA.D07.GRSM.01339,single bole tree,26.1,130,12.3
2a2a7d07-7f60-44df-b4ef-fd9c4eecd586,GRSM_047.basePlot.vst,2017-11-08,vst_GRSM_2017,D07,GRSM,GRSM_047,NEON.PLA.D07.GRSM.01275,multi-bole tree,11.5,130,6.1
d59e5153-d35c-4a25-b270-1e9244114831,GRSM_047.basePlot.vst,2017-11-08,vst_GRSM_2017,D07,GRSM,GRSM_047,NEON.PLA.D07.GRSM.01341,multi-bole tree,11.1,130,9.6
446854ae-84eb-4845-8919-ec6089d86cef,GRSM_047.basePlot.vst,2017-11-08,vst_GRSM_2017,D07,GRSM,GRSM_047,NEON.PLA.D07.GRSM.01281,single bole tree,16.9,130,8.1
bda890cb-37a9-42b9-b291-33f4d2a5b144,GRSM_047.basePlot.vst,2017-11-08,vst_GRSM_2017,D07,GRSM,GRSM_047,NEON.PLA.D07.GRSM.01321,single bole tree,14.7,130,7.7
2eeeb42f-0496-4cbf-bba8-6c2379884a2d,GRSM_047.basePlot.vst,2017-11-08,vst_GRSM_2017,D07,GRSM,GRSM_047,NEON.PLA.D07.GRSM.01269A,multi-bole tree,15.0,130,12.9
97587223-b17c-41f4-a261-be5115a55b9e,GRSM_047.basePlot.vst,2017-11-08,vst_GRSM_2017,D07,GRSM,GRSM_047,NEON.PLA.D07.GRSM.01328,single bole tree,25.0,130,15.4
9011d8e2-d052-4c43-98f8-2e2256d671d4,GRSM_047.basePlot.vst,2017-11-08,vst_GRSM_2017,D07,GRSM,GRSM_047,NEON.PLA.D07.GRSM.01326,single bole tree,19.4,130,10.6
45ebae73-916c-484b-bfaf-3d569a984fc9,GRSM_047.basePlot.vst,2017-11-08,vst_GRSM_2017,D07,GRSM,GRSM_047,NEON.PLA.D07.GRSM.01327,single bole tree,36.2,130,14.6
d8b76567-94c0-47bc-a32c-f3699b5f251f,GRSM_047.basePlot.vst,2017-11-08,vst_GRSM_2017,D07,GRSM,GRSM_047,NEON.PLA.D07.GRSM.01282,single bole tree,14.5,130,5.2
56fc2f07-a897-43e2-a163-bf2ea8e2b180,GRSM_047.basePlot.vst,2017-11-08,vst_GRSM_2017,D07,GRSM,GRSM_047,NEON.PLA.D07.GRSM.01245,single bole tree,13.8,130,10.0
29609d49-1c2b-423f-9165-2e82ffa41d6b,GRSM_047.basePlot.vst,2017-11-08,vst_GRSM_2017,D07,GRSM,GRSM_047,NEON.PLA.D07.GRSM.01325,single bole tree,16.4,130,5.4
5f9655dc-b294-4af7-81f5-662fd962f4b3,GRSM_047.basePlot.vst,2017-11-08,vst_GRSM_2017,D07,GRSM,GRSM_047,NEON.PLA.D07.GRSM.01271,single bole tree,13.2,130,8.4
90eed579-1125-446f-8f7f-08bfaebe4702,GRSM_047.basePlot.vst,2017-11-08,vst_GRSM_2017,D07,GRSM,GRSM_047,NEON.PLA.D07.GRSM.01280,single bole tree,19.1,130,8.5
2523c079-dd34-4763-8146-8e66f7d3d74c,GRSM_047.basePlot.vst,2017-11-08,vst_GRSM_2017,D07,GRSM,GRSM_047,NEON.PLA.D07.GRSM.01322,single bole tree,14.2,130,7.1
0e320932-c8ee-4dd2-bd75-113045d51367,GRSM_047.basePlot.vst,2017-11-08,vst_GRSM_2017,D07,GRSM,GRSM_047,NEON.PLA.D07.GRSM.01277,single bole tree,15.2,130,8.4
b74dedc3-72e1-4a2e-aa7b-380f598c7c59,GRSM_047.basePlot.vst,2017-11-08,vst_GRSM_2017,D07,GRSM,GRSM_047,NEON.PLA.D07.GRSM.01269,multi-bole tree,34.5,130,12.9
15def351-bcaa-4b9e-b5f0-db2b5d869d4c,GRSM_047.basePlot.vst,2017-11-08,vst_GRSM_2017,D07,GRSM,GRSM_047,NEON.PLA.D07.GRSM.01334,single bole tree,16.0,130,8.5
3c531e0d-6b17-47f0-80f2-abbadc73434c,GRSM_047.basePlot.vst,2017-11-08,vst_GRSM_2017,D07,GRSM,GRSM_047,NEON.PLA.D07.GRSM.01331,multi-bole tree,25.5,130,10.6
eb5e01c0-593b-47a9-86e8-b7affbeddcfe,GRSM_047.basePlot.vst,2017-11-08,vst_GRSM_2017,D07,GRSM,GRSM_047,NEON.PLA.D07.GRSM.01290,single bole tree,21.1,130,2.1
c370f798-ac50-434b-a2b6-97c5efdf475d,GRSM_047.basePlot.vst,2017-11-08,vst_GRSM_2017,D07,GRSM,GRSM_047,NEON.PLA.D07.GRSM.01276,single bole tree,15.8,130,5.3
68a143c6-1efd-4ed3-9726-ca6fab3c441c,GRSM_047.basePlot.vst,2017-11-08,vst_GRSM_2017,D07,GRSM,GRSM_047,NEON.PLA.D07.GRSM.01274,single bole tree,14.5,130,10.8
22b88504-d200-4758-9ceb-a00e86025cf8,GRSM_047.basePlot.vst,2017-11-08,vst_GRSM_2017,D07,GRSM,GRSM_047,NEON.PLA.D07.GRSM.01336,multi-bole tree,39.5,130,14.1
dac4f20c-b87c-4e0d-8682-92ef96f8bdf7,GRSM_047.basePlot.vst,2017-11-08,vst_GRSM_2017,D07,GRSM,GRSM_047,NEON.PLA.D07.GRSM.01332,single bole tree,15.7,130,10.8
1943918c-d941-40cc-bed8-a501d4119837,GRSM_047.basePlot.vst,2017-11-08,vst_GRSM_2017,D07,GRSM,GRSM_047,NEON.PLA.D07.GRSM.01307,single bole tree,28.4,130,10.7
1b7bd945-bc9a-43bd-883a-a34fffc12e7c,GRSM_047.basePlot.vst,2017-11-08,vst_GRSM_2017,D07,GRSM,GRSM_047,NEON.PLA.D07.GRSM.01270,single bole tree,33.0,130,12.7
3db2285b-a072-4ae0-acea-e2019db419bb,GRSM_047.basePlot.vst,2017-11-08,vst_GRSM_2017,D07,GRSM,GRSM_047,NEON.PLA.D07.GRSM.01292,single bole tree,11.3,130,5.6
883e056f-f87d-47e3-a25e-8e31e312bc0d,GRSM_047.basePlot.vst,2017-11-08,vst_GRSM_2017,D07,GRSM,GRSM_047,NEON.PLA.D07.GRSM.01319,single bole tree,20.8,130,4.3
36fb7043-468a-4f19-a508-c41b5ff58366,GRSM_047.basePlot.vst,2017-11-08,vst_GRSM_2017,D07,GRSM,GRSM_047,NEON.PLA.D07.GRSM.01278,single bole tree,18.6,130,5.2
f94e73a7-91d9-400f-9340-daff40bbe684,GRSM_047.basePlot.vst,2017-11-08,vst_GRSM_2017,D07,GRSM,GRSM_047,NEON.PLA.D07.GRSM.01333,single bole tree,24.3,130,15.8
9831a1e2-c26d-4938-b7a0-b8092fd5c214,GRSM_047.basePlot.vst,2017-11-08,vst_GRSM_2017,D07,GRSM,GRSM_047,NEON.PLA.D07.GRSM.01285,single bole tree,15.7,130,5.4
9cb3a493-621f-43e6-9cce-f9fab8fc2644,GRSM_047.basePlot.vst,2017-11-08,vst_GRSM_2017,D07,GRSM,GRSM_047,NEON.PLA.D07.GRSM.01287,single bole tree,23.8,130,8.9
e83e46bd-3abf-40c1-b539-142d01a7a667,GRSM_047.basePlot.vst,2017-11-08,vst_GRSM_2017,D07,GRSM,GRSM_047,NEON.PLA.D07.GRSM.01289,single bole tree,45.0,130,13.8
80cf4f3c-044d-42f1-bf98-ab6d280f4f63,GRSM_047.basePlot.vst,2017-11-08,vst_GRSM_2017,D07,GRSM,GRSM_047,NEON.PLA.D07.GRSM.01286,single bole tree,15.6,130,9.8
306d9995-327a-4391-8991-90844a375383,GRSM_047.basePlot.vst,2017-11-08,vst_GRSM_2017,D07,GRSM,GRSM_047,NEON.PLA.D07.GRSM.01323,single bole tree,14.7,130,9.9
74e9a60e-23d4-437b-94fb-b8029dc991cc,GRSM_047.basePlot.vst,2017-11-08,vst_GRSM_2017,D07,GRSM,GRSM_047,NEON.PLA.D07.GRSM.01330,single bole tree,11.2,130,7.0
a42b0cdb-e11e-4a8f-8647-c8d8f397ac63,GRSM_047.basePlot.vst,2017-11-08,vst_GRSM_2017,D07,GRSM,GRSM_047,NEON.PLA.D07.GRSM.01279,single bole tree,11.5,130,7.4
dbb6c916-f4e9-47fb-ba92-b2be7adde362,GRSM_047.basePlot.vst,2017-11-08,vst_GRSM_2017,D07,GRSM,GRSM_047,NEON.PLA.D07.GRSM.01324,single bole tree,11.8,130,6.3
66fe87ab-6821-4a28-a872-1908e7addb7b,GRSM_047.basePlot.vst,2017-11-08,vst_GRSM_2017,D07,GRSM,GRSM_047,NEON.PLA.D07.GRSM.01283,multi-bole tree,12.0,130,6.5
ee8ffbb2-5a35-4d45-847e-283a3d370e52,GRSM_047.basePlot.vst,2017-11-08,vst_GRSM_2017,D07,GRSM,GRSM_047,NEON.PLA.D07.GRSM.01264,NA,NA,NA,NA
40a16369-6ac1-4191-ad9c-e22a1e4c84af,GRSM_047.basePlot.vst,2017-11-08,vst_GRSM_2017,D07,GRSM,GRSM_047,NEON.PLA.D07.GRSM.01329,single bole tree,14.5,130,9.6
11d49c82-080c-4ace-9dbb-c23ae9ccddd1,GRSM_047.basePlot.vst,2017-11-08,vst_GRSM_2017,D07,GRSM,GRSM_047,NEON.PLA.D07.GRSM.01294,single bole tree,12.5,130,7.6
fe75e1b8-8618-4871-9560-7b5d976451ab,GRSM_047.basePlot.vst,2017-11-08,vst_GRSM_2017,D07,GRSM,GRSM_047,NEON.PLA.D07.GRSM.01295,single bole tree,15.1,130,7.7
84cefd07-9440-46c9-8624-82305b21d03d,GRSM_047.basePlot.vst,2017-11-08,vst_GRSM_2017,D07,GRSM,GRSM_047,NEON.PLA.D07.GRSM.01296,single bole tree,14.0,130,9.0
b3bf9886-78cb-4d42-80ba-03fe7f94cb48,GRSM_047.basePlot.vst,2017-11-08,vst_GRSM_2017,D07,GRSM,GRSM_047,NEON.PLA.D07.GRSM.01250,single bole tree,45.6,130,2.3
ee2d4fc9-3303-4bba-ae64-182e771da4ea,GRSM_047.basePlot.vst,2017-11-08,vst_GRSM_2017,D07,GRSM,GRSM_047,NEON.PLA.D07.GRSM.01268,NA,NA,NA,NA
f4dc1e85-1386-464d-8cea-c625d1ecfa05,GRSM_047.basePlot.vst,2017-11-08,vst_GRSM_2017,D07,GRSM,GRSM_047,NEON.PLA.D07.GRSM.01293,single bole tree,10.4,130,6.0
cad6d034-460c-45d4-8acb-918a53b57b60,GRSM_047.basePlot.vst,2017-11-08,vst_GRSM_2017,D07,GRSM,GRSM_047,NEON.PLA.D07.GRSM.01293,NA,NA,NA,NA
7efac3ca-acd2-43a8-a2e8-f4c32b28ff5d,GRSM_047.basePlot.vst,2017-11-08,vst_GRSM_2017,D07,GRSM,GRSM_047,NEON.PLA.D07.GRSM.01273,single bole tree,10.8,130,4.9
b6439fd0-8052-469f-9ff3-d3f6c32f4508,GRSM_047.basePlot.vst,2017-11-08,vst_GRSM_2017,D07,GRSM,GRSM_047,NEON.PLA.D07.GRSM.01251,single bole tree,10.8,130,5.2
c0a838c6-ec28-4f90-a384-6dd35149e219,GRSM_047.basePlot.vst,2017-11-08,vst_GRSM_2017,D07,GRSM,GRSM_047,NEON.PLA.D07.GRSM.01291,single bole tree,10.3,130,7.7
b465591c-2102-4f03-ac15-d0ee2439e1c6,GRSM_059.basePlot.vst,2017-11-14,vst_GRSM_2017,D07,GRSM,GRSM_059,NEON.PLA.D07.GRSM.00377,single bole tree,24.6,130,13.1
2a1805c8-e55d-438a-8fe1-c366e504fe73,GRSM_059.basePlot.vst,2017-11-14,vst_GRSM_2017,D07,GRSM,GRSM_059,NEON.PLA.D07.GRSM.00374,multi-bole tree,43.5,160,21.9
929a5528-11bd-4525-b78e-0ff0e90cae86,GRSM_051.basePlot.vst,2017-11-14,vst_GRSM_2017,D07,GRSM,GRSM_051,NEON.PLA.D07.GRSM.02016,single bole tree,30.3,130,15.9
352f5a3d-1b60-451a-bea0-08c9ee885dd8,GRSM_059.basePlot.vst,2017-11-14,vst_GRSM_2017,D07,GRSM,GRSM_059,NEON.PLA.D07.GRSM.00371,single bole tree,11.4,130,10.3
95538279-80d4-4a7f-8dff-f2e6dad9ea02,GRSM_059.basePlot.vst,2017-11-14,vst_GRSM_2017,D07,GRSM,GRSM_059,NEON.PLA.D07.GRSM.00394,single bole tree,32.9,130,17.6
93821e12-d3cd-455a-b5c8-2eb168098623,GRSM_059.basePlot.vst,2017-11-14,vst_GRSM_2017,D07,GRSM,GRSM_059,NEON.PLA.D07.GRSM.00359,single bole tree,13.1,130,7.9
51b7a215-7df0-4de6-adc7-a27ddad47934,GRSM_051.basePlot.vst,2017-11-14,vst_GRSM_2017,D07,GRSM,GRSM_051,NEON.PLA.D07.GRSM.01981,NA,NA,NA,NA
a3911be6-b7cb-4d55-b0b0-f16c361d2fe6,GRSM_051.basePlot.vst,2017-11-14,vst_GRSM_2017,D07,GRSM,GRSM_051,NEON.PLA.D07.GRSM.02065,single bole tree,13.8,130,7.9
053d6a03-0c09-4ddb-82c1-67fcb4217887,GRSM_059.basePlot.vst,2017-11-14,vst_GRSM_2017,D07,GRSM,GRSM_059,NEON.PLA.D07.GRSM.00401,single bole tree,13.9,130,11.4
5fbe73f8-fb61-47a4-b49a-8bfb57aef52f,GRSM_059.basePlot.vst,2017-11-14,vst_GRSM_2017,D07,GRSM,GRSM_059,NEON.PLA.D07.GRSM.00398,single bole tree,16.7,130,9.2
68ed752d-7a4b-4938-81c1-d345f78905bd,GRSM_059.basePlot.vst,2017-11-14,vst_GRSM_2017,D07,GRSM,GRSM_059,NEON.PLA.D07.GRSM.00389,single bole tree,17.8,130,8.5
248ba98a-615e-4e18-bcc0-c6c2b80dca32,GRSM_051.basePlot.vst,2017-11-14,vst_GRSM_2017,D07,GRSM,GRSM_051,NEON.PLA.D07.GRSM.02057,multi-bole tree,15.3,130,10.3
b447bdab-59f1-4348-b1a2-45f0ed70dc02,GRSM_051.basePlot.vst,2017-11-14,vst_GRSM_2017,D07,GRSM,GRSM_051,NEON.PLA.D07.GRSM.02036,single bole tree,12.7,130,2.1
5f222740-b81a-45d7-9a01-c15f67680495,GRSM_059.basePlot.vst,2017-11-14,vst_GRSM_2017,D07,GRSM,GRSM_059,NEON.PLA.D07.GRSM.00360,single bole tree,10.0,130,9.1
0528c105-993a-4065-9d57-16c218bbf3f2,GRSM_059.basePlot.vst,2017-11-14,vst_GRSM_2017,D07,GRSM,GRSM_059,NEON.PLA.D07.GRSM.00391,single bole tree,22.6,130,17.4
36b753ab-d220-4dcd-9bdc-88556b80463a,GRSM_059.basePlot.vst,2017-11-14,vst_GRSM_2017,D07,GRSM,GRSM_059,NEON.PLA.D07.GRSM.00386,single bole tree,20.3,130,12.8
ce1f0c1b-94b7-46a6-b3c3-f4df0adb3290,GRSM_051.basePlot.vst,2017-11-14,vst_GRSM_2017,D07,GRSM,GRSM_051,NEON.PLA.D07.GRSM.02070,single bole tree,14.0,130,13.4
8dc86fb1-f2e1-4b63-8dc2-b33af446ff94,GRSM_051.basePlot.vst,2017-11-14,vst_GRSM_2017,D07,GRSM,GRSM_051,NEON.PLA.D07.GRSM.01995,single bole tree,10.2,130,9.5
676b9db0-7b8b-4a46-818a-4141c5cf5b27,GRSM_059.basePlot.vst,2017-11-14,vst_GRSM_2017,D07,GRSM,GRSM_059,NEON.PLA.D07.GRSM.00385,single bole tree,26.4,130,15.0
ae0db700-a705-4e60-b55b-71c3139d62a7,GRSM_051.basePlot.vst,2017-11-14,vst_GRSM_2017,D07,GRSM,GRSM_051,NEON.PLA.D07.GRSM.01986,NA,NA,NA,NA
ffa56a52-a78b-4de3-b649-05cb5326c541,GRSM_059.basePlot.vst,2017-11-14,vst_GRSM_2017,D07,GRSM,GRSM_059,NEON.PLA.D07.GRSM.00423,single bole tree,13.9,130,6.5
041d90ec-c08d-40a8-8cd5-f8faa1fbe9f9,GRSM_059.basePlot.vst,2017-11-14,vst_GRSM_2017,D07,GRSM,GRSM_059,NEON.PLA.D07.GRSM.00403,single bole tree,23.7,130,18.0
9d038f56-a326-40fb-8ecd-ac12f8c6c0fa,GRSM_051.basePlot.vst,2017-11-14,vst_GRSM_2017,D07,GRSM,GRSM_051,NEON.PLA.D07.GRSM.02038,single bole tree,13.1,130,6.0
784a828b-0ad8-467b-b6cb-c6f841d3e1b7,GRSM_059.basePlot.vst,2017-11-14,vst_GRSM_2017,D07,GRSM,GRSM_059,NEON.PLA.D07.GRSM.00435,NA,NA,NA,NA
d8836e16-7338-4ed4-89bd-9cc247208a9d,GRSM_059.basePlot.vst,2017-11-14,vst_GRSM_2017,D07,GRSM,GRSM_059,NEON.PLA.D07.GRSM.00379,single bole tree,18.1,130,11.5
0abf0ca0-7491-4f7f-9466-b90124319bd8,GRSM_059.basePlot.vst,2017-11-14,vst_GRSM_2017,D07,GRSM,GRSM_059,NEON.PLA.D07.GRSM.00382,single bole tree,12.5,130,9.1
f1dd3207-680b-42c0-a47c-7244c9fa2bd6,GRSM_059.basePlot.vst,2017-11-14,vst_GRSM_2017,D07,GRSM,GRSM_059,NEON.PLA.D07.GRSM.00418A,multi-bole tree,20.3,130,14.1
6ba94e89-ea07-4dc6-8339-54c94db16f0b,GRSM_059.basePlot.vst,2017-11-14,vst_GRSM_2017,D07,GRSM,GRSM_059,NEON.PLA.D07.GRSM.00368,single bole tree,18.0,130,12.3
7683aaee-a2c8-4053-9b81-cfd7e51f7e55,GRSM_051.basePlot.vst,2017-11-14,vst_GRSM_2017,D07,GRSM,GRSM_051,NEON.PLA.D07.GRSM.01998,NA,NA,NA,NA
199b13b1-8a25-416d-ba23-72a718940e37,GRSM_051.basePlot.vst,2017-11-14,vst_GRSM_2017,D07,GRSM,GRSM_051,NEON.PLA.D07.GRSM.02061,single bole tree,26.7,130,11.8
b49ed768-c1d8-461a-9cc0-987ae5b53fc0,GRSM_051.basePlot.vst,2017-11-14,vst_GRSM_2017,D07,GRSM,GRSM_051,NEON.PLA.D07.GRSM.02058,single bole tree,11.4,130,4.8
71852f1a-8563-42d5-9fa4-25fc4e255798,GRSM_051.basePlot.vst,2017-11-14,vst_GRSM_2017,D07,GRSM,GRSM_051,NEON.PLA.D07.GRSM.02071,single bole tree,14.2,130,9.1
ddd5ec23-2e08-48da-8ef8-40fff9402344,GRSM_059.basePlot.vst,2017-11-14,vst_GRSM_2017,D07,GRSM,GRSM_059,NEON.PLA.D07.GRSM.00395,single bole tree,20.0,130,12.3
672be9ed-02a1-4a3c-84a4-64db48f17597,GRSM_059.basePlot.vst,2017-11-14,vst_GRSM_2017,D07,GRSM,GRSM_059,NEON.PLA.D07.GRSM.00404,multi-bole tree,20.6,130,14.2
077902cc-fae5-413b-a101-b796682221af,GRSM_051.basePlot.vst,2017-11-14,vst_GRSM_2017,D07,GRSM,GRSM_051,NEON.PLA.D07.GRSM.01990,single bole tree,16.6,130,5.4
423b13b3-f6f2-43a3-92cb-3e89a1a14327,GRSM_059.basePlot.vst,2017-11-14,vst_GRSM_2017,D07,GRSM,GRSM_059,NEON.PLA.D07.GRSM.00422,multi-bole tree,28.4,130,12.9
3a68a081-71ad-4791-926a-ba1b4ee037dc,GRSM_059.basePlot.vst,2017-11-14,vst_GRSM_2017,D07,GRSM,GRSM_059,NEON.PLA.D07.GRSM.00346,single bole tree,16.1,130,12.4
ec2723c4-c1b1-458b-a248-5ba954c358b1,GRSM_051.basePlot.vst,2017-11-14,vst_GRSM_2017,D07,GRSM,GRSM_051,NEON.PLA.D07.GRSM.02039,multi-bole tree,19.7,130,10.8
ae876879-a0ed-49bd-a8ad-a452f0640a56,GRSM_051.basePlot.vst,2017-11-14,vst_GRSM_2017,D07,GRSM,GRSM_051,NEON.PLA.D07.GRSM.02021,single bole tree,10.6,130,8.1
b48472ec-3b66-441c-ac31-94543ec151d9,GRSM_059.basePlot.vst,2017-11-14,vst_GRSM_2017,D07,GRSM,GRSM_059,NEON.PLA.D07.GRSM.00437,single bole tree,14.4,130,8.6
979a8f85-3bbf-4b33-873c-91970bc542d8,GRSM_059.basePlot.vst,2017-11-14,vst_GRSM_2017,D07,GRSM,GRSM_059,NEON.PLA.D07.GRSM.00361,single bole tree,15.8,130,8.9
3535df7d-9e44-43e1-8d18-1cfcbbee3f56,GRSM_059.basePlot.vst,2017-11-14,vst_GRSM_2017,D07,GRSM,GRSM_059,NEON.PLA.D07.GRSM.00363,single bole tree,14.5,130,9.7
cbd6aa89-cb57-41a7-8d97-365852cfc739,GRSM_051.basePlot.vst,2017-11-14,vst_GRSM_2017,D07,GRSM,GRSM_051,NEON.PLA.D07.GRSM.01997,single bole tree,13.0,130,9.6
841d043a-4fc8-4a61-9b1f-d901c80afb2a,GRSM_051.basePlot.vst,2017-11-14,vst_GRSM_2017,D07,GRSM,GRSM_051,NEON.PLA.D07.GRSM.02019,single bole tree,19.8,130,14.0
845e67f6-11de-4cd0-a969-22987be6cfd0,GRSM_051.basePlot.vst,2017-11-14,vst_GRSM_2017,D07,GRSM,GRSM_051,NEON.PLA.D07.GRSM.02002,NA,NA,NA,NA
34d8fb5e-45a0-40f9-995a-b11adfe61754,GRSM_059.basePlot.vst,2017-11-14,vst_GRSM_2017,D07,GRSM,GRSM_059,NEON.PLA.D07.GRSM.00425,single bole tree,13.0,130,4.8
dfd45ef4-04ce-448c-b589-4c2edaa3f753,GRSM_059.basePlot.vst,2017-11-14,vst_GRSM_2017,D07,GRSM,GRSM_059,NEON.PLA.D07.GRSM.00352,single bole tree,13.0,130,11.2
a44a6ea1-142d-46ee-899b-dee646af67de,GRSM_059.basePlot.vst,2017-11-14,vst_GRSM_2017,D07,GRSM,GRSM_059,NEON.PLA.D07.GRSM.00418,multi-bole tree,21.6,130,14.1
2f8effd1-7241-44d8-92e2-829be952d837,GRSM_059.basePlot.vst,2017-11-14,vst_GRSM_2017,D07,GRSM,GRSM_059,NEON.PLA.D07.GRSM.00404A,multi-bole tree,13.5,130,14.2
0618f245-c3b4-4095-9d7d-555ad3efdd2f,GRSM_051.basePlot.vst,2017-11-14,vst_GRSM_2017,D07,GRSM,GRSM_051,NEON.PLA.D07.GRSM.01980,single bole tree,19.3,130,12.1
315c807a-2807-45b9-b59a-abdce1a89af7,GRSM_059.basePlot.vst,2017-11-14,vst_GRSM_2017,D07,GRSM,GRSM_059,NEON.PLA.D07.GRSM.00438,single bole tree,19.2,130,11.7
5a8dd5d4-8b3e-4a62-ba25-30438569f052,GRSM_051.basePlot.vst,2017-11-14,vst_GRSM_2017,D07,GRSM,GRSM_051,NEON.PLA.D07.GRSM.01988,NA,NA,NA,NA
1b620a87-f448-478f-be7c-a790a269db6e,GRSM_051.basePlot.vst,2017-11-14,vst_GRSM_2017,D07,GRSM,GRSM_051,NEON.PLA.D07.GRSM.02062,single bole tree,15.6,130,10.0
f3e9dc67-2ddc-4607-afae-2e2fd77cd105,GRSM_059.basePlot.vst,2017-11-14,vst_GRSM_2017,D07,GRSM,GRSM_059,NEON.PLA.D07.GRSM.00397,single bole tree,15.3,130,9.9
97db6d0d-a764-4490-a9cc-e3bfb172b6ed,GRSM_051.basePlot.vst,2017-11-14,vst_GRSM_2017,D07,GRSM,GRSM_051,NEON.PLA.D07.GRSM.02059,single bole tree,20.7,130,9.3
7a0220ce-e936-4ac3-8345-93a6ecd70353,GRSM_051.basePlot.vst,2017-11-14,vst_GRSM_2017,D07,GRSM,GRSM_051,NEON.PLA.D07.GRSM.02040,single bole tree,33.3,130,15.9
317d885c-aa36-4723-a3b9-8b05504c6077,GRSM_059.basePlot.vst,2017-11-14,vst_GRSM_2017,D07,GRSM,GRSM_059,NEON.PLA.D07.GRSM.00369,single bole tree,28.0,130,17.1
13ff532e-fe65-4670-a3db-f805e410d0f8,GRSM_051.basePlot.vst,2017-11-14,vst_GRSM_2017,D07,GRSM,GRSM_051,NEON.PLA.D07.GRSM.02072,single bole tree,18.7,130,11.6
7b9bd7bb-ab2f-40b5-90da-24c9a4c42df3,GRSM_051.basePlot.vst,2017-11-14,vst_GRSM_2017,D07,GRSM,GRSM_051,NEON.PLA.D07.GRSM.02056,single bole tree,10.0,130,6.3
2872b0a1-7b90-4c43-aece-bd45797739cc,GRSM_059.basePlot.vst,2017-11-14,vst_GRSM_2017,D07,GRSM,GRSM_059,NEON.PLA.D07.GRSM.00402,single bole tree,21.1,130,9.9
969291e7-6dcb-4b3c-890f-696b7e04f292,GRSM_051.basePlot.vst,2017-11-14,vst_GRSM_2017,D07,GRSM,GRSM_051,NEON.PLA.D07.GRSM.02000,NA,NA,NA,NA
6c4f4541-8294-477d-b769-3ae25a5ea775,GRSM_059.basePlot.vst,2017-11-14,vst_GRSM_2017,D07,GRSM,GRSM_059,NEON.PLA.D07.GRSM.00416,single bole tree,26.3,130,18.0
b0e5397a-b5f5-4d0f-a167-77eb17f34f47,GRSM_059.basePlot.vst,2017-11-14,vst_GRSM_2017,D07,GRSM,GRSM_059,NEON.PLA.D07.GRSM.00406,single bole tree,24.5,130,12.2
a73d79e6-6ce0-4c15-9b91-a6d3ac198cc2,GRSM_051.basePlot.vst,2017-11-14,vst_GRSM_2017,D07,GRSM,GRSM_051,NEON.PLA.D07.GRSM.01979,NA,NA,NA,NA
cedc8e24-0257-4bee-ad64-091c26aa00c9,GRSM_059.basePlot.vst,2017-11-14,vst_GRSM_2017,D07,GRSM,GRSM_059,NEON.PLA.D07.GRSM.00396,single bole tree,15.5,130,7.2
ce97020e-3d99-4a25-a2da-133fdee7f3d1,GRSM_059.basePlot.vst,2017-11-14,vst_GRSM_2017,D07,GRSM,GRSM_059,NEON.PLA.D07.GRSM.00372,single bole tree,20.6,130,15.5
9883940a-2719-4fb8-a4fd-84618937d942,GRSM_051.basePlot.vst,2017-11-14,vst_GRSM_2017,D07,GRSM,GRSM_051,NEON.PLA.D07.GRSM.02055,single bole tree,14.8,130,8.6
3f56a3a2-63f3-461c-9db3-7ae34f1a610e,GRSM_059.basePlot.vst,2017-11-14,vst_GRSM_2017,D07,GRSM,GRSM_059,NEON.PLA.D07.GRSM.00378,single bole tree,12.8,140,11.7
9b5b6b39-316f-4343-b40d-bc2960b86f3e,GRSM_059.basePlot.vst,2017-11-14,vst_GRSM_2017,D07,GRSM,GRSM_059,NEON.PLA.D07.GRSM.00436,single bole tree,17.7,130,6.1
6f3582de-8208-4b2a-99a0-74ebc90283aa,GRSM_051.basePlot.vst,2017-11-14,vst_GRSM_2017,D07,GRSM,GRSM_051,NEON.PLA.D07.GRSM.02017,multi-bole tree,15.5,130,11.4
fd9dee67-0984-4d82-8142-490a9c697e0d,GRSM_059.basePlot.vst,2017-11-14,vst_GRSM_2017,D07,GRSM,GRSM_059,NEON.PLA.D07.GRSM.00356,single bole tree,18.7,130,13.3
411848bb-cc35-482b-8ad6-b671a1d5ef2d,GRSM_059.basePlot.vst,2017-11-14,vst_GRSM_2017,D07,GRSM,GRSM_059,NEON.PLA.D07.GRSM.00392,single bole tree,11.7,130,6.1
3c0e603a-7703-4be5-90a6-dc5bba7faa20,GRSM_059.basePlot.vst,2017-11-14,vst_GRSM_2017,D07,GRSM,GRSM_059,NEON.PLA.D07.GRSM.00422B,multi-bole tree,12.1,130,12.9
524a7c6e-a7c2-4de2-b952-0def1dc35261,GRSM_051.basePlot.vst,2017-11-14,vst_GRSM_2017,D07,GRSM,GRSM_051,NEON.PLA.D07.GRSM.02041,NA,NA,NA,NA
6e08363b-6518-4293-8b38-9dcdf04ab9d8,GRSM_059.basePlot.vst,2017-11-14,vst_GRSM_2017,D07,GRSM,GRSM_059,NEON.PLA.D07.GRSM.00434,single bole tree,40.0,130,12.0
92ef8290-325c-4fdb-9fc6-b143424ae698,GRSM_059.basePlot.vst,2017-11-14,vst_GRSM_2017,D07,GRSM,GRSM_059,NEON.PLA.D07.GRSM.00373,single bole tree,20.5,130,17.5
d689facf-3792-46eb-a5a3-b47f4e645628,GRSM_051.basePlot.vst,2017-11-14,vst_GRSM_2017,D07,GRSM,GRSM_051,NEON.PLA.D07.GRSM.01993,NA,NA,NA,NA
df2e993d-e777-40df-a0b9-f950fe47c086,GRSM_051.basePlot.vst,2017-11-14,vst_GRSM_2017,D07,GRSM,GRSM_051,NEON.PLA.D07.GRSM.01994,NA,NA,NA,NA
dff537c1-3ca9-4e7e-876b-dcd2b24dd2e2,GRSM_051.basePlot.vst,2017-11-14,vst_GRSM_2017,D07,GRSM,GRSM_051,NEON.PLA.D07.GRSM.02044,NA,NA,NA,NA
78cfe1f4-1353-4e8a-9c24-edd42d105e1a,GRSM_059.basePlot.vst,2017-11-14,vst_GRSM_2017,D07,GRSM,GRSM_059,NEON.PLA.D07.GRSM.00351,single bole tree,14.0,130,10.6
bedc81f3-e986-4a0d-a806-e40b9f57f627,GRSM_051.basePlot.vst,2017-11-14,vst_GRSM_2017,D07,GRSM,GRSM_051,NEON.PLA.D07.GRSM.01996,single bole tree,17.9,130,11.8
7754b53a-123e-4aa5-92e8-f96822b36327,GRSM_051.basePlot.vst,2017-11-14,vst_GRSM_2017,D07,GRSM,GRSM_051,NEON.PLA.D07.GRSM.02003,single bole tree,14.5,130,9.0
4e7f8f21-466c-40f3-b4b2-396890310897,GRSM_051.basePlot.vst,2017-11-14,vst_GRSM_2017,D07,GRSM,GRSM_051,NEON.PLA.D07.GRSM.02060,multi-bole tree,17.0,130,6.4
d48dc1be-79d8-4cb4-a120-3eed50bad226,GRSM_059.basePlot.vst,2017-11-14,vst_GRSM_2017,D07,GRSM,GRSM_059,NEON.PLA.D07.GRSM.00365,single bole tree,43.8,130,22.5
801e12c8-c5f6-48d0-9de2-c2a6651d3b71,GRSM_059.basePlot.vst,2017-11-14,vst_GRSM_2017,D07,GRSM,GRSM_059,NEON.PLA.D07.GRSM.00366,single bole tree,25.0,130,16.0
5b7c4ddb-9779-48ad-a618-112b8746da91,GRSM_051.basePlot.vst,2017-11-14,vst_GRSM_2017,D07,GRSM,GRSM_051,NEON.PLA.D07.GRSM.02004,multi-bole tree,12.3,130,10.7
9d0b24ba-d40d-471c-9928-04cc6b1356d9,GRSM_051.basePlot.vst,2017-11-14,vst_GRSM_2017,D07,GRSM,GRSM_051,NEON.PLA.D07.GRSM.02005,single bole tree,13.3,130,7.7
2eb41c90-b83d-4e11-b5d2-d36d1535f49c,GRSM_059.basePlot.vst,2017-11-14,vst_GRSM_2017,D07,GRSM,GRSM_059,NEON.PLA.D07.GRSM.00374A,multi-bole tree,34.2,160,21.9
fce9cf16-43cf-4284-84dc-858e2df68bb0,GRSM_051.basePlot.vst,2017-11-14,vst_GRSM_2017,D07,GRSM,GRSM_051,NEON.PLA.D07.GRSM.01987,multi-bole tree,10.4,130,8.6
b20e4d08-cb5a-4554-9da8-9ca217eef317,GRSM_051.basePlot.vst,2017-11-14,vst_GRSM_2017,D07,GRSM,GRSM_051,NEON.PLA.D07.GRSM.02045,single bole tree,18.4,130,9.5
1a47ac8d-2226-413a-bb92-9e8e3858d5a8,GRSM_059.basePlot.vst,2017-11-14,vst_GRSM_2017,D07,GRSM,GRSM_059,NEON.PLA.D07.GRSM.00375,single bole tree,12.1,130,5.9
f6ca4b6c-05dd-4b77-9876-92c060c9f986,GRSM_059.basePlot.vst,2017-11-14,vst_GRSM_2017,D07,GRSM,GRSM_059,NEON.PLA.D07.GRSM.00381,single bole tree,15.9,130,11.3
eef6f401-7a8a-4e00-85b5-82f3e0e2f6cc,GRSM_059.basePlot.vst,2017-11-14,vst_GRSM_2017,D07,GRSM,GRSM_059,NEON.PLA.D07.GRSM.00348,single bole tree,25.1,130,14.4
6a75e3c8-ebb5-4d3d-8a22-a2e186cf70dc,GRSM_059.basePlot.vst,2017-11-14,vst_GRSM_2017,D07,GRSM,GRSM_059,NEON.PLA.D07.GRSM.00422A,multi-bole tree,21.4,130,12.9
8233490b-8465-4166-a8bd-45c47c8b83f8,GRSM_059.basePlot.vst,2017-11-14,vst_GRSM_2017,D07,GRSM,GRSM_059,NEON.PLA.D07.GRSM.00370,single bole tree,11.9,130,6.5
57f89551-c1a4-414d-b4aa-5eedc8dbcbb9,GRSM_059.basePlot.vst,2017-11-14,vst_GRSM_2017,D07,GRSM,GRSM_059,NEON.PLA.D07.GRSM.00393,single bole tree,20.5,130,15.4
8be990da-96d2-4bb9-ac07-2bd809a98120,GRSM_051.basePlot.vst,2017-11-14,vst_GRSM_2017,D07,GRSM,GRSM_051,NEON.PLA.D07.GRSM.02015,single bole tree,15.1,130,10.9
a7daec17-c01a-4508-93ee-bd1d1233170d,GRSM_051.basePlot.vst,2017-11-14,vst_GRSM_2017,D07,GRSM,GRSM_051,NEON.PLA.D07.GRSM.01989,NA,NA,NA,NA
23cc0cae-1de5-4255-9a40-3587c361c262,GRSM_051.basePlot.vst,2017-11-14,vst_GRSM_2017,D07,GRSM,GRSM_051,NEON.PLA.D07.GRSM.01999,multi-bole tree,10.0,130,9.8
f5749b95-a46a-42bb-adcf-3058fcfbedf2,GRSM_051.basePlot.vst,2017-11-14,vst_GRSM_2017,D07,GRSM,GRSM_051,NEON.PLA.D07.GRSM.02034,single bole tree,27.0,130,9.9
4714b97f-7c45-458d-8b6f-ff7095133348,GRSM_051.basePlot.vst,2017-11-14,vst_GRSM_2017,D07,GRSM,GRSM_051,NEON.PLA.D07.GRSM.02046,single bole tree,16.3,130,11.2
66dee2c6-9adb-458a-90dc-d5d35f86d22c,GRSM_051.basePlot.vst,2017-11-14,vst_GRSM_2017,D07,GRSM,GRSM_051,NEON.PLA.D07.GRSM.02047,single bole tree,16.5,130,8.7
66f24f7f-0e13-4aa4-969b-6d7d554b9ac0,GRSM_059.basePlot.vst,2017-11-14,vst_GRSM_2017,D07,GRSM,GRSM_059,NEON.PLA.D07.GRSM.00390,single bole tree,14.8,130,10.1
f3e83cda-8ad4-47c4-b363-2f46e1fd5c09,GRSM_051.basePlot.vst,2017-11-14,vst_GRSM_2017,D07,GRSM,GRSM_051,NEON.PLA.D07.GRSM.02054,single bole tree,16.1,130,10.7
9f9678c2-f7c5-4f3a-a106-40a91b5528d3,GRSM_059.basePlot.vst,2017-11-14,vst_GRSM_2017,D07,GRSM,GRSM_059,NEON.PLA.D07.GRSM.00362,single bole tree,14.0,130,12.6
96bd48bc-ba31-4eb1-9085-ceb6a7d3384a,GRSM_059.basePlot.vst,2017-11-14,vst_GRSM_2017,D07,GRSM,GRSM_059,NEON.PLA.D07.GRSM.00376,single bole tree,28.6,130,15.7
a5f985fd-5298-488a-98be-1266c81f7853,GRSM_059.basePlot.vst,2017-11-14,vst_GRSM_2017,D07,GRSM,GRSM_059,NEON.PLA.D07.GRSM.00336,single bole tree,20.6,130,12.6
1e7d5423-b402-442a-9f2a-8a4dd7f3e874,GRSM_051.basePlot.vst,2017-11-14,vst_GRSM_2017,D07,GRSM,GRSM_051,NEON.PLA.D07.GRSM.02037,single shrub,9.9,130,4.1
a767ff55-6e4e-46be-aeaa-f5eb83b0b5d8,GRSM_059.basePlot.vst,2017-11-14,vst_GRSM_2017,D07,GRSM,GRSM_059,NEON.PLA.D07.GRSM.00413,single bole tree,47.8,130,19.5
f5f052b9-b553-4868-95ee-aa23a27021b4,GRSM_059.basePlot.vst,2017-11-14,vst_GRSM_2017,D07,GRSM,GRSM_059,NEON.PLA.D07.GRSM.00399,single bole tree,14.0,130,12.2
74f3a896-a264-4600-ab2f-ecccf1224afa,GRSM_051.basePlot.vst,2017-11-14,vst_GRSM_2017,D07,GRSM,GRSM_051,NEON.PLA.D07.GRSM.01991,single bole tree,24.3,140,11.5
ac4f0bca-e84b-4654-909b-874ee4d40d60,GRSM_059.basePlot.vst,2017-11-14,vst_GRSM_2017,D07,GRSM,GRSM_059,NEON.PLA.D07.GRSM.00400,single bole tree,26.0,130,17.3
8fcfd2a5-593e-4832-aa08-0fe808357e90,GRSM_051.basePlot.vst,2017-11-14,vst_GRSM_2017,D07,GRSM,GRSM_051,NEON.PLA.D07.GRSM.02063,NA,NA,NA,NA
3e7c1f16-1ccc-4d46-a36c-8956b5735a14,GRSM_051.basePlot.vst,2017-11-14,vst_GRSM_2017,D07,GRSM,GRSM_051,NEON.PLA.D07.GRSM.02043,NA,NA,NA,NA
fc54733d-4418-4f6f-aab6-185c6ae68d38,GRSM_059.basePlot.vst,2017-11-14,vst_GRSM_2017,D07,GRSM,GRSM_059,NEON.PLA.D07.GRSM.00417,single bole tree,12.1,130,7.6
c83ef4ef-1990-48f1-a9dd-0cc0148f4007,GRSM_051.basePlot.vst,2017-11-14,vst_GRSM_2017,D07,GRSM,GRSM_051,NEON.PLA.D07.GRSM.02020,NA,NA,NA,NA
296e89db-582e-4545-903b-32d611ea0588,GRSM_059.basePlot.vst,2017-11-14,vst_GRSM_2017,D07,GRSM,GRSM_059,NEON.PLA.D07.GRSM.00419,single bole tree,18.6,130,8.4
39ce6f97-b6c0-4215-ab87-0b840b8dc35f,GRSM_059.basePlot.vst,2017-11-14,vst_GRSM_2017,D07,GRSM,GRSM_059,NEON.PLA.D07.GRSM.00387,single bole tree,11.4,130,7.7
f90a83b1-e5dc-4581-8611-3fa262cfe59e,GRSM_060.basePlot.vst,2017-11-15,vst_GRSM_2017,D07,GRSM,GRSM_060,NEON.PLA.D07.GRSM.01772,single bole tree,35.0,130,24.3
7358bfad-0d42-4ca2-81a7-e016c94cf14b,GRSM_060.basePlot.vst,2017-11-15,vst_GRSM_2017,D07,GRSM,GRSM_060,NEON.PLA.D07.GRSM.01823,single bole tree,30.0,130,17.4
b2b899d9-7f9f-47d7-9a4a-0759b553682b,GRSM_060.basePlot.vst,2017-11-15,vst_GRSM_2017,D07,GRSM,GRSM_060,NEON.PLA.D07.GRSM.01892,single bole tree,11.8,130,7.4
fd2279e6-821b-421e-b855-4b4ea3d6dc15,GRSM_060.basePlot.vst,2017-11-15,vst_GRSM_2017,D07,GRSM,GRSM_060,NEON.PLA.D07.GRSM.01880,single bole tree,20.7,130,13.3
765b100b-46df-462e-a9e8-5723d556909b,GRSM_060.basePlot.vst,2017-11-15,vst_GRSM_2017,D07,GRSM,GRSM_060,NEON.PLA.D07.GRSM.01861,single bole tree,12.1,130,7.8
75427141-08e0-491a-b1a6-48c94f894dc9,GRSM_060.basePlot.vst,2017-11-15,vst_GRSM_2017,D07,GRSM,GRSM_060,NEON.PLA.D07.GRSM.01822,NA,NA,NA,NA
bb4449fb-b9be-4358-88c4-de3fd9736978,GRSM_060.basePlot.vst,2017-11-15,vst_GRSM_2017,D07,GRSM,GRSM_060,NEON.PLA.D07.GRSM.01824,single bole tree,28.8,130,28.1
2c8343b2-1c22-4d52-bc58-b0d26b7d72eb,GRSM_060.basePlot.vst,2017-11-15,vst_GRSM_2017,D07,GRSM,GRSM_060,NEON.PLA.D07.GRSM.01830,single bole tree,11.9,130,3.7
912ebea8-fc4d-4b5e-9b64-bedb87fda4b1,GRSM_060.basePlot.vst,2017-11-15,vst_GRSM_2017,D07,GRSM,GRSM_060,NEON.PLA.D07.GRSM.01841,single bole tree,14.5,130,6.3
58cdc533-5433-435e-8799-22a3cd13e601,GRSM_060.basePlot.vst,2017-11-15,vst_GRSM_2017,D07,GRSM,GRSM_060,NEON.PLA.D07.GRSM.01902,single bole tree,27.9,130,14.1
c5cf3d36-0ccf-48a5-a1a4-0db2af2bcdec,GRSM_060.basePlot.vst,2017-11-15,vst_GRSM_2017,D07,GRSM,GRSM_060,NEON.PLA.D07.GRSM.01832,NA,NA,NA,NA
01ae1d65-15a9-49e1-a542-5d4397f8618c,GRSM_060.basePlot.vst,2017-11-15,vst_GRSM_2017,D07,GRSM,GRSM_060,NEON.PLA.D07.GRSM.01780,single bole tree,32.3,130,21.1
0f655f8d-eee4-41d9-b97d-d187ba0f5d9f,GRSM_060.basePlot.vst,2017-11-15,vst_GRSM_2017,D07,GRSM,GRSM_060,NEON.PLA.D07.GRSM.01904,single bole tree,31.9,130,8.5
700bee54-96d4-41a3-af76-c532551bb44d,GRSM_060.basePlot.vst,2017-11-15,vst_GRSM_2017,D07,GRSM,GRSM_060,NEON.PLA.D07.GRSM.01870,single bole tree,21.8,130,11.7
9056690c-4f96-4e65-b585-c40a491b2f55,GRSM_060.basePlot.vst,2017-11-15,vst_GRSM_2017,D07,GRSM,GRSM_060,NEON.PLA.D07.GRSM.01843,single bole tree,37.1,130,20.9
a74b4c8d-68ad-4600-abcc-ef447d1285f0,GRSM_060.basePlot.vst,2017-11-15,vst_GRSM_2017,D07,GRSM,GRSM_060,NEON.PLA.D07.GRSM.01903,single bole tree,18.3,130,8.0
e6960882-d57b-4809-b9dc-7bcb2a32a0a2,GRSM_060.basePlot.vst,2017-11-15,vst_GRSM_2017,D07,GRSM,GRSM_060,NEON.PLA.D07.GRSM.01837,single bole tree,45.0,130,24.1
f02bd7ea-22aa-4a4b-82d3-5ce4c21897ab,GRSM_060.basePlot.vst,2017-11-15,vst_GRSM_2017,D07,GRSM,GRSM_060,NEON.PLA.D07.GRSM.01767,single bole tree,22.1,130,8.6
6e49e879-4c21-49e8-b23e-8b5787fdfdfa,GRSM_060.basePlot.vst,2017-11-15,vst_GRSM_2017,D07,GRSM,GRSM_060,NEON.PLA.D07.GRSM.01834,NA,NA,NA,NA
3b319535-2043-4b70-b723-343facecc1a2,GRSM_060.basePlot.vst,2017-11-15,vst_GRSM_2017,D07,GRSM,GRSM_060,NEON.PLA.D07.GRSM.01835,NA,NA,NA,NA
32b8e5cc-6599-4bee-b185-c6dc5715540d,GRSM_060.basePlot.vst,2017-11-15,vst_GRSM_2017,D07,GRSM,GRSM_060,NEON.PLA.D07.GRSM.01877,single bole tree,22.9,130,20.8
45fb776d-2169-4588-b40d-934f346ece01,GRSM_060.basePlot.vst,2017-11-15,vst_GRSM_2017,D07,GRSM,GRSM_060,NEON.PLA.D07.GRSM.01901,single bole tree,16.5,130,8.4
b33e09ed-fa9d-4818-8f7a-c98eeec75c14,GRSM_060.basePlot.vst,2017-11-15,vst_GRSM_2017,D07,GRSM,GRSM_060,NEON.PLA.D07.GRSM.01825,NA,NA,NA,NA
b158dafb-c520-4966-971d-adf57fe956cb,GRSM_060.basePlot.vst,2017-11-15,vst_GRSM_2017,D07,GRSM,GRSM_060,NEON.PLA.D07.GRSM.01885,single bole tree,11.6,130,5.4
5a01657a-1765-4a52-92c2-504a0443346d,GRSM_060.basePlot.vst,2017-11-15,vst_GRSM_2017,D07,GRSM,GRSM_060,NEON.PLA.D07.GRSM.01862,single bole tree,11.1,130,13.9
51e24f27-86c1-4272-b945-195e1383df07,GRSM_060.basePlot.vst,2017-11-15,vst_GRSM_2017,D07,GRSM,GRSM_060,NEON.PLA.D07.GRSM.01815,single bole tree,45.0,130,18.2
9c334b3d-0bed-4d62-9789-b250b05c9215,GRSM_060.basePlot.vst,2017-11-15,vst_GRSM_2017,D07,GRSM,GRSM_060,NEON.PLA.D07.GRSM.01781,single bole tree,17.3,130,11.7
66dfcdae-c117-419c-a3f2-9c6249e152ad,GRSM_060.basePlot.vst,2017-11-15,vst_GRSM_2017,D07,GRSM,GRSM_060,NEON.PLA.D07.GRSM.01816,single bole tree,12.1,130,9.0
11339c66-b464-460e-937e-09871ac68472,GRSM_060.basePlot.vst,2017-11-15,vst_GRSM_2017,D07,GRSM,GRSM_060,NEON.PLA.D07.GRSM.01836,single bole tree,12.1,130,7.3
d88db56a-9d62-44c5-a89c-650a09047cf8,GRSM_060.basePlot.vst,2017-11-15,vst_GRSM_2017,D07,GRSM,GRSM_060,NEON.PLA.D07.GRSM.01827,single bole tree,15.8,130,8.6
c36c056f-d58e-449c-a073-b104dfaf6675,GRSM_060.basePlot.vst,2017-11-15,vst_GRSM_2017,D07,GRSM,GRSM_060,NEON.PLA.D07.GRSM.01851,NA,NA,NA,NA
ccbdcb77-2aa7-49d0-9360-f41708b51f91,GRSM_060.basePlot.vst,2017-11-15,vst_GRSM_2017,D07,GRSM,GRSM_060,NEON.PLA.D07.GRSM.01896,small tree,9.5,130,7.6
fea86a3f-0238-4cb1-9967-baa62e6a7ab2,GRSM_060.basePlot.vst,2017-11-15,vst_GRSM_2017,D07,GRSM,GRSM_060,NEON.PLA.D07.GRSM.01791,single bole tree,44.6,130,25.7
62352047-da3c-445e-8ed5-dacf870f7750,GRSM_060.basePlot.vst,2017-11-15,vst_GRSM_2017,D07,GRSM,GRSM_060,NEON.PLA.D07.GRSM.01768,single bole tree,21.5,130,2.4
460e4ece-faaa-4c4a-8efb-a7478bf67c1d,GRSM_060.basePlot.vst,2017-11-15,vst_GRSM_2017,D07,GRSM,GRSM_060,NEON.PLA.D07.GRSM.01900,NA,NA,NA,NA
6b34765d-4fb0-474f-a9b4-1351891b6c71,GRSM_060.basePlot.vst,2017-11-15,vst_GRSM_2017,D07,GRSM,GRSM_060,NEON.PLA.D07.GRSM.01840,single bole tree,44.6,130,24.2
c24b33f6-4e8e-4b87-a32b-61f5909414f8,GRSM_060.basePlot.vst,2017-11-15,vst_GRSM_2017,D07,GRSM,GRSM_060,NEON.PLA.D07.GRSM.01831,single bole tree,37.8,130,7.1
814b2cee-a0cb-4b5e-af2e-0f713c2ec204,GRSM_060.basePlot.vst,2017-11-15,vst_GRSM_2017,D07,GRSM,GRSM_060,NEON.PLA.D07.GRSM.01871,single bole tree,15.2,130,7.2
6ad49ace-7532-4e51-bfd0-cc67866daf90,GRSM_060.basePlot.vst,2017-11-15,vst_GRSM_2017,D07,GRSM,GRSM_060,NEON.PLA.D07.GRSM.01860,single bole tree,10.8,130,6.4
671cf245-5497-4ef4-b24b-5f64247bc01d,GRSM_060.basePlot.vst,2017-11-15,vst_GRSM_2017,D07,GRSM,GRSM_060,NEON.PLA.D07.GRSM.01826,NA,NA,NA,NA
5eb594e3-f067-4872-934a-145c31470884,GRSM_060.basePlot.vst,2017-11-15,vst_GRSM_2017,D07,GRSM,GRSM_060,NEON.PLA.D07.GRSM.01782,NA,NA,NA,NA
b8fb412c-14b9-4d07-9ba6-e28755bd096e,GRSM_060.basePlot.vst,2017-11-15,vst_GRSM_2017,D07,GRSM,GRSM_060,NEON.PLA.D07.GRSM.01882,small tree,9.8,130,3.6
01c6d3eb-a07f-4e86-9fad-e49b061edd3c,GRSM_060.basePlot.vst,2017-11-15,vst_GRSM_2017,D07,GRSM,GRSM_060,NEON.PLA.D07.GRSM.01844,single bole tree,43.4,130,22.9
906850ab-af73-483c-9d5d-745cf89a0a55,GRSM_060.basePlot.vst,2017-11-15,vst_GRSM_2017,D07,GRSM,GRSM_060,NEON.PLA.D07.GRSM.01863,single bole tree,17.5,130,4.5
e23c8425-3e5e-4bf9-827d-b5c9a306cda7,GRSM_060.basePlot.vst,2017-11-15,vst_GRSM_2017,D07,GRSM,GRSM_060,NEON.PLA.D07.GRSM.01876,multi-bole tree,18.2,150,16.8
ce41c853-7fa2-48f3-aebe-d3c03942aaa0,GRSM_060.basePlot.vst,2017-11-15,vst_GRSM_2017,D07,GRSM,GRSM_060,NEON.PLA.D07.GRSM.01893,single bole tree,33.9,130,23.3
425dbd1e-73cc-4c4c-a180-b2398894cb46,GRSM_060.basePlot.vst,2017-11-15,vst_GRSM_2017,D07,GRSM,GRSM_060,NEON.PLA.D07.GRSM.01847,single bole tree,13.7,130,4.2
404532a5-cc02-41d4-b986-6d7e24fe1e91,GRSM_060.basePlot.vst,2017-11-15,vst_GRSM_2017,D07,GRSM,GRSM_060,NEON.PLA.D07.GRSM.01773,NA,NA,NA,NA
ed79a7d3-5590-4822-bd8f-1e20b2f5c42f,GRSM_060.basePlot.vst,2017-11-15,vst_GRSM_2017,D07,GRSM,GRSM_060,NEON.PLA.D07.GRSM.01828,single bole tree,11.6,130,5.3
33a7992e-5bc2-415f-b123-5243ce7fd43e,GRSM_060.basePlot.vst,2017-11-15,vst_GRSM_2017,D07,GRSM,GRSM_060,NEON.PLA.D07.GRSM.01899,single bole tree,23.7,130,21.1
85c36ccf-2a67-472a-9e1e-9648a0cec030,GRSM_060.basePlot.vst,2017-11-15,vst_GRSM_2017,D07,GRSM,GRSM_060,NEON.PLA.D07.GRSM.01821,single bole tree,55.1,130,28.9
b5e4c2c1-973c-4a93-9b63-296b776ff60a,GRSM_060.basePlot.vst,2017-11-15,vst_GRSM_2017,D07,GRSM,GRSM_060,NEON.PLA.D07.GRSM.01833,single bole tree,34.2,130,27.7
c1b4313c-c5cb-4da7-8d16-8d46dc03c26c,GRSM_060.basePlot.vst,2017-11-15,vst_GRSM_2017,D07,GRSM,GRSM_060,NEON.PLA.D07.GRSM.01815,NA,NA,NA,NA
405b1cba-59c6-4f79-aac7-873356438950,GRSM_060.basePlot.vst,2017-11-15,vst_GRSM_2017,D07,GRSM,GRSM_060,NEON.PLA.D07.GRSM.01852,single bole tree,44.5,130,19.9
b7a9e9a7-f9b6-4467-a77d-ad3ceda120cb,GRSM_060.basePlot.vst,2017-11-15,vst_GRSM_2017,D07,GRSM,GRSM_060,NEON.PLA.D07.GRSM.01898,single bole tree,37.1,130,24.3
c54bf44a-c295-4b18-9b01-26c5b2b2cd38,GRSM_060.basePlot.vst,2017-11-15,vst_GRSM_2017,D07,GRSM,GRSM_060,NEON.PLA.D07.GRSM.01864,single bole tree,13.6,130,7.5
45b1fb36-e8ba-4680-9528-73b6e7f42f70,GRSM_060.basePlot.vst,2017-11-15,vst_GRSM_2017,D07,GRSM,GRSM_060,NEON.PLA.D07.GRSM.01905,single bole tree,12.4,130,7.8
ad769655-fe56-473b-ba6b-62abcf6af428,GRSM_063.basePlot.vst,2017-11-28,vst_GRSM_2017,D07,GRSM,GRSM_063,NEON.PLA.D07.GRSM.01428,single bole tree,15.5,130,12.0
5c0921e8-3895-47e9-b171-d8db19a0c3c1,GRSM_063.basePlot.vst,2017-11-28,vst_GRSM_2017,D07,GRSM,GRSM_063,NEON.PLA.D07.GRSM.01356,single bole tree,42.1,130,26.5
31f4825a-ffad-4689-8d11-68bb46675642,GRSM_053.basePlot.vst,2017-11-28,vst_GRSM_2017,D07,GRSM,GRSM_053,NEON.PLA.D07.GRSM.01596,single bole tree,67.9,130,41.4
9307bf30-b1d3-4e1a-bf13-289c06f14bbf,GRSM_053.basePlot.vst,2017-11-28,vst_GRSM_2017,D07,GRSM,GRSM_053,NEON.PLA.D07.GRSM.01516,single bole tree,49.0,130,35.7
807bc23c-5f89-4557-8c0d-2c595ac9ff61,GRSM_063.basePlot.vst,2017-11-28,vst_GRSM_2017,D07,GRSM,GRSM_063,NEON.PLA.D07.GRSM.01455,single bole tree,41.6,130,37.6
91948828-ef60-4d22-ab80-e34e8419aeda,GRSM_063.basePlot.vst,2017-11-28,vst_GRSM_2017,D07,GRSM,GRSM_063,NEON.PLA.D07.GRSM.01438,single bole tree,45.6,130,41.1
9b369425-e4f1-4e97-a950-354946459e1a,GRSM_063.basePlot.vst,2017-11-28,vst_GRSM_2017,D07,GRSM,GRSM_063,NEON.PLA.D07.GRSM.01395,single bole tree,48.4,130,37.5
cc00888d-a003-470a-9869-5ed10aa232cc,GRSM_053.basePlot.vst,2017-11-28,vst_GRSM_2017,D07,GRSM,GRSM_053,NEON.PLA.D07.GRSM.01560A,multi-bole tree,31.5,130,32.5
b1279407-b811-4a4f-baad-7f3c338a186c,GRSM_063.basePlot.vst,2017-11-28,vst_GRSM_2017,D07,GRSM,GRSM_063,NEON.PLA.D07.GRSM.01454,single bole tree,20.3,130,18.6
b8aa78c8-bebb-43fe-ac8a-3d7703c83aeb,GRSM_053.basePlot.vst,2017-11-28,vst_GRSM_2017,D07,GRSM,GRSM_053,NEON.PLA.D07.GRSM.01483,single bole tree,57.2,130,38.5
b788ff9c-ff22-4215-9d6d-7809eca6bf28,GRSM_053.basePlot.vst,2017-11-28,vst_GRSM_2017,D07,GRSM,GRSM_053,NEON.PLA.D07.GRSM.01558,single bole tree,42.8,130,35.4
a5004a40-657c-4c7a-97a5-97094a5c8f40,GRSM_053.basePlot.vst,2017-11-28,vst_GRSM_2017,D07,GRSM,GRSM_053,NEON.PLA.D07.GRSM.01577,single bole tree,49.3,130,40.4
55b6d6c5-8152-495d-ba2a-adc70bd52600,GRSM_063.basePlot.vst,2017-11-28,vst_GRSM_2017,D07,GRSM,GRSM_063,NEON.PLA.D07.GRSM.01453,single bole tree,58.8,130,35.9
f40dc94a-35f1-4d4b-8e54-c2a9df1cd7b8,GRSM_053.basePlot.vst,2017-11-28,vst_GRSM_2017,D07,GRSM,GRSM_053,NEON.PLA.D07.GRSM.01591,single bole tree,39.4,130,33.3
57794d89-46dc-44c4-973f-7c17f984bade,GRSM_053.basePlot.vst,2017-11-28,vst_GRSM_2017,D07,GRSM,GRSM_053,NEON.PLA.D07.GRSM.01556,single bole tree,33.4,130,33.4
e56c40a7-bb6d-4bd0-bfaa-6dee67fc378d,GRSM_063.basePlot.vst,2017-11-28,vst_GRSM_2017,D07,GRSM,GRSM_063,NEON.PLA.D07.GRSM.01431A,multi-bole tree,40.4,130,39.7
8bc90172-8505-426d-b166-aa48c032670b,GRSM_053.basePlot.vst,2017-11-28,vst_GRSM_2017,D07,GRSM,GRSM_053,NEON.PLA.D07.GRSM.01597,single bole tree,56.8,130,39.6
b2c5be1b-949f-40ef-80b6-47ff0cc164d9,GRSM_063.basePlot.vst,2017-11-28,vst_GRSM_2017,D07,GRSM,GRSM_063,NEON.PLA.D07.GRSM.01392,multi-bole tree,49.5,180,36.7
65e9c9f2-57ee-41c3-9b72-07a225dfc85c,GRSM_063.basePlot.vst,2017-11-28,vst_GRSM_2017,D07,GRSM,GRSM_063,NEON.PLA.D07.GRSM.01387,single bole tree,22.8,130,17.5
5a80ea90-1bbc-4a7a-8f67-e72f95af21b6,GRSM_053.basePlot.vst,2017-11-28,vst_GRSM_2017,D07,GRSM,GRSM_053,NEON.PLA.D07.GRSM.01509,single bole tree,34.0,130,32.0
d8a05b77-8d3f-4f30-aa26-8886d72fb65b,GRSM_063.basePlot.vst,2017-11-28,vst_GRSM_2017,D07,GRSM,GRSM_063,NEON.PLA.D07.GRSM.01431,multi-bole tree,48.6,130,39.7
5192843e-8a8c-4a37-968a-b47dc4a8764b,GRSM_063.basePlot.vst,2017-11-28,vst_GRSM_2017,D07,GRSM,GRSM_063,NEON.PLA.D07.GRSM.01391,single bole tree,73.3,130,38.8
f57c2e25-dab6-4bfc-83c4-d4e8b5dec219,GRSM_053.basePlot.vst,2017-11-28,vst_GRSM_2017,D07,GRSM,GRSM_053,NEON.PLA.D07.GRSM.01500,single bole tree,52.2,130,39.8
421286e7-0315-4268-9381-6d994caa32ab,GRSM_053.basePlot.vst,2017-11-28,vst_GRSM_2017,D07,GRSM,GRSM_053,NEON.PLA.D07.GRSM.01572,single bole tree,14.5,130,7.2
533cbba6-79a6-476a-95a4-844c60607750,GRSM_053.basePlot.vst,2017-11-28,vst_GRSM_2017,D07,GRSM,GRSM_053,NEON.PLA.D07.GRSM.01508,single bole tree,21.7,130,22.3
6cfad14c-3a94-43c0-8186-352c6c318c33,GRSM_053.basePlot.vst,2017-11-28,vst_GRSM_2017,D07,GRSM,GRSM_053,NEON.PLA.D07.GRSM.01517,single bole tree,20.0,130,2.4
ef1bb9ff-5573-4a7a-9e30-7ff9e460cf00,GRSM_053.basePlot.vst,2017-11-28,vst_GRSM_2017,D07,GRSM,GRSM_053,NEON.PLA.D07.GRSM.01512,single bole tree,13.7,130,11.4
7bedd1e5-c22f-4cc8-a771-af620315d3e9,GRSM_063.basePlot.vst,2017-11-28,vst_GRSM_2017,D07,GRSM,GRSM_063,NEON.PLA.D07.GRSM.01380,single bole tree,14.6,130,13.2
3e4e6c70-aa2b-4f16-afee-6fa4d051db66,GRSM_053.basePlot.vst,2017-11-28,vst_GRSM_2017,D07,GRSM,GRSM_053,NEON.PLA.D07.GRSM.01465,single bole tree,52.3,130,40.6
2645eb7d-ae60-4757-b051-c6122330b3a2,GRSM_063.basePlot.vst,2017-11-28,vst_GRSM_2017,D07,GRSM,GRSM_063,NEON.PLA.D07.GRSM.01385,single bole tree,20.9,130,19.5
091ef264-b5d8-4ae3-90d6-26cf5e72233d,GRSM_053.basePlot.vst,2017-11-28,vst_GRSM_2017,D07,GRSM,GRSM_053,NEON.PLA.D07.GRSM.01513,single bole tree,47.2,130,39.2
d3baf2e5-7f86-40af-b5b6-35ef26654563,GRSM_063.basePlot.vst,2017-11-28,vst_GRSM_2017,D07,GRSM,GRSM_063,NEON.PLA.D07.GRSM.01427,single bole tree,43.6,130,38.7
81e87c0f-412b-4a42-8871-7b5fe4cc023f,GRSM_053.basePlot.vst,2017-11-28,vst_GRSM_2017,D07,GRSM,GRSM_053,NEON.PLA.D07.GRSM.01526,single bole tree,23.5,130,21.5
56ee0344-8c34-4de9-beb8-84b8f00aba04,GRSM_053.basePlot.vst,2017-11-28,vst_GRSM_2017,D07,GRSM,GRSM_053,NEON.PLA.D07.GRSM.01519,single bole tree,45.8,130,36.7
0b3344d5-29b3-4651-80f3-22ae31bc0069,GRSM_063.basePlot.vst,2017-11-28,vst_GRSM_2017,D07,GRSM,GRSM_063,NEON.PLA.D07.GRSM.01384,single bole tree,50.4,130,34.3
72377bbe-e739-4570-82b5-8d2d2a536dcc,GRSM_063.basePlot.vst,2017-11-28,vst_GRSM_2017,D07,GRSM,GRSM_063,NEON.PLA.D07.GRSM.01383,single bole tree,23.3,130,23.9
6afddc2d-087a-4368-9415-2c4723be8383,GRSM_053.basePlot.vst,2017-11-28,vst_GRSM_2017,D07,GRSM,GRSM_053,NEON.PLA.D07.GRSM.01515,single bole tree,14.2,130,11.3
8a242e14-4bca-499e-b345-02d98161c620,GRSM_053.basePlot.vst,2017-11-28,vst_GRSM_2017,D07,GRSM,GRSM_053,NEON.PLA.D07.GRSM.01578,single bole tree,59.0,130,40.5
18e825eb-cdb4-4ade-8584-b64ce5edde4c,GRSM_053.basePlot.vst,2017-11-28,vst_GRSM_2017,D07,GRSM,GRSM_053,NEON.PLA.D07.GRSM.01501,single bole tree,45.3,130,39.7
403916bb-d9a9-4a7b-98dd-3daf408b067f,GRSM_063.basePlot.vst,2017-11-28,vst_GRSM_2017,D07,GRSM,GRSM_063,NEON.PLA.D07.GRSM.01457,single bole tree,63.3,130,39.6
f0b31a67-5177-485b-8f7e-441552a6d131,GRSM_063.basePlot.vst,2017-11-28,vst_GRSM_2017,D07,GRSM,GRSM_063,NEON.PLA.D07.GRSM.01422,single bole tree,55.2,130,23.3
55db0bf8-d4a1-4cd8-a8a6-8e618aced0a0,GRSM_053.basePlot.vst,2017-11-28,vst_GRSM_2017,D07,GRSM,GRSM_053,NEON.PLA.D07.GRSM.01470,single bole tree,29.8,130,31.4
ca985748-c445-4eec-9b5b-08679b0af5bb,GRSM_053.basePlot.vst,2017-11-28,vst_GRSM_2017,D07,GRSM,GRSM_053,NEON.PLA.D07.GRSM.01567,single bole tree,47.5,130,41.6
1e764fec-2ab6-4f19-863b-3954d9ad1cf6,GRSM_063.basePlot.vst,2017-11-28,vst_GRSM_2017,D07,GRSM,GRSM_063,NEON.PLA.D07.GRSM.01419,single bole tree,22.8,130,20.4
65019ebd-812e-4b06-ae88-2d75b5013d3d,GRSM_063.basePlot.vst,2017-11-28,vst_GRSM_2017,D07,GRSM,GRSM_063,NEON.PLA.D07.GRSM.01386,single bole tree,22.7,130,18.3
a01c67bf-0044-44f0-a61d-c75facf7e9dd,GRSM_063.basePlot.vst,2017-11-28,vst_GRSM_2017,D07,GRSM,GRSM_063,NEON.PLA.D07.GRSM.01350,single bole tree,28.6,130,25.1
a0fbe408-1557-4ba8-85b2-a9d6632b900f,GRSM_063.basePlot.vst,2017-11-28,vst_GRSM_2017,D07,GRSM,GRSM_063,NEON.PLA.D07.GRSM.01352,single bole tree,12.6,130,6.0
6eb6fd1e-a320-4a00-9bed-f2baaa5cfd19,GRSM_063.basePlot.vst,2017-11-28,vst_GRSM_2017,D07,GRSM,GRSM_063,NEON.PLA.D07.GRSM.01456,single bole tree,22.6,130,14.9
b1d5a7ba-f38b-4e13-83f1-bb131563ce33,GRSM_053.basePlot.vst,2017-11-28,vst_GRSM_2017,D07,GRSM,GRSM_053,NEON.PLA.D07.GRSM.01491,multi-bole tree,36.7,130,36.4
24f3f33f-4de6-42ce-b33e-b6196997d495,GRSM_063.basePlot.vst,2017-11-28,vst_GRSM_2017,D07,GRSM,GRSM_063,NEON.PLA.D07.GRSM.01393,single bole tree,11.9,130,11.7
a855190f-928e-4b78-b51d-64d93ba20723,GRSM_063.basePlot.vst,2017-11-28,vst_GRSM_2017,D07,GRSM,GRSM_063,NEON.PLA.D07.GRSM.01373,NA,NA,NA,NA
65335001-2717-4a02-b89e-63007b299e60,GRSM_053.basePlot.vst,2017-11-28,vst_GRSM_2017,D07,GRSM,GRSM_053,NEON.PLA.D07.GRSM.01594,single bole tree,67.0,200,38.5
5de184d9-cf2c-4c05-b2cd-bd32ebb1da3e,GRSM_063.basePlot.vst,2017-11-28,vst_GRSM_2017,D07,GRSM,GRSM_063,NEON.PLA.D07.GRSM.01389,single bole tree,15.4,130,12.3
47dce56c-2a08-4c99-908b-50ac87606080,GRSM_053.basePlot.vst,2017-11-28,vst_GRSM_2017,D07,GRSM,GRSM_053,NEON.PLA.D07.GRSM.01560,multi-bole tree,36.7,130,32.5
ea70f043-f923-4f57-be04-52eba9c410b3,GRSM_063.basePlot.vst,2017-11-28,vst_GRSM_2017,D07,GRSM,GRSM_063,NEON.PLA.D07.GRSM.01400,single bole tree,43.9,130,37.0
8f9c136b-31d9-46ef-832c-cbccd5f3da6e,GRSM_053.basePlot.vst,2017-11-28,vst_GRSM_2017,D07,GRSM,GRSM_053,NEON.PLA.D07.GRSM.01593,single bole tree,27.1,130,24.3
53af2820-0a09-43e2-be20-2f517432f670,GRSM_063.basePlot.vst,2017-11-28,vst_GRSM_2017,D07,GRSM,GRSM_063,NEON.PLA.D07.GRSM.01402,single bole tree,42.5,130,36.3
79995781-ade0-4700-81d8-7348bb29c207,GRSM_063.basePlot.vst,2017-11-28,vst_GRSM_2017,D07,GRSM,GRSM_063,NEON.PLA.D07.GRSM.01376,single bole tree,28.4,130,22.4
f652e0ee-e478-4de4-a3cd-ab12184ac503,GRSM_063.basePlot.vst,2017-11-28,vst_GRSM_2017,D07,GRSM,GRSM_063,NEON.PLA.D07.GRSM.01390,single bole tree,10.5,130,8.2
26b4c96e-7922-449b-982f-c0f5aa778496,GRSM_053.basePlot.vst,2017-11-28,vst_GRSM_2017,D07,GRSM,GRSM_053,NEON.PLA.D07.GRSM.01475,single bole tree,56.2,130,38.8
224f3f14-941b-455f-a685-592bb3441921,GRSM_063.basePlot.vst,2017-11-28,vst_GRSM_2017,D07,GRSM,GRSM_063,NEON.PLA.D07.GRSM.01381,single bole tree,59.6,130,37.0
be5c6a0b-16ae-41a6-ab4d-6ba3162e184b,GRSM_053.basePlot.vst,2017-11-28,vst_GRSM_2017,D07,GRSM,GRSM_053,NEON.PLA.D07.GRSM.01514,single bole tree,28.7,130,37.6
f2d0e568-820c-49cc-8db6-4f2a4681e2eb,GRSM_053.basePlot.vst,2017-11-28,vst_GRSM_2017,D07,GRSM,GRSM_053,NEON.PLA.D07.GRSM.01595,single bole tree,52.9,130,39.7
b6614fcf-97df-4cea-a783-4bd9263ee516,GRSM_063.basePlot.vst,2017-11-28,vst_GRSM_2017,D07,GRSM,GRSM_063,NEON.PLA.D07.GRSM.01354,single bole tree,55.4,130,32.2
f70875c4-6fce-4e5c-aa58-8b6aecd47034,GRSM_063.basePlot.vst,2017-11-28,vst_GRSM_2017,D07,GRSM,GRSM_063,NEON.PLA.D07.GRSM.01394,single bole tree,52.5,130,32.1
518b0733-fc71-4f4d-8e0c-e2dc5599b2c8,GRSM_053.basePlot.vst,2017-11-28,vst_GRSM_2017,D07,GRSM,GRSM_053,NEON.PLA.D07.GRSM.01473,single bole tree,17.5,130,16.8
fe15b37e-3f1c-4f0f-9f94-2a1fe746d397,GRSM_053.basePlot.vst,2017-11-28,vst_GRSM_2017,D07,GRSM,GRSM_053,NEON.PLA.D07.GRSM.01511,single bole tree,57.6,130,42.5
f32e3bc4-ce27-4efc-90cd-13f6d9535aca,GRSM_053.basePlot.vst,2017-11-28,vst_GRSM_2017,D07,GRSM,GRSM_053,NEON.PLA.D07.GRSM.01556,single bole tree,54.3,130,40.8
4b736e91-3e76-41a5-88e1-a15ec46d1e20,GRSM_063.basePlot.vst,2017-11-28,vst_GRSM_2017,D07,GRSM,GRSM_063,NEON.PLA.D07.GRSM.01388,NA,NA,NA,NA
3d18514b-26e6-4294-8a48-a68bc10d7f3b,GRSM_050.basePlot.vst,2017-11-29,vst_GRSM_2017,D07,GRSM,GRSM_050,NEON.PLA.D07.GRSM.02090,single bole tree,16.0,130,18.6
706c4a0b-be37-46a7-9777-7884f8911049,GRSM_050.basePlot.vst,2017-11-29,vst_GRSM_2017,D07,GRSM,GRSM_050,NEON.PLA.D07.GRSM.02098,single bole tree,25.3,130,26.8
783d6832-d5bb-492f-b0f8-978d5fb4c073,GRSM_050.basePlot.vst,2017-11-29,vst_GRSM_2017,D07,GRSM,GRSM_050,NEON.PLA.D07.GRSM.01975,single bole tree,12.6,130,10.1
fe2aa18d-8d67-4a40-a6ef-7fad6eb16dec,GRSM_050.basePlot.vst,2017-11-29,vst_GRSM_2017,D07,GRSM,GRSM_050,NEON.PLA.D07.GRSM.02101,single bole tree,56.4,130,38.4
b303a0f3-5714-4013-ab7c-3ccbd448d665,GRSM_050.basePlot.vst,2017-11-29,vst_GRSM_2017,D07,GRSM,GRSM_050,NEON.PLA.D07.GRSM.02100,single bole tree,42.3,130,31.5
6cb3810c-b371-496d-8cc5-4b341c29b078,GRSM_050.basePlot.vst,2017-11-29,vst_GRSM_2017,D07,GRSM,GRSM_050,NEON.PLA.D07.GRSM.02095,multi-bole tree,91.0,130,39.6
fc12f69c-cf30-4450-afb8-23d54a21241d,GRSM_050.basePlot.vst,2017-11-29,vst_GRSM_2017,D07,GRSM,GRSM_050,NEON.PLA.D07.GRSM.01976,single bole tree,16.2,160,19.3
fe012c73-532e-4622-8c43-bf0b2e5e0264,GRSM_050.basePlot.vst,2017-11-29,vst_GRSM_2017,D07,GRSM,GRSM_050,NEON.PLA.D07.GRSM.01960,multi-bole tree,10.4,130,11.7
4356a5fa-fd8a-4811-a2ce-fbe3695ca4e1,GRSM_050.basePlot.vst,2017-11-29,vst_GRSM_2017,D07,GRSM,GRSM_050,NEON.PLA.D07.GRSM.01945,multi-bole tree,34.3,130,15.8
692616c3-1f24-4050-b2da-c69152efb343,GRSM_050.basePlot.vst,2017-11-29,vst_GRSM_2017,D07,GRSM,GRSM_050,NEON.PLA.D07.GRSM.02094,single bole tree,46.8,130,34.3
5498fed7-b2cf-4802-89dd-d001598eca21,GRSM_050.basePlot.vst,2017-11-29,vst_GRSM_2017,D07,GRSM,GRSM_050,NEON.PLA.D07.GRSM.01948,NA,NA,NA,NA
6123d2cf-3ae2-45c7-8be5-c1540bc8e8bb,GRSM_050.basePlot.vst,2017-11-29,vst_GRSM_2017,D07,GRSM,GRSM_050,NEON.PLA.D07.GRSM.01974,single bole tree,12.9,130,15.3
598d7f9f-9fea-4142-b13b-0462ad41caf1,GRSM_056.basePlot.vst,2017-11-29,vst_GRSM_2017,D07,GRSM,GRSM_056,NEON.PLA.D07.GRSM.03821,single bole tree,46.7,130,10.4
8f7a9a75-94a2-4322-a832-c70f19b27bd9,GRSM_050.basePlot.vst,2017-11-29,vst_GRSM_2017,D07,GRSM,GRSM_050,NEON.PLA.D07.GRSM.01955,single bole tree,31.3,130,25.6
94254376-09bf-44bf-9306-22ded9689b11,GRSM_050.basePlot.vst,2017-11-29,vst_GRSM_2017,D07,GRSM,GRSM_050,NEON.PLA.D07.GRSM.02114,single bole tree,10.5,130,10.3
9879b1f7-a372-4b56-892d-559e15d8b3aa,GRSM_050.basePlot.vst,2017-11-29,vst_GRSM_2017,D07,GRSM,GRSM_050,NEON.PLA.D07.GRSM.01977,single bole tree,15.1,130,17.6
a4131e77-0986-405a-9025-b96a28975cbc,GRSM_050.basePlot.vst,2017-11-29,vst_GRSM_2017,D07,GRSM,GRSM_050,NEON.PLA.D07.GRSM.01982,single bole tree,41.1,130,28.9
61261fd3-d663-426e-b5e6-afb69ee4569d,GRSM_050.basePlot.vst,2017-11-29,vst_GRSM_2017,D07,GRSM,GRSM_050,NEON.PLA.D07.GRSM.02112,single bole tree,18.7,130,19.3
c0fba96f-af2e-4331-8b42-66707ca9805f,GRSM_056.basePlot.vst,2017-11-29,vst_GRSM_2017,D07,GRSM,GRSM_056,NEON.PLA.D07.GRSM.01232A,multi-bole tree,9.9,130,14.1
34737c47-7676-42fe-970a-afd7dd3a39ef,GRSM_050.basePlot.vst,2017-11-29,vst_GRSM_2017,D07,GRSM,GRSM_050,NEON.PLA.D07.GRSM.02097,single bole tree,30.7,130,22.1
ee65fd43-bb38-4035-8dc5-13bca986029b,GRSM_050.basePlot.vst,2017-11-29,vst_GRSM_2017,D07,GRSM,GRSM_050,NEON.PLA.D07.GRSM.02077,single bole tree,15.8,130,16.9
fc9023d8-5905-4e06-9591-da336d591d23,GRSM_050.basePlot.vst,2017-11-29,vst_GRSM_2017,D07,GRSM,GRSM_050,NEON.PLA.D07.GRSM.01939,single bole tree,17.6,130,18.1
a5b66d4e-b979-447b-8d44-b87a6a86ffd1,GRSM_050.basePlot.vst,2017-11-29,vst_GRSM_2017,D07,GRSM,GRSM_050,NEON.PLA.D07.GRSM.02113,single bole tree,18.8,130,22.1
2a49ecfb-e883-4fdb-af61-5cc76ef42307,GRSM_050.basePlot.vst,2017-11-29,vst_GRSM_2017,D07,GRSM,GRSM_050,NEON.PLA.D07.GRSM.01972,single bole tree,19.8,130,16.3
21d3aa3c-8500-4a9f-9814-3abb5441be1b,GRSM_050.basePlot.vst,2017-11-29,vst_GRSM_2017,D07,GRSM,GRSM_050,NEON.PLA.D07.GRSM.01958,single bole tree,12.4,130,14.7
3c66a215-38b0-43c7-b4c9-539b9a193902,GRSM_050.basePlot.vst,2017-11-29,vst_GRSM_2017,D07,GRSM,GRSM_050,NEON.PLA.D07.GRSM.01973,single bole tree,13.8,130,11.6
c76e0a92-5b86-40e1-8d06-2f12c7290290,GRSM_050.basePlot.vst,2017-11-29,vst_GRSM_2017,D07,GRSM,GRSM_050,NEON.PLA.D07.GRSM.02096,single bole tree,13.9,130,15.7
a1d2493a-dbed-48e6-aeb3-9375ec8edb60,GRSM_050.basePlot.vst,2017-11-29,vst_GRSM_2017,D07,GRSM,GRSM_050,NEON.PLA.D07.GRSM.02099,single bole tree,19.2,130,17.5
a8a000e6-a757-49e8-be87-a664bf9815e4,GRSM_050.basePlot.vst,2017-11-29,vst_GRSM_2017,D07,GRSM,GRSM_050,NEON.PLA.D07.GRSM.01985,single bole tree,46.5,130,29.5
9a5aee3d-3383-4dc0-b428-a5687e1c724c,GRSM_050.basePlot.vst,2017-11-29,vst_GRSM_2017,D07,GRSM,GRSM_050,NEON.PLA.D07.GRSM.01950,single bole tree,31.5,130,17.8
cebb8e0e-57d2-4798-8627-019aeabf7949,GRSM_050.basePlot.vst,2017-11-29,vst_GRSM_2017,D07,GRSM,GRSM_050,NEON.PLA.D07.GRSM.01964,single bole tree,62.6,130,29.8
370ecbb8-7ebf-4433-9ce4-014f5265985d,GRSM_050.basePlot.vst,2017-11-29,vst_GRSM_2017,D07,GRSM,GRSM_050,NEON.PLA.D07.GRSM.02110,single bole tree,37.6,130,28.8
7ea29481-4cd8-4fea-b81a-bb42f8a26c2d,GRSM_050.basePlot.vst,2017-11-29,vst_GRSM_2017,D07,GRSM,GRSM_050,NEON.PLA.D07.GRSM.01971,single bole tree,35.6,130,29.6
ac886051-83f7-49b4-83b4-6cd9571c7f72,GRSM_050.basePlot.vst,2017-11-29,vst_GRSM_2017,D07,GRSM,GRSM_050,NEON.PLA.D07.GRSM.01965,single bole tree,15.1,130,14.4
6001172b-47dc-457d-b2c4-65823427a992,GRSM_050.basePlot.vst,2017-11-29,vst_GRSM_2017,D07,GRSM,GRSM_050,NEON.PLA.D07.GRSM.02107,single bole tree,27.4,130,20.2
81ec8f0d-0b45-4dde-8add-770f9ee7bc71,GRSM_050.basePlot.vst,2017-11-29,vst_GRSM_2017,D07,GRSM,GRSM_050,NEON.PLA.D07.GRSM.02091,NA,NA,NA,NA
f9c524ea-2563-4cc1-8d22-05ab521b0232,GRSM_050.basePlot.vst,2017-11-29,vst_GRSM_2017,D07,GRSM,GRSM_050,NEON.PLA.D07.GRSM.01984,single bole tree,10.3,130,12.0
afda3b09-d7e5-4ada-9422-41b296519362,GRSM_050.basePlot.vst,2017-11-29,vst_GRSM_2017,D07,GRSM,GRSM_050,NEON.PLA.D07.GRSM.02087,single bole tree,49.3,130,36.3
73ac00ae-524f-45d9-81a4-d8cbd7593c95,GRSM_050.basePlot.vst,2017-11-29,vst_GRSM_2017,D07,GRSM,GRSM_050,NEON.PLA.D07.GRSM.02111,single bole tree,17.2,130,13.1
7bbb1d3b-7d45-4a9c-9354-1f3fa92aac49,GRSM_056.basePlot.vst,2017-11-29,vst_GRSM_2017,D07,GRSM,GRSM_056,NEON.PLA.D07.GRSM.03811,single bole tree,17.3,130,9.3
f7d1df08-0ebb-4639-9643-586c12f4c571,GRSM_050.basePlot.vst,2017-11-29,vst_GRSM_2017,D07,GRSM,GRSM_050,NEON.PLA.D07.GRSM.01959,single bole tree,11.7,130,10.3
9d7dafe7-c4c8-4e27-871d-3cb44f3364af,GRSM_055.basePlot.vst,2017-11-29,vst_GRSM_2017,D07,GRSM,GRSM_055,NEON.PLA.D07.GRSM.03806A,multi-bole tree,37.6,130,26.8
d4e05850-49a3-49b1-a452-a70bae1b47b9,GRSM_055.basePlot.vst,2017-11-29,vst_GRSM_2017,D07,GRSM,GRSM_055,NEON.PLA.D07.GRSM.03806,multi-bole tree,35.3,130,26.8
a1871b57-cdd3-40db-a374-5d331076893a,GRSM_048.basePlot.vst,2017-11-30,vst_GRSM_2017,D07,GRSM,GRSM_048,NEON.PLA.D07.GRSM.00118,single bole tree,10.8,130,8.2
b676fd6c-4a2b-461b-afb1-cc04a243c984,GRSM_048.basePlot.vst,2017-11-30,vst_GRSM_2017,D07,GRSM,GRSM_048,NEON.PLA.D07.GRSM.00194,single bole tree,38.0,130,22.3
e33709b8-5208-49a5-99b2-74ae020022c2,GRSM_048.basePlot.vst,2017-11-30,vst_GRSM_2017,D07,GRSM,GRSM_048,NEON.PLA.D07.GRSM.00162,single bole tree,29.5,130,21.8
0a88555b-387d-4052-9a50-d70ab98a7a88,GRSM_048.basePlot.vst,2017-11-30,vst_GRSM_2017,D07,GRSM,GRSM_048,NEON.PLA.D07.GRSM.00167,single bole tree,19.1,130,9.3
2f6f0f0a-66ca-4f03-9658-13089466268e,GRSM_048.basePlot.vst,2017-11-30,vst_GRSM_2017,D07,GRSM,GRSM_048,NEON.PLA.D07.GRSM.00144,single bole tree,47.2,130,4.6
657fe01f-23e7-4cfb-a02f-63a9fa0a791f,GRSM_048.basePlot.vst,2017-11-30,vst_GRSM_2017,D07,GRSM,GRSM_048,NEON.PLA.D07.GRSM.00192,single bole tree,26.7,130,14.8
61c11597-1a97-4aad-a504-762860bf826c,GRSM_048.basePlot.vst,2017-11-30,vst_GRSM_2017,D07,GRSM,GRSM_048,NEON.PLA.D07.GRSM.00161,single bole tree,51.7,130,27.0
45c8813f-19b7-497b-b979-44b2f3c18546,GRSM_048.basePlot.vst,2017-11-30,vst_GRSM_2017,D07,GRSM,GRSM_048,NEON.PLA.D07.GRSM.00148,single bole tree,15.1,130,17.7
843e7bdb-cb29-41df-a24b-6afaa4bc9969,GRSM_048.basePlot.vst,2017-11-30,vst_GRSM_2017,D07,GRSM,GRSM_048,NEON.PLA.D07.GRSM.00153,single bole tree,17.6,130,12.5
9764e0a0-c9f2-4f3c-aa3a-84947fd929e3,GRSM_048.basePlot.vst,2017-11-30,vst_GRSM_2017,D07,GRSM,GRSM_048,NEON.PLA.D07.GRSM.00152,single bole tree,15.0,130,12.4
d74c8740-1f95-456f-b45f-f1b35bf4ab76,GRSM_048.basePlot.vst,2017-11-30,vst_GRSM_2017,D07,GRSM,GRSM_048,NEON.PLA.D07.GRSM.00118A,multi-bole tree,9.9,130,8.2
699387d4-bc74-4062-a83b-135cd3c37089,GRSM_048.basePlot.vst,2017-11-30,vst_GRSM_2017,D07,GRSM,GRSM_048,NEON.PLA.D07.GRSM.00145,single bole tree,44.9,130,26.4
69695862-9585-4371-b928-6fee4983f2ac,GRSM_048.basePlot.vst,2017-11-30,vst_GRSM_2017,D07,GRSM,GRSM_048,NEON.PLA.D07.GRSM.00193,single bole tree,31.3,130,3.8
b4497ed8-2e4a-47db-aa7b-d7463e09a6dd,GRSM_048.basePlot.vst,2017-11-30,vst_GRSM_2017,D07,GRSM,GRSM_048,NEON.PLA.D07.GRSM.00191,single bole tree,67.2,130,32.0
45033d30-bfdb-48c9-ae91-9da2de9c1635,GRSM_048.basePlot.vst,2017-11-30,vst_GRSM_2017,D07,GRSM,GRSM_048,NEON.PLA.D07.GRSM.00113,single bole tree,47.3,130,26.4
12dd2a05-0a76-4405-8140-5ee52f78cd69,GRSM_048.basePlot.vst,2017-11-30,vst_GRSM_2017,D07,GRSM,GRSM_048,NEON.PLA.D07.GRSM.00173,single bole tree,26.1,130,21.5
671a5462-c6e7-4006-8467-90a695c6a8c1,GRSM_048.basePlot.vst,2017-11-30,vst_GRSM_2017,D07,GRSM,GRSM_048,NEON.PLA.D07.GRSM.00124,small tree,9.5,130,2.8
a86f7590-fd87-41c9-b3cb-0ed2d4b694ed,GRSM_048.basePlot.vst,2017-11-30,vst_GRSM_2017,D07,GRSM,GRSM_048,NEON.PLA.D07.GRSM.00129,single bole tree,39.4,140,31.9
e58e4b19-faba-47e5-867b-582393c3e566,GRSM_048.basePlot.vst,2017-11-30,vst_GRSM_2017,D07,GRSM,GRSM_048,NEON.PLA.D07.GRSM.00164,single bole tree,27.6,130,16.4
e104c18d-93ef-4d27-8a1e-4867d091df8c,GRSM_048.basePlot.vst,2017-11-30,vst_GRSM_2017,D07,GRSM,GRSM_048,NEON.PLA.D07.GRSM.00165,single bole tree,18.5,130,18.3
b3d6283d-3e41-4aef-bc9d-434ce76c7c85,GRSM_048.basePlot.vst,2017-11-30,vst_GRSM_2017,D07,GRSM,GRSM_048,NEON.PLA.D07.GRSM.00160,single bole tree,10.0,130,5.6
2994716d-c266-4d4d-93c9-bf99fc259f83,GRSM_048.basePlot.vst,2017-11-30,vst_GRSM_2017,D07,GRSM,GRSM_048,NEON.PLA.D07.GRSM.00150,single bole tree,17.3,130,15.7
8753c58d-9404-4401-ba5f-6121a96aa1b3,GRSM_048.basePlot.vst,2017-11-30,vst_GRSM_2017,D07,GRSM,GRSM_048,NEON.PLA.D07.GRSM.00119,single bole tree,16.6,130,8.3
029ede65-5123-4e32-a916-9b180ce82045,GRSM_048.basePlot.vst,2017-11-30,vst_GRSM_2017,D07,GRSM,GRSM_048,NEON.PLA.D07.GRSM.00125,single bole tree,17.0,130,10.2
f6625758-5332-4a29-9346-6b9bb6c383c8,GRSM_048.basePlot.vst,2017-11-30,vst_GRSM_2017,D07,GRSM,GRSM_048,NEON.PLA.D07.GRSM.00155,small tree,1.2,130,1.6
d111c594-82dd-4016-9c30-c88fccbf8847,GRSM_048.basePlot.vst,2017-11-30,vst_GRSM_2017,D07,GRSM,GRSM_048,NEON.PLA.D07.GRSM.00107,single bole tree,34.4,130,24.9
bbb597d4-7a94-4b56-a89b-e0f504e32de5,GRSM_048.basePlot.vst,2017-11-30,vst_GRSM_2017,D07,GRSM,GRSM_048,NEON.PLA.D07.GRSM.00151,single bole tree,47.7,130,27.4
390fec0a-967c-46d5-9e59-46e1c9349e80,GRSM_048.basePlot.vst,2017-11-30,vst_GRSM_2017,D07,GRSM,GRSM_048,NEON.PLA.D07.GRSM.00170,NA,NA,NA,NA
2b68b7dc-4fe2-4465-a210-0ccc118bac61,GRSM_048.basePlot.vst,2017-11-30,vst_GRSM_2017,D07,GRSM,GRSM_048,NEON.PLA.D07.GRSM.00166,single bole tree,98.0,130,30.4
7d629adc-df52-46f2-a97f-f6fadd86782a,GRSM_048.basePlot.vst,2017-11-30,vst_GRSM_2017,D07,GRSM,GRSM_048,NEON.PLA.D07.GRSM.00137,single bole tree,49.9,130,27.0
b0e675f1-22ec-4514-a6d2-f4644c1df754,GRSM_048.basePlot.vst,2017-11-30,vst_GRSM_2017,D07,GRSM,GRSM_048,NEON.PLA.D07.GRSM.00147,single bole tree,15.5,130,8.9
1b59d552-67bd-4c61-b8b0-3c5ae14e275a,GRSM_048.basePlot.vst,2017-11-30,vst_GRSM_2017,D07,GRSM,GRSM_048,NEON.PLA.D07.GRSM.00154,single bole tree,13.5,130,15.1
d5d1422c-7423-4580-b84a-26887d34a9be,GRSM_048.basePlot.vst,2017-11-30,vst_GRSM_2017,D07,GRSM,GRSM_048,NEON.PLA.D07.GRSM.00146,single bole tree,44.4,130,24.8
