uid,namedLocation,date,eventID,domainID,siteID,plotID,individualID,growthForm,stemDiameter,measurementHeight,height
3f9b40f9-a367-43d5-84eb-57af279644b5,BLAN_052.basePlot.vst,2017-09-22,vst_BLAN_2017,D02,BLAN,BLAN_052,NEON.PLA.D02.BLAN.08168,single bole tree,17.6,130,7.5
ecd2d9ab-8259-4d1b-883d-b536f86bd632,BLAN_052.basePlot.vst,2017-09-22,vst_BLAN_2017,D02,BLAN,BLAN_052,NEON.PLA.D02.BLAN.00082,multi-bole tree,12.6,130,6.0
65fad273-c263-4874-9a43-8d6a2b2cee87,BLAN_052.basePlot.vst,2017-09-22,vst_BLAN_2017,D02,BLAN,BLAN_052,NEON.PLA.D02.BLAN.08226,single bole tree,11.9,130,6.6
2db3c0c3-2c3a-4eb2-bc88-b280b1bd6a98,BLAN_052.basePlot.vst,2017-09-22,vst_BLAN_2017,D02,BLAN,BLAN_052,NEON.PLA.D02.BLAN.13191,single bole tree,11.1,130,6.9
cf334472-528b-4b33-bd2b-1ff4e9de4563,BLAN_052.basePlot.vst,2017-09-22,vst_BLAN_2017,D02,BLAN,BLAN_052,NEON.PLA.D02.BLAN.08218,single bole tree,14.4,130,7.2
724a9d37-070e-4a71-8af3-05e2141cfde7,BLAN_052.basePlot.vst,2017-09-22,vst_BLAN_2017,D02,BLAN,BLAN_052,NEON.PLA.D02.BLAN.08167,single bole tree,12.5,130,5.7
5ce21ad1-f01e-4660-90a7-da0362d204ea,BLAN_035.basePlot.vst,2017-09-22,vst_BLAN_2017,D02,BLAN,BLAN_035,NEON.PLA.D02.BLAN.13298,single bole tree,12.2,130,6.8
a76a2671-7318-4517-b0ad-8b040e56dc05,BLAN_050.basePlot.vst,2017-09-25,vst_BLAN_2017,D02,BLAN,BLAN_050,NEON.PLA.D02.BLAN.08240,single shrub,4.5,130,5.1
92ef6e2e-79be-41f8-95be-e629f8513a03,BLAN_050.basePlot.vst,2017-09-25,vst_BLAN_2017,D02,BLAN,BLAN_050,NEON.PLA.D02.BLAN.08328,single shrub,1.5,130,1.9
45cde509-6094-42c6-83c4-004be1baffef,BLAN_050.basePlot.vst,2017-09-25,vst_BLAN_2017,D02,BLAN,BLAN_050,NEON.PLA.D02.BLAN.08242,single shrub,3.5,130,4.9
0e3477d0-4388-411d-99a6-5a8340f5d410,BLAN_057.basePlot.vst,2017-09-25,vst_BLAN_2017,D02,BLAN,BLAN_057,NEON.PLA.D02.BLAN.08417,single shrub,1.5,130,3.6
94a954e8-d988-4e01-ba94-527b065ce220,BLAN_057.basePlot.vst,2017-09-25,vst_BLAN_2017,D02,BLAN,BLAN_057,NEON.PLA.D02.BLAN.08403,single shrub,4.7,130,4.3
257042f8-45df-4b93-a2c3-5bb2d186e4a9,BLAN_057.basePlot.vst,2017-09-25,vst_BLAN_2017,D02,BLAN,BLAN_057,NEON.PLA.D02.BLAN.05392,single shrub,1.0,130,2.1
6f336d4a-59a5-446b-8ac8-a4957184bb6c,BLAN_050.basePlot.vst,2017-09-25,vst_BLAN_2017,D02,BLAN,BLAN_050,NEON.PLA.D02.BLAN.00090,multi-bole tree,11.1,180,7.1
ff562c32-68ab-404a-add0-b674e3f8dab2,BLAN_050.basePlot.vst,2017-09-25,vst_BLAN_2017,D02,BLAN,BLAN_050,NEON.PLA.D02.BLAN.13159A,multi-bole tree,10.4,130,NA
50570742-18e8-4d0e-886c-8121ae528027,BLAN_057.basePlot.vst,2017-09-25,vst_BLAN_2017,D02,BLAN,BLAN_057,NEON.PLA.D02.BLAN.05386,small shrub,NA,NA,0.3
ea6c9bc0-20dd-4399-bf2b-f990348940fb,BLAN_057.basePlot.vst,2017-09-25,vst_BLAN_2017,D02,BLAN,BLAN_057,NEON.PLA.D02.BLAN.05391,single shrub,1.0,130,1.9
24dae176-5543-4059-8fad-21ce245293ff,BLAN_050.basePlot.vst,2017-09-25,vst_BLAN_2017,D02,BLAN,BLAN_050,NEON.PLA.D02.BLAN.08241,single shrub,5.3,130,5.6
fe3c4d61-88ca-478e-b021-d7c15dc1965a,BLAN_057.basePlot.vst,2017-09-25,vst_BLAN_2017,D02,BLAN,BLAN_057,NEON.PLA.D02.BLAN.08432,single shrub,2.5,130,3.7
a61865dd-c210-41cd-8c90-991264476a22,BLAN_057.basePlot.vst,2017-09-25,vst_BLAN_2017,D02,BLAN,BLAN_057,NEON.PLA.D02.BLAN.08415,small shrub,NA,NA,0.9
86f5bb0d-c016-48d8-ac1d-1878145ced40,BLAN_057.basePlot.vst,2017-09-25,vst_BLAN_2017,D02,BLAN,BLAN_057,NEON.PLA.D02.BLAN.08408,single shrub,1.4,130,2.6
2614ee79-7ea4-4d54-940d-e07e8ca20b56,BLAN_050.basePlot.vst,2017-09-25,vst_BLAN_2017,D02,BLAN,BLAN_050,NEON.PLA.D02.BLAN.08326,single shrub,5.8,130,6.3
94da5f68-7cae-45fa-8fb2-0b862e16c2d7,BLAN_050.basePlot.vst,2017-09-25,vst_BLAN_2017,D02,BLAN,BLAN_050,NEON.PLA.D02.BLAN.08330,single shrub,1.1,130,5.5
f4a562f9-e18a-4739-b9eb-56a9f9357a41,BLAN_050.basePlot.vst,2017-09-25,vst_BLAN_2017,D02,BLAN,BLAN_050,NEON.PLA.D02.BLAN.08241,single shrub,1.6,130,5.6
86f9ba1e-6567-4cb6-bbe1-62ddb01fbf64,BLAN_057.basePlot.vst,2017-09-25,vst_BLAN_2017,D02,BLAN,BLAN_057,NEON.PLA.D02.BLAN.08402,single shrub,4.1,130,4.2
2271e593-b904-408e-8122-442dbaf67c17,BLAN_057.basePlot.vst,2017-09-25,vst_BLAN_2017,D02,BLAN,BLAN_057,NEON.PLA.D02.BLAN.05374,single shrub,1.6,130,2.3
12363839-323c-4c70-b9dc-2aeb9fb92eca,BLAN_057.basePlot.vst,2017-09-25,vst_BLAN_2017,D02,BLAN,BLAN_057,NEON.PLA.D02.BLAN.08422,small shrub,NA,NA,0.5
ef938bf6-5d71-40aa-a5b5-e7ceecdc5c62,BLAN_057.basePlot.vst,2017-09-25,vst_BLAN_2017,D02,BLAN,BLAN_057,NEON.PLA.D02.BLAN.08407,single shrub,6.0,130,4.0
5af23c72-b73d-406e-a9aa-0257d7991e6f,BLAN_050.basePlot.vst,2017-09-25,vst_BLAN_2017,D02,BLAN,BLAN_050,NEON.PLA.D02.BLAN.12188,multi-bole tree,10.7,130,7.2
d83a02fa-902f-4ff9-8548-70c63deef3f9,BLAN_057.basePlot.vst,2017-09-25,vst_BLAN_2017,D02,BLAN,BLAN_057,NEON.PLA.D02.BLAN.08432,single shrub,2.2,130,3.7
c548d2c7-a554-4bed-a4cd-ae22a9900d27,BLAN_050.basePlot.vst,2017-09-25,vst_BLAN_2017,D02,BLAN,BLAN_050,NEON.PLA.D02.BLAN.08324,single shrub,3.8,130,4.6
76c8b2a2-087e-416d-8cda-d5c5ac25e476,BLAN_050.basePlot.vst,2017-09-25,vst_BLAN_2017,D02,BLAN,BLAN_050,NEON.PLA.D02.BLAN.08240,single shrub,2.6,130,5.1
75112c5a-d676-434b-af68-cd180a7c2032,BLAN_057.basePlot.vst,2017-09-25,vst_BLAN_2017,D02,BLAN,BLAN_057,NEON.PLA.D02.BLAN.08419,single shrub,1.8,130,2.9
bcb6a97b-a266-4260-a88a-f5a6c49357d5,BLAN_057.basePlot.vst,2017-09-25,vst_BLAN_2017,D02,BLAN,BLAN_057,NEON.PLA.D02.BLAN.08413,single shrub,7.6,130,4.8
016ae5e9-e99e-49c1-a98c-93eefdcc84eb,BLAN_057.basePlot.vst,2017-09-25,vst_BLAN_2017,D02,BLAN,BLAN_057,NEON.PLA.D02.BLAN.05387,single shrub,3.6,130,4.5
9df1feec-e643-4de3-a471-2d4525b42d1b,BLAN_057.basePlot.vst,2017-09-25,vst_BLAN_2017,D02,BLAN,BLAN_057,NEON.PLA.D02.BLAN.08408,single shrub,2.6,130,2.6
4f5cd3a1-af41-452d-924d-a060d938cd6c,BLAN_050.basePlot.vst,2017-09-25,vst_BLAN_2017,D02,BLAN,BLAN_050,NEON.PLA.D02.BLAN.08242,single shrub,3.0,130,4.9
f58e912d-30c5-4f87-9db2-53daad3b0740,BLAN_057.basePlot.vst,2017-09-25,vst_BLAN_2017,D02,BLAN,BLAN_057,NEON.PLA.D02.BLAN.08408,single shrub,2.3,130,2.6
6799c473-0fe7-4e52-9de8-eb00411bddcd,BLAN_050.basePlot.vst,2017-09-25,vst_BLAN_2017,D02,BLAN,BLAN_050,NEON.PLA.D02.BLAN.08326,single shrub,3.6,130,6.3
b3c1b9b0-ff83-4014-a479-e28dc6031e7b,BLAN_057.basePlot.vst,2017-09-25,vst_BLAN_2017,D02,BLAN,BLAN_057,NEON.PLA.D02.BLAN.08402,single shrub,3.4,130,4.2
fdbc0a1b-2878-4380-aa35-50d4242113af,BLAN_057.basePlot.vst,2017-09-25,vst_BLAN_2017,D02,BLAN,BLAN_057,NEON.PLA.D02.BLAN.05385,single shrub,1.2,130,2.3
edd270cf-b598-4113-a409-ec0dad9945fe,BLAN_050.basePlot.vst,2017-09-25,vst_BLAN_2017,D02,BLAN,BLAN_050,NEON.PLA.D02.BLAN.08241,single shrub,4.9,130,5.6
7f3657ff-2ada-4c1f-b6f9-477e9e6ec0f1,BLAN_057.basePlot.vst,2017-09-25,vst_BLAN_2017,D02,BLAN,BLAN_057,NEON.PLA.D02.BLAN.05374,single shrub,1.1,130,2.3
8ee61c63-83fd-4c29-b470-164299225ce5,BLAN_057.basePlot.vst,2017-09-25,vst_BLAN_2017,D02,BLAN,BLAN_057,NEON.PLA.D02.BLAN.08403,single shrub,4.5,130,4.3
e237f54e-da2f-40d5-982d-7996934ccc09,BLAN_050.basePlot.vst,2017-09-25,vst_BLAN_2017,D02,BLAN,BLAN_050,NEON.PLA.D02.BLAN.08324,single shrub,4.6,130,4.6
93815601-1037-4e23-bc68-8d12a15ad744,BLAN_050.basePlot.vst,2017-09-25,vst_BLAN_2017,D02,BLAN,BLAN_050,NEON.PLA.D02.BLAN.08240,single shrub,1.6,130,5.1
52c04f5c-9ac4-466a-badd-c5f011dac7e1,BLAN_057.basePlot.vst,2017-09-25,vst_BLAN_2017,D02,BLAN,BLAN_057,NEON.PLA.D02.BLAN.05387,single shrub,4.6,130,4.5
3a702272-575b-4f78-8eb6-db7a07a4a989,BLAN_050.basePlot.vst,2017-09-25,vst_BLAN_2017,D02,BLAN,BLAN_050,NEON.PLA.D02.BLAN.08241,single shrub,3.6,130,5.6
e982fcb4-9ee4-415b-bae3-ed9a26811f59,BLAN_057.basePlot.vst,2017-09-25,vst_BLAN_2017,D02,BLAN,BLAN_057,NEON.PLA.D02.BLAN.08411,single shrub,1.5,130,4.0
24cf0ae1-f952-45af-b8d6-8a76682efb45,BLAN_050.basePlot.vst,2017-09-25,vst_BLAN_2017,D02,BLAN,BLAN_050,NEON.PLA.D02.BLAN.08327,single shrub,1.1,130,2.4
be17f193-8852-4cd1-9932-8f4d89df250c,BLAN_057.basePlot.vst,2017-09-25,vst_BLAN_2017,D02,BLAN,BLAN_057,NEON.PLA.D02.BLAN.08431,single shrub,2.3,130,3.6
978a7d4c-7037-4166-8f4c-acb9d833d87b,BLAN_057.basePlot.vst,2017-09-25,vst_BLAN_2017,D02,BLAN,BLAN_057,NEON.PLA.D02.BLAN.05390,single shrub,3.4,130,3.8
f1442653-463c-48ac-80ac-029b5b1cc10a,BLAN_057.basePlot.vst,2017-09-25,vst_BLAN_2017,D02,BLAN,BLAN_057,NEON.PLA.D02.BLAN.05372,small tree,8.3,130,4.7
876aabb2-2898-4495-818c-3d7ca539a919,BLAN_057.basePlot.vst,2017-09-25,vst_BLAN_2017,D02,BLAN,BLAN_057,NEON.PLA.D02.BLAN.05374,single shrub,1.3,130,2.3
db1355af-1aeb-4bac-90a7-6e35b6b4b3ce,BLAN_057.basePlot.vst,2017-09-25,vst_BLAN_2017,D02,BLAN,BLAN_057,NEON.PLA.D02.BLAN.08406,small shrub,NA,NA,NA
72596341-7b21-43c0-9dd3-6e2861183b7d,BLAN_057.basePlot.vst,2017-09-25,vst_BLAN_2017,D02,BLAN,BLAN_057,NEON.PLA.D02.BLAN.08424,single shrub,3.3,130,3.6
d7d2399e-3268-4401-9e86-1d80652f2ad2,BLAN_057.basePlot.vst,2017-09-25,vst_BLAN_2017,D02,BLAN,BLAN_057,NEON.PLA.D02.BLAN.08420,small shrub,NA,NA,1.4
5f3a2b03-a253-4bda-998f-a7693e556332,BLAN_057.basePlot.vst,2017-09-25,vst_BLAN_2017,D02,BLAN,BLAN_057,NEON.PLA.D02.BLAN.05393,single shrub,3.6,130,3.7
1e7d5172-d8ef-4808-b686-cafe12826b84,BLAN_057.basePlot.vst,2017-09-25,vst_BLAN_2017,D02,BLAN,BLAN_057,NEON.PLA.D02.BLAN.08432,single shrub,2.2,130,3.7
79647cbc-0e07-4e7b-b4c7-82595188967b,BLAN_050.basePlot.vst,2017-09-25,vst_BLAN_2017,D02,BLAN,BLAN_050,NEON.PLA.D02.BLAN.08330,single shrub,6.0,130,5.5
d4eeb941-d4ad-4c28-86d0-8b19ca464322,BLAN_057.basePlot.vst,2017-09-25,vst_BLAN_2017,D02,BLAN,BLAN_057,NEON.PLA.D02.BLAN.05389,single shrub,8.2,130,4.4
6153e5b8-d439-45f0-b404-e33595afb2e6,BLAN_057.basePlot.vst,2017-09-25,vst_BLAN_2017,D02,BLAN,BLAN_057,NEON.PLA.D02.BLAN.08430,single shrub,1.2,130,4.4
0c91698f-1309-4a00-bcea-c7c66ba51840,BLAN_050.basePlot.vst,2017-09-25,vst_BLAN_2017,D02,BLAN,BLAN_050,NEON.PLA.D02.BLAN.08244,single shrub,6.3,130,5.2
07c31f9d-442b-49b6-9106-64e1f58d4244,BLAN_057.basePlot.vst,2017-09-25,vst_BLAN_2017,D02,BLAN,BLAN_057,NEON.PLA.D02.BLAN.08414,single shrub,2.8,130,4.5
07050265-5521-49e6-b909-ba65aa839017,BLAN_057.basePlot.vst,2017-09-25,vst_BLAN_2017,D02,BLAN,BLAN_057,NEON.PLA.D02.BLAN.05373,small shrub,NA,NA,NA
c08ae94e-6cd7-4a1d-8b49-490366d89f6b,BLAN_050.basePlot.vst,2017-09-25,vst_BLAN_2017,D02,BLAN,BLAN_050,NEON.PLA.D02.BLAN.08241,single shrub,1.9,130,5.6
b3a3901c-fcca-49f5-a3d0-f53627c17a27,BLAN_050.basePlot.vst,2017-09-25,vst_BLAN_2017,D02,BLAN,BLAN_050,NEON.PLA.D02.BLAN.08241,single shrub,5.3,130,5.6
b6e02556-7057-448d-8ed9-8d9d0308019d,BLAN_050.basePlot.vst,2017-09-25,vst_BLAN_2017,D02,BLAN,BLAN_050,NEON.PLA.D02.BLAN.08325,small tree,4.9,130,5.1
93e1ebfb-2b0d-4605-a276-f3fb8b737d95,BLAN_057.basePlot.vst,2017-09-25,vst_BLAN_2017,D02,BLAN,BLAN_057,NEON.PLA.D02.BLAN.05387,single shrub,3.6,130,4.5
5817881e-78af-4da7-94fb-e83859c75741,BLAN_050.basePlot.vst,2017-09-25,vst_BLAN_2017,D02,BLAN,BLAN_050,NEON.PLA.D02.BLAN.08236,single shrub,1.6,130,2.4
f46f7918-2880-4a74-8b0a-672effcb2929,BLAN_057.basePlot.vst,2017-09-25,vst_BLAN_2017,D02,BLAN,BLAN_057,NEON.PLA.D02.BLAN.08433,small shrub,NA,NA,2.8
7f64667c-58ee-4ad5-a511-77ad0ecd13c8,BLAN_057.basePlot.vst,2017-09-25,vst_BLAN_2017,D02,BLAN,BLAN_057,NEON.PLA.D02.BLAN.08424,single shrub,1.2,130,3.6
b4a54759-7857-4190-a857-bef56bb7d0fb,BLAN_057.basePlot.vst,2017-09-25,vst_BLAN_2017,D02,BLAN,BLAN_057,NEON.PLA.D02.BLAN.08432,single shrub,2.1,130,3.7
53b08788-cac9-46ad-943a-8844add7020e,BLAN_050.basePlot.vst,2017-09-25,vst_BLAN_2017,D02,BLAN,BLAN_050,NEON.PLA.D02.BLAN.13159,multi-bole tree,14.8,100,5.6
b433cbdf-bde4-481d-a366-8ffb753c270f,BLAN_050.basePlot.vst,2017-09-25,vst_BLAN_2017,D02,BLAN,BLAN_050,NEON.PLA.D02.BLAN.08235,single shrub,3.9,130,5.0
3e0fd45a-91a5-4f45-b36c-3db900db7df4,BLAN_050.basePlot.vst,2017-09-25,vst_BLAN_2017,D02,BLAN,BLAN_050,NEON.PLA.D02.BLAN.13159B,multi-bole tree,8.2,140,NA
ff5609a9-722c-42f8-ac87-e47445c3927d,BLAN_050.basePlot.vst,2017-09-25,vst_BLAN_2017,D02,BLAN,BLAN_050,NEON.PLA.D02.BLAN.08236,single shrub,1.3,130,2.4
45dedf6a-8441-4428-8ec6-b6fb490e2e52,BLAN_050.basePlot.vst,2017-09-25,vst_BLAN_2017,D02,BLAN,BLAN_050,NEON.PLA.D02.BLAN.08234,single shrub,1.6,130,3.0
4ebc9e16-9492-4fe0-8fd5-f8622be1bd58,BLAN_050.basePlot.vst,2017-09-25,vst_BLAN_2017,D02,BLAN,BLAN_050,NEON.PLA.D02.BLAN.08233,single shrub,1.3,130,2.8
76c99095-33af-494c-a28d-023c0a4374e9,BLAN_057.basePlot.vst,2017-09-25,vst_BLAN_2017,D02,BLAN,BLAN_057,NEON.PLA.D02.BLAN.05393,single shrub,2.8,130,3.7
7420168e-43ea-4371-9afc-12879b8960e8,BLAN_057.basePlot.vst,2017-09-25,vst_BLAN_2017,D02,BLAN,BLAN_057,NEON.PLA.D02.BLAN.08431,single shrub,4.2,130,3.6
d0c8cbc4-8383-411f-95b1-ae102edd8800,BLAN_057.basePlot.vst,2017-09-25,vst_BLAN_2017,D02,BLAN,BLAN_057,NEON.PLA.D02.BLAN.08419,single shrub,1.7,130,2.9
7ded5570-4185-404a-bbe5-91e6dabe47af,BLAN_057.basePlot.vst,2017-09-25,vst_BLAN_2017,D02,BLAN,BLAN_057,NEON.PLA.D02.BLAN.05388,single shrub,3.7,130,3.7
457135d5-7369-4cb4-a15e-109e06334213,BLAN_057.basePlot.vst,2017-09-25,vst_BLAN_2017,D02,BLAN,BLAN_057,NEON.PLA.D02.BLAN.05394,single shrub,3.5,130,3.8
23563208-df1a-4c2b-9cc9-cad1596c1906,BLAN_050.basePlot.vst,2017-09-25,vst_BLAN_2017,D02,BLAN,BLAN_050,NEON.PLA.D02.BLAN.08242,single shrub,4.5,130,4.9
21a43fd1-8206-4439-a074-f4efacde4bba,BLAN_050.basePlot.vst,2017-09-25,vst_BLAN_2017,D02,BLAN,BLAN_050,NEON.PLA.D02.BLAN.08324,single shrub,3.0,130,4.6
5342b38e-aaa2-4acb-b229-be7e3dfe3ca8,BLAN_050.basePlot.vst,2017-09-25,vst_BLAN_2017,D02,BLAN,BLAN_050,NEON.PLA.D02.BLAN.08233,single shrub,1.2,130,2.8
62ca1001-5ac4-4abe-832d-819496056c87,BLAN_050.basePlot.vst,2017-09-25,vst_BLAN_2017,D02,BLAN,BLAN_050,NEON.PLA.D02.BLAN.08327,single shrub,1.4,130,2.4
ad617a9d-ea4d-4b5f-bb1d-5c7be3dac6ff,BLAN_057.basePlot.vst,2017-09-25,vst_BLAN_2017,D02,BLAN,BLAN_057,NEON.PLA.D02.BLAN.08418,single shrub,2.4,130,3.5
ca66c91f-1059-4a75-892a-19ba0e3238c0,BLAN_057.basePlot.vst,2017-09-25,vst_BLAN_2017,D02,BLAN,BLAN_057,NEON.PLA.D02.BLAN.05390,single shrub,3.0,130,3.8
dd770a8d-4dae-4b54-9ec8-9b3cf4bb9379,BLAN_057.basePlot.vst,2017-09-25,vst_BLAN_2017,D02,BLAN,BLAN_057,NEON.PLA.D02.BLAN.08421,single shrub,2.7,130,3.5
4700ad2b-6eac-4ddf-82e3-41a2768ebd3c,BLAN_057.basePlot.vst,2017-09-25,vst_BLAN_2017,D02,BLAN,BLAN_057,NEON.PLA.D02.BLAN.08418,single shrub,3.2,130,3.5
143393be-ad31-46c2-9c59-a5e510a3f38a,BLAN_057.basePlot.vst,2017-09-25,vst_BLAN_2017,D02,BLAN,BLAN_057,NEON.PLA.D02.BLAN.08430,single shrub,4.5,130,4.4
81efaa16-375b-47c8-8a45-ec80b13b31ab,BLAN_050.basePlot.vst,2017-09-25,vst_BLAN_2017,D02,BLAN,BLAN_050,NEON.PLA.D02.BLAN.08235,single shrub,5.2,130,5.0
3d6e12f7-4883-490c-ac19-d95f68da47ab,BLAN_050.basePlot.vst,2017-09-25,vst_BLAN_2017,D02,BLAN,BLAN_050,NEON.PLA.D02.BLAN.08324,single shrub,2.3,130,4.6
44082d6c-b3d8-42f4-a812-0b844572f664,BLAN_057.basePlot.vst,2017-09-25,vst_BLAN_2017,D02,BLAN,BLAN_057,NEON.PLA.D02.BLAN.08421,single shrub,2.3,130,3.5
c8b53338-6e14-447c-baaa-e3e7a43b74f8,BLAN_050.basePlot.vst,2017-09-25,vst_BLAN_2017,D02,BLAN,BLAN_050,NEON.PLA.D02.BLAN.08235,single shrub,5.8,130,5.0
7f25cdc1-697d-46c9-b1d8-cb1a9e7b5737,BLAN_057.basePlot.vst,2017-09-25,vst_BLAN_2017,D02,BLAN,BLAN_057,NEON.PLA.D02.BLAN.08416,small shrub,NA,NA,1.0
29be0bf7-6749-4f63-8fde-e5dfa2e353da,BLAN_050.basePlot.vst,2017-09-25,vst_BLAN_2017,D02,BLAN,BLAN_050,NEON.PLA.D02.BLAN.08235,single shrub,5.0,130,5.0
c9e4116a-1e52-4e4f-a2d7-e78920201f05,BLAN_057.basePlot.vst,2017-09-25,vst_BLAN_2017,D02,BLAN,BLAN_057,NEON.PLA.D02.BLAN.08411,single shrub,4.4,130,4.0
1fa53a51-7822-42f5-85a5-e782046d5188,BLAN_050.basePlot.vst,2017-09-25,vst_BLAN_2017,D02,BLAN,BLAN_050,NEON.PLA.D02.BLAN.08326,single shrub,5.8,130,6.3
9dd4d842-c2f2-4867-9b4c-43849eb474e6,BLAN_057.basePlot.vst,2017-09-25,vst_BLAN_2017,D02,BLAN,BLAN_057,NEON.PLA.D02.BLAN.08417,single shrub,2.2,130,3.6
1ce6ff50-0be1-4980-b66f-e450b44ffa0a,BLAN_050.basePlot.vst,2017-09-25,vst_BLAN_2017,D02,BLAN,BLAN_050,NEON.PLA.D02.BLAN.08326,single shrub,4.4,130,6.3
44ca1989-59dc-4054-a664-87d8a7b9f012,BLAN_057.basePlot.vst,2017-09-26,vst_BLAN_2017,D02,BLAN,BLAN_057,NEON.PLA.D02.BLAN.05379,single shrub,3.4,130,4.6
40ec3132-a955-4d93-bcb7-92eceb9fd64e,BLAN_057.basePlot.vst,2017-09-26,vst_BLAN_2017,D02,BLAN,BLAN_057,NEON.PLA.D02.BLAN.05362,single shrub,2.9,130,3.7
9211fbad-47ff-4d24-88ae-dbade99847e9,BLAN_057.basePlot.vst,2017-09-26,vst_BLAN_2017,D02,BLAN,BLAN_057,NEON.PLA.D02.BLAN.05379,single shrub,3.8,130,4.6
e0661a6b-8ff0-49de-80e1-8e9f1e2bf415,BLAN_057.basePlot.vst,2017-09-26,vst_BLAN_2017,D02,BLAN,BLAN_057,NEON.PLA.D02.BLAN.05376,single shrub,2.5,130,3.9
e7c12aaa-7b55-4521-9ee3-4af67279cd88,BLAN_057.basePlot.vst,2017-09-26,vst_BLAN_2017,D02,BLAN,BLAN_057,NEON.PLA.D02.BLAN.05382,single shrub,2.7,130,4.5
735ff638-bda1-49af-8a22-6550034e3c18,BLAN_057.basePlot.vst,2017-09-26,vst_BLAN_2017,D02,BLAN,BLAN_057,NEON.PLA.D02.BLAN.05361,single shrub,2.5,130,4.1
f623fe83-2857-4166-a8f7-989fc8f30f2d,BLAN_057.basePlot.vst,2017-09-26,vst_BLAN_2017,D02,BLAN,BLAN_057,NEON.PLA.D02.BLAN.05361,single shrub,2.4,130,4.1
e28efa30-99f0-480f-89e2-3db98d63c2b0,BLAN_057.basePlot.vst,2017-09-26,vst_BLAN_2017,D02,BLAN,BLAN_057,NEON.PLA.D02.BLAN.05375,single shrub,3.4,130,4.5
1086796b-eaaa-458f-accd-74c513f1ede5,BLAN_057.basePlot.vst,2017-09-26,vst_BLAN_2017,D02,BLAN,BLAN_057,NEON.PLA.D02.BLAN.05355,single shrub,1.2,130,3.3
51e896bb-c39f-432b-8b70-a703ab75e3e1,BLAN_057.basePlot.vst,2017-09-26,vst_BLAN_2017,D02,BLAN,BLAN_057,NEON.PLA.D02.BLAN.05357,single shrub,1.6,130,2.2
2c47f7eb-9335-4be7-a905-6b9c98071bc1,BLAN_057.basePlot.vst,2017-09-26,vst_BLAN_2017,D02,BLAN,BLAN_057,NEON.PLA.D02.BLAN.00166,single shrub,1.7,130,3.3
f082708a-e96f-4ec5-a475-a40a869af70a,BLAN_057.basePlot.vst,2017-09-26,vst_BLAN_2017,D02,BLAN,BLAN_057,NEON.PLA.D02.BLAN.05375,single shrub,3.5,130,4.5
e7f327aa-d278-478d-b48f-74ebf7ee35c2,BLAN_057.basePlot.vst,2017-09-26,vst_BLAN_2017,D02,BLAN,BLAN_057,NEON.PLA.D02.BLAN.05363,small shrub,NA,NA,3.0
8054121e-8a1a-4d9f-a00b-2cbc325155d8,BLAN_057.basePlot.vst,2017-09-26,vst_BLAN_2017,D02,BLAN,BLAN_057,NEON.PLA.D02.BLAN.05355,single shrub,2.5,130,3.3
2382271a-b114-45b5-9280-95dcfb4d5e80,BLAN_057.basePlot.vst,2017-09-26,vst_BLAN_2017,D02,BLAN,BLAN_057,NEON.PLA.D02.BLAN.05381,single shrub,1.4,130,3.3
ca0648cf-4fc8-45e8-b4b4-cf9165fc988f,BLAN_057.basePlot.vst,2017-09-26,vst_BLAN_2017,D02,BLAN,BLAN_057,NEON.PLA.D02.BLAN.05365,single shrub,2.4,130,3.1
3d249757-5e71-485d-a2a4-35b2dc5a395a,BLAN_057.basePlot.vst,2017-09-26,vst_BLAN_2017,D02,BLAN,BLAN_057,NEON.PLA.D02.BLAN.05384,single shrub,3.6,130,4.2
2c14be77-4f8c-4fa2-b8e6-79e20f91cf91,BLAN_057.basePlot.vst,2017-09-26,vst_BLAN_2017,D02,BLAN,BLAN_057,NEON.PLA.D02.BLAN.05381,single shrub,1.9,130,3.3
a33917be-7d04-4a77-8895-8d22f2239af7,BLAN_057.basePlot.vst,2017-09-26,vst_BLAN_2017,D02,BLAN,BLAN_057,NEON.PLA.D02.BLAN.05375,single shrub,3.3,130,4.5
c179bad9-5af3-4358-b746-f453c9ea875d,BLAN_057.basePlot.vst,2017-09-26,vst_BLAN_2017,D02,BLAN,BLAN_057,NEON.PLA.D02.BLAN.05364,single shrub,1.5,130,3.1
7690d70c-7465-4edf-8b1f-1c622b340fa4,BLAN_057.basePlot.vst,2017-09-26,vst_BLAN_2017,D02,BLAN,BLAN_057,NEON.PLA.D02.BLAN.05379,single shrub,4.1,130,4.6
f4ec6b0d-84fe-4d96-864d-30a0d865c9e9,BLAN_057.basePlot.vst,2017-09-26,vst_BLAN_2017,D02,BLAN,BLAN_057,NEON.PLA.D02.BLAN.05361,single shrub,4.9,133,4.1
f17fbd81-ecca-4fdc-844e-d1f42148fe8f,BLAN_057.basePlot.vst,2017-09-26,vst_BLAN_2017,D02,BLAN,BLAN_057,NEON.PLA.D02.BLAN.05355,single shrub,1.2,130,3.3
caef5054-256d-4722-872f-237f78626a0b,BLAN_057.basePlot.vst,2017-09-26,vst_BLAN_2017,D02,BLAN,BLAN_057,NEON.PLA.D02.BLAN.05362,single shrub,2.9,130,3.7
2be69844-48ef-46ab-b304-a7f1a9c28860,BLAN_057.basePlot.vst,2017-09-26,vst_BLAN_2017,D02,BLAN,BLAN_057,NEON.PLA.D02.BLAN.05383,single shrub,1.6,130,3.5
c9434fab-31bf-4b55-80c6-a824c2cec23e,BLAN_057.basePlot.vst,2017-09-26,vst_BLAN_2017,D02,BLAN,BLAN_057,NEON.PLA.D02.BLAN.05360,single shrub,1.7,130,3.2
563619f9-0207-4511-a807-ebddd8b246b5,BLAN_057.basePlot.vst,2017-09-26,vst_BLAN_2017,D02,BLAN,BLAN_057,NEON.PLA.D02.BLAN.05359,single shrub,5.0,130,3.8
70c27cf0-f977-42ee-87a9-01b8ff4e0139,BLAN_057.basePlot.vst,2017-09-26,vst_BLAN_2017,D02,BLAN,BLAN_057,NEON.PLA.D02.BLAN.05384,single shrub,3.8,130,4.2
0e839ba1-a052-47fa-92b8-11d97171a00f,BLAN_057.basePlot.vst,2017-09-26,vst_BLAN_2017,D02,BLAN,BLAN_057,NEON.PLA.D02.BLAN.05384,single shrub,3.8,130,4.2
8e5c5ff4-acae-4569-a0cb-09733be773d2,BLAN_057.basePlot.vst,2017-09-26,vst_BLAN_2017,D02,BLAN,BLAN_057,NEON.PLA.D02.BLAN.05384,single shrub,4.3,130,4.2
9e98d46b-d614-4095-ad35-30e1b7929c43,BLAN_057.basePlot.vst,2017-09-26,vst_BLAN_2017,D02,BLAN,BLAN_057,NEON.PLA.D02.BLAN.05382,single shrub,3.5,130,4.5
acffd515-95c6-4146-8fe4-c5b370f52007,BLAN_057.basePlot.vst,2017-09-26,vst_BLAN_2017,D02,BLAN,BLAN_057,NEON.PLA.D02.BLAN.05378,single shrub,3.9,130,4.4
eb6fe4d2-2410-491f-8b8f-df6e28ebc119,BLAN_057.basePlot.vst,2017-09-26,vst_BLAN_2017,D02,BLAN,BLAN_057,NEON.PLA.D02.BLAN.05360,single shrub,1.8,130,3.2
3668635d-5bb9-45a7-9332-38d70b314c2e,BLAN_057.basePlot.vst,2017-09-26,vst_BLAN_2017,D02,BLAN,BLAN_057,NEON.PLA.D02.BLAN.05356,single shrub,3.3,130,4.3
e47783b6-186b-44af-bdd3-149069f0e342,BLAN_057.basePlot.vst,2017-09-26,vst_BLAN_2017,D02,BLAN,BLAN_057,NEON.PLA.D02.BLAN.05382,single shrub,3.5,130,4.5
031a7665-0617-444b-bb04-eb4de42faaf3,BLAN_057.basePlot.vst,2017-09-26,vst_BLAN_2017,D02,BLAN,BLAN_057,NEON.PLA.D02.BLAN.05361,single shrub,5.7,130,4.1
701b7124-2788-4ff7-9e5d-6702043ecf65,BLAN_057.basePlot.vst,2017-09-26,vst_BLAN_2017,D02,BLAN,BLAN_057,NEON.PLA.D02.BLAN.05381,single shrub,1.1,130,3.3
272033a1-15b1-478b-9570-d24483e51af3,BLAN_057.basePlot.vst,2017-09-26,vst_BLAN_2017,D02,BLAN,BLAN_057,NEON.PLA.D02.BLAN.05355,single shrub,2.5,130,3.3
88e3251a-4681-4717-bf05-ebddf47dc0db,BLAN_057.basePlot.vst,2017-09-26,vst_BLAN_2017,D02,BLAN,BLAN_057,NEON.PLA.D02.BLAN.05364,single shrub,2.5,130,3.1
4bf61ee2-f114-44a2-81d0-23b7b649cca8,BLAN_057.basePlot.vst,2017-09-26,vst_BLAN_2017,D02,BLAN,BLAN_057,NEON.PLA.D02.BLAN.05356,single shrub,5.0,130,4.3
3384cda2-4dfe-4a07-8f8a-801c9542ff97,BLAN_057.basePlot.vst,2017-09-26,vst_BLAN_2017,D02,BLAN,BLAN_057,NEON.PLA.D02.BLAN.05379,single shrub,3.5,130,4.6
452b7255-49ee-4215-be2d-fb7e7b3dcdc6,BLAN_057.basePlot.vst,2017-09-26,vst_BLAN_2017,D02,BLAN,BLAN_057,NEON.PLA.D02.BLAN.05358,small shrub,NA,NA,0.7
86e35509-df3d-43a9-8d08-6c26b66badf8,BLAN_057.basePlot.vst,2017-09-26,vst_BLAN_2017,D02,BLAN,BLAN_057,NEON.PLA.D02.BLAN.05375,single shrub,2.2,130,4.5
9cafa07d-a612-40e7-bbf0-bc89a71ab4c2,BLAN_057.basePlot.vst,2017-09-26,vst_BLAN_2017,D02,BLAN,BLAN_057,NEON.PLA.D02.BLAN.05380,small shrub,NA,NA,0.6
2143ecde-8d42-490e-ac05-b249cfbbaa73,BLAN_057.basePlot.vst,2017-09-26,vst_BLAN_2017,D02,BLAN,BLAN_057,NEON.PLA.D02.BLAN.05376,single shrub,2.1,130,3.9
9d53e5d1-bf68-416b-bdc6-db248dea3ca9,BLAN_057.basePlot.vst,2017-09-27,vst_BLAN_2017,D02,BLAN,BLAN_057,NEON.PLA.D02.BLAN.05369,single shrub,1.5,130,2.8
6bbce5d0-df8a-4e7b-a168-e1c034474f51,BLAN_057.basePlot.vst,2017-09-27,vst_BLAN_2017,D02,BLAN,BLAN_057,NEON.PLA.D02.BLAN.05371,single shrub,1.6,130,3.3
8e980a14-3518-4755-9a67-6d854e1dddd5,BLAN_057.basePlot.vst,2017-09-27,vst_BLAN_2017,D02,BLAN,BLAN_057,NEON.PLA.D02.BLAN.05369,single shrub,2.1,130,2.8
5f5bb4b6-4aad-43d9-b9c6-be0c48c5ce85,BLAN_057.basePlot.vst,2017-09-27,vst_BLAN_2017,D02,BLAN,BLAN_057,NEON.PLA.D02.BLAN.05369,single shrub,1.1,130,2.8
58a614d9-1d88-4847-898f-d82878c33c25,BLAN_057.basePlot.vst,2017-09-27,vst_BLAN_2017,D02,BLAN,BLAN_057,NEON.PLA.D02.BLAN.05350,single shrub,3.5,130,4.4
9b66b55b-99a9-44ad-a1a8-0119c8f2e780,BLAN_057.basePlot.vst,2017-09-27,vst_BLAN_2017,D02,BLAN,BLAN_057,NEON.PLA.D02.BLAN.05367,single shrub,5.5,130,4.7
f6a276e7-530f-464e-9b62-5dd948364f14,BLAN_057.basePlot.vst,2017-09-27,vst_BLAN_2017,D02,BLAN,BLAN_057,NEON.PLA.D02.BLAN.05354,single shrub,NA,NA,NA
0aac4e8d-38eb-427e-a7bd-2153916a058a,BLAN_057.basePlot.vst,2017-09-27,vst_BLAN_2017,D02,BLAN,BLAN_057,NEON.PLA.D02.BLAN.05367,single shrub,5.3,130,4.7
15c71ab0-031b-4d54-bee3-9eaa2178e0b4,BLAN_057.basePlot.vst,2017-09-27,vst_BLAN_2017,D02,BLAN,BLAN_057,NEON.PLA.D02.BLAN.05366,single shrub,2.6,130,3.2
b849c10b-e504-4d0b-aa1a-9822dc6bd4c1,BLAN_057.basePlot.vst,2017-09-27,vst_BLAN_2017,D02,BLAN,BLAN_057,NEON.PLA.D02.BLAN.05349,single shrub,4.3,130,4.7
29e13152-6167-4a29-9e10-3d0a17276a71,BLAN_057.basePlot.vst,2017-09-27,vst_BLAN_2017,D02,BLAN,BLAN_057,NEON.PLA.D02.BLAN.05353,single shrub,4.8,130,4.5
dac1cbad-3c1f-41f6-bcb2-d108312134af,BLAN_057.basePlot.vst,2017-09-27,vst_BLAN_2017,D02,BLAN,BLAN_057,NEON.PLA.D02.BLAN.05371,single shrub,3.1,130,3.3
8d78551f-9030-4027-be89-d76fc331545d,BLAN_057.basePlot.vst,2017-09-27,vst_BLAN_2017,D02,BLAN,BLAN_057,NEON.PLA.D02.BLAN.05369,single shrub,1.9,130,2.8
af865358-19a9-4399-a01d-1969cb1d259c,BLAN_057.basePlot.vst,2017-09-27,vst_BLAN_2017,D02,BLAN,BLAN_057,NEON.PLA.D02.BLAN.05351,single shrub,5.0,130,4.5
a95c635d-f0f0-4335-bceb-19e0454d5d8f,BLAN_057.basePlot.vst,2017-09-27,vst_BLAN_2017,D02,BLAN,BLAN_057,NEON.PLA.D02.BLAN.05352,single shrub,1.2,130,3.0
6806b69a-881e-42a1-9d7d-05d2242cd4dd,BLAN_057.basePlot.vst,2017-09-27,vst_BLAN_2017,D02,BLAN,BLAN_057,NEON.PLA.D02.BLAN.05370,single shrub,1.1,130,3.3
83157155-4d2c-4e85-98bb-036108b766ea,BLAN_050.basePlot.vst,2017-09-27,vst_BLAN_2017,D02,BLAN,BLAN_050,NEON.PLA.D02.BLAN.08256,single shrub,4.6,130,3.6
09fdef4f-5eb2-4544-bfb4-5422304a7edb,BLAN_050.basePlot.vst,2017-09-27,vst_BLAN_2017,D02,BLAN,BLAN_050,NEON.PLA.D02.BLAN.08249,single shrub,1.7,130,2.9
4c1c8e2f-cbf4-486a-8f7e-b4df3dc49d6f,BLAN_050.basePlot.vst,2017-09-27,vst_BLAN_2017,D02,BLAN,BLAN_050,NEON.PLA.D02.BLAN.08250,single shrub,3.3,130,3.2
1987e97d-f2e5-497c-b21a-980f1777f2d8,BLAN_050.basePlot.vst,2017-09-27,vst_BLAN_2017,D02,BLAN,BLAN_050,NEON.PLA.D02.BLAN.08250,single shrub,2.6,130,3.2
83cdfc6f-f25e-4258-892b-d70572ead99f,BLAN_050.basePlot.vst,2017-09-27,vst_BLAN_2017,D02,BLAN,BLAN_050,NEON.PLA.D02.BLAN.08248,small tree,5.7,130,4.2
627cd390-c61b-4c60-ac75-5137435bb584,BLAN_050.basePlot.vst,2017-09-27,vst_BLAN_2017,D02,BLAN,BLAN_050,NEON.PLA.D02.BLAN.08255,single shrub,2.7,130,4.1
72663338-f0a0-4e9c-a7dc-d49dceae19dd,BLAN_050.basePlot.vst,2017-09-27,vst_BLAN_2017,D02,BLAN,BLAN_050,NEON.PLA.D02.BLAN.08339,single shrub,2.8,130,3.2
64669386-4a28-4e59-888a-113379fc69d4,BLAN_050.basePlot.vst,2017-09-27,vst_BLAN_2017,D02,BLAN,BLAN_050,NEON.PLA.D02.BLAN.08246,single shrub,5.8,130,5.0
7724b105-f15a-41fa-9862-cdab6c7d6f23,BLAN_050.basePlot.vst,2017-09-27,vst_BLAN_2017,D02,BLAN,BLAN_050,NEON.PLA.D02.BLAN.08335,single shrub,2.3,130,2.9
f9355576-a60d-40cc-8aaa-52802c64dd9f,BLAN_050.basePlot.vst,2017-09-27,vst_BLAN_2017,D02,BLAN,BLAN_050,NEON.PLA.D02.BLAN.08246,single shrub,4.2,130,5.0
18ea4b48-b426-43f9-8264-3258c6a1b7ad,BLAN_050.basePlot.vst,2017-09-27,vst_BLAN_2017,D02,BLAN,BLAN_050,NEON.PLA.D02.BLAN.08253,single shrub,4.8,130,4.8
ddba0033-f7d3-43d1-8ac0-876a77d810ce,BLAN_050.basePlot.vst,2017-09-27,vst_BLAN_2017,D02,BLAN,BLAN_050,NEON.PLA.D02.BLAN.08249,single shrub,2.2,130,2.9
bc2bced2-0ba6-41f5-aad6-3f329eb68f9e,BLAN_050.basePlot.vst,2017-09-27,vst_BLAN_2017,D02,BLAN,BLAN_050,NEON.PLA.D02.BLAN.08339,single shrub,2.9,130,3.2
309f977a-bd74-45eb-b2a8-4720558c05a0,BLAN_050.basePlot.vst,2017-09-27,vst_BLAN_2017,D02,BLAN,BLAN_050,NEON.PLA.D02.BLAN.08255,single shrub,4.7,130,4.1
da918fa0-b92b-4b6f-af16-0f34db1ee95f,BLAN_057.basePlot.vst,2017-09-27,vst_BLAN_2017,D02,BLAN,BLAN_057,NEON.PLA.D02.BLAN.05371,single shrub,2.8,130,3.3
9e9af042-9392-4842-953e-c7caa8431bec,BLAN_057.basePlot.vst,2017-09-27,vst_BLAN_2017,D02,BLAN,BLAN_057,NEON.PLA.D02.BLAN.05370,single shrub,3.3,130,3.3
f21e93dc-8e6a-4792-80fd-73870e2c3630,BLAN_057.basePlot.vst,2017-09-27,vst_BLAN_2017,D02,BLAN,BLAN_057,NEON.PLA.D02.BLAN.05367,single shrub,6.5,130,4.7
37f6a9e1-bc46-4823-a3dc-9016ecd722b4,BLAN_057.basePlot.vst,2017-09-27,vst_BLAN_2017,D02,BLAN,BLAN_057,NEON.PLA.D02.BLAN.05347,single shrub,3.8,130,4.8
ac143520-87a2-43cb-850f-f26cf53d7964,BLAN_057.basePlot.vst,2017-09-27,vst_BLAN_2017,D02,BLAN,BLAN_057,NEON.PLA.D02.BLAN.05347,single shrub,5.3,130,4.8
33d4357a-266a-4dfc-b0aa-664151537209,BLAN_057.basePlot.vst,2017-09-27,vst_BLAN_2017,D02,BLAN,BLAN_057,NEON.PLA.D02.BLAN.05369,single shrub,1.8,130,2.8
20a99f04-6dd1-44ff-ab9f-6f7e232e7cc0,BLAN_057.basePlot.vst,2017-09-27,vst_BLAN_2017,D02,BLAN,BLAN_057,NEON.PLA.D02.BLAN.05366,single shrub,3.4,130,3.2
f5128b15-fc02-483f-baa5-7a11d1896254,BLAN_057.basePlot.vst,2017-09-27,vst_BLAN_2017,D02,BLAN,BLAN_057,NEON.PLA.D02.BLAN.05351,single shrub,4.8,130,4.5
54775344-a900-4ddf-b5e3-926eca04a9c7,BLAN_057.basePlot.vst,2017-09-27,vst_BLAN_2017,D02,BLAN,BLAN_057,NEON.PLA.D02.BLAN.05348,single shrub,1.7,130,3.5
8d361240-988c-4db5-adee-d2ed2bb03c2c,BLAN_044.basePlot.vst,2017-09-29,vst_BLAN_2017,D02,BLAN,BLAN_044,NEON.PLA.D02.BLAN.05828,single bole tree,19.1,130,7.4
