uid,namedLocation,date,eventID,domainID,siteID,plotID,individualID,growthForm,stemDiameter,measurementHeight,height
1905cfad-7cda-411e-b849-d6e53a1bb9e2,DCFS_089.basePlot.vst,2015-09-02,vst_DCFS_2015,D09,DCFS,DCFS_089,NEON.PLA.D09.DCFS.00072,sapling,1.0,10,1.0
23aecc66-b325-444d-a1c4-864ebd9cd901,DCFS_089.basePlot.vst,2015-09-02,vst_DCFS_2015,D09,DCFS,DCFS_089,NEON.PLA.D09.DCFS.00112,sapling,1.4,10,1.0
a69e9164-e25b-4f1c-9e66-37295f9f35b9,DCFS_089.basePlot.vst,2015-09-02,vst_DCFS_2015,D09,DCFS,DCFS_089,NEON.PLA.D09.DCFS.00012,sapling,1.1,10,0.3
f53b314a-6cc5-40d8-810d-036acbb75faf,DCFS_089.basePlot.vst,2015-09-02,vst_DCFS_2015,D09,DCFS,DCFS_089,NEON.PLA.D09.DCFS.00068,sapling,1.8,10,1.2
bf24d948-b764-4351-90dc-b3121520d422,DCFS_089.basePlot.vst,2015-09-02,vst_DCFS_2015,D09,DCFS,DCFS_089,NEON.PLA.D09.DCFS.00011,sapling,1.4,10,0.3
7bc8f367-7f81-4899-9e3f-bda981660f9f,DCFS_089.basePlot.vst,2015-09-02,vst_DCFS_2015,D09,DCFS,DCFS_089,NEON.PLA.D09.DCFS.00106,sapling,1.4,10,0.9
90657cba-b5c1-4b9d-bbe1-8a19c43f17e8,DCFS_089.basePlot.vst,2015-09-02,vst_DCFS_2015,D09,DCFS,DCFS_089,NEON.PLA.D09.DCFS.00070,sapling,2.1,10,0.5
b38807fa-6820-49fb-8248-7f74321b177e,DCFS_089.basePlot.vst,2015-09-02,vst_DCFS_2015,D09,DCFS,DCFS_089,NEON.PLA.D09.DCFS.00113,sapling,1.6,10,0.8
d908218c-6b35-42c6-9cd5-6f12d892e6bb,DCFS_089.basePlot.vst,2015-09-02,vst_DCFS_2015,D09,DCFS,DCFS_089,NEON.PLA.D09.DCFS.00109,sapling,1.0,10,0.9
06bf3453-37b3-474f-ae11-c62a8427447d,DCFS_089.basePlot.vst,2015-09-02,vst_DCFS_2015,D09,DCFS,DCFS_089,NEON.PLA.D09.DCFS.00104,sapling,1.2,10,0.7
7b6d61b3-9bdf-42b0-99d3-58726a441d4c,DCFS_089.basePlot.vst,2015-09-02,vst_DCFS_2015,D09,DCFS,DCFS_089,NEON.PLA.D09.DCFS.00065,sapling,1.1,10,1.0
9801150a-4e88-41db-82a4-acd8beee0193,DCFS_089.basePlot.vst,2015-09-02,vst_DCFS_2015,D09,DCFS,DCFS_089,NEON.PLA.D09.DCFS.00108,sapling,1.0,10,1.0
c3d1c0a3-f350-41a5-84fa-d1ce38596620,DCFS_089.basePlot.vst,2015-09-02,vst_DCFS_2015,D09,DCFS,DCFS_089,NEON.PLA.D09.DCFS.00069,sapling,1.0,10,0.8
59e93762-9ee4-464f-9b91-e838e546acd4,DCFS_089.basePlot.vst,2015-09-02,vst_DCFS_2015,D09,DCFS,DCFS_089,NEON.PLA.D09.DCFS.00059,sapling,2.7,10,1.1
4e642895-008f-400a-a058-7bfba81615fe,DCFS_089.basePlot.vst,2015-09-02,vst_DCFS_2015,D09,DCFS,DCFS_089,NEON.PLA.D09.DCFS.00101,sapling,1.2,10,0.9
c00f678d-d023-4f27-9653-94c1f8af477d,DCFS_089.basePlot.vst,2015-09-02,vst_DCFS_2015,D09,DCFS,DCFS_089,NEON.PLA.D09.DCFS.00107,small shrub,1.2,10,1.0
9847e0c4-644a-45d9-88b4-dbd8605a00c5,DCFS_089.basePlot.vst,2015-09-02,vst_DCFS_2015,D09,DCFS,DCFS_089,NEON.PLA.D09.DCFS.00111,sapling,1.2,10,0.9
31b3f685-bfc0-43c1-8cc6-fffa214cb93c,DCFS_089.basePlot.vst,2015-09-02,vst_DCFS_2015,D09,DCFS,DCFS_089,NEON.PLA.D09.DCFS.00066,sapling,1.0,10,0.7
2ca752ba-ed83-4e60-99c6-462db93449c6,DCFS_089.basePlot.vst,2015-09-02,vst_DCFS_2015,D09,DCFS,DCFS_089,NEON.PLA.D09.DCFS.00071,sapling,1.3,10,0.7
da6f0abc-fd7c-4686-8492-a7a1e1895890,DCFS_089.basePlot.vst,2015-09-02,vst_DCFS_2015,D09,DCFS,DCFS_089,NEON.PLA.D09.DCFS.00067,sapling,1.2,10,0.7
4a310e9d-d65f-4130-84ad-4a200a2ae231,DCFS_089.basePlot.vst,2015-09-02,vst_DCFS_2015,D09,DCFS,DCFS_089,NEON.PLA.D09.DCFS.00103,sapling,1.2,10,0.6
de3dbeee-3d9d-44de-8f20-aaa8e5d0e3e8,DCFS_089.basePlot.vst,2015-09-02,vst_DCFS_2015,D09,DCFS,DCFS_089,NEON.PLA.D09.DCFS.00060,sapling,1.1,10,0.7
11679713-580a-41c9-875e-f7925c751a20,DCFS_089.basePlot.vst,2015-09-02,vst_DCFS_2015,D09,DCFS,DCFS_089,NEON.PLA.D09.DCFS.00105,small shrub,1.3,10,0.8
52f08641-524f-4498-9b0c-784e956fc171,DCFS_087.basePlot.vst,2015-09-03,vst_DCFS_2015,D09,DCFS,DCFS_087,NEON.PLA.D09.DCFS.00139,sapling,1.3,10,0.6
bbbb38a3-914e-4cc4-8c3f-1988a26195b0,DCFS_070.basePlot.vst,2015-09-03,vst_DCFS_2015,D09,DCFS,DCFS_070,NEON.PLA.D09.DCFS.00037,sapling,1.0,10,0.7
59d1cd29-25b6-4b9c-bd25-58c0f6c448c3,DCFS_087.basePlot.vst,2015-09-03,vst_DCFS_2015,D09,DCFS,DCFS_087,NEON.PLA.D09.DCFS.00160,sapling,1.3,10,0.8
cfbee4f9-adc5-40d2-bb4d-7b8ca63b8fc2,DCFS_087.basePlot.vst,2015-09-03,vst_DCFS_2015,D09,DCFS,DCFS_087,NEON.PLA.D09.DCFS.00154,sapling,1.1,10,1.0
b8eabdae-0022-4532-a25f-17e58eb770d2,DCFS_070.basePlot.vst,2015-09-03,vst_DCFS_2015,D09,DCFS,DCFS_070,NEON.PLA.D09.DCFS.00055,sapling,1.5,10,1.0
60dc65fe-3b58-478c-8494-22d5783e20a3,DCFS_087.basePlot.vst,2015-09-03,vst_DCFS_2015,D09,DCFS,DCFS_087,NEON.PLA.D09.DCFS.00152,sapling,1.2,10,0.7
3b4d8313-3ff5-411b-bac8-e879c05ae9cc,DCFS_087.basePlot.vst,2015-09-03,vst_DCFS_2015,D09,DCFS,DCFS_087,NEON.PLA.D09.DCFS.00118,small shrub,1.1,10,0.9
c131ed66-b5f7-4a5a-ae6d-a53bab21af5e,DCFS_070.basePlot.vst,2015-09-03,vst_DCFS_2015,D09,DCFS,DCFS_070,NEON.PLA.D09.DCFS.00035,sapling,2.9,10,0.6
927951a5-9a07-49c3-9589-6ba77913d4da,DCFS_087.basePlot.vst,2015-09-03,vst_DCFS_2015,D09,DCFS,DCFS_087,NEON.PLA.D09.DCFS.00156,sapling,1.0,10,0.7
2ab1f455-30d9-4e11-bb9a-cc57f23e0c46,DCFS_087.basePlot.vst,2015-09-03,vst_DCFS_2015,D09,DCFS,DCFS_087,NEON.PLA.D09.DCFS.00122,sapling,2.0,10,1.3
cc68ddef-8525-4379-8157-bfd8d2d968da,DCFS_070.basePlot.vst,2015-09-03,vst_DCFS_2015,D09,DCFS,DCFS_070,NEON.PLA.D09.DCFS.00054,sapling,1.7,10,0.6
9a6023c3-6cc3-4d4c-a664-56e63820a58d,DCFS_087.basePlot.vst,2015-09-03,vst_DCFS_2015,D09,DCFS,DCFS_087,NEON.PLA.D09.DCFS.00145,sapling,1.1,10,0.8
b60ca1fb-4023-4503-8dff-b3fb75c9eebd,DCFS_087.basePlot.vst,2015-09-03,vst_DCFS_2015,D09,DCFS,DCFS_087,NEON.PLA.D09.DCFS.00158,sapling,1.1,10,0.6
d343084a-94f8-4d14-b0b8-0b9e0494430b,DCFS_087.basePlot.vst,2015-09-03,vst_DCFS_2015,D09,DCFS,DCFS_087,NEON.PLA.D09.DCFS.00135,sapling,1.4,10,1.1
21abf07b-6f6d-4ac7-8bb5-1297a37d01df,DCFS_087.basePlot.vst,2015-09-03,vst_DCFS_2015,D09,DCFS,DCFS_087,NEON.PLA.D09.DCFS.00136,small shrub,1.1,10,0.8
c6327fa8-9b8b-4436-a3d6-b3c5fc299d21,DCFS_070.basePlot.vst,2015-09-03,vst_DCFS_2015,D09,DCFS,DCFS_070,NEON.PLA.D09.DCFS.00030,sapling,2.4,10,1.3
1c6675c4-05b4-45e1-9b25-f18af4dc9519,DCFS_070.basePlot.vst,2015-09-03,vst_DCFS_2015,D09,DCFS,DCFS_070,NEON.PLA.D09.DCFS.00057,sapling,1.2,10,0.8
d9aa0a68-a593-407d-b620-c06c2b566dc6,DCFS_087.basePlot.vst,2015-09-03,vst_DCFS_2015,D09,DCFS,DCFS_087,NEON.PLA.D09.DCFS.00134,sapling,1.5,10,1.0
4cb73e6f-038a-4b1b-b871-5f5a46dfa574,DCFS_087.basePlot.vst,2015-09-03,vst_DCFS_2015,D09,DCFS,DCFS_087,NEON.PLA.D09.DCFS.00129,sapling,1.2,10,0.7
e399532b-820a-4db6-aeca-d990fb3b3dc1,DCFS_087.basePlot.vst,2015-09-03,vst_DCFS_2015,D09,DCFS,DCFS_087,NEON.PLA.D09.DCFS.00116,small shrub,1.8,10,1.0
2fd167e6-c226-4e1e-a86f-2ab37d1b6268,DCFS_070.basePlot.vst,2015-09-03,vst_DCFS_2015,D09,DCFS,DCFS_070,NEON.PLA.D09.DCFS.00028,sapling,1.5,10,0.9
c967fa06-1d56-4211-831f-519f6047645e,DCFS_087.basePlot.vst,2015-09-03,vst_DCFS_2015,D09,DCFS,DCFS_087,NEON.PLA.D09.DCFS.00127,sapling,1.1,10,0.7
4d1245b1-189b-4d56-8373-c555f4182fbc,DCFS_087.basePlot.vst,2015-09-03,vst_DCFS_2015,D09,DCFS,DCFS_087,NEON.PLA.D09.DCFS.00144,sapling,1.1,10,0.5
59a2097a-4af8-45f6-81b2-e6a2cb941296,DCFS_070.basePlot.vst,2015-09-03,vst_DCFS_2015,D09,DCFS,DCFS_070,NEON.PLA.D09.DCFS.00039,sapling,1.1,10,0.6
0b9e370c-87ee-4161-b0f2-a9873f6efec1,DCFS_087.basePlot.vst,2015-09-03,vst_DCFS_2015,D09,DCFS,DCFS_087,NEON.PLA.D09.DCFS.00061,sapling,1.1,10,0.6
a6000902-dac6-409a-a9c6-eb6ed7fa37c5,DCFS_087.basePlot.vst,2015-09-03,vst_DCFS_2015,D09,DCFS,DCFS_087,NEON.PLA.D09.DCFS.00133,small shrub,1.0,10,0.8
2550ba92-0755-40f0-8fc4-a7a74120e98c,DCFS_087.basePlot.vst,2015-09-03,vst_DCFS_2015,D09,DCFS,DCFS_087,NEON.PLA.D09.DCFS.00137,sapling,1.2,10,0.6
3be037bb-5c1d-4622-953d-57cdce0befac,DCFS_087.basePlot.vst,2015-09-03,vst_DCFS_2015,D09,DCFS,DCFS_087,NEON.PLA.D09.DCFS.00125,sapling,1.0,10,0.8
a91d20ae-bde8-4865-a21e-e2d341a8e75c,DCFS_070.basePlot.vst,2015-09-03,vst_DCFS_2015,D09,DCFS,DCFS_070,NEON.PLA.D09.DCFS.00040,sapling,1.7,10,0.9
86989fc6-024e-4f4f-b936-afa1c640bda4,DCFS_087.basePlot.vst,2015-09-03,vst_DCFS_2015,D09,DCFS,DCFS_087,NEON.PLA.D09.DCFS.00138,sapling,1.4,10,0.7
8cddd396-a46c-4144-9192-e9938a26cfba,DCFS_070.basePlot.vst,2015-09-03,vst_DCFS_2015,D09,DCFS,DCFS_070,NEON.PLA.D09.DCFS.00062,sapling,2.7,10,0.4
13345637-c315-4de4-b8e2-c6e998346eb4,DCFS_070.basePlot.vst,2015-09-03,vst_DCFS_2015,D09,DCFS,DCFS_070,NEON.PLA.D09.DCFS.00049,small shrub,2.1,10,1.2
5bc77a1e-505a-4ae7-a0a4-501456ed4aeb,DCFS_070.basePlot.vst,2015-09-03,vst_DCFS_2015,D09,DCFS,DCFS_070,NEON.PLA.D09.DCFS.00025,sapling,2.1,10,1.4
8fe3f756-3557-43f0-aae4-b58997ee4fdd,DCFS_087.basePlot.vst,2015-09-03,vst_DCFS_2015,D09,DCFS,DCFS_087,NEON.PLA.D09.DCFS.00128,sapling,1.2,10,0.8
b6b8ce3f-c139-486e-80cb-81bcd3f1e975,DCFS_070.basePlot.vst,2015-09-03,vst_DCFS_2015,D09,DCFS,DCFS_070,NEON.PLA.D09.DCFS.00033,sapling,1.1,10,0.8
28251efa-f6e3-4029-a835-f722188c2f82,DCFS_087.basePlot.vst,2015-09-03,vst_DCFS_2015,D09,DCFS,DCFS_087,NEON.PLA.D09.DCFS.00140,sapling,1.1,10,0.7
6aff0684-aa94-45bd-9d51-0b4a1ceb33f8,DCFS_087.basePlot.vst,2015-09-03,vst_DCFS_2015,D09,DCFS,DCFS_087,NEON.PLA.D09.DCFS.00123,sapling,1.3,10,0.8
55f5cffc-1d97-4999-a32a-32a4cd9a287b,DCFS_087.basePlot.vst,2015-09-03,vst_DCFS_2015,D09,DCFS,DCFS_087,NEON.PLA.D09.DCFS.00155,sapling,1.2,10,0.7
de3862be-84f3-4181-bfbf-c3e5a5cf7b9b,DCFS_087.basePlot.vst,2015-09-03,vst_DCFS_2015,D09,DCFS,DCFS_087,NEON.PLA.D09.DCFS.00124,sapling,1.7,10,1.0
60e8f271-fd80-48d4-a6ba-45fffa0960c9,DCFS_087.basePlot.vst,2015-09-03,vst_DCFS_2015,D09,DCFS,DCFS_087,NEON.PLA.D09.DCFS.00141,sapling,1.3,10,0.7
94a8836f-3e11-4734-bb4a-fb8a0605d9a5,DCFS_070.basePlot.vst,2015-09-03,vst_DCFS_2015,D09,DCFS,DCFS_070,NEON.PLA.D09.DCFS.00056,sapling,1.1,10,1.0
f05d0458-da4b-4fd2-b35d-197f8ba1a03d,DCFS_087.basePlot.vst,2015-09-03,vst_DCFS_2015,D09,DCFS,DCFS_087,NEON.PLA.D09.DCFS.00131,sapling,1.5,10,0.8
90a2e10d-0e0b-4e65-9c9f-e581cde9d02c,DCFS_087.basePlot.vst,2015-09-03,vst_DCFS_2015,D09,DCFS,DCFS_087,NEON.PLA.D09.DCFS.00120,sapling,2.0,10,1.1
3d56fc24-8936-4c9d-b4c2-11bdadd2fbfb,DCFS_070.basePlot.vst,2015-09-03,vst_DCFS_2015,D09,DCFS,DCFS_070,NEON.PLA.D09.DCFS.00027,sapling,1.2,10,0.7
067e16bc-2e25-4932-b967-5becc5d9bcad,DCFS_087.basePlot.vst,2015-09-03,vst_DCFS_2015,D09,DCFS,DCFS_087,NEON.PLA.D09.DCFS.00150,sapling,1.3,10,1.0
4308b185-2240-425b-8721-52206b9be4c7,DCFS_087.basePlot.vst,2015-09-03,vst_DCFS_2015,D09,DCFS,DCFS_087,NEON.PLA.D09.DCFS.00151,sapling,1.1,10,0.9
464f70b4-af94-4a4c-87f9-78f5c9516bda,DCFS_087.basePlot.vst,2015-09-03,vst_DCFS_2015,D09,DCFS,DCFS_087,NEON.PLA.D09.DCFS.00114,sapling,1.3,10,0.7
11bb7ec2-7b1b-4731-b1b2-21da6f897e51,DCFS_070.basePlot.vst,2015-09-03,vst_DCFS_2015,D09,DCFS,DCFS_070,NEON.PLA.D09.DCFS.00038,sapling,1.6,10,0.9
3219ead4-01f7-4d75-bdff-6034242f8eb5,DCFS_070.basePlot.vst,2015-09-03,vst_DCFS_2015,D09,DCFS,DCFS_070,NEON.PLA.D09.DCFS.00036,sapling,1.2,10,0.7
07aaf5a4-f1be-4323-b1c7-184c703070aa,DCFS_070.basePlot.vst,2015-09-03,vst_DCFS_2015,D09,DCFS,DCFS_070,NEON.PLA.D09.DCFS.00029,small shrub,1.3,10,1.0
e846932f-f7f7-4cc7-a31f-3f45937af402,DCFS_070.basePlot.vst,2015-09-03,vst_DCFS_2015,D09,DCFS,DCFS_070,NEON.PLA.D09.DCFS.00042,small shrub,1.1,10,0.8
3ad7010a-ef84-4729-9ae1-16152ac3062e,DCFS_070.basePlot.vst,2015-09-03,vst_DCFS_2015,D09,DCFS,DCFS_070,NEON.PLA.D09.DCFS.00032,sapling,1.3,10,0.7
ecad7c68-b31d-4b3a-adc2-fccfc97a2d3c,DCFS_070.basePlot.vst,2015-09-03,vst_DCFS_2015,D09,DCFS,DCFS_070,NEON.PLA.D09.DCFS.00022,sapling,1.3,10,1.0
7d87c4e6-62ea-405e-ba70-0eeadd70f252,DCFS_070.basePlot.vst,2015-09-03,vst_DCFS_2015,D09,DCFS,DCFS_070,NEON.PLA.D09.DCFS.00053,small shrub,1.3,10,0.7
33f77d7a-7ec2-4411-9b35-62bfefb24ee1,DCFS_087.basePlot.vst,2015-09-03,vst_DCFS_2015,D09,DCFS,DCFS_087,NEON.PLA.D09.DCFS.00159,sapling,1.3,10,0.9
415833af-d257-4480-abc8-7df33531b055,DCFS_070.basePlot.vst,2015-09-03,vst_DCFS_2015,D09,DCFS,DCFS_070,NEON.PLA.D09.DCFS.00034,sapling,2.4,10,0.6
de1e414e-1dc2-4474-bb59-f2752024faa0,DCFS_087.basePlot.vst,2015-09-03,vst_DCFS_2015,D09,DCFS,DCFS_087,NEON.PLA.D09.DCFS.00148,sapling,1.5,10,0.6
c01cbf4c-1d17-4fcf-8560-3c0baa7060fa,DCFS_070.basePlot.vst,2015-09-03,vst_DCFS_2015,D09,DCFS,DCFS_070,NEON.PLA.D09.DCFS.00023,sapling,1.8,10,1.0
58ec50a4-40ab-410b-9b5f-ea44db58d105,DCFS_087.basePlot.vst,2015-09-03,vst_DCFS_2015,D09,DCFS,DCFS_087,NEON.PLA.D09.DCFS.00110,sapling,1.1,10,0.7
9901e7bb-29f2-4b78-b24d-79665c53d2c2,DCFS_087.basePlot.vst,2015-09-03,vst_DCFS_2015,D09,DCFS,DCFS_087,NEON.PLA.D09.DCFS.00132,sapling,1.6,10,1.0
defd82e4-b4df-4011-abcf-d10636efad90,DCFS_070.basePlot.vst,2015-09-03,vst_DCFS_2015,D09,DCFS,DCFS_070,NEON.PLA.D09.DCFS.00046,sapling,1.0,10,0.5
2a14b415-1a1e-4011-a09f-2f93c3f13f5e,DCFS_070.basePlot.vst,2015-09-03,vst_DCFS_2015,D09,DCFS,DCFS_070,NEON.PLA.D09.DCFS.00041,sapling,1.2,10,0.7
680687ae-2a6e-4fe1-95b3-bed85d0d79d6,DCFS_070.basePlot.vst,2015-09-03,vst_DCFS_2015,D09,DCFS,DCFS_070,NEON.PLA.D09.DCFS.00020,sapling,1.3,10,1.1
07c2eb86-8ced-4d04-a269-af0556cb0cff,DCFS_087.basePlot.vst,2015-09-03,vst_DCFS_2015,D09,DCFS,DCFS_087,NEON.PLA.D09.DCFS.00031,sapling,1.0,10,0.5
d3fa0ff1-7961-40a3-ac52-b7617691dcb5,DCFS_087.basePlot.vst,2015-09-03,vst_DCFS_2015,D09,DCFS,DCFS_087,NEON.PLA.D09.DCFS.00119,sapling,3.2,10,1.2
3331de76-9c4d-4b51-83da-2d1f51d32c6e,DCFS_087.basePlot.vst,2015-09-03,vst_DCFS_2015,D09,DCFS,DCFS_087,NEON.PLA.D09.DCFS.00147,sapling,1.0,10,0.8
c6c32eb9-f972-48fc-96d0-e20557396a64,DCFS_070.basePlot.vst,2015-09-03,vst_DCFS_2015,D09,DCFS,DCFS_070,NEON.PLA.D09.DCFS.00018,small shrub,1.6,10,1.0
38e8e055-7f6a-46e2-bf6b-450ee9fd9b5e,DCFS_070.basePlot.vst,2015-09-03,vst_DCFS_2015,D09,DCFS,DCFS_070,NEON.PLA.D09.DCFS.00013,small shrub,1.2,10,0.9
5ece1ffe-1436-4ce5-a4c8-3a66619d8276,DCFS_087.basePlot.vst,2015-09-03,vst_DCFS_2015,D09,DCFS,DCFS_087,NEON.PLA.D09.DCFS.00126,sapling,1.9,10,0.6
56b47d79-3d6e-4f3c-8510-866ba466ab06,DCFS_087.basePlot.vst,2015-09-03,vst_DCFS_2015,D09,DCFS,DCFS_087,NEON.PLA.D09.DCFS.00115,sapling,1.4,10,0.9
0d84dca9-942c-45a6-b9df-3406745c3776,DCFS_087.basePlot.vst,2015-09-03,vst_DCFS_2015,D09,DCFS,DCFS_087,NEON.PLA.D09.DCFS.00121,sapling,1.0,10,0.8
fcc88a1d-bfc0-4385-a8c5-92085f99d307,DCFS_087.basePlot.vst,2015-09-03,vst_DCFS_2015,D09,DCFS,DCFS_087,NEON.PLA.D09.DCFS.00142,sapling,1.2,10,0.6
959e2e97-0f18-44a9-804b-5709414d3845,DCFS_087.basePlot.vst,2015-09-03,vst_DCFS_2015,D09,DCFS,DCFS_087,NEON.PLA.D09.DCFS.00047,small shrub,1.8,10,0.7
ab92aaa6-1e51-40b1-879f-91ebf240e357,DCFS_070.basePlot.vst,2015-09-03,vst_DCFS_2015,D09,DCFS,DCFS_070,NEON.PLA.D09.DCFS.00050,sapling,1.6,10,0.9
df73d93c-3759-44c7-88bb-b64be347db24,DCFS_070.basePlot.vst,2015-09-03,vst_DCFS_2015,D09,DCFS,DCFS_070,NEON.PLA.D09.DCFS.00048,sapling,1.3,10,0.5
783f56c4-72bf-4848-bc10-afa4ff3d4c76,DCFS_087.basePlot.vst,2015-09-03,vst_DCFS_2015,D09,DCFS,DCFS_087,NEON.PLA.D09.DCFS.00130,sapling,1.4,10,0.7
d8c0abe2-b2d2-4ca4-ae94-5d15f57abf99,DCFS_087.basePlot.vst,2015-09-03,vst_DCFS_2015,D09,DCFS,DCFS_087,NEON.PLA.D09.DCFS.00149,small shrub,1.1,10,0.9
14284a12-ffd1-4d5c-98a4-7b292db9e256,DCFS_070.basePlot.vst,2015-09-03,vst_DCFS_2015,D09,DCFS,DCFS_070,NEON.PLA.D09.DCFS.00043,sapling,1.6,10,0.8
17f9649f-afb7-460f-ae4a-7dab06acde9c,DCFS_070.basePlot.vst,2015-09-03,vst_DCFS_2015,D09,DCFS,DCFS_070,NEON.PLA.D09.DCFS.00063,sapling,1.5,10,1.0
bf05e560-c35b-49aa-9187-84d5a19867b3,DCFS_070.basePlot.vst,2015-09-03,vst_DCFS_2015,D09,DCFS,DCFS_070,NEON.PLA.D09.DCFS.00058,sapling,1.3,10,1.1
f0fef81b-9e20-4369-9953-b79e0c53a187,DCFS_070.basePlot.vst,2015-09-03,vst_DCFS_2015,D09,DCFS,DCFS_070,NEON.PLA.D09.DCFS.00019,sapling,2.1,10,0.5
7b49bf00-51f7-4142-ade9-d894cdcb647c,DCFS_087.basePlot.vst,2015-09-03,vst_DCFS_2015,D09,DCFS,DCFS_087,NEON.PLA.D09.DCFS.00146,sapling,1.1,10,0.6
160ad839-17d7-407d-b2b3-9fbf723a1e08,DCFS_087.basePlot.vst,2015-09-03,vst_DCFS_2015,D09,DCFS,DCFS_087,NEON.PLA.D09.DCFS.00157,sapling,1.5,10,0.7
a33b2154-8d75-4708-9793-f787919629a1,DCFS_080.basePlot.vst,2015-09-10,vst_DCFS_2015,D09,DCFS,DCFS_080,NEON.PLA.D09.DCFS.00195,sapling,2.6,10,0.5
a79b469f-3c16-4c2f-ae9f-c4edb7727692,DCFS_080.basePlot.vst,2015-09-10,vst_DCFS_2015,D09,DCFS,DCFS_080,NEON.PLA.D09.DCFS.00197,sapling,1.8,10,1.2
0f93ea6e-d9fc-4154-9e28-e6272bb0637a,DCFS_080.basePlot.vst,2015-09-10,vst_DCFS_2015,D09,DCFS,DCFS_080,NEON.PLA.D09.DCFS.00193,sapling,1.3,10,0.8
72a7395e-3449-4026-9bc3-4fc0d9f77641,DCFS_080.basePlot.vst,2015-09-10,vst_DCFS_2015,D09,DCFS,DCFS_080,NEON.PLA.D09.DCFS.00192,sapling,1.4,10,1.2
6a7e6909-222d-4e42-ba09-a93fdf229ccf,DCFS_080.basePlot.vst,2015-09-10,vst_DCFS_2015,D09,DCFS,DCFS_080,NEON.PLA.D09.DCFS.00178,sapling,1.3,10,1.0
b5450dbf-794d-4131-bcf7-38b67b5b2a39,DCFS_080.basePlot.vst,2015-09-10,vst_DCFS_2015,D09,DCFS,DCFS_080,NEON.PLA.D09.DCFS.00073,sapling,1.5,10,0.8
3fd794fa-c953-4a6a-87be-a42b4f1ea520,DCFS_080.basePlot.vst,2015-09-10,vst_DCFS_2015,D09,DCFS,DCFS_080,NEON.PLA.D09.DCFS.00188,sapling,1.3,10,0.6
9eb7fd43-1a0f-4597-8ec5-99205baf2162,DCFS_080.basePlot.vst,2015-09-10,vst_DCFS_2015,D09,DCFS,DCFS_080,NEON.PLA.D09.DCFS.00184,small shrub,1.5,10,1.0
957e6c63-9386-4923-be70-aefee67ce75c,DCFS_080.basePlot.vst,2015-09-10,vst_DCFS_2015,D09,DCFS,DCFS_080,NEON.PLA.D09.DCFS.00186,small shrub,1.1,10,0.9
89f3a5f4-5911-4c4b-90c8-f73aac7ee556,DCFS_080.basePlot.vst,2015-09-10,vst_DCFS_2015,D09,DCFS,DCFS_080,NEON.PLA.D09.DCFS.00182,sapling,1.2,10,0.7
1f400611-8339-41e7-856b-deee9a060dbd,DCFS_080.basePlot.vst,2015-09-10,vst_DCFS_2015,D09,DCFS,DCFS_080,NEON.PLA.D09.DCFS.00191,sapling,1.6,10,0.8
9555ba72-55aa-4d05-a3f6-e3e25c851bb6,DCFS_080.basePlot.vst,2015-09-10,vst_DCFS_2015,D09,DCFS,DCFS_080,NEON.PLA.D09.DCFS.00180,sapling,2.1,10,0.4
9a785819-3215-40bc-af16-34aa553f7f10,DCFS_080.basePlot.vst,2015-09-10,vst_DCFS_2015,D09,DCFS,DCFS_080,NEON.PLA.D09.DCFS.00187,sapling,1.1,10,1.0
b1c32d0a-737e-406e-9ea8-01f97a9f14ac,DCFS_080.basePlot.vst,2015-09-10,vst_DCFS_2015,D09,DCFS,DCFS_080,NEON.PLA.D09.DCFS.00183,sapling,1.4,10,0.9
07b86951-8fb1-456e-90fd-0ef21d192467,DCFS_080.basePlot.vst,2015-09-10,vst_DCFS_2015,D09,DCFS,DCFS_080,NEON.PLA.D09.DCFS.00194,sapling,1.2,10,1.0
83072d4d-f15f-43f2-be6b-6290127b5db0,DCFS_080.basePlot.vst,2015-09-10,vst_DCFS_2015,D09,DCFS,DCFS_080,NEON.PLA.D09.DCFS.00189,sapling,1.8,10,0.9
52eb1dbe-1b3c-4b97-b748-887b1292fcd8,DCFS_080.basePlot.vst,2015-09-10,vst_DCFS_2015,D09,DCFS,DCFS_080,NEON.PLA.D09.DCFS.00196,sapling,1.6,10,0.8
8a33d85e-8de8-40ac-82d7-335ac4bca763,DCFS_080.basePlot.vst,2015-09-10,vst_DCFS_2015,D09,DCFS,DCFS_080,NEON.PLA.D09.DCFS.00024,sapling,1.1,10,0.7
13c6fa11-5682-4184-bf97-8c31a4a7f33e,DCFS_080.basePlot.vst,2015-09-10,vst_DCFS_2015,D09,DCFS,DCFS_080,NEON.PLA.D09.DCFS.00052,sapling,1.0,10,0.8
2e191793-936a-4656-b16a-755cbf474711,DCFS_080.basePlot.vst,2015-09-10,vst_DCFS_2015,D09,DCFS,DCFS_080,NEON.PLA.D09.DCFS.00198,sapling,1.7,10,1.0
09f658ae-7973-4847-8a78-f2fe4ecb1c64,DCFS_080.basePlot.vst,2015-09-10,vst_DCFS_2015,D09,DCFS,DCFS_080,NEON.PLA.D09.DCFS.00200,sapling,1.7,10,0.9
68afc80e-95a8-491e-9b11-e0d4b915770b,DCFS_080.basePlot.vst,2015-09-10,vst_DCFS_2015,D09,DCFS,DCFS_080,NEON.PLA.D09.DCFS.00181,sapling,1.2,10,1.0
57a50cfb-a3e5-444d-91dd-256c12f94b9f,DCFS_080.basePlot.vst,2015-09-10,vst_DCFS_2015,D09,DCFS,DCFS_080,NEON.PLA.D09.DCFS.00179,sapling,1.9,10,1.1
ba1ed961-850c-467b-abec-d2403ead626b,DCFS_080.basePlot.vst,2015-09-10,vst_DCFS_2015,D09,DCFS,DCFS_080,NEON.PLA.D09.DCFS.00190,sapling,1.1,10,0.7
3594438e-38b1-4dbd-8686-c2294975fc6c,DCFS_080.basePlot.vst,2015-09-10,vst_DCFS_2015,D09,DCFS,DCFS_080,NEON.PLA.D09.DCFS.00199,small shrub,1.9,10,0.8
8f009e25-8565-45f3-ac40-d996762a933d,DCFS_077.basePlot.vst,2015-09-14,vst_DCFS_2015,D09,DCFS,DCFS_077,NEON.PLA.D09.DCFS.00081,sapling,1.2,10,0.7
a5c00908-c71d-44d6-a720-a70ebf55c9ef,DCFS_077.basePlot.vst,2015-09-14,vst_DCFS_2015,D09,DCFS,DCFS_077,NEON.PLA.D09.DCFS.00084,sapling,1.2,10,1.0
7cddc386-76c3-4520-a2dd-42672465e359,DCFS_074.basePlot.vst,2015-09-14,vst_DCFS_2015,D09,DCFS,DCFS_074,NEON.PLA.D09.DCFS.00201,sapling,2.3,10,0.7
ac16ec06-bf74-4156-b11f-bfbfdacddfa6,DCFS_077.basePlot.vst,2015-09-14,vst_DCFS_2015,D09,DCFS,DCFS_077,NEON.PLA.D09.DCFS.00085,sapling,1.7,10,0.6
526de068-0ae2-4485-b445-677b1500c5b3,DCFS_074.basePlot.vst,2015-09-14,vst_DCFS_2015,D09,DCFS,DCFS_074,NEON.PLA.D09.DCFS.00091,sapling,1.1,10,0.9
8e9efc89-5d28-431a-8a05-2b1f47b7281c,DCFS_074.basePlot.vst,2015-09-14,vst_DCFS_2015,D09,DCFS,DCFS_074,NEON.PLA.D09.DCFS.00206,sapling,1.3,10,0.9
3caddcd0-da74-405b-80e1-b96e5096e612,DCFS_079.basePlot.vst,2015-09-14,vst_DCFS_2015,D09,DCFS,DCFS_079,NEON.PLA.D09.DCFS.00074,sapling,2.5,10,1.0
4583f38f-2a4e-42c3-9313-544bfe94a2bf,DCFS_074.basePlot.vst,2015-09-14,vst_DCFS_2015,D09,DCFS,DCFS_074,NEON.PLA.D09.DCFS.00090,sapling,1.6,10,0.7
0a541622-441c-4a97-be18-33fc0c3679c1,DCFS_077.basePlot.vst,2015-09-14,vst_DCFS_2015,D09,DCFS,DCFS_077,NEON.PLA.D09.DCFS.00088,sapling,1.8,10,0.8
fabcb333-2cc5-45d9-9fbe-52956bf54626,DCFS_074.basePlot.vst,2015-09-14,vst_DCFS_2015,D09,DCFS,DCFS_074,NEON.PLA.D09.DCFS.00092,sapling,1.3,10,0.7
617a8a4b-544f-4a93-9b6e-f470e3eaac9d,DCFS_074.basePlot.vst,2015-09-14,vst_DCFS_2015,D09,DCFS,DCFS_074,NEON.PLA.D09.DCFS.00095,sapling,3.2,10,0.8
7708c3dd-ea9b-4c94-a49a-e1d113c06237,DCFS_077.basePlot.vst,2015-09-14,vst_DCFS_2015,D09,DCFS,DCFS_077,NEON.PLA.D09.DCFS.00082,sapling,1.5,10,0.9
8278a2ff-2a7c-4291-8017-8184cd447a31,DCFS_074.basePlot.vst,2015-09-14,vst_DCFS_2015,D09,DCFS,DCFS_074,NEON.PLA.D09.DCFS.00205,sapling,2.3,10,0.5
09da28db-02b6-4562-9a45-b70a4b2115b5,DCFS_074.basePlot.vst,2015-09-14,vst_DCFS_2015,D09,DCFS,DCFS_074,NEON.PLA.D09.DCFS.00098,sapling,1.3,10,0.9
5dd82a18-1d09-488f-85d2-caa8bd7738ce,DCFS_079.basePlot.vst,2015-09-14,vst_DCFS_2015,D09,DCFS,DCFS_079,NEON.PLA.D09.DCFS.00078,sapling,1.2,10,0.7
f74aa6df-f2fa-41c9-957a-94243f1273bd,DCFS_079.basePlot.vst,2015-09-14,vst_DCFS_2015,D09,DCFS,DCFS_079,NEON.PLA.D09.DCFS.00077,small shrub,2.6,10,1.2
24a6e39a-a163-4b4e-9ae9-9d61df736367,DCFS_079.basePlot.vst,2015-09-14,vst_DCFS_2015,D09,DCFS,DCFS_079,NEON.PLA.D09.DCFS.00080,small shrub,1.1,10,0.7
136d1360-5001-4d97-bd82-a04439427ab2,DCFS_074.basePlot.vst,2015-09-14,vst_DCFS_2015,D09,DCFS,DCFS_074,NEON.PLA.D09.DCFS.00094,sapling,1.6,10,0.7
5ed70c50-1989-493e-a818-d379978062bd,DCFS_079.basePlot.vst,2015-09-14,vst_DCFS_2015,D09,DCFS,DCFS_079,NEON.PLA.D09.DCFS.00079,small shrub,4.0,10,1.6
bde27d09-b024-4e5f-9d20-bc742cb1abc2,DCFS_074.basePlot.vst,2015-09-14,vst_DCFS_2015,D09,DCFS,DCFS_074,NEON.PLA.D09.DCFS.00207,sapling,1.3,10,0.5
ea960f3d-6b91-412b-a770-5c86a6c87a8b,DCFS_074.basePlot.vst,2015-09-14,vst_DCFS_2015,D09,DCFS,DCFS_074,NEON.PLA.D09.DCFS.00096,sapling,2.2,10,0.4
b311df87-b285-4148-bf93-33f7a5e74fcc,DCFS_074.basePlot.vst,2015-09-14,vst_DCFS_2015,D09,DCFS,DCFS_074,NEON.PLA.D09.DCFS.00093,sapling,3.2,10,0.6
fb4ee816-0691-4ebd-92a2-7a27bc7520cc,DCFS_079.basePlot.vst,2015-09-14,vst_DCFS_2015,D09,DCFS,DCFS_079,NEON.PLA.D09.DCFS.00075,sapling,1.4,10,1.0
0871483b-bae1-4556-a626-cff1645c064d,DCFS_074.basePlot.vst,2015-09-14,vst_DCFS_2015,D09,DCFS,DCFS_074,NEON.PLA.D09.DCFS.00203,small shrub,2.1,10,0.4
b18a9457-b574-4eb6-bf9e-524c58ffedff,DCFS_077.basePlot.vst,2015-09-14,vst_DCFS_2015,D09,DCFS,DCFS_077,NEON.PLA.D09.DCFS.00086,sapling,1.1,10,0.7
1e2a6d4d-c24f-4c16-876f-e78e67bf2cc2,DCFS_074.basePlot.vst,2015-09-14,vst_DCFS_2015,D09,DCFS,DCFS_074,NEON.PLA.D09.DCFS.00097,sapling,2.3,10,0.8
5313cb87-e6c3-405d-b8de-9095321e924c,DCFS_074.basePlot.vst,2015-09-14,vst_DCFS_2015,D09,DCFS,DCFS_074,NEON.PLA.D09.DCFS.00202,sapling,1.8,10,0.3
bf64b6f9-a1eb-424b-9be6-e5724c3d77b8,DCFS_077.basePlot.vst,2015-09-14,vst_DCFS_2015,D09,DCFS,DCFS_077,NEON.PLA.D09.DCFS.00087,sapling,1.8,10,1.0
259a0aa1-f826-4331-960f-f009c2fec1e2,DCFS_077.basePlot.vst,2015-09-14,vst_DCFS_2015,D09,DCFS,DCFS_077,NEON.PLA.D09.DCFS.00083,sapling,1.2,10,0.7
80ab5aa6-0e30-4cf5-b9f3-a342ed8240a9,DCFS_074.basePlot.vst,2015-09-14,vst_DCFS_2015,D09,DCFS,DCFS_074,NEON.PLA.D09.DCFS.00100,sapling,1.5,10,1.0
e7e45e0b-b983-463a-a2a6-ffd3908ef527,DCFS_074.basePlot.vst,2015-09-14,vst_DCFS_2015,D09,DCFS,DCFS_074,NEON.PLA.D09.DCFS.00099,sapling,1.1,10,0.9
e8393e8f-ecff-4acb-ad3e-59cd285ea989,DCFS_088.basePlot.vst,2015-09-15,vst_DCFS_2015,D09,DCFS,DCFS_088,NEON.PLA.D09.DCFS.00256,sapling,1.7,10,0.6
5b2b3ce9-887e-4086-915d-448c56fc07b9,DCFS_088.basePlot.vst,2015-09-15,vst_DCFS_2015,D09,DCFS,DCFS_088,NEON.PLA.D09.DCFS.00255,small shrub,1.3,10,1.2
6c05a55e-1e62-4172-a761-652f32402933,DCFS_071.basePlot.vst,2015-09-15,vst_DCFS_2015,D09,DCFS,DCFS_071,NEON.PLA.D09.DCFS.00004,sapling,1.2,10,0.8
2c941c4a-71b1-47c1-b704-2394c195291a,DCFS_088.basePlot.vst,2015-09-15,vst_DCFS_2015,D09,DCFS,DCFS_088,NEON.PLA.D09.DCFS.00254,sapling,1.2,10,0.8
6b82601d-75b2-4bec-b0af-b741e69670ae,DCFS_088.basePlot.vst,2015-09-15,vst_DCFS_2015,D09,DCFS,DCFS_088,NEON.PLA.D09.DCFS.00237,sapling,1.3,10,0.6
c26d28c0-53ec-4886-96eb-4d67938bae94,DCFS_088.basePlot.vst,2015-09-15,vst_DCFS_2015,D09,DCFS,DCFS_088,NEON.PLA.D09.DCFS.00244,sapling,1.5,10,0.7
ff52634c-ca6c-4540-aca6-e3f29fd8e478,DCFS_071.basePlot.vst,2015-09-15,vst_DCFS_2015,D09,DCFS,DCFS_071,NEON.PLA.D09.DCFS.00010,sapling,1.9,10,1.1
6644678c-5783-4d67-afbe-e4a8bcf4e228,DCFS_071.basePlot.vst,2015-09-15,vst_DCFS_2015,D09,DCFS,DCFS_071,NEON.PLA.D09.DCFS.00009,small shrub,3.1,10,1.4
d6d31991-6712-4252-a4f1-50df4a463c59,DCFS_088.basePlot.vst,2015-09-15,vst_DCFS_2015,D09,DCFS,DCFS_088,NEON.PLA.D09.DCFS.00243,sapling,1.2,10,0.6
846b7040-1cf3-4494-9148-3b0a28a0313f,DCFS_088.basePlot.vst,2015-09-15,vst_DCFS_2015,D09,DCFS,DCFS_088,NEON.PLA.D09.DCFS.00259,sapling,1.0,10,0.8
11342346-7f5a-42a8-b5b0-af828cdf228c,DCFS_088.basePlot.vst,2015-09-15,vst_DCFS_2015,D09,DCFS,DCFS_088,NEON.PLA.D09.DCFS.00263,sapling,1.1,10,0.7
5ca1a782-af44-457c-abdd-5d32b6d2d923,DCFS_088.basePlot.vst,2015-09-15,vst_DCFS_2015,D09,DCFS,DCFS_088,NEON.PLA.D09.DCFS.00249,sapling,1.7,10,0.9
b0627d19-7e50-434e-b765-4c049ffbc056,DCFS_071.basePlot.vst,2015-09-15,vst_DCFS_2015,D09,DCFS,DCFS_071,NEON.PLA.D09.DCFS.00007,sapling,1.2,10,0.6
690201a9-ce41-4cb6-aa57-7485713f7248,DCFS_088.basePlot.vst,2015-09-15,vst_DCFS_2015,D09,DCFS,DCFS_088,NEON.PLA.D09.DCFS.00239,sapling,1.2,10,0.6
ea5dae56-85fd-43a3-91d8-58819c75b834,DCFS_088.basePlot.vst,2015-09-15,vst_DCFS_2015,D09,DCFS,DCFS_088,NEON.PLA.D09.DCFS.00248,sapling,1.2,10,0.7
c385e268-cbe9-4d7b-9064-f39fe0cb58a5,DCFS_071.basePlot.vst,2015-09-15,vst_DCFS_2015,D09,DCFS,DCFS_071,NEON.PLA.D09.DCFS.00003,sapling,1.3,10,0.5
69d3283f-6e89-42b6-8302-073476768b95,DCFS_071.basePlot.vst,2015-09-15,vst_DCFS_2015,D09,DCFS,DCFS_071,NEON.PLA.D09.DCFS.00001,sapling,1.1,10,0.6
0c81ad10-4b65-44fc-ad81-6f0e4ce9a6d2,DCFS_088.basePlot.vst,2015-09-15,vst_DCFS_2015,D09,DCFS,DCFS_088,NEON.PLA.D09.DCFS.00241,sapling,1.2,10,0.8
a50db36e-fcd5-4e55-8ac5-c18853514a26,DCFS_088.basePlot.vst,2015-09-15,vst_DCFS_2015,D09,DCFS,DCFS_088,NEON.PLA.D09.DCFS.00261,sapling,1.1,10,0.9
a947f0c0-4a22-4019-8255-ed9d413aa407,DCFS_088.basePlot.vst,2015-09-15,vst_DCFS_2015,D09,DCFS,DCFS_088,NEON.PLA.D09.DCFS.00240,sapling,1.4,10,0.8
dee650cf-e2ba-4078-83e2-d867ce7ad1a2,DCFS_088.basePlot.vst,2015-09-15,vst_DCFS_2015,D09,DCFS,DCFS_088,NEON.PLA.D09.DCFS.00247,sapling,1.8,10,0.8
5e68262c-c5bf-4eb6-8ef8-6b7794b6a43b,DCFS_088.basePlot.vst,2015-09-15,vst_DCFS_2015,D09,DCFS,DCFS_088,NEON.PLA.D09.DCFS.00245,small shrub,1.1,10,0.5
d8d4f271-26dd-4f6f-a8ac-f2f28626fd01,DCFS_088.basePlot.vst,2015-09-15,vst_DCFS_2015,D09,DCFS,DCFS_088,NEON.PLA.D09.DCFS.00262,small shrub,2.1,10,0.7
e386db74-b0f2-4825-ae1a-dc27a52831a9,DCFS_088.basePlot.vst,2015-09-15,vst_DCFS_2015,D09,DCFS,DCFS_088,NEON.PLA.D09.DCFS.00250,sapling,1.8,10,1.2
48d4fc7d-f138-4601-a0e8-d9d0c1ee032a,DCFS_071.basePlot.vst,2015-09-15,vst_DCFS_2015,D09,DCFS,DCFS_071,NEON.PLA.D09.DCFS.00002,sapling,1.5,10,0.7
04691455-a205-4d45-bd2a-783c227ca8ba,DCFS_088.basePlot.vst,2015-09-15,vst_DCFS_2015,D09,DCFS,DCFS_088,NEON.PLA.D09.DCFS.00252,sapling,2.2,10,0.8
1ca8cbd7-d98b-4a71-b9e6-aab209600c0e,DCFS_088.basePlot.vst,2015-09-15,vst_DCFS_2015,D09,DCFS,DCFS_088,NEON.PLA.D09.DCFS.00253,sapling,1.6,10,1.1
5078a8e3-2309-4a93-bf78-d317295cf847,DCFS_088.basePlot.vst,2015-09-15,vst_DCFS_2015,D09,DCFS,DCFS_088,NEON.PLA.D09.DCFS.00242,sapling,1.1,10,0.7
b4787499-7cf5-454d-8a46-bd8b4a12cc2f,DCFS_088.basePlot.vst,2015-09-15,vst_DCFS_2015,D09,DCFS,DCFS_088,NEON.PLA.D09.DCFS.00238,sapling,1.0,10,0.6
03546e71-9700-458e-9fce-baa52cdd531c,DCFS_071.basePlot.vst,2015-09-15,vst_DCFS_2015,D09,DCFS,DCFS_071,NEON.PLA.D09.DCFS.00008,sapling,1.4,10,0.9
55333a55-f426-48a6-8dee-9b56c438fc76,DCFS_088.basePlot.vst,2015-09-15,vst_DCFS_2015,D09,DCFS,DCFS_088,NEON.PLA.D09.DCFS.00257,small shrub,2.2,10,1.1
726a7370-157d-4831-bd22-2d8a332994a4,DCFS_088.basePlot.vst,2015-09-15,vst_DCFS_2015,D09,DCFS,DCFS_088,NEON.PLA.D09.DCFS.00251,sapling,1.3,10,0.6
aa40b296-47e9-4bf4-bb48-78cbafee2206,DCFS_088.basePlot.vst,2015-09-15,vst_DCFS_2015,D09,DCFS,DCFS_088,NEON.PLA.D09.DCFS.00246,sapling,1.8,10,0.7
a5fd7b79-5503-4912-bcf7-8278b8cbc49d,DCFS_088.basePlot.vst,2015-09-15,vst_DCFS_2015,D09,DCFS,DCFS_088,NEON.PLA.D09.DCFS.00260,sapling,1.7,10,0.9
e291249e-cd58-4d01-9c81-12535874d464,DCFS_088.basePlot.vst,2015-09-15,vst_DCFS_2015,D09,DCFS,DCFS_088,NEON.PLA.D09.DCFS.00265,sapling,1.3,10,0.7
27aa8eb0-b9e9-4bf7-a106-5b42459155dc,DCFS_071.basePlot.vst,2015-09-15,vst_DCFS_2015,D09,DCFS,DCFS_071,NEON.PLA.D09.DCFS.00006,sapling,1.3,10,0.6
8ffe7ee8-9345-403e-84a6-36b7e806db37,DCFS_088.basePlot.vst,2015-09-15,vst_DCFS_2015,D09,DCFS,DCFS_088,NEON.PLA.D09.DCFS.00264,sapling,2.0,10,0.9
1b14b94d-979b-40aa-8aae-54ba2d273346,DCFS_078.basePlot.vst,2015-09-24,vst_DCFS_2015,D09,DCFS,DCFS_078,NEON.PLA.D09.DCFS.00222,sapling,1.7,10,1.3
f4751477-90ca-421b-9287-11d3e748e76d,DCFS_078.basePlot.vst,2015-09-24,vst_DCFS_2015,D09,DCFS,DCFS_078,NEON.PLA.D09.DCFS.00235,sapling,1.1,10,0.7
ff17db1c-c9b7-4704-aae9-35c3e518df29,DCFS_081.basePlot.vst,2015-09-24,vst_DCFS_2015,D09,DCFS,DCFS_081,NEON.PLA.D09.DCFS.00175,sapling,3.6,10,0.7
03cd0175-c86e-48a1-97f6-7a3d8b333d75,DCFS_078.basePlot.vst,2015-09-24,vst_DCFS_2015,D09,DCFS,DCFS_078,NEON.PLA.D09.DCFS.00218,sapling,1.7,10,0.8
dbe1504f-8f93-4809-befb-5bb629f570a4,DCFS_078.basePlot.vst,2015-09-24,vst_DCFS_2015,D09,DCFS,DCFS_078,NEON.PLA.D09.DCFS.00231,sapling,1.9,10,0.9
8c7248e4-6b94-44fb-aaf3-aa18472b0140,DCFS_078.basePlot.vst,2015-09-24,vst_DCFS_2015,D09,DCFS,DCFS_078,NEON.PLA.D09.DCFS.00227,sapling,1.4,10,0.5
4a47fbc0-d570-4815-9b69-c73d136fe99d,DCFS_081.basePlot.vst,2015-09-24,vst_DCFS_2015,D09,DCFS,DCFS_081,NEON.PLA.D09.DCFS.00176,sapling,1.1,10,0.6
19029782-d02f-4129-aca2-61efb0c9c6e3,DCFS_081.basePlot.vst,2015-09-24,vst_DCFS_2015,D09,DCFS,DCFS_081,NEON.PLA.D09.DCFS.00174,small shrub,1.5,10,0.6
cd36145e-2c2c-4d1a-8536-ab71ff9152de,DCFS_081.basePlot.vst,2015-09-24,vst_DCFS_2015,D09,DCFS,DCFS_081,NEON.PLA.D09.DCFS.00173,sapling,1.2,10,0.8
c59c043f-c5d2-457a-a9c8-d3e320796ee6,DCFS_081.basePlot.vst,2015-09-24,vst_DCFS_2015,D09,DCFS,DCFS_081,NEON.PLA.D09.DCFS.00167,sapling,2.1,10,0.9
43d2cd91-1e4f-431b-8aac-fbc3832b11ef,DCFS_081.basePlot.vst,2015-09-24,vst_DCFS_2015,D09,DCFS,DCFS_081,NEON.PLA.D09.DCFS.00165,single shrub,3.1,130,2.3
9fc6097b-123e-418e-8c7a-5d71542d8db2,DCFS_078.basePlot.vst,2015-09-24,vst_DCFS_2015,D09,DCFS,DCFS_078,NEON.PLA.D09.DCFS.00214,sapling,1.0,10,0.7
467e65fc-371c-432b-8ede-dc147be2a07b,DCFS_081.basePlot.vst,2015-09-24,vst_DCFS_2015,D09,DCFS,DCFS_081,NEON.PLA.D09.DCFS.00177,small shrub,3.2,10,1.1
a7012085-e10b-402e-8198-8f96135b2f3e,DCFS_081.basePlot.vst,2015-09-24,vst_DCFS_2015,D09,DCFS,DCFS_081,NEON.PLA.D09.DCFS.00168,sapling,1.4,10,0.7
7bc4b6c2-1fe8-415c-afa3-4ab184d169e9,DCFS_078.basePlot.vst,2015-09-24,vst_DCFS_2015,D09,DCFS,DCFS_078,NEON.PLA.D09.DCFS.00228,sapling,1.4,10,0.9
5b49d4a9-3257-47ef-a4cc-84fb5b573c34,DCFS_078.basePlot.vst,2015-09-24,vst_DCFS_2015,D09,DCFS,DCFS_078,NEON.PLA.D09.DCFS.00226,sapling,1.6,10,1.0
5d56adc5-93a9-4038-a0db-78d8fe5d7b22,DCFS_081.basePlot.vst,2015-09-24,vst_DCFS_2015,D09,DCFS,DCFS_081,NEON.PLA.D09.DCFS.00163,small shrub,1.4,10,NA
20552fec-d829-4454-9ab1-816adaefd3bc,DCFS_078.basePlot.vst,2015-09-24,vst_DCFS_2015,D09,DCFS,DCFS_078,NEON.PLA.D09.DCFS.00229,sapling,2.0,10,1.3
98c174d7-a5ed-4be6-93ae-3fde4c90c0e1,DCFS_078.basePlot.vst,2015-09-24,vst_DCFS_2015,D09,DCFS,DCFS_078,NEON.PLA.D09.DCFS.00215,small shrub,1.1,10,0.9
ee2fe857-7c7b-44dd-bfd4-68d59458a67e,DCFS_078.basePlot.vst,2015-09-24,vst_DCFS_2015,D09,DCFS,DCFS_078,NEON.PLA.D09.DCFS.00210,sapling,2.1,10,0.7
30f238d3-48f1-44bb-b076-65ef260e82cf,DCFS_081.basePlot.vst,2015-09-24,vst_DCFS_2015,D09,DCFS,DCFS_081,NEON.PLA.D09.DCFS.00172,sapling,1.7,10,0.9
8e4fb3d4-418d-459e-b3cb-0b5e166045ef,DCFS_078.basePlot.vst,2015-09-24,vst_DCFS_2015,D09,DCFS,DCFS_078,NEON.PLA.D09.DCFS.00212,sapling,1.2,10,0.6
31834174-b587-4570-8864-b39a13d1309e,DCFS_078.basePlot.vst,2015-09-24,vst_DCFS_2015,D09,DCFS,DCFS_078,NEON.PLA.D09.DCFS.00208,sapling,1.0,10,0.8
01f43403-a7f4-407f-9d15-22d8117c8bef,DCFS_081.basePlot.vst,2015-09-24,vst_DCFS_2015,D09,DCFS,DCFS_081,NEON.PLA.D09.DCFS.00166,small shrub,3.1,10,1.4
1e85dd23-0ce2-47ac-925f-79214c5bac52,DCFS_078.basePlot.vst,2015-09-24,vst_DCFS_2015,D09,DCFS,DCFS_078,NEON.PLA.D09.DCFS.00216,sapling,1.1,10,0.5
68b2c4b5-436a-4025-94e2-b6512a59abe0,DCFS_078.basePlot.vst,2015-09-24,vst_DCFS_2015,D09,DCFS,DCFS_078,NEON.PLA.D09.DCFS.00225,sapling,1.5,10,1.0
ae45cb13-0974-4173-96a9-cd325f432da2,DCFS_078.basePlot.vst,2015-09-24,vst_DCFS_2015,D09,DCFS,DCFS_078,NEON.PLA.D09.DCFS.00230,sapling,1.8,10,1.3
23eea968-a06a-401b-a0aa-841aabfc5690,DCFS_078.basePlot.vst,2015-09-24,vst_DCFS_2015,D09,DCFS,DCFS_078,NEON.PLA.D09.DCFS.00213,sapling,1.2,10,0.6
e0f1e205-6d61-4312-a827-d61927aea04e,DCFS_078.basePlot.vst,2015-09-24,vst_DCFS_2015,D09,DCFS,DCFS_078,NEON.PLA.D09.DCFS.00224,sapling,1.7,10,0.9
b3406b05-ee1b-49be-bad4-2dceaf8a8fd6,DCFS_078.basePlot.vst,2015-09-24,vst_DCFS_2015,D09,DCFS,DCFS_078,NEON.PLA.D09.DCFS.00220,sapling,1.0,10,0.7
41b166e7-6641-43a8-80dc-96dbd05f3c08,DCFS_081.basePlot.vst,2015-09-24,vst_DCFS_2015,D09,DCFS,DCFS_081,NEON.PLA.D09.DCFS.00164,sapling,2.5,10,0.8
e6f1d3ab-43c2-4249-a71f-8e4dde530f7e,DCFS_078.basePlot.vst,2015-09-24,vst_DCFS_2015,D09,DCFS,DCFS_078,NEON.PLA.D09.DCFS.00232,sapling,1.6,10,1.1
7f6d0437-84f0-4f02-8eff-bd3cf36d38f1,DCFS_081.basePlot.vst,2015-09-24,vst_DCFS_2015,D09,DCFS,DCFS_081,NEON.PLA.D09.DCFS.00170,sapling,1.2,10,0.5
edfdbc69-7ac7-4dc1-b382-0145b7eea0e1,DCFS_078.basePlot.vst,2015-09-24,vst_DCFS_2015,D09,DCFS,DCFS_078,NEON.PLA.D09.DCFS.00211,single shrub,2.2,130,2.2
2b2738a4-132b-482b-be8e-93f399ab6ceb,DCFS_081.basePlot.vst,2015-09-24,vst_DCFS_2015,D09,DCFS,DCFS_081,NEON.PLA.D09.DCFS.00171,sapling,1.1,10,0.5
bbdf903e-1e3a-4be7-b955-9dc7dbdef54a,DCFS_078.basePlot.vst,2015-09-24,vst_DCFS_2015,D09,DCFS,DCFS_078,NEON.PLA.D09.DCFS.00233,sapling,1.0,10,0.7
21575b95-afb3-436b-9334-901d709b8358,DCFS_078.basePlot.vst,2015-09-24,vst_DCFS_2015,D09,DCFS,DCFS_078,NEON.PLA.D09.DCFS.00209,sapling,2.1,10,1.0
75fc3072-3446-474d-8fbe-9f2754b01a5c,DCFS_078.basePlot.vst,2015-09-24,vst_DCFS_2015,D09,DCFS,DCFS_078,NEON.PLA.D09.DCFS.00223,sapling,1.2,10,1.2
88f987a5-bf7b-4a29-be89-a16474cc0737,DCFS_078.basePlot.vst,2015-09-24,vst_DCFS_2015,D09,DCFS,DCFS_078,NEON.PLA.D09.DCFS.00221,sapling,2.2,10,1.2
2bf29fee-3146-4823-8a3f-e8995e6f20b1,DCFS_078.basePlot.vst,2015-09-24,vst_DCFS_2015,D09,DCFS,DCFS_078,NEON.PLA.D09.DCFS.00236,small shrub,1.3,10,0.8
2d69cb34-bdbc-4b39-863b-5ea22b787369,DCFS_078.basePlot.vst,2015-09-24,vst_DCFS_2015,D09,DCFS,DCFS_078,NEON.PLA.D09.DCFS.00219,sapling,1.2,10,0.7
93d2f713-0af7-4108-88ee-88aa436642c3,DCFS_078.basePlot.vst,2015-09-24,vst_DCFS_2015,D09,DCFS,DCFS_078,NEON.PLA.D09.DCFS.00234,sapling,1.1,10,0.7
b1a8519f-dbe5-41da-b7b4-f258c64bfcfa,DCFS_078.basePlot.vst,2015-09-24,vst_DCFS_2015,D09,DCFS,DCFS_078,NEON.PLA.D09.DCFS.00217,sapling,1.7,10,0.7
40eaaf04-6ed4-430f-98f2-3ee62d3a6dc2,DCFS_081.basePlot.vst,2015-09-24,vst_DCFS_2015,D09,DCFS,DCFS_081,NEON.PLA.D09.DCFS.00162,sapling,1.9,10,0.7
