uid,namedLocation,date,eventID,domainID,siteID,plotID,individualID,growthForm,stemDiameter,measurementHeight,height
d35be919-b1a3-4350-b71f-4d65bf437976,BART_040.basePlot.vst,2016-09-06,vst_BART_2016,D01,BART,BART_040,NEON.PLA.D01.BART.04531,single bole tree,11.1,130,13.6
4a030ba0-2862-42ff-a844-5c664e416862,BART_040.basePlot.vst,2016-09-06,vst_BART_2016,D01,BART,BART_040,NEON.PLA.D01.BART.03764,single bole tree,17.7,130,17.7
69d8191d-8c22-45fc-8231-deb3a7815b83,BART_040.basePlot.vst,2016-09-06,vst_BART_2016,D01,BART,BART_040,NEON.PLA.D01.BART.03891,single bole tree,36.2,130,16.1
916a3236-5976-4290-a3a0-3ef71a23dd8d,BART_040.basePlot.vst,2016-09-06,vst_BART_2016,D01,BART,BART_040,NEON.PLA.D01.BART.03662,single bole tree,21.4,130,17.6
c7323c4f-b230-4332-a663-7600db4d7729,BART_040.basePlot.vst,2016-09-06,vst_BART_2016,D01,BART,BART_040,NEON.PLA.D01.BART.03898,single bole tree,20.0,197,15.5
f29bcd89-082e-4252-b110-eb79220033a2,BART_040.basePlot.vst,2016-09-06,vst_BART_2016,D01,BART,BART_040,NEON.PLA.D01.BART.03890,single bole tree,43.6,130,22.0
1e367668-a901-435f-b035-1cbe5cbc32f7,BART_040.basePlot.vst,2016-09-06,vst_BART_2016,D01,BART,BART_040,NEON.PLA.D01.BART.03758,single bole tree,64.3,130,24.7
41a0c6c0-4564-4b89-a7f7-fbd0b2340769,BART_040.basePlot.vst,2016-09-06,vst_BART_2016,D01,BART,BART_040,NEON.PLA.D01.BART.03889,single bole tree,35.0,130,20.9
1ee131ed-1d2f-489f-a961-60aa9b689577,BART_040.basePlot.vst,2016-09-06,vst_BART_2016,D01,BART,BART_040,NEON.PLA.D01.BART.03778,single bole tree,14.3,130,12.6
461199f5-db74-45e6-9a74-9a0f58d471cb,BART_040.basePlot.vst,2016-09-06,vst_BART_2016,D01,BART,BART_040,NEON.PLA.D01.BART.03757,single bole tree,11.5,130,10.2
0bf07bcd-0887-4aca-9e8e-e495392adcf3,BART_040.basePlot.vst,2016-09-06,vst_BART_2016,D01,BART,BART_040,NEON.PLA.D01.BART.03645,multi-bole tree,35.8,130,16.0
8fc16c8b-062c-4dce-9f45-7fd6c976a59c,BART_040.basePlot.vst,2016-09-06,vst_BART_2016,D01,BART,BART_040,NEON.PLA.D01.BART.04527,single bole tree,23.4,130,15.1
26bb1b8b-f312-4c77-b2d7-43f7307a9ab9,BART_040.basePlot.vst,2016-09-06,vst_BART_2016,D01,BART,BART_040,NEON.PLA.D01.BART.03781,single bole tree,15.8,130,25.2
a2da3ca9-1556-41b2-be70-aeced509e683,BART_040.basePlot.vst,2016-09-06,vst_BART_2016,D01,BART,BART_040,NEON.PLA.D01.BART.03629,single bole tree,26.3,130,17.1
8a5e2c63-7465-4f4e-9003-c3a49f5585e4,BART_040.basePlot.vst,2016-09-06,vst_BART_2016,D01,BART,BART_040,NEON.PLA.D01.BART.03893,single bole tree,50.2,130,20.1
6343dac6-0a30-4cba-b51f-c89bd3764589,BART_040.basePlot.vst,2016-09-06,vst_BART_2016,D01,BART,BART_040,NEON.PLA.D01.BART.03775,single bole tree,14.3,130,12.7
96688cd7-aaf2-4e01-b7c2-a0b5e2b2a83b,BART_040.basePlot.vst,2016-09-06,vst_BART_2016,D01,BART,BART_040,NEON.PLA.D01.BART.03767,single bole tree,19.7,130,17.5
d7c54b84-21ec-444f-bf8a-124dad3ff76d,BART_040.basePlot.vst,2016-09-06,vst_BART_2016,D01,BART,BART_040,NEON.PLA.D01.BART.03620,single bole tree,18.9,130,15.9
2e0f06c0-b85b-494f-8061-38bd073894a4,BART_040.basePlot.vst,2016-09-06,vst_BART_2016,D01,BART,BART_040,NEON.PLA.D01.BART.03635,single bole tree,14.1,130,14.6
6fe1787c-67f6-4fd8-a3f2-31d3d9b8d75c,BART_040.basePlot.vst,2016-09-06,vst_BART_2016,D01,BART,BART_040,NEON.PLA.D01.BART.04530,single bole tree,NA,NA,NA
3a72acfe-20b0-418c-b7c8-f0fc1ab8687f,BART_040.basePlot.vst,2016-09-06,vst_BART_2016,D01,BART,BART_040,NEON.PLA.D01.BART.03895,single bole tree,13.8,130,15.0
56de1df5-3eed-4f7d-848b-0c59eaf47473,BART_040.basePlot.vst,2016-09-06,vst_BART_2016,D01,BART,BART_040,NEON.PLA.D01.BART.03768,multi-bole tree,10.5,130,10.6
bd9db494-d1af-4c44-a30a-b9f949dd62b9,BART_040.basePlot.vst,2016-09-06,vst_BART_2016,D01,BART,BART_040,NEON.PLA.D01.BART.03762,single bole tree,27.3,130,13.4
3e4e6623-eacf-44c5-847f-fc71d1a576c2,BART_040.basePlot.vst,2016-09-06,vst_BART_2016,D01,BART,BART_040,NEON.PLA.D01.BART.03650,single bole tree,40.5,130,21.5
379bb2b7-c2ef-4a2c-b3d3-f0b06849dfa1,BART_040.basePlot.vst,2016-09-06,vst_BART_2016,D01,BART,BART_040,NEON.PLA.D01.BART.03608,multi-bole tree,14.4,130,15.0
a28e79cc-15c3-4255-83e8-c2707542eaaa,BART_040.basePlot.vst,2016-09-06,vst_BART_2016,D01,BART,BART_040,NEON.PLA.D01.BART.03636,single bole tree,25.9,130,22.0
31634241-57fb-40f6-b676-24fdfd23cd36,BART_040.basePlot.vst,2016-09-06,vst_BART_2016,D01,BART,BART_040,NEON.PLA.D01.BART.03761,single bole tree,54.4,130,23.5
1f877dc1-5c83-45c6-881d-6a34985769e0,BART_040.basePlot.vst,2016-09-06,vst_BART_2016,D01,BART,BART_040,NEON.PLA.D01.BART.03632,single bole tree,34.7,130,20.5
c72ac2b3-c341-46b4-9d91-72898ca5a3d9,BART_040.basePlot.vst,2016-09-06,vst_BART_2016,D01,BART,BART_040,NEON.PLA.D01.BART.03896,single bole tree,26.5,130,17.0
e26e8abe-3260-4ed7-863b-0ff76e52af30,BART_040.basePlot.vst,2016-09-06,vst_BART_2016,D01,BART,BART_040,NEON.PLA.D01.BART.03756,single bole tree,18.3,130,15.1
22d94961-6b72-4c72-8245-7d9c7695047e,BART_040.basePlot.vst,2016-09-06,vst_BART_2016,D01,BART,BART_040,NEON.PLA.D01.BART.03631,single bole tree,22.0,130,14.0
3a740496-5ca9-4811-87bd-1b7e6e432eaf,BART_040.basePlot.vst,2016-09-06,vst_BART_2016,D01,BART,BART_040,NEON.PLA.D01.BART.03799,multi-bole tree,41.1,130,16.5
290ccc5a-ab02-493a-b527-6ea4ee41c3dd,BART_040.basePlot.vst,2016-09-06,vst_BART_2016,D01,BART,BART_040,NEON.PLA.D01.BART.03641,single bole tree,16.2,130,13.3
488f0268-489c-4cd2-8486-5fb9e7503fe8,BART_040.basePlot.vst,2016-09-06,vst_BART_2016,D01,BART,BART_040,NEON.PLA.D01.BART.03609,single bole tree,18.3,130,4.5
0bbde597-0b98-4978-8f5c-cecb08898a17,BART_040.basePlot.vst,2016-09-06,vst_BART_2016,D01,BART,BART_040,NEON.PLA.D01.BART.03772,single bole tree,29.6,130,21.3
5f7f3fb0-4905-40d4-a96b-9b20cb6d903e,BART_040.basePlot.vst,2016-09-06,vst_BART_2016,D01,BART,BART_040,NEON.PLA.D01.BART.03627,single bole tree,23.4,130,13.7
0d494e69-8165-4927-adc6-95b9140be829,BART_040.basePlot.vst,2016-09-06,vst_BART_2016,D01,BART,BART_040,NEON.PLA.D01.BART.03602,multi-bole tree,29.9,130,19.0
11666224-02fa-4e4d-a6dd-658960ff5fc2,BART_040.basePlot.vst,2016-09-06,vst_BART_2016,D01,BART,BART_040,NEON.PLA.D01.BART.03763,single bole tree,37.7,130,19.3
5b2298f7-d9a2-423f-aeac-1bb8697deeaf,BART_040.basePlot.vst,2016-09-06,vst_BART_2016,D01,BART,BART_040,NEON.PLA.D01.BART.03892,single bole tree,36.1,130,20.9
f08c03bf-2370-4a49-beae-b43a943f2c81,BART_032.basePlot.vst,2016-09-07,vst_BART_2016,D01,BART,BART_032,NEON.PLA.D01.BART.04942,single bole tree,20.3,130,11.0
bae42f06-d515-488c-96b7-906e4556f650,BART_032.basePlot.vst,2016-09-07,vst_BART_2016,D01,BART,BART_032,NEON.PLA.D01.BART.03346,single bole tree,14.8,130,10.2
cb2a3fd9-b74d-4757-a1e2-bd982adb227d,BART_032.basePlot.vst,2016-09-07,vst_BART_2016,D01,BART,BART_032,NEON.PLA.D01.BART.03372,small tree,9.8,130,11.8
49ef08ed-c91a-4463-9976-f820b2362c56,BART_032.basePlot.vst,2016-09-07,vst_BART_2016,D01,BART,BART_032,NEON.PLA.D01.BART.03337,single bole tree,21.2,130,14.5
41dd12b4-9896-4968-9f7e-a27f8016919f,BART_032.basePlot.vst,2016-09-07,vst_BART_2016,D01,BART,BART_032,NEON.PLA.D01.BART.03333,single bole tree,17.1,130,14.2
5375e2fe-bfde-4836-9d8f-a1ebbaf86252,BART_032.basePlot.vst,2016-09-07,vst_BART_2016,D01,BART,BART_032,NEON.PLA.D01.BART.04229,single bole tree,86.4,130,18.1
f0d8e7ab-d963-4c14-acaf-eb73cc517b73,BART_032.basePlot.vst,2016-09-07,vst_BART_2016,D01,BART,BART_032,NEON.PLA.D01.BART.03354,single bole tree,12.2,130,12.5
2fe679a0-3fe7-40a5-a32c-15357410a8a6,BART_032.basePlot.vst,2016-09-07,vst_BART_2016,D01,BART,BART_032,NEON.PLA.D01.BART.03345,single bole tree,13.2,130,9.9
b5412882-2720-4526-bce2-9bc9eb305e41,BART_032.basePlot.vst,2016-09-07,vst_BART_2016,D01,BART,BART_032,NEON.PLA.D01.BART.03502,single bole tree,11.0,130,9.5
24913164-a6b3-4c1e-bb01-b10403f174ed,BART_032.basePlot.vst,2016-09-07,vst_BART_2016,D01,BART,BART_032,NEON.PLA.D01.BART.03507,single bole tree,43.4,130,6.3
035379cf-4a3b-4233-be15-1c012294f4fe,BART_032.basePlot.vst,2016-09-07,vst_BART_2016,D01,BART,BART_032,NEON.PLA.D01.BART.03343,single bole tree,18.8,130,14.2
67a6ee5a-75cc-4100-b1f9-e58e0d44e0d7,BART_032.basePlot.vst,2016-09-07,vst_BART_2016,D01,BART,BART_032,NEON.PLA.D01.BART.04231,multi-bole tree,21.4,175,18.4
ba262f7d-93cf-4426-997a-6de063b9f13b,BART_032.basePlot.vst,2016-09-07,vst_BART_2016,D01,BART,BART_032,NEON.PLA.D01.BART.03514,single bole tree,12.3,130,8.3
8154e32b-b00e-4bad-9fb1-67dbdd81175a,BART_032.basePlot.vst,2016-09-07,vst_BART_2016,D01,BART,BART_032,NEON.PLA.D01.BART.03353,single bole tree,43.6,130,18.0
ac4d43c1-cdad-4821-b5af-141e3726d0a5,BART_032.basePlot.vst,2016-09-07,vst_BART_2016,D01,BART,BART_032,NEON.PLA.D01.BART.03509,single bole tree,39.3,130,21.5
ec77bd17-4c70-4b01-a3de-269ac119ff51,BART_032.basePlot.vst,2016-09-07,vst_BART_2016,D01,BART,BART_032,NEON.PLA.D01.BART.04232,single bole tree,17.8,160,12.8
87b20037-be3e-4837-9e58-1089f46b7a86,BART_032.basePlot.vst,2016-09-07,vst_BART_2016,D01,BART,BART_032,NEON.PLA.D01.BART.04225,single bole tree,20.5,130,6.0
fbda06e3-62e0-4d90-86ae-16f2d8357525,BART_032.basePlot.vst,2016-09-07,vst_BART_2016,D01,BART,BART_032,NEON.PLA.D01.BART.03356,single bole tree,18.9,130,14.7
2f06df57-cda4-48ac-9bda-5414596ac057,BART_032.basePlot.vst,2016-09-07,vst_BART_2016,D01,BART,BART_032,NEON.PLA.D01.BART.03344,single bole tree,24.4,130,20.2
aae28f6e-5b1a-440d-bdb4-76f6b6cd5c9a,BART_071.basePlot.vst,2016-09-07,vst_BART_2016,D01,BART,BART_071,NEON.PLA.D01.BART.03550,single bole tree,10.8,130,10.8
233bc3dc-52be-4ff3-bd54-97a644c9c96b,BART_071.basePlot.vst,2016-09-07,vst_BART_2016,D01,BART,BART_071,NEON.PLA.D01.BART.04269,single bole tree,20.1,130,12.2
76b4f578-1989-4da0-96a9-87f028b4f2b5,BART_032.basePlot.vst,2016-09-07,vst_BART_2016,D01,BART,BART_032,NEON.PLA.D01.BART.03331,multi-bole tree,37.7,200,23.9
71ec542e-2a56-4a39-a9f1-c45f4d384070,BART_032.basePlot.vst,2016-09-07,vst_BART_2016,D01,BART,BART_032,NEON.PLA.D01.BART.04223,single bole tree,10.8,130,14.4
d65eb03d-674f-4fb7-9299-aa06831fb52c,BART_032.basePlot.vst,2016-09-07,vst_BART_2016,D01,BART,BART_032,NEON.PLA.D01.BART.03332,single bole tree,10.8,130,8.8
bae8fb26-a3c3-4d0f-8b45-ddc23f6f306a,BART_032.basePlot.vst,2016-09-07,vst_BART_2016,D01,BART,BART_032,NEON.PLA.D01.BART.03519,single bole tree,10.4,130,11.2
929d4cf5-7b82-4bb6-ad44-05514ba83eac,BART_032.basePlot.vst,2016-09-07,vst_BART_2016,D01,BART,BART_032,NEON.PLA.D01.BART.03338,multi-bole tree,19.8,130,19.0
88503ded-f823-43a0-ada4-e36b9744ebd4,BART_032.basePlot.vst,2016-09-07,vst_BART_2016,D01,BART,BART_032,NEON.PLA.D01.BART.03351,single bole tree,30.5,130,8.3
fdbd2e86-d6a4-42d8-b8c5-19f53ef522fa,BART_032.basePlot.vst,2016-09-07,vst_BART_2016,D01,BART,BART_032,NEON.PLA.D01.BART.03335,single bole tree,10.3,130,10.5
ea1e99f0-891d-44c0-8888-976cf909dfba,BART_032.basePlot.vst,2016-09-07,vst_BART_2016,D01,BART,BART_032,NEON.PLA.D01.BART.04950,single bole tree,29.3,130,19.2
3ce6642d-10e5-43b4-909c-766eb4f00b8d,BART_032.basePlot.vst,2016-09-07,vst_BART_2016,D01,BART,BART_032,NEON.PLA.D01.BART.03350,single bole tree,30.1,130,17.6
052439c8-4d2c-45b2-a4da-dce002af0a16,BART_032.basePlot.vst,2016-09-07,vst_BART_2016,D01,BART,BART_032,NEON.PLA.D01.BART.03501,single bole tree,12.8,130,10.6
aeabc2d8-cfec-4041-a71c-b4a48fcfdd5d,BART_032.basePlot.vst,2016-09-07,vst_BART_2016,D01,BART,BART_032,NEON.PLA.D01.BART.03334,multi-bole tree,30.7,130,19.3
609fe090-022a-4b3c-94ed-1900a8302b04,BART_032.basePlot.vst,2016-09-07,vst_BART_2016,D01,BART,BART_032,NEON.PLA.D01.BART.03340,multi-bole tree,13.5,130,15.0
818c1732-3761-4fcf-a3bc-7027e7d74e1a,BART_032.basePlot.vst,2016-09-07,vst_BART_2016,D01,BART,BART_032,NEON.PLA.D01.BART.04228,single bole tree,20.5,130,14.2
2e8160c3-101f-4622-bb7d-c618fad53a5b,BART_032.basePlot.vst,2016-09-07,vst_BART_2016,D01,BART,BART_032,NEON.PLA.D01.BART.04222,single bole tree,10.7,130,9.6
7975ba0b-be90-421a-8b5d-e43cec21837f,BART_032.basePlot.vst,2016-09-07,vst_BART_2016,D01,BART,BART_032,NEON.PLA.D01.BART.03341,single bole tree,38.5,130,19.2
58bd2dc1-fe34-4040-b38b-2173c5074351,BART_032.basePlot.vst,2016-09-07,vst_BART_2016,D01,BART,BART_032,NEON.PLA.D01.BART.03513,multi-bole tree,21.6,130,18.6
3a91d768-2061-46dd-9ee2-f65a204750e9,BART_032.basePlot.vst,2016-09-07,vst_BART_2016,D01,BART,BART_032,NEON.PLA.D01.BART.04948,single bole tree,32.2,130,15.9
c74ec35b-a847-4685-a4b7-51b00f218c05,BART_032.basePlot.vst,2016-09-07,vst_BART_2016,D01,BART,BART_032,NEON.PLA.D01.BART.03518,NA,NA,NA,NA
0d10c1bb-8e7c-4e47-a2d6-05304ae72a3d,BART_032.basePlot.vst,2016-09-07,vst_BART_2016,D01,BART,BART_032,NEON.PLA.D01.BART.03355,single bole tree,28.2,130,18.8
ae8f5464-2626-4014-972c-8ffff4f8ba06,BART_032.basePlot.vst,2016-09-07,vst_BART_2016,D01,BART,BART_032,NEON.PLA.D01.BART.03342,single bole tree,11.4,130,15.4
fa617ab8-ec09-4969-a75f-40b5382a3d5c,BART_032.basePlot.vst,2016-09-07,vst_BART_2016,D01,BART,BART_032,NEON.PLA.D01.BART.04230,single bole tree,15.8,130,15.1
d2efe449-e5cf-4f72-b0e3-6c6684eb25ea,BART_032.basePlot.vst,2016-09-07,vst_BART_2016,D01,BART,BART_032,NEON.PLA.D01.BART.03352,single bole tree,13.0,130,11.7
01e21f97-4cf6-4a02-ab14-1c8ffccbff48,BART_032.basePlot.vst,2016-09-07,vst_BART_2016,D01,BART,BART_032,NEON.PLA.D01.BART.03503,single bole tree,30.4,130,10.0
df40bd2d-8633-48a8-ae05-7c77905ccf83,BART_071.basePlot.vst,2016-09-07,vst_BART_2016,D01,BART,BART_071,NEON.PLA.D01.BART.04246,single bole tree,26.7,130,16.5
b69e5388-4457-410b-85ec-53c41194cb26,BART_071.basePlot.vst,2016-09-07,vst_BART_2016,D01,BART,BART_071,NEON.PLA.D01.BART.04248,single bole tree,23.8,130,18.0
59ddc33e-f22b-4f6f-a261-c51e41a776d9,BART_071.basePlot.vst,2016-09-07,vst_BART_2016,D01,BART,BART_071,NEON.PLA.D01.BART.04250,single bole tree,33.2,130,20.8
bb9badff-e1e1-4ad3-b08c-ede192e1fec9,BART_032.basePlot.vst,2016-09-07,vst_BART_2016,D01,BART,BART_032,NEON.PLA.D01.BART.04227,single bole tree,11.3,130,9.9
081998e3-6aa9-4d60-9121-6b2cd59b411d,BART_032.basePlot.vst,2016-09-07,vst_BART_2016,D01,BART,BART_032,NEON.PLA.D01.BART.03347,single bole tree,13.8,130,15.7
a6d21cb3-181e-4594-8adb-1259d2d79007,BART_032.basePlot.vst,2016-09-07,vst_BART_2016,D01,BART,BART_032,NEON.PLA.D01.BART.03504,single bole tree,11.0,130,9.6
8a06a83f-1490-4efd-a2b4-ff9806ffd942,BART_032.basePlot.vst,2016-09-07,vst_BART_2016,D01,BART,BART_032,NEON.PLA.D01.BART.04224,single bole tree,10.9,130,7.7
450f5534-b04d-4dfc-888f-2bc8322109f8,BART_032.basePlot.vst,2016-09-07,vst_BART_2016,D01,BART,BART_032,NEON.PLA.D01.BART.03339,multi-bole tree,10.1,130,NA
4856f509-dd33-44d2-a4bb-0d5e54d0fe99,BART_032.basePlot.vst,2016-09-07,vst_BART_2016,D01,BART,BART_032,NEON.PLA.D01.BART.03506,single bole tree,19.4,130,13.5
761fb992-724d-4ef3-bf88-219b59fd628e,BART_032.basePlot.vst,2016-09-07,vst_BART_2016,D01,BART,BART_032,NEON.PLA.D01.BART.03517,single bole tree,11.3,130,13.0
d35f8c07-87f3-4525-a6c1-c0e76968be62,BART_032.basePlot.vst,2016-09-07,vst_BART_2016,D01,BART,BART_032,NEON.PLA.D01.BART.03512,single bole tree,19.6,130,14.6
2d93a521-c71c-4572-8b3e-df32d2e8881e,BART_032.basePlot.vst,2016-09-07,vst_BART_2016,D01,BART,BART_032,NEON.PLA.D01.BART.03510,single bole tree,40.3,130,20.3
29d94224-3824-4632-b8e8-21df83175cc8,BART_032.basePlot.vst,2016-09-07,vst_BART_2016,D01,BART,BART_032,NEON.PLA.D01.BART.03516,NA,NA,NA,NA
c16d52b5-ef63-4af9-bc4a-879ddb0b6cf5,BART_032.basePlot.vst,2016-09-07,vst_BART_2016,D01,BART,BART_032,NEON.PLA.D01.BART.03505,multi-bole tree,23.7,130,16.7
9bbe26ea-5f24-4c57-836b-d710c4a16ff0,BART_032.basePlot.vst,2016-09-07,vst_BART_2016,D01,BART,BART_032,NEON.PLA.D01.BART.04221,single bole tree,119.8,130,13.7
cbe49c46-9986-4d99-823e-7d508aaeab59,BART_032.basePlot.vst,2016-09-07,vst_BART_2016,D01,BART,BART_032,NEON.PLA.D01.BART.03336,single bole tree,12.3,130,11.9
7414b875-06d4-4a6a-9b0f-df35829a50e3,BART_032.basePlot.vst,2016-09-07,vst_BART_2016,D01,BART,BART_032,NEON.PLA.D01.BART.03515,single bole tree,13.6,130,12.8
77b552ba-85fb-4e58-a7d5-cc1debee4bcd,BART_032.basePlot.vst,2016-09-07,vst_BART_2016,D01,BART,BART_032,NEON.PLA.D01.BART.04226,single bole tree,33.4,130,20.0
153cdb58-990c-48d9-8378-4f23730daa92,BART_032.basePlot.vst,2016-09-07,vst_BART_2016,D01,BART,BART_032,NEON.PLA.D01.BART.03330,multi-bole tree,43.5,130,19.4
970c661b-f633-40d3-a6da-301008c7727e,BART_032.basePlot.vst,2016-09-07,vst_BART_2016,D01,BART,BART_032,NEON.PLA.D01.BART.03339,multi-bole tree,30.0,130,19.8
146af078-ca50-4ea2-94d9-626b5c6b3b39,BART_071.basePlot.vst,2016-09-07,vst_BART_2016,D01,BART,BART_071,NEON.PLA.D01.BART.04257,single bole tree,25.8,130,17.5
bdb4d0fa-e6dc-4d02-85a0-56b409a51f2c,BART_071.basePlot.vst,2016-09-07,vst_BART_2016,D01,BART,BART_071,NEON.PLA.D01.BART.03558,multi-bole tree,20.1,134,18.7
a1974caf-6741-4c3a-9fe5-b678721a62ff,BART_071.basePlot.vst,2016-09-07,vst_BART_2016,D01,BART,BART_071,NEON.PLA.D01.BART.04283,single bole tree,10.1,130,9.1
7ce49c7c-bb56-4b2f-ab7a-dbab3bc16e94,BART_071.basePlot.vst,2016-09-07,vst_BART_2016,D01,BART,BART_071,NEON.PLA.D01.BART.04252,single bole tree,14.4,130,12.6
77cd8e6f-a08b-4aa4-ba52-09cf9d74af2e,BART_071.basePlot.vst,2016-09-07,vst_BART_2016,D01,BART,BART_071,NEON.PLA.D01.BART.03531,single bole tree,23.6,130,16.2
26fd6021-3ea4-471c-a93b-fa8d15f0dcf9,BART_071.basePlot.vst,2016-09-07,vst_BART_2016,D01,BART,BART_071,NEON.PLA.D01.BART.04270,single bole tree,16.1,130,16.1
0962a75e-e62d-43ff-b934-733975c9d48b,BART_071.basePlot.vst,2016-09-07,vst_BART_2016,D01,BART,BART_071,NEON.PLA.D01.BART.03536,single bole tree,14.4,130,12.6
a2518c15-b101-47de-a2c4-7b7ef9063356,BART_071.basePlot.vst,2016-09-07,vst_BART_2016,D01,BART,BART_071,NEON.PLA.D01.BART.04264,single bole tree,15.2,130,15.6
a2166d85-612c-47b8-93cd-f59a8f11e4c9,BART_071.basePlot.vst,2016-09-07,vst_BART_2016,D01,BART,BART_071,NEON.PLA.D01.BART.04261,single bole tree,15.1,130,10.3
7d13059f-8d82-4ebb-8d46-2fcfd67ecc9b,BART_071.basePlot.vst,2016-09-07,vst_BART_2016,D01,BART,BART_071,NEON.PLA.D01.BART.04267,multi-bole tree,20.9,130,14.7
2d216bb0-80f2-41fc-b3ed-cb6a3e4f20e6,BART_071.basePlot.vst,2016-09-07,vst_BART_2016,D01,BART,BART_071,NEON.PLA.D01.BART.03556,single bole tree,24.7,130,22.2
3a325d4a-4d44-44de-91d3-0f3444e3c625,BART_071.basePlot.vst,2016-09-07,vst_BART_2016,D01,BART,BART_071,NEON.PLA.D01.BART.04258,single bole tree,17.8,130,11.0
60d85556-feb6-4c49-bf9f-b4b2e5efb445,BART_071.basePlot.vst,2016-09-07,vst_BART_2016,D01,BART,BART_071,NEON.PLA.D01.BART.04268,single bole tree,27.8,130,20.2
5071776a-6231-43f7-911a-0ccd5f9ca17f,BART_071.basePlot.vst,2016-09-07,vst_BART_2016,D01,BART,BART_071,NEON.PLA.D01.BART.03555,single bole tree,16.2,130,12.2
6ff13a2a-f9d0-45a1-848a-9b3417f98e6d,BART_071.basePlot.vst,2016-09-07,vst_BART_2016,D01,BART,BART_071,NEON.PLA.D01.BART.03537,single bole tree,12.4,130,11.6
0be6dbb2-7864-4302-9eba-4941c43afb0e,BART_071.basePlot.vst,2016-09-07,vst_BART_2016,D01,BART,BART_071,NEON.PLA.D01.BART.04294,small tree,9.8,130,10.4
9c653d93-5c51-4df5-9b9a-061eb79166f3,BART_071.basePlot.vst,2016-09-07,vst_BART_2016,D01,BART,BART_071,NEON.PLA.D01.BART.04272,single bole tree,18.3,130,13.7
99ce8d09-8283-453e-b60d-d987fffb4e8a,BART_071.basePlot.vst,2016-09-07,vst_BART_2016,D01,BART,BART_071,NEON.PLA.D01.BART.03538,single bole tree,32.2,130,13.9
8b8f1784-9484-4804-a7cc-36ae521eff9d,BART_071.basePlot.vst,2016-09-07,vst_BART_2016,D01,BART,BART_071,NEON.PLA.D01.BART.04260,single bole tree,12.8,130,16.5
864fba9d-f6c4-492d-b61d-9c4df0344f2e,BART_071.basePlot.vst,2016-09-07,vst_BART_2016,D01,BART,BART_071,NEON.PLA.D01.BART.03548,single bole tree,43.4,130,20.1
33dfc07b-091f-47bc-880b-2f7f8cacdcc3,BART_071.basePlot.vst,2016-09-07,vst_BART_2016,D01,BART,BART_071,NEON.PLA.D01.BART.03533,single bole tree,19.9,130,10.2
e23eae0a-9530-4fc6-90a3-f6cb5757d954,BART_071.basePlot.vst,2016-09-07,vst_BART_2016,D01,BART,BART_071,NEON.PLA.D01.BART.03554,single bole tree,21.4,130,2.5
439416b0-6572-4057-b3e6-df9b73042871,BART_071.basePlot.vst,2016-09-07,vst_BART_2016,D01,BART,BART_071,NEON.PLA.D01.BART.03534,single bole tree,34.6,130,14.4
348fefa6-2fa8-4146-8c71-d61e1441d996,BART_071.basePlot.vst,2016-09-07,vst_BART_2016,D01,BART,BART_071,NEON.PLA.D01.BART.03557,single bole tree,23.8,130,12.7
f0433f0b-dcd5-41dd-9458-8e550a1173d9,BART_071.basePlot.vst,2016-09-07,vst_BART_2016,D01,BART,BART_071,NEON.PLA.D01.BART.03535,single bole tree,20.4,130,14.5
ea81094f-007f-4490-9e5a-0512dc0d0b2e,BART_071.basePlot.vst,2016-09-07,vst_BART_2016,D01,BART,BART_071,NEON.PLA.D01.BART.04253,single bole tree,13.5,130,17.0
bde11f2c-2350-47fe-a37a-a7433a084814,BART_071.basePlot.vst,2016-09-07,vst_BART_2016,D01,BART,BART_071,NEON.PLA.D01.BART.04247,single bole tree,30.2,130,18.5
ea34be3b-5114-4d45-9a65-dfc3ad55e9d4,BART_071.basePlot.vst,2016-09-07,vst_BART_2016,D01,BART,BART_071,NEON.PLA.D01.BART.03551,single bole tree,40.2,130,17.0
5000ec11-944c-446e-a21a-aada7bf69e90,BART_071.basePlot.vst,2016-09-07,vst_BART_2016,D01,BART,BART_071,NEON.PLA.D01.BART.03540,single bole tree,55.9,130,22.0
46d8b0fe-c537-4bc6-8c98-1986274835cc,BART_071.basePlot.vst,2016-09-07,vst_BART_2016,D01,BART,BART_071,NEON.PLA.D01.BART.03552,single bole tree,15.7,130,11.0
c5656c4c-c0e7-4308-8e07-6738b0103c52,BART_071.basePlot.vst,2016-09-07,vst_BART_2016,D01,BART,BART_071,NEON.PLA.D01.BART.04266,single bole tree,26.1,130,17.1
e3a16bd8-e18d-4eb4-a07b-b4749d3d9dab,BART_071.basePlot.vst,2016-09-07,vst_BART_2016,D01,BART,BART_071,NEON.PLA.D01.BART.04256,single bole tree,11.0,130,10.6
0a93ec96-d918-4181-8a46-001f158160ae,BART_071.basePlot.vst,2016-09-07,vst_BART_2016,D01,BART,BART_071,NEON.PLA.D01.BART.03542,single bole tree,32.7,130,12.7
32d326e1-b859-4f38-88ab-a803ff66cf4c,BART_071.basePlot.vst,2016-09-07,vst_BART_2016,D01,BART,BART_071,NEON.PLA.D01.BART.03539,single bole tree,12.2,130,9.0
a9997596-81e0-46af-8083-bd7d160bc2a3,BART_071.basePlot.vst,2016-09-07,vst_BART_2016,D01,BART,BART_071,NEON.PLA.D01.BART.04263,single bole tree,15.2,130,7.6
64607cff-c446-483a-a6f0-b100a0487799,BART_071.basePlot.vst,2016-09-07,vst_BART_2016,D01,BART,BART_071,NEON.PLA.D01.BART.03544,single bole tree,14.6,130,10.1
4ab1e221-c9f0-46cd-b298-024a4e0bcfc6,BART_071.basePlot.vst,2016-09-07,vst_BART_2016,D01,BART,BART_071,NEON.PLA.D01.BART.03543,single bole tree,21.7,130,12.1
392e8f97-80d1-4b30-9a5c-f50bb5629edd,BART_071.basePlot.vst,2016-09-07,vst_BART_2016,D01,BART,BART_071,NEON.PLA.D01.BART.03545,single bole tree,18.4,130,17.6
46ec84a8-941f-4873-9f36-7d47b633cc19,BART_071.basePlot.vst,2016-09-07,vst_BART_2016,D01,BART,BART_071,NEON.PLA.D01.BART.04251,single bole tree,37.2,130,21.3
c254a089-3a23-41f2-920f-f4949be33b3d,BART_071.basePlot.vst,2016-09-07,vst_BART_2016,D01,BART,BART_071,NEON.PLA.D01.BART.04255,multi-bole tree,35.6,130,18.8
6be6b0b6-1f92-46d5-9c73-a259fb032c8c,BART_071.basePlot.vst,2016-09-07,vst_BART_2016,D01,BART,BART_071,NEON.PLA.D01.BART.03547,single bole tree,13.5,130,11.4
4c9c3aef-42d5-49e3-b6ad-854eb44c9529,BART_071.basePlot.vst,2016-09-07,vst_BART_2016,D01,BART,BART_071,NEON.PLA.D01.BART.04271,single bole tree,17.4,130,14.8
b0d565d9-1edf-43af-a87a-26753eb19a95,BART_071.basePlot.vst,2016-09-07,vst_BART_2016,D01,BART,BART_071,NEON.PLA.D01.BART.04262,single bole tree,29.8,130,18.5
dff6880b-d97a-4707-a73a-cf65b85d8a39,BART_071.basePlot.vst,2016-09-07,vst_BART_2016,D01,BART,BART_071,NEON.PLA.D01.BART.04259,single bole tree,17.6,130,15.2
6c05744e-5c5d-435c-8f38-d03308a1101c,BART_071.basePlot.vst,2016-09-07,vst_BART_2016,D01,BART,BART_071,NEON.PLA.D01.BART.03553,single bole tree,20.1,130,15.3
ccbee092-0886-4988-8031-a5e8bc102955,BART_071.basePlot.vst,2016-09-07,vst_BART_2016,D01,BART,BART_071,NEON.PLA.D01.BART.04927,single bole tree,25.5,130,14.7
5dec1917-e056-47a0-bc07-32fe244291f5,BART_071.basePlot.vst,2016-09-07,vst_BART_2016,D01,BART,BART_071,NEON.PLA.D01.BART.03541,single bole tree,23.5,130,13.8
36da92aa-e49e-43ed-ab8a-9c0305048161,BART_071.basePlot.vst,2016-09-07,vst_BART_2016,D01,BART,BART_071,NEON.PLA.D01.BART.04265,single bole tree,26.9,130,13.5
cd56c9ef-ef1d-4426-bb67-d009b8490569,BART_072.basePlot.vst,2016-09-08,vst_BART_2016,D01,BART,BART_072,NEON.PLA.D01.BART.05496,single bole tree,22.3,130,19.1
49697c16-c507-4718-b15b-719d4e2a98c5,BART_072.basePlot.vst,2016-09-08,vst_BART_2016,D01,BART,BART_072,NEON.PLA.D01.BART.05487,single bole tree,17.0,130,16.0
fdf7df2c-09b0-407f-a768-89168d4dbd9a,BART_072.basePlot.vst,2016-09-08,vst_BART_2016,D01,BART,BART_072,NEON.PLA.D01.BART.05478,single bole tree,13.7,130,8.3
19811773-e852-4146-88d3-ce94a7b7a0b3,BART_072.basePlot.vst,2016-09-08,vst_BART_2016,D01,BART,BART_072,NEON.PLA.D01.BART.05357,single bole tree,27.3,130,15.8
12b8994f-517e-44dc-a7d5-320b78c6ba34,BART_072.basePlot.vst,2016-09-08,vst_BART_2016,D01,BART,BART_072,NEON.PLA.D01.BART.05379,single bole tree,13.4,130,9.6
94012988-7a4b-4506-aa0e-40fbc981da36,BART_072.basePlot.vst,2016-09-08,vst_BART_2016,D01,BART,BART_072,NEON.PLA.D01.BART.05373,single bole tree,25.2,130,19.2
125baf84-80b6-46ec-95a4-1793b79bddee,BART_072.basePlot.vst,2016-09-08,vst_BART_2016,D01,BART,BART_072,NEON.PLA.D01.BART.05481,single bole tree,21.5,130,3.3
00932611-8f45-4f65-be3a-3aa8a69c78dc,BART_072.basePlot.vst,2016-09-08,vst_BART_2016,D01,BART,BART_072,NEON.PLA.D01.BART.05393,single bole tree,33.4,130,20.0
907772ad-891e-46a1-afaa-0ee2c3494fd1,BART_072.basePlot.vst,2016-09-08,vst_BART_2016,D01,BART,BART_072,NEON.PLA.D01.BART.05479,single bole tree,18.5,130,14.6
f14866c3-494e-4215-83f9-7d681c830f04,BART_072.basePlot.vst,2016-09-08,vst_BART_2016,D01,BART,BART_072,NEON.PLA.D01.BART.05365,single bole tree,10.2,130,9.1
a9732f6f-2b0c-43a5-91ff-c672047fd2db,BART_072.basePlot.vst,2016-09-08,vst_BART_2016,D01,BART,BART_072,NEON.PLA.D01.BART.05381,single bole tree,14.9,130,14.4
39eeb659-80f3-4907-9cdf-da56a5ed605d,BART_072.basePlot.vst,2016-09-08,vst_BART_2016,D01,BART,BART_072,NEON.PLA.D01.BART.05358,single bole tree,29.9,130,21.5
ebf45584-d3a1-4170-9d79-1276f118b401,BART_072.basePlot.vst,2016-09-08,vst_BART_2016,D01,BART,BART_072,NEON.PLA.D01.BART.05392,single bole tree,18.7,130,9.4
ba4ce412-7f87-4948-899a-c08586fd2ee6,BART_072.basePlot.vst,2016-09-08,vst_BART_2016,D01,BART,BART_072,NEON.PLA.D01.BART.05488,single bole tree,17.3,130,15.5
9daa08f6-320a-43b3-a835-9ee097f1899e,BART_072.basePlot.vst,2016-09-08,vst_BART_2016,D01,BART,BART_072,NEON.PLA.D01.BART.05398,single bole tree,18.6,130,12.7
b00379e1-3644-459d-bb7f-9d1df290056e,BART_072.basePlot.vst,2016-09-08,vst_BART_2016,D01,BART,BART_072,NEON.PLA.D01.BART.05359,single bole tree,22.2,130,18.5
ab34cb2c-e592-46d1-980e-1aa31c561da6,BART_072.basePlot.vst,2016-09-08,vst_BART_2016,D01,BART,BART_072,NEON.PLA.D01.BART.05396,single bole tree,40.2,130,15.0
c7c12a94-7321-41b1-af30-09c631cbe067,BART_072.basePlot.vst,2016-09-08,vst_BART_2016,D01,BART,BART_072,NEON.PLA.D01.BART.05485,single bole tree,39.3,130,18.1
620c394a-a985-435d-89c8-1a88fbb82bcf,BART_072.basePlot.vst,2016-09-08,vst_BART_2016,D01,BART,BART_072,NEON.PLA.D01.BART.05482,single bole tree,17.0,130,15.9
d4823378-7732-4302-ac89-e43683d9851f,BART_072.basePlot.vst,2016-09-08,vst_BART_2016,D01,BART,BART_072,NEON.PLA.D01.BART.05386,single bole tree,63.0,130,22.7
be7d9ecf-b251-4a5d-a248-00df1936c8d0,BART_072.basePlot.vst,2016-09-08,vst_BART_2016,D01,BART,BART_072,NEON.PLA.D01.BART.05372,single bole tree,13.9,130,14.5
ac0e6794-a5c6-44a6-b371-c5d31c5b34eb,BART_072.basePlot.vst,2016-09-08,vst_BART_2016,D01,BART,BART_072,NEON.PLA.D01.BART.05500,single bole tree,14.1,130,12.7
a0dccff2-2a35-4c28-8c41-788bebd8be2d,BART_072.basePlot.vst,2016-09-08,vst_BART_2016,D01,BART,BART_072,NEON.PLA.D01.BART.05385,single bole tree,10.1,130,2.2
20373616-f3d2-4b4f-bb93-0750bfbb9fba,BART_072.basePlot.vst,2016-09-08,vst_BART_2016,D01,BART,BART_072,NEON.PLA.D01.BART.05489,single bole tree,60.6,130,25.1
d5f60947-593a-4b92-aa10-a0de77aa6cc6,BART_072.basePlot.vst,2016-09-08,vst_BART_2016,D01,BART,BART_072,NEON.PLA.D01.BART.05382,single bole tree,30.6,180,6.0
0608802b-97d5-42c6-8de5-8a22b17d73b2,BART_072.basePlot.vst,2016-09-08,vst_BART_2016,D01,BART,BART_072,NEON.PLA.D01.BART.05389,single bole tree,48.3,130,16.9
4c944d19-0dc9-4ae8-b35f-d1502be58c14,BART_072.basePlot.vst,2016-09-08,vst_BART_2016,D01,BART,BART_072,NEON.PLA.D01.BART.05394,single bole tree,47.9,130,22.7
03b60cd9-0d2a-417b-a91b-c712a54883a7,BART_072.basePlot.vst,2016-09-08,vst_BART_2016,D01,BART,BART_072,NEON.PLA.D01.BART.05384,single bole tree,31.5,130,17.1
e4057458-e393-45d4-b14f-927959f5a972,BART_072.basePlot.vst,2016-09-08,vst_BART_2016,D01,BART,BART_072,NEON.PLA.D01.BART.05397,single bole tree,18.8,130,12.2
2d6ce241-61ce-4794-b016-dff7efd8d0f7,BART_072.basePlot.vst,2016-09-08,vst_BART_2016,D01,BART,BART_072,NEON.PLA.D01.BART.05361,single bole tree,10.4,130,12.4
33f4c9eb-15bf-4963-a341-8182c70b7de8,BART_072.basePlot.vst,2016-09-08,vst_BART_2016,D01,BART,BART_072,NEON.PLA.D01.BART.05388,single bole tree,48.0,130,22.8
8dedf3d2-60b0-42e7-bbbc-8b6a9f188cb9,BART_072.basePlot.vst,2016-09-08,vst_BART_2016,D01,BART,BART_072,NEON.PLA.D01.BART.05378,single bole tree,32.6,130,18.8
d5a63354-c835-417a-99f2-9486bca185ff,BART_072.basePlot.vst,2016-09-08,vst_BART_2016,D01,BART,BART_072,NEON.PLA.D01.BART.05391,multi-bole tree,44.9,145,17.9
d10a0198-4db5-4f5a-8836-f7c190f8929f,BART_072.basePlot.vst,2016-09-08,vst_BART_2016,D01,BART,BART_072,NEON.PLA.D01.BART.05360,single bole tree,18.2,130,10.8
234d6d5b-226d-4a87-9ac5-87c09da1141b,BART_072.basePlot.vst,2016-09-08,vst_BART_2016,D01,BART,BART_072,NEON.PLA.D01.BART.05356,single bole tree,22.2,130,14.0
e2512fd9-562d-4349-9135-00811220882b,BART_072.basePlot.vst,2016-09-08,vst_BART_2016,D01,BART,BART_072,NEON.PLA.D01.BART.05383,single bole tree,16.4,130,13.1
d7589696-62f3-4ddf-a70b-d7049557acd1,BART_072.basePlot.vst,2016-09-08,vst_BART_2016,D01,BART,BART_072,NEON.PLA.D01.BART.05483,single bole tree,22.3,130,18.3
0ed99365-5d0a-4861-94eb-4c9f37f22d8d,BART_072.basePlot.vst,2016-09-08,vst_BART_2016,D01,BART,BART_072,NEON.PLA.D01.BART.05364,single bole tree,19.8,130,16.3
dcca4a0b-bcbd-455d-9498-ef0e47f64bb2,BART_072.basePlot.vst,2016-09-08,vst_BART_2016,D01,BART,BART_072,NEON.PLA.D01.BART.05486,single bole tree,33.7,130,16.9
830b2c98-4275-4905-bcdd-ad085a994995,BART_072.basePlot.vst,2016-09-08,vst_BART_2016,D01,BART,BART_072,NEON.PLA.D01.BART.05387,single bole tree,53.9,130,23.7
73dc202a-e439-4b99-a68f-351f3c516e62,BART_072.basePlot.vst,2016-09-08,vst_BART_2016,D01,BART,BART_072,NEON.PLA.D01.BART.05363,single bole tree,26.5,130,15.6
3e757cf0-30ec-48d7-a019-2ee6009aaf5f,BART_072.basePlot.vst,2016-09-08,vst_BART_2016,D01,BART,BART_072,NEON.PLA.D01.BART.05480,single bole tree,33.6,130,19.3
7f4fd664-5510-4e41-9c71-82a7351ca743,BART_072.basePlot.vst,2016-09-08,vst_BART_2016,D01,BART,BART_072,NEON.PLA.D01.BART.05371,single bole tree,30.3,130,15.5
3a7fcf85-815c-464d-b96f-60f815261b02,BART_072.basePlot.vst,2016-09-08,vst_BART_2016,D01,BART,BART_072,NEON.PLA.D01.BART.05390,single bole tree,15.0,130,13.8
2ea78057-3746-4850-ae38-e8c23e9a6778,BART_072.basePlot.vst,2016-09-08,vst_BART_2016,D01,BART,BART_072,NEON.PLA.D01.BART.05355,single bole tree,12.2,130,14.8
3b317e3c-38db-43bf-8cf0-60c7b9a384fa,BART_072.basePlot.vst,2016-09-08,vst_BART_2016,D01,BART,BART_072,NEON.PLA.D01.BART.05499,single bole tree,15.7,130,12.0
a099cef2-c984-4567-b1c5-86c10dbb191d,BART_072.basePlot.vst,2016-09-08,vst_BART_2016,D01,BART,BART_072,NEON.PLA.D01.BART.05362,single bole tree,19.5,130,11.9
5f24fe06-6c92-43b1-95bd-1f2ad18c1694,BART_072.basePlot.vst,2016-09-08,vst_BART_2016,D01,BART,BART_072,NEON.PLA.D01.BART.05381,single bole tree,23.2,130,17.6
d1d00984-5110-48d7-9dc3-417d4a407b2b,BART_072.basePlot.vst,2016-09-08,vst_BART_2016,D01,BART,BART_072,NEON.PLA.D01.BART.05354,single bole tree,33.5,130,17.7
98af76d6-eaa9-4138-af94-408ad390400b,BART_072.basePlot.vst,2016-09-08,vst_BART_2016,D01,BART,BART_072,NEON.PLA.D01.BART.05395,single bole tree,11.1,130,4.1
26645bf2-6419-472e-8029-fbee8753a2a3,BART_072.basePlot.vst,2016-09-08,vst_BART_2016,D01,BART,BART_072,NEON.PLA.D01.BART.05484,single bole tree,26.3,130,12.7
930902ab-e548-448b-802b-f48142fe3e69,BART_070.basePlot.vst,2016-09-12,vst_BART_2016,D01,BART,BART_070,NEON.PLA.D01.BART.03709,single bole tree,11.2,130,6.2
e8738b62-f1cb-4330-8ba6-7826644b5a9c,BART_070.basePlot.vst,2016-09-12,vst_BART_2016,D01,BART,BART_070,NEON.PLA.D01.BART.03717,single bole tree,25.1,130,15.3
c6060265-8dcc-4391-a354-fe44a8f45f4b,BART_070.basePlot.vst,2016-09-12,vst_BART_2016,D01,BART,BART_070,NEON.PLA.D01.BART.03614,single bole tree,25.2,130,20.1
950096b9-8715-4eb8-b8ea-69bfa308b62e,BART_070.basePlot.vst,2016-09-12,vst_BART_2016,D01,BART,BART_070,NEON.PLA.D01.BART.03708,single bole tree,16.7,130,2.9
7a3038ad-bfda-4813-a0c9-59e0a2604585,BART_070.basePlot.vst,2016-09-12,vst_BART_2016,D01,BART,BART_070,NEON.PLA.D01.BART.02912,small tree,33.5,130,20.9
3c39cb72-767d-4ba0-91ff-454efb4713a3,BART_070.basePlot.vst,2016-09-12,vst_BART_2016,D01,BART,BART_070,NEON.PLA.D01.BART.02913,single bole tree,22.5,130,16.4
f8c83a97-f010-43ab-ac6a-f926368c85b1,BART_070.basePlot.vst,2016-09-12,vst_BART_2016,D01,BART,BART_070,NEON.PLA.D01.BART.03624,single bole tree,22.8,130,18.9
2f9e2f3f-6114-4820-b6f1-d8d1c558c0e0,BART_070.basePlot.vst,2016-09-12,vst_BART_2016,D01,BART,BART_070,NEON.PLA.D01.BART.03996,single bole tree,23.5,130,17.6
3f78e8d2-da00-4d4d-b4bb-eb53c2158f1b,BART_070.basePlot.vst,2016-09-12,vst_BART_2016,D01,BART,BART_070,NEON.PLA.D01.BART.03992,single bole tree,21.7,130,19.0
7da8edb0-e2af-4e07-82a6-7b6b7f5ecef3,BART_070.basePlot.vst,2016-09-12,vst_BART_2016,D01,BART,BART_070,NEON.PLA.D01.BART.02917,single bole tree,42.5,130,20.5
a6d7b8d4-e0fe-4765-aefd-6d917c6d5a53,BART_070.basePlot.vst,2016-09-12,vst_BART_2016,D01,BART,BART_070,NEON.PLA.D01.BART.03790,single bole tree,21.0,130,10.8
684ea699-a13a-4022-9e1d-6884e1581432,BART_070.basePlot.vst,2016-09-12,vst_BART_2016,D01,BART,BART_070,NEON.PLA.D01.BART.03625,single bole tree,13.1,130,3.0
576331bb-66bc-43a2-afba-6853b448df58,BART_070.basePlot.vst,2016-09-12,vst_BART_2016,D01,BART,BART_070,NEON.PLA.D01.BART.03830,single bole tree,46.7,130,19.9
9d671a1c-106a-4004-a14d-418d3b64a8ac,BART_070.basePlot.vst,2016-09-12,vst_BART_2016,D01,BART,BART_070,NEON.PLA.D01.BART.05597,single bole tree,27.8,130,17.3
4784dd03-a2f6-46c5-88ab-752c773035c4,BART_070.basePlot.vst,2016-09-12,vst_BART_2016,D01,BART,BART_070,NEON.PLA.D01.BART.05589,single bole tree,29.1,130,10.6
fe670721-c73c-4d31-a211-c921907cddd7,BART_070.basePlot.vst,2016-09-12,vst_BART_2016,D01,BART,BART_070,NEON.PLA.D01.BART.03991,single bole tree,48.6,130,25.4
cb02b8e4-cdc7-4aa9-bcc3-619d121d9b66,BART_070.basePlot.vst,2016-09-12,vst_BART_2016,D01,BART,BART_070,NEON.PLA.D01.BART.02916,single bole tree,27.0,130,20.8
3ba07ac8-f098-43ee-b0ec-3cb3d43e458d,BART_070.basePlot.vst,2016-09-12,vst_BART_2016,D01,BART,BART_070,NEON.PLA.D01.BART.03990,single bole tree,27.1,130,13.4
734d8c6a-090c-44e8-aed2-ea3186891239,BART_070.basePlot.vst,2016-09-12,vst_BART_2016,D01,BART,BART_070,NEON.PLA.D01.BART.03878,single bole tree,22.5,130,15.5
80323fd9-8ac5-404c-8fe4-7e1d0242a75c,BART_074.basePlot.vst,2016-09-12,vst_BART_2016,D01,BART,BART_074,NEON.PLA.D01.BART.05216,single bole tree,25.7,130,13.8
30f62269-003e-4e58-ae87-f481a5089c49,BART_074.basePlot.vst,2016-09-12,vst_BART_2016,D01,BART,BART_074,NEON.PLA.D01.BART.05204,single bole tree,15.1,130,6.8
8810cab9-e6b7-4759-a02a-5c0bc3950b19,BART_074.basePlot.vst,2016-09-12,vst_BART_2016,D01,BART,BART_074,NEON.PLA.D01.BART.05207,single bole tree,32.1,130,14.9
803d1163-ca9a-4a00-890a-8e7554a7369b,BART_074.basePlot.vst,2016-09-12,vst_BART_2016,D01,BART,BART_074,NEON.PLA.D01.BART.05211,single bole tree,33.2,130,18.0
6545e561-0526-4972-a3d0-9cafa16cec69,BART_074.basePlot.vst,2016-09-12,vst_BART_2016,D01,BART,BART_074,NEON.PLA.D01.BART.05141,single bole tree,28.1,130,17.0
91c11aca-dd1e-48a8-bf0e-1e9b57568e39,BART_074.basePlot.vst,2016-09-12,vst_BART_2016,D01,BART,BART_074,NEON.PLA.D01.BART.05122,single bole tree,17.1,130,8.7
b01562e6-3f8a-48dd-b180-3a3da6b1d53a,BART_074.basePlot.vst,2016-09-12,vst_BART_2016,D01,BART,BART_074,NEON.PLA.D01.BART.05132,single bole tree,33.8,130,18.1
ae559be7-7e53-4c17-ae81-f324d09c8a52,BART_074.basePlot.vst,2016-09-12,vst_BART_2016,D01,BART,BART_074,NEON.PLA.D01.BART.05137,single bole tree,13.6,130,12.6
44a2d4d0-5b24-40e0-9649-e2b0a627cec7,BART_074.basePlot.vst,2016-09-12,vst_BART_2016,D01,BART,BART_074,NEON.PLA.D01.BART.05139,single bole tree,12.3,130,7.5
c8e6a69d-32a5-4305-ba85-2b03b8e6f29b,BART_074.basePlot.vst,2016-09-12,vst_BART_2016,D01,BART,BART_074,NEON.PLA.D01.BART.05223,single bole tree,16.8,153,14.2
7042dea3-1224-4388-8903-93bbb8c461e4,BART_074.basePlot.vst,2016-09-12,vst_BART_2016,D01,BART,BART_074,NEON.PLA.D01.BART.05133,single bole tree,16.8,130,8.6
d6109ebf-c0de-4c46-ac02-a0672b2a53c5,BART_074.basePlot.vst,2016-09-12,vst_BART_2016,D01,BART,BART_074,NEON.PLA.D01.BART.05208,single bole tree,36.1,130,10.0
61c39891-e662-4f7f-bf71-2611dd1bc22b,BART_074.basePlot.vst,2016-09-12,vst_BART_2016,D01,BART,BART_074,NEON.PLA.D01.BART.05219,single bole tree,26.8,130,16.0
4b5ce945-281f-463a-a680-27d6346367e2,BART_074.basePlot.vst,2016-09-12,vst_BART_2016,D01,BART,BART_074,NEON.PLA.D01.BART.05142,single bole tree,41.3,130,18.8
57131770-5e31-4e7e-af0e-50124a9e11a0,BART_074.basePlot.vst,2016-09-12,vst_BART_2016,D01,BART,BART_074,NEON.PLA.D01.BART.05215,single bole tree,13.9,130,8.2
f1e753e0-9570-4c93-abcb-f415383009a2,BART_074.basePlot.vst,2016-09-12,vst_BART_2016,D01,BART,BART_074,NEON.PLA.D01.BART.05135,single bole tree,35.3,130,17.2
1b476518-0044-4a84-ae9e-f868e7539932,BART_074.basePlot.vst,2016-09-12,vst_BART_2016,D01,BART,BART_074,NEON.PLA.D01.BART.05146,single bole tree,34.2,130,10.7
8d0bde10-e074-41f8-a496-913cddb8fd56,BART_074.basePlot.vst,2016-09-12,vst_BART_2016,D01,BART,BART_074,NEON.PLA.D01.BART.05217,single bole tree,16.6,130,13.8
b0d95b97-8fd8-4a67-b670-2ae364411e83,BART_074.basePlot.vst,2016-09-12,vst_BART_2016,D01,BART,BART_074,NEON.PLA.D01.BART.05150,single bole tree,22.7,130,15.8
be6ee382-8cf0-4d6f-bbc4-af1a66e943fb,BART_074.basePlot.vst,2016-09-12,vst_BART_2016,D01,BART,BART_074,NEON.PLA.D01.BART.05134,single bole tree,18.9,130,8.2
fbaca125-956c-4fbc-970e-e414d2a8a615,BART_074.basePlot.vst,2016-09-12,vst_BART_2016,D01,BART,BART_074,NEON.PLA.D01.BART.05119,single bole tree,36.6,130,17.7
7aaa40f1-7e50-4fc7-9e76-005bfb16cb34,BART_074.basePlot.vst,2016-09-12,vst_BART_2016,D01,BART,BART_074,NEON.PLA.D01.BART.05218,single bole tree,13.6,130,6.9
805ea329-a85c-4d76-83a2-d3b046b61528,BART_074.basePlot.vst,2016-09-12,vst_BART_2016,D01,BART,BART_074,NEON.PLA.D01.BART.05205,single bole tree,10.4,130,10.6
b3e34a37-ee7b-4923-a513-fb5a5c3e5ba7,BART_074.basePlot.vst,2016-09-12,vst_BART_2016,D01,BART,BART_074,NEON.PLA.D01.BART.05214,single bole tree,11.6,130,5.0
8b63d570-01bb-4ec9-8146-40dea3c3b23d,BART_074.basePlot.vst,2016-09-12,vst_BART_2016,D01,BART,BART_074,NEON.PLA.D01.BART.05140,single bole tree,30.7,130,17.7
09af4925-12ba-4a35-b772-461be6ff5b96,BART_074.basePlot.vst,2016-09-12,vst_BART_2016,D01,BART,BART_074,NEON.PLA.D01.BART.05203,single bole tree,11.5,130,11.1
967390f6-3792-450f-9a79-c3880f328416,BART_074.basePlot.vst,2016-09-12,vst_BART_2016,D01,BART,BART_074,NEON.PLA.D01.BART.05138,single bole tree,18.7,130,9.1
2e85f7a4-3765-4322-bdc2-7d82bede0b98,BART_074.basePlot.vst,2016-09-12,vst_BART_2016,D01,BART,BART_074,NEON.PLA.D01.BART.05201,single bole tree,19.4,130,15.6
0130072a-28ec-443f-b595-2532692d4def,BART_074.basePlot.vst,2016-09-12,vst_BART_2016,D01,BART,BART_074,NEON.PLA.D01.BART.05145,single bole tree,47.1,130,14.0
0a6e55e0-b67b-4e23-82ac-9b26b20eb363,BART_074.basePlot.vst,2016-09-12,vst_BART_2016,D01,BART,BART_074,NEON.PLA.D01.BART.05221,single bole tree,29.5,130,18.4
a8ae9c66-6666-440c-a427-380f2da199f4,BART_074.basePlot.vst,2016-09-12,vst_BART_2016,D01,BART,BART_074,NEON.PLA.D01.BART.05136,single bole tree,40.9,130,17.6
0242bad1-3af4-4d86-b15c-f6369bbaafac,BART_074.basePlot.vst,2016-09-12,vst_BART_2016,D01,BART,BART_074,NEON.PLA.D01.BART.05206,single bole tree,54.8,130,19.0
1268ff02-a77d-4193-a312-89f4588de3ad,BART_074.basePlot.vst,2016-09-12,vst_BART_2016,D01,BART,BART_074,NEON.PLA.D01.BART.05121,single bole tree,12.8,130,13.5
ca8f3280-1525-46e3-b88b-0414bd1ab615,BART_074.basePlot.vst,2016-09-12,vst_BART_2016,D01,BART,BART_074,NEON.PLA.D01.BART.05222,single bole tree,15.9,130,15.0
d9774c61-61b0-4ccb-9b77-84294400c6dd,BART_074.basePlot.vst,2016-09-12,vst_BART_2016,D01,BART,BART_074,NEON.PLA.D01.BART.05131,single bole tree,34.4,130,20.0
bf2df50e-9b1a-446c-ac12-b700fddffacb,BART_074.basePlot.vst,2016-09-12,vst_BART_2016,D01,BART,BART_074,NEON.PLA.D01.BART.05144,single bole tree,28.8,130,12.9
a4b77bad-033e-4a90-8932-d3bf47ced069,BART_074.basePlot.vst,2016-09-12,vst_BART_2016,D01,BART,BART_074,NEON.PLA.D01.BART.05148,single bole tree,37.8,130,12.5
132fb33f-e814-4b1a-9222-dd950bdcb3b8,BART_074.basePlot.vst,2016-09-12,vst_BART_2016,D01,BART,BART_074,NEON.PLA.D01.BART.05149,single bole tree,34.9,130,15.1
44668eca-61e4-478a-9ddb-94bef586c9e6,BART_074.basePlot.vst,2016-09-12,vst_BART_2016,D01,BART,BART_074,NEON.PLA.D01.BART.05210,single bole tree,47.5,130,18.1
7e9b0fbd-80b3-4f24-adb4-031e4a5cd832,BART_074.basePlot.vst,2016-09-12,vst_BART_2016,D01,BART,BART_074,NEON.PLA.D01.BART.05212,single bole tree,22.8,130,13.5
f56cc37f-b7b4-4b5f-80e3-6a6e68d17443,BART_074.basePlot.vst,2016-09-12,vst_BART_2016,D01,BART,BART_074,NEON.PLA.D01.BART.05202,single bole tree,33.3,130,18.6
283cf008-054b-4233-b1c9-24b4e60f26f7,BART_074.basePlot.vst,2016-09-12,vst_BART_2016,D01,BART,BART_074,NEON.PLA.D01.BART.05209,single bole tree,23.8,130,15.8
7bb1cef6-3542-4ce3-acbe-6b72538b77aa,BART_074.basePlot.vst,2016-09-12,vst_BART_2016,D01,BART,BART_074,NEON.PLA.D01.BART.05696,single bole tree,19.3,130,12.9
b3929990-7fdb-4685-b92f-1c5c864a50d3,BART_074.basePlot.vst,2016-09-12,vst_BART_2016,D01,BART,BART_074,NEON.PLA.D01.BART.05120,single bole tree,17.3,130,13.7
3a23e655-f9e5-4d13-8184-a966dd785ae5,BART_074.basePlot.vst,2016-09-12,vst_BART_2016,D01,BART,BART_074,NEON.PLA.D01.BART.05213,single bole tree,17.3,130,10.0
66e4a909-a001-4f58-b79b-2f9a7cbc17b7,BART_070.basePlot.vst,2016-09-12,vst_BART_2016,D01,BART,BART_070,NEON.PLA.D01.BART.03984,single bole tree,32.4,130,14.2
cc6622d4-4522-4a91-a2c8-74d97622de62,BART_070.basePlot.vst,2016-09-12,vst_BART_2016,D01,BART,BART_070,NEON.PLA.D01.BART.03877,single bole tree,24.3,130,17.0
cb29a948-1b3d-4a46-890b-0176005f39af,BART_070.basePlot.vst,2016-09-12,vst_BART_2016,D01,BART,BART_070,NEON.PLA.D01.BART.03628,single bole tree,23.6,130,20.6
e2d9616b-ec3d-43e8-85e8-d1421b798e79,BART_070.basePlot.vst,2016-09-12,vst_BART_2016,D01,BART,BART_070,NEON.PLA.D01.BART.03710,multi-bole tree,25.2,130,18.9
f75a787b-16c2-41a0-a43c-98f97e2db1df,BART_070.basePlot.vst,2016-09-12,vst_BART_2016,D01,BART,BART_070,NEON.PLA.D01.BART.03789,single bole tree,24.8,130,20.4
7e374b5a-45e9-4490-b19b-9681edc2b1c8,BART_070.basePlot.vst,2016-09-12,vst_BART_2016,D01,BART,BART_070,NEON.PLA.D01.BART.03712,single bole tree,49.7,130,16.7
1e73ea46-951d-41bd-b93d-4535f7a13548,BART_070.basePlot.vst,2016-09-12,vst_BART_2016,D01,BART,BART_070,NEON.PLA.D01.BART.03617,single bole tree,23.9,130,14.9
c122ec5a-4976-42a8-8e1e-6a1a458d973c,BART_070.basePlot.vst,2016-09-12,vst_BART_2016,D01,BART,BART_070,NEON.PLA.D01.BART.02915,single bole tree,24.5,130,12.8
816e045a-3c90-424d-812c-f06469123227,BART_070.basePlot.vst,2016-09-12,vst_BART_2016,D01,BART,BART_070,NEON.PLA.D01.BART.03981,single bole tree,32.7,130,17.5
0e59f837-1ca1-4fa1-bbf7-52d51641731f,BART_070.basePlot.vst,2016-09-12,vst_BART_2016,D01,BART,BART_070,NEON.PLA.D01.BART.03985,single bole tree,28.2,130,13.3
671a9848-48b7-41bf-a426-d69b49f23bc4,BART_070.basePlot.vst,2016-09-12,vst_BART_2016,D01,BART,BART_070,NEON.PLA.D01.BART.03785,single bole tree,15.0,130,18.3
0c90c209-30dd-4d80-8180-06773a26acd8,BART_070.basePlot.vst,2016-09-12,vst_BART_2016,D01,BART,BART_070,NEON.PLA.D01.BART.06297,single bole tree,21.1,130,14.5
487dd0aa-1594-4e39-b684-314486480d1b,BART_070.basePlot.vst,2016-09-12,vst_BART_2016,D01,BART,BART_070,NEON.PLA.D01.BART.03871,single bole tree,24.9,130,10.4
9c8a4656-65cd-4551-89ee-d2a7f321cc8b,BART_070.basePlot.vst,2016-09-12,vst_BART_2016,D01,BART,BART_070,NEON.PLA.D01.BART.03783,single bole tree,11.5,130,2.5
31b9b8f3-a7ea-4ea3-8605-9806d4754da9,BART_070.basePlot.vst,2016-09-12,vst_BART_2016,D01,BART,BART_070,NEON.PLA.D01.BART.03973,single bole tree,37.5,130,22.7
71f56bdb-fdf3-493b-9392-7bc0e2c6722d,BART_070.basePlot.vst,2016-09-12,vst_BART_2016,D01,BART,BART_070,NEON.PLA.D01.BART.02911,single bole tree,30.8,130,15.9
9300ed8a-e7c1-4307-a0dc-9ed236f8aa82,BART_070.basePlot.vst,2016-09-12,vst_BART_2016,D01,BART,BART_070,NEON.PLA.D01.BART.03900,single bole tree,22.8,130,18.4
578b7aa8-6c97-45c5-b765-d3840606047b,BART_070.basePlot.vst,2016-09-12,vst_BART_2016,D01,BART,BART_070,NEON.PLA.D01.BART.03872,single bole tree,12.5,130,10.1
571d9511-6376-4fef-b5b0-12b89e11e883,BART_070.basePlot.vst,2016-09-12,vst_BART_2016,D01,BART,BART_070,NEON.PLA.D01.BART.03760,single bole tree,38.9,130,23.9
47b45524-3ce4-4844-a320-14b0b1b6f54e,BART_070.basePlot.vst,2016-09-12,vst_BART_2016,D01,BART,BART_070,NEON.PLA.D01.BART.03887,single bole tree,20.3,130,17.7
42244349-bf78-4620-855e-9cc802182fc8,BART_070.basePlot.vst,2016-09-12,vst_BART_2016,D01,BART,BART_070,NEON.PLA.D01.BART.03716,single bole tree,63.7,130,24.4
507e2273-993c-4d39-b0e4-8141f86ba066,BART_070.basePlot.vst,2016-09-12,vst_BART_2016,D01,BART,BART_070,NEON.PLA.D01.BART.03989,single bole tree,41.4,13,27.3
74d9c150-85b4-4445-a115-1f1af97c37e5,BART_070.basePlot.vst,2016-09-12,vst_BART_2016,D01,BART,BART_070,NEON.PLA.D01.BART.03786,single bole tree,11.3,130,15.5
3f5006b6-6873-436c-8905-6abed42d53ff,BART_070.basePlot.vst,2016-09-12,vst_BART_2016,D01,BART,BART_070,NEON.PLA.D01.BART.03604,single bole tree,30.9,130,19.1
62499a64-d945-4c93-aa96-a6bf3ffec304,BART_070.basePlot.vst,2016-09-12,vst_BART_2016,D01,BART,BART_070,NEON.PLA.D01.BART.03881,single bole tree,13.2,130,8.9
c1e01613-2a48-4491-a2ae-d89303f8dec4,BART_074.basePlot.vst,2016-09-12,vst_BART_2016,D01,BART,BART_074,NEON.PLA.D01.BART.05143,single bole tree,17.6,130,8.3
4a2a3138-a520-42b7-922f-33909d514852,BART_074.basePlot.vst,2016-09-12,vst_BART_2016,D01,BART,BART_074,NEON.PLA.D01.BART.05220,single bole tree,18.5,130,9.1
fc962948-6302-4c22-8856-771466da23b3,BART_070.basePlot.vst,2016-09-12,vst_BART_2016,D01,BART,BART_070,NEON.PLA.D01.BART.03988,single bole tree,21.2,130,18.2
de0641e2-36ab-44d7-9a0e-f54618330989,BART_070.basePlot.vst,2016-09-12,vst_BART_2016,D01,BART,BART_070,NEON.PLA.D01.BART.03832,single bole tree,36.0,130,22.7
d3c9ae73-5a14-4023-a591-069fe48ebe85,BART_070.basePlot.vst,2016-09-12,vst_BART_2016,D01,BART,BART_070,NEON.PLA.D01.BART.03739,single bole tree,27.2,130,15.1
bc0c4cdd-556c-451f-b617-2dd1c9b91169,BART_070.basePlot.vst,2016-09-12,vst_BART_2016,D01,BART,BART_070,NEON.PLA.D01.BART.05587,single bole tree,11.7,130,9.9
892c9f2a-c526-473b-ba05-8d95a3d3b12a,BART_070.basePlot.vst,2016-09-12,vst_BART_2016,D01,BART,BART_070,NEON.PLA.D01.BART.03980,single bole tree,26.7,130,20.3
bb57dce4-dcdb-403c-8719-40e43db2218c,BART_070.basePlot.vst,2016-09-12,vst_BART_2016,D01,BART,BART_070,NEON.PLA.D01.BART.03974,single bole tree,12.9,130,8.4
8b333981-700d-4fa6-b815-3f457471b622,BART_070.basePlot.vst,2016-09-12,vst_BART_2016,D01,BART,BART_070,NEON.PLA.D01.BART.03769,single bole tree,21.7,130,19.4
c39921b3-fd14-4cd5-9e05-a8f2d1e45fba,BART_070.basePlot.vst,2016-09-12,vst_BART_2016,D01,BART,BART_070,NEON.PLA.D01.BART.03983,single bole tree,12.2,130,8.2
a0a682a9-3e4c-41c9-b527-0ba26e1ec5ca,BART_070.basePlot.vst,2016-09-12,vst_BART_2016,D01,BART,BART_070,NEON.PLA.D01.BART.03777,single bole tree,15.7,130,17.2
450a6ce2-e864-48e6-844f-f73b357fcf1d,BART_070.basePlot.vst,2016-09-12,vst_BART_2016,D01,BART,BART_070,NEON.PLA.D01.BART.03618,single bole tree,13.5,130,14.3
2e07e231-57bd-470a-b403-24deb515455c,BART_070.basePlot.vst,2016-09-12,vst_BART_2016,D01,BART,BART_070,NEON.PLA.D01.BART.03603,single bole tree,17.3,130,20.2
820f5bf3-41c1-42a8-97d2-f182f13cb046,BART_070.basePlot.vst,2016-09-12,vst_BART_2016,D01,BART,BART_070,NEON.PLA.D01.BART.03873,single bole tree,29.6,130,19.9
3cd70c29-afc4-4b21-9063-e97895f723f8,BART_070.basePlot.vst,2016-09-12,vst_BART_2016,D01,BART,BART_070,NEON.PLA.D01.BART.03615,single bole tree,16.0,130,16.5
5e245c0d-2fd2-4cb8-8d26-c6f7f362fe12,BART_070.basePlot.vst,2016-09-12,vst_BART_2016,D01,BART,BART_070,NEON.PLA.D01.BART.03780,single bole tree,23.0,130,18.2
49c8c3a0-3fff-48fc-ac2d-d7412b2e55dd,BART_070.basePlot.vst,2016-09-12,vst_BART_2016,D01,BART,BART_070,NEON.PLA.D01.BART.02914,single bole tree,10.8,130,9.6
f5313e26-c95e-444b-8e0c-7baa10bb74f5,BART_070.basePlot.vst,2016-09-12,vst_BART_2016,D01,BART,BART_070,NEON.PLA.D01.BART.03787,single bole tree,56.8,130,21.8
f4da9de1-2e63-44f9-93c1-0ef99dfc8d88,BART_070.basePlot.vst,2016-09-12,vst_BART_2016,D01,BART,BART_070,NEON.PLA.D01.BART.03888,single bole tree,35.1,130,19.9
eac91b6e-91fb-4a22-9b59-d538f427dd6b,BART_070.basePlot.vst,2016-09-12,vst_BART_2016,D01,BART,BART_070,NEON.PLA.D01.BART.03848,single bole tree,12.4,130,12.9
f25f46a1-1a72-41a1-be8f-2133ef5ea2f8,BART_070.basePlot.vst,2016-09-12,vst_BART_2016,D01,BART,BART_070,NEON.PLA.D01.BART.03831,single bole tree,27.0,130,20.7
7f00c424-f9df-4c4d-9e88-e628d6703f88,BART_070.basePlot.vst,2016-09-12,vst_BART_2016,D01,BART,BART_070,NEON.PLA.D01.BART.03987,single bole tree,15.5,130,3.7
9fd272f4-843f-415f-9074-0e2dac0aa5d5,BART_070.basePlot.vst,2016-09-12,vst_BART_2016,D01,BART,BART_070,NEON.PLA.D01.BART.03605,single bole tree,11.4,130,11.2
474e70c0-fa5d-44a0-a06b-cd84d86b18fe,BART_070.basePlot.vst,2016-09-12,vst_BART_2016,D01,BART,BART_070,NEON.PLA.D01.BART.03626,single bole tree,43.0,130,22.4
c1beb162-eeab-4ffa-a3c0-40e9a6841b4b,BART_070.basePlot.vst,2016-09-12,vst_BART_2016,D01,BART,BART_070,NEON.PLA.D01.BART.03982,multi-bole tree,38.7,130,20.9
46ad0c32-e9df-4ca7-bdaa-7e603d0dab7d,BART_044.basePlot.vst,2016-09-13,vst_BART_2016,D01,BART,BART_044,NEON.PLA.D01.BART.05090,single bole tree,14.1,130,8.3
b90ad717-b665-41ad-9c8e-445f167e132f,BART_044.basePlot.vst,2016-09-13,vst_BART_2016,D01,BART,BART_044,NEON.PLA.D01.BART.05098,single bole tree,21.3,130,9.4
343a83af-45e6-46fa-851a-d7b6f8ad42e9,BART_044.basePlot.vst,2016-09-13,vst_BART_2016,D01,BART,BART_044,NEON.PLA.D01.BART.05423,single bole tree,37.6,130,20.1
469b24d2-b4c6-4953-9c82-d3bb752ee9fb,BART_044.basePlot.vst,2016-09-13,vst_BART_2016,D01,BART,BART_044,NEON.PLA.D01.BART.05291,single bole tree,20.7,130,15.5
490ca585-b12a-4927-8976-dea5f802d639,BART_044.basePlot.vst,2016-09-13,vst_BART_2016,D01,BART,BART_044,NEON.PLA.D01.BART.05435,single bole tree,25.1,130,18.9
11b0797b-41f8-418a-b52e-653653855ff7,BART_044.basePlot.vst,2016-09-13,vst_BART_2016,D01,BART,BART_044,NEON.PLA.D01.BART.05405,single bole tree,21.7,130,17.5
07cdfef7-3013-4513-81c5-3b95f63cbe48,BART_044.basePlot.vst,2016-09-13,vst_BART_2016,D01,BART,BART_044,NEON.PLA.D01.BART.05289,single bole tree,36.7,130,17.3
9e75b6d9-e4bf-476a-a3ca-e011b5b54a4b,BART_044.basePlot.vst,2016-09-13,vst_BART_2016,D01,BART,BART_044,NEON.PLA.D01.BART.05097,single bole tree,14.3,130,11.8
4508044a-f3d1-4e06-98fb-3a10d00d01ec,BART_044.basePlot.vst,2016-09-13,vst_BART_2016,D01,BART,BART_044,NEON.PLA.D01.BART.05413,single bole tree,14.1,130,13.7
8e760e77-5408-40e2-b607-d997a0045f06,BART_044.basePlot.vst,2016-09-13,vst_BART_2016,D01,BART,BART_044,NEON.PLA.D01.BART.05430,single bole tree,19.5,130,12.8
5287fe85-6a98-449a-ae29-e820b2679598,BART_044.basePlot.vst,2016-09-13,vst_BART_2016,D01,BART,BART_044,NEON.PLA.D01.BART.05436,single bole tree,20.5,130,14.1
90c7169f-8d9b-492b-a7ba-9f11fe3f19c3,BART_044.basePlot.vst,2016-09-13,vst_BART_2016,D01,BART,BART_044,NEON.PLA.D01.BART.05100,small tree,9.9,130,7.7
c4692386-eacf-4712-acb9-3cbc6fe5f413,BART_044.basePlot.vst,2016-09-13,vst_BART_2016,D01,BART,BART_044,NEON.PLA.D01.BART.05576,single bole tree,11.3,130,10.5
e4392c91-b5c2-4eda-a4db-3afcfa37901f,BART_044.basePlot.vst,2016-09-13,vst_BART_2016,D01,BART,BART_044,NEON.PLA.D01.BART.05431,single bole tree,21.0,130,14.0
0f6b99d1-7714-4e0b-8304-0ad81997b7f7,BART_044.basePlot.vst,2016-09-13,vst_BART_2016,D01,BART,BART_044,NEON.PLA.D01.BART.05407,single bole tree,10.5,130,13.6
269ce689-6a27-41e9-8621-2ed6c6872674,BART_044.basePlot.vst,2016-09-13,vst_BART_2016,D01,BART,BART_044,NEON.PLA.D01.BART.05433,small tree,6.9,130,4.1
d3dd8420-6d67-472a-86d2-2df2076c1135,BART_044.basePlot.vst,2016-09-13,vst_BART_2016,D01,BART,BART_044,NEON.PLA.D01.BART.05402,single bole tree,10.4,130,5.0
cf3c62c7-08f6-41e1-a7fe-adb1b824dbd9,BART_044.basePlot.vst,2016-09-13,vst_BART_2016,D01,BART,BART_044,NEON.PLA.D01.BART.05290,single bole tree,10.1,130,5.8
fdad70b4-b5a4-4177-b8f9-807fd4b0fb73,BART_044.basePlot.vst,2016-09-13,vst_BART_2016,D01,BART,BART_044,NEON.PLA.D01.BART.05298,single bole tree,17.0,130,8.5
d2547745-4424-4e76-aa61-01dd7b8b5268,BART_044.basePlot.vst,2016-09-13,vst_BART_2016,D01,BART,BART_044,NEON.PLA.D01.BART.05408,multi-bole tree,31.4,180,19.5
424e0303-7797-4390-aba4-43c6e1dbc3ed,BART_044.basePlot.vst,2016-09-13,vst_BART_2016,D01,BART,BART_044,NEON.PLA.D01.BART.05406,single bole tree,11.9,130,7.5
ac07a63b-ba6a-4012-a654-f5bb233ddf8e,BART_044.basePlot.vst,2016-09-13,vst_BART_2016,D01,BART,BART_044,NEON.PLA.D01.BART.05401,single bole tree,12.5,130,13.9
ad5a6b55-2559-4629-91a1-af4e03d15d71,BART_044.basePlot.vst,2016-09-13,vst_BART_2016,D01,BART,BART_044,NEON.PLA.D01.BART.05300,single bole tree,17.2,130,16.9
67bf2cd5-ce8a-438c-a221-a8d195ff3cd3,BART_044.basePlot.vst,2016-09-13,vst_BART_2016,D01,BART,BART_044,NEON.PLA.D01.BART.05294,multi-bole tree,13.0,130,5.8
ab480f12-2883-4efd-b347-c43ec700d0bb,BART_044.basePlot.vst,2016-09-13,vst_BART_2016,D01,BART,BART_044,NEON.PLA.D01.BART.05292,single bole tree,11.2,130,5.4
93611c35-beb7-4d78-9516-8520ec509f38,BART_044.basePlot.vst,2016-09-13,vst_BART_2016,D01,BART,BART_044,NEON.PLA.D01.BART.05092,single bole tree,12.3,130,6.6
3761dc23-6c29-4592-a843-30ba5419ffef,BART_044.basePlot.vst,2016-09-13,vst_BART_2016,D01,BART,BART_044,NEON.PLA.D01.BART.05432,single bole tree,12.2,130,10.0
afb7a39b-754a-4e9c-86e5-df545ab3ba5f,BART_044.basePlot.vst,2016-09-13,vst_BART_2016,D01,BART,BART_044,NEON.PLA.D01.BART.05299,single bole tree,13.8,130,6.7
5f2509d9-f322-421a-8f0e-70d4fbfb117c,BART_044.basePlot.vst,2016-09-13,vst_BART_2016,D01,BART,BART_044,NEON.PLA.D01.BART.05096,single bole tree,26.4,130,16.5
37e14c5f-2733-45f0-b1e5-dcc276b1f723,BART_044.basePlot.vst,2016-09-13,vst_BART_2016,D01,BART,BART_044,NEON.PLA.D01.BART.05296,single bole tree,17.0,130,16.7
cf3a1ec2-1bd7-4990-a4ed-80f88e73ec06,BART_044.basePlot.vst,2016-09-13,vst_BART_2016,D01,BART,BART_044,NEON.PLA.D01.BART.05420,single bole tree,29.0,130,19.1
e77b3467-ee33-47b4-bb35-01dec04f4362,BART_044.basePlot.vst,2016-09-13,vst_BART_2016,D01,BART,BART_044,NEON.PLA.D01.BART.05418,single bole tree,28.1,130,14.5
bff25063-7e48-47ad-8c94-e46205d82e12,BART_044.basePlot.vst,2016-09-13,vst_BART_2016,D01,BART,BART_044,NEON.PLA.D01.BART.05093,single bole tree,19.7,130,10.8
fb91207b-522a-47e2-98ce-2f3ac63b52af,BART_044.basePlot.vst,2016-09-13,vst_BART_2016,D01,BART,BART_044,NEON.PLA.D01.BART.05443,single bole tree,29.3,130,18.7
64656ef0-34ce-4e10-a3a8-b92c0228d088,BART_044.basePlot.vst,2016-09-13,vst_BART_2016,D01,BART,BART_044,NEON.PLA.D01.BART.05094,single bole tree,16.1,130,9.8
679fd298-dff8-4f58-bd71-0243757b8b52,BART_044.basePlot.vst,2016-09-13,vst_BART_2016,D01,BART,BART_044,NEON.PLA.D01.BART.05099,small tree,22.8,130,17.1
44b7aded-236f-4121-b43f-a214a27e98e6,BART_044.basePlot.vst,2016-09-13,vst_BART_2016,D01,BART,BART_044,NEON.PLA.D01.BART.05409,single bole tree,36.8,130,17.3
780125bf-da4f-4519-a2c5-db18c0708448,BART_044.basePlot.vst,2016-09-13,vst_BART_2016,D01,BART,BART_044,NEON.PLA.D01.BART.05439,single bole tree,25.4,130,18.3
f68e75cf-aacc-4c1c-8ed9-eb9df5ddbc4c,BART_044.basePlot.vst,2016-09-13,vst_BART_2016,D01,BART,BART_044,NEON.PLA.D01.BART.05422,single bole tree,13.3,130,9.8
77df5d4d-7a82-4ef3-ac13-64deebef84b0,BART_044.basePlot.vst,2016-09-13,vst_BART_2016,D01,BART,BART_044,NEON.PLA.D01.BART.05403,single bole tree,19.3,130,16.1
9f5beb55-ac8f-4b8e-86f8-c6014cad3073,BART_044.basePlot.vst,2016-09-13,vst_BART_2016,D01,BART,BART_044,NEON.PLA.D01.BART.05577,single bole tree,10.0,130,7.6
48fdca5e-8724-4d6a-acea-972cee84aeaa,BART_044.basePlot.vst,2016-09-13,vst_BART_2016,D01,BART,BART_044,NEON.PLA.D01.BART.05416,single bole tree,53.5,130,19.8
02fc9785-1474-4f70-bcc3-2e980217cbdd,BART_044.basePlot.vst,2016-09-13,vst_BART_2016,D01,BART,BART_044,NEON.PLA.D01.BART.05295,single bole tree,26.6,130,13.6
6160d76b-ced4-45f8-919e-08509e1ebf06,BART_044.basePlot.vst,2016-09-13,vst_BART_2016,D01,BART,BART_044,NEON.PLA.D01.BART.05427,single bole tree,14.8,130,1.8
5c7daf23-c64e-4bda-b70b-69f0417be43b,BART_044.basePlot.vst,2016-09-13,vst_BART_2016,D01,BART,BART_044,NEON.PLA.D01.BART.05419,multi-bole tree,12.1,130,8.5
fed327f6-1147-49ae-926a-8c6a54fc4486,BART_044.basePlot.vst,2016-09-13,vst_BART_2016,D01,BART,BART_044,NEON.PLA.D01.BART.05421,single bole tree,11.9,130,15.1
214b48ee-4d04-4c14-9dd6-b7988c3886a4,BART_044.basePlot.vst,2016-09-13,vst_BART_2016,D01,BART,BART_044,NEON.PLA.D01.BART.05089,single bole tree,30.5,130,16.9
cb31e659-a896-4d4e-96de-241f3de4fab2,BART_044.basePlot.vst,2016-09-13,vst_BART_2016,D01,BART,BART_044,NEON.PLA.D01.BART.05091,single bole tree,26.1,130,13.7
1f708a01-93ab-4916-a4b6-722112dab8c5,BART_044.basePlot.vst,2016-09-13,vst_BART_2016,D01,BART,BART_044,NEON.PLA.D01.BART.05414,multi-bole tree,22.1,130,18.3
a8a9695a-dc45-4f11-b4b8-a43384844992,BART_044.basePlot.vst,2016-09-13,vst_BART_2016,D01,BART,BART_044,NEON.PLA.D01.BART.05429,single bole tree,22.4,130,12.9
42bfdfa9-21d9-4d12-810b-481c4a2cece3,BART_044.basePlot.vst,2016-09-13,vst_BART_2016,D01,BART,BART_044,NEON.PLA.D01.BART.05415,single bole tree,11.7,130,13.2
9dd29266-4ae0-4d06-acca-dce9226ba698,BART_044.basePlot.vst,2016-09-13,vst_BART_2016,D01,BART,BART_044,NEON.PLA.D01.BART.05440,single bole tree,25.2,130,14.8
bcd22be4-819e-4f25-a562-b8ecbf1319de,BART_044.basePlot.vst,2016-09-13,vst_BART_2016,D01,BART,BART_044,NEON.PLA.D01.BART.05088,single bole tree,12.5,130,16.4
ada03576-3235-46a4-9f97-e089c0254e36,BART_044.basePlot.vst,2016-09-13,vst_BART_2016,D01,BART,BART_044,NEON.PLA.D01.BART.05433,single bole tree,10.0,130,14.2
9a04ee3c-d59e-4a34-b8a4-07818d15eb4e,BART_044.basePlot.vst,2016-09-13,vst_BART_2016,D01,BART,BART_044,NEON.PLA.D01.BART.05428,single bole tree,17.4,130,11.3
796f74e5-81b1-4dfd-849d-dea92c7fc208,BART_044.basePlot.vst,2016-09-13,vst_BART_2016,D01,BART,BART_044,NEON.PLA.D01.BART.05411,single bole tree,39.8,130,22.1
385891dd-8124-44d2-8c3f-ec54d1eb96eb,BART_044.basePlot.vst,2016-09-13,vst_BART_2016,D01,BART,BART_044,NEON.PLA.D01.BART.05293,single bole tree,23.8,130,18.0
c1aa2383-9a49-4915-8739-f187ab1ee262,BART_044.basePlot.vst,2016-09-13,vst_BART_2016,D01,BART,BART_044,NEON.PLA.D01.BART.05441,multi-bole tree,24.3,130,16.7
95a02094-2a06-403c-af84-f03c44656a9e,BART_044.basePlot.vst,2016-09-13,vst_BART_2016,D01,BART,BART_044,NEON.PLA.D01.BART.05442,single bole tree,13.4,130,11.7
f691a498-fe04-42ca-95e6-47055045cf27,BART_044.basePlot.vst,2016-09-13,vst_BART_2016,D01,BART,BART_044,NEON.PLA.D01.BART.05438,single bole tree,12.1,130,4.2
07c15f6f-1403-4f9d-a339-e5942ae712e6,BART_044.basePlot.vst,2016-09-13,vst_BART_2016,D01,BART,BART_044,NEON.PLA.D01.BART.05410,single bole tree,21.4,130,16.1
24c6d483-2f76-4a25-b74a-cc73107bfde3,BART_044.basePlot.vst,2016-09-13,vst_BART_2016,D01,BART,BART_044,NEON.PLA.D01.BART.05437,single bole tree,24.4,130,18.0
4dfc2d3d-5e0b-4e44-be66-dd15f7aad406,BART_044.basePlot.vst,2016-09-13,vst_BART_2016,D01,BART,BART_044,NEON.PLA.D01.BART.05404,single bole tree,10.8,130,7.7
c76f9e71-8dde-4c01-b17d-c01f0142f286,BART_044.basePlot.vst,2016-09-13,vst_BART_2016,D01,BART,BART_044,NEON.PLA.D01.BART.05417,single bole tree,15.9,130,14.0
a1bdd3a8-eae9-46e4-a811-8b2a83219c63,BART_044.basePlot.vst,2016-09-13,vst_BART_2016,D01,BART,BART_044,NEON.PLA.D01.BART.05297,single bole tree,33.4,130,14.1
97878d9a-4deb-4d1c-8336-fc86f36197e8,BART_044.basePlot.vst,2016-09-13,vst_BART_2016,D01,BART,BART_044,NEON.PLA.D01.BART.05095,single bole tree,12.8,130,3.0
ddf974c8-2d2f-4d60-8fb0-363d6b4aedcd,BART_044.basePlot.vst,2016-09-13,vst_BART_2016,D01,BART,BART_044,NEON.PLA.D01.BART.05412,single bole tree,19.9,130,19.1
cee64496-668e-4a84-8849-6d3a2d83e278,BART_015.basePlot.vst,2016-09-14,vst_BART_2016,D01,BART,BART_015,NEON.PLA.D01.BART.05677,single bole tree,15.9,130,5.4
bdacecc1-af9c-48c8-b591-fec788df1133,BART_037.basePlot.vst,2016-09-14,vst_BART_2016,D01,BART,BART_037,NEON.PLA.D01.BART.05079,single bole tree,22.1,130,11.6
60e8faae-4abd-4820-acc5-0b85bdc3e99b,BART_037.basePlot.vst,2016-09-14,vst_BART_2016,D01,BART,BART_037,NEON.PLA.D01.BART.05084,single bole tree,22.8,130,18.7
f88c75f7-3605-41e6-b2a9-c1ddfb426e85,BART_037.basePlot.vst,2016-09-14,vst_BART_2016,D01,BART,BART_037,NEON.PLA.D01.BART.05080,single bole tree,14.3,130,15.5
6e3a9d26-22ce-4fa6-b8aa-cd0af5589012,BART_037.basePlot.vst,2016-09-14,vst_BART_2016,D01,BART,BART_037,NEON.PLA.D01.BART.05085,single bole tree,31.1,130,19.4
ee4ae33c-4a3f-402a-8faf-e1504fc93a37,BART_037.basePlot.vst,2016-09-14,vst_BART_2016,D01,BART,BART_037,NEON.PLA.D01.BART.05086,single bole tree,10.4,130,7.2
cc22b5d0-3c39-4527-9793-2c6249ea8d30,BART_037.basePlot.vst,2016-09-14,vst_BART_2016,D01,BART,BART_037,NEON.PLA.D01.BART.05276,single bole tree,15.1,130,17.8
1f5fb000-260b-4b09-9f9b-25fe21d429a3,BART_037.basePlot.vst,2016-09-14,vst_BART_2016,D01,BART,BART_037,NEON.PLA.D01.BART.05268,single bole tree,39.6,130,20.6
f31a95a9-e73e-42d1-8b57-ce3b36e072ff,BART_037.basePlot.vst,2016-09-14,vst_BART_2016,D01,BART,BART_037,NEON.PLA.D01.BART.05072,single bole tree,40.9,130,21.2
93362405-fcae-458d-a47e-edd5306d0233,BART_037.basePlot.vst,2016-09-14,vst_BART_2016,D01,BART,BART_037,NEON.PLA.D01.BART.05087,single bole tree,32.9,130,19.6
083e31c5-ef43-4708-af7d-374142281a07,BART_037.basePlot.vst,2016-09-14,vst_BART_2016,D01,BART,BART_037,NEON.PLA.D01.BART.05074,single bole tree,13.6,130,14.6
cfb4fa5c-7abd-4e69-8dcc-f7f43f793c14,BART_037.basePlot.vst,2016-09-14,vst_BART_2016,D01,BART,BART_037,NEON.PLA.D01.BART.05273,single bole tree,10.4,130,11.5
60c7b2f0-9bcd-4f43-b0fc-046ff07b3ea8,BART_037.basePlot.vst,2016-09-14,vst_BART_2016,D01,BART,BART_037,NEON.PLA.D01.BART.05062,single bole tree,11.5,130,6.7
358770da-6ee1-4ea5-99ee-d1d605c1100a,BART_037.basePlot.vst,2016-09-14,vst_BART_2016,D01,BART,BART_037,NEON.PLA.D01.BART.05280,single bole tree,30.6,130,22.0
5033ce0f-9658-4cbe-9f75-60979c8840c0,BART_037.basePlot.vst,2016-09-14,vst_BART_2016,D01,BART,BART_037,NEON.PLA.D01.BART.05272,single bole tree,59.5,130,27.2
7b767952-82f3-4271-b545-b0620a287fc3,BART_037.basePlot.vst,2016-09-14,vst_BART_2016,D01,BART,BART_037,NEON.PLA.D01.BART.05068,single bole tree,21.3,130,18.7
22e9bdce-4c61-4651-928d-0ba0fab503b3,BART_037.basePlot.vst,2016-09-14,vst_BART_2016,D01,BART,BART_037,NEON.PLA.D01.BART.05274,single bole tree,12.5,130,14.8
03744a35-d6d6-4ee8-888b-42d4cf216e9f,BART_037.basePlot.vst,2016-09-14,vst_BART_2016,D01,BART,BART_037,NEON.PLA.D01.BART.05065,single bole tree,20.1,130,19.9
d81d6a53-5427-4211-9d45-80cf180fa508,BART_037.basePlot.vst,2016-09-14,vst_BART_2016,D01,BART,BART_037,NEON.PLA.D01.BART.05073,single bole tree,44.9,130,22.5
bbe723cd-ba42-41dd-9a21-9dfebac8c2fa,BART_037.basePlot.vst,2016-09-14,vst_BART_2016,D01,BART,BART_037,NEON.PLA.D01.BART.05082,single bole tree,12.2,130,13.9
9b2c4d7f-4a97-43ed-b04b-e3bdfb18eb47,BART_037.basePlot.vst,2016-09-14,vst_BART_2016,D01,BART,BART_037,NEON.PLA.D01.BART.05083,single bole tree,31.8,130,16.8
6d635b7f-19bd-4f7a-b371-afa1339537ab,BART_037.basePlot.vst,2016-09-14,vst_BART_2016,D01,BART,BART_037,NEON.PLA.D01.BART.05078,single bole tree,17.3,130,10.2
7aeb8ee3-48d7-4c75-b1bb-079e44caa8a0,BART_037.basePlot.vst,2016-09-14,vst_BART_2016,D01,BART,BART_037,NEON.PLA.D01.BART.05275,single bole tree,18.3,130,17.4
ed1a6e6c-af49-4c9d-a328-c4c9c09b0b53,BART_037.basePlot.vst,2016-09-14,vst_BART_2016,D01,BART,BART_037,NEON.PLA.D01.BART.05061,single bole tree,15.9,130,14.5
e774a42b-a732-4a2d-a00c-3e70cf84a17f,BART_037.basePlot.vst,2016-09-14,vst_BART_2016,D01,BART,BART_037,NEON.PLA.D01.BART.05287,single bole tree,12.5,130,11.7
9f48e429-5017-44a4-846c-c0e9f8a73521,BART_037.basePlot.vst,2016-09-14,vst_BART_2016,D01,BART,BART_037,NEON.PLA.D01.BART.05270,single bole tree,22.8,130,15.9
f0bb9d00-948d-45bc-98f2-4318891ba284,BART_037.basePlot.vst,2016-09-14,vst_BART_2016,D01,BART,BART_037,NEON.PLA.D01.BART.05277,single bole tree,25.3,130,18.5
0bbdfb77-3cc2-488b-99b2-3ace04a58fce,BART_037.basePlot.vst,2016-09-14,vst_BART_2016,D01,BART,BART_037,NEON.PLA.D01.BART.05070,single bole tree,15.6,130,15.3
d0be32b4-4dbb-4db4-a15c-5d0a7ed8a743,BART_037.basePlot.vst,2016-09-14,vst_BART_2016,D01,BART,BART_037,NEON.PLA.D01.BART.05283,single bole tree,10.2,130,12.2
b037a50c-d09f-4c6b-af2c-a5f7403e84b9,BART_037.basePlot.vst,2016-09-14,vst_BART_2016,D01,BART,BART_037,NEON.PLA.D01.BART.05063,single bole tree,39.3,130,20.9
1975aa78-cf01-4e09-a598-1a0857221cb2,BART_037.basePlot.vst,2016-09-14,vst_BART_2016,D01,BART,BART_037,NEON.PLA.D01.BART.05066,single bole tree,24.1,190,21.6
d0fb1b18-80a4-4057-9a63-0b8f9968dbbb,BART_037.basePlot.vst,2016-09-14,vst_BART_2016,D01,BART,BART_037,NEON.PLA.D01.BART.05281,single bole tree,48.0,130,23.2
e2fa3d1a-1f93-4d82-9cd8-33ca2135cb91,BART_037.basePlot.vst,2016-09-14,vst_BART_2016,D01,BART,BART_037,NEON.PLA.D01.BART.05267,single bole tree,25.5,130,21.3
73667514-bbac-40db-9853-306b92a67d37,BART_037.basePlot.vst,2016-09-14,vst_BART_2016,D01,BART,BART_037,NEON.PLA.D01.BART.05069,single bole tree,16.9,130,17.8
7cb4cccd-53e5-4a23-9136-b2fa250f471d,BART_016.basePlot.vst,2016-09-14,vst_BART_2016,D01,BART,BART_016,NEON.PLA.D01.BART.05573,single bole tree,14.3,130,11.7
76928348-65d8-4db7-a0af-28a854fb93c2,BART_037.basePlot.vst,2016-09-14,vst_BART_2016,D01,BART,BART_037,NEON.PLA.D01.BART.05284,single bole tree,29.8,145,17.3
74bdfa6d-0e0e-4b9a-a57e-1ed23ab6e50a,BART_037.basePlot.vst,2016-09-14,vst_BART_2016,D01,BART,BART_037,NEON.PLA.D01.BART.05064,single bole tree,27.8,130,19.5
b3919796-6126-4e6d-8d70-5db6a1299905,BART_037.basePlot.vst,2016-09-14,vst_BART_2016,D01,BART,BART_037,NEON.PLA.D01.BART.05279,single bole tree,13.3,130,11.1
80c135ea-51f3-49e0-8cee-4326b1a5110e,BART_037.basePlot.vst,2016-09-14,vst_BART_2016,D01,BART,BART_037,NEON.PLA.D01.BART.05288,single bole tree,18.3,130,17.1
7cddcfc5-7bc6-465a-aa44-918070d65850,BART_037.basePlot.vst,2016-09-14,vst_BART_2016,D01,BART,BART_037,NEON.PLA.D01.BART.05269,single bole tree,39.2,130,19.2
758d4eba-7d34-4ce7-af74-1a43c63ea66e,BART_037.basePlot.vst,2016-09-14,vst_BART_2016,D01,BART,BART_037,NEON.PLA.D01.BART.05278,single bole tree,15.8,130,15.0
edfb1cdc-0f62-4355-936d-15c878034473,BART_037.basePlot.vst,2016-09-14,vst_BART_2016,D01,BART,BART_037,NEON.PLA.D01.BART.05060,single bole tree,10.8,130,8.6
e60bcd83-ebe1-461f-839c-e2a270a4ed41,BART_037.basePlot.vst,2016-09-14,vst_BART_2016,D01,BART,BART_037,NEON.PLA.D01.BART.05071,single bole tree,58.3,130,21.9
8afb15da-698d-45a5-a8f9-a738fcf24ab0,BART_037.basePlot.vst,2016-09-14,vst_BART_2016,D01,BART,BART_037,NEON.PLA.D01.BART.05077,single bole tree,12.0,130,14.3
3eb01e68-698c-4c3e-b225-ffd389bd3686,BART_037.basePlot.vst,2016-09-14,vst_BART_2016,D01,BART,BART_037,NEON.PLA.D01.BART.05285,single bole tree,17.2,130,16.0
ee576797-bbb9-4bc1-9183-6ec2d9e979c2,BART_037.basePlot.vst,2016-09-14,vst_BART_2016,D01,BART,BART_037,NEON.PLA.D01.BART.05282,single bole tree,12.0,130,13.9
b764b886-55e1-4a60-bdb5-74b568bedc9b,BART_037.basePlot.vst,2016-09-14,vst_BART_2016,D01,BART,BART_037,NEON.PLA.D01.BART.05075,single bole tree,33.5,130,14.3
c3b8e9b3-e172-4f66-85f3-6cbe4b145925,BART_037.basePlot.vst,2016-09-14,vst_BART_2016,D01,BART,BART_037,NEON.PLA.D01.BART.05059,single bole tree,13.1,130,13.6
66b57f26-edec-43d3-9ee3-d06b51c3ad1c,BART_037.basePlot.vst,2016-09-14,vst_BART_2016,D01,BART,BART_037,NEON.PLA.D01.BART.05067,single bole tree,27.7,130,19.6
d954f6ad-e013-411e-86ae-459d90e49c27,BART_037.basePlot.vst,2016-09-14,vst_BART_2016,D01,BART,BART_037,NEON.PLA.D01.BART.05076,single bole tree,10.3,130,13.0
fb2f74ac-6c24-431e-a47c-6add22e09113,BART_037.basePlot.vst,2016-09-14,vst_BART_2016,D01,BART,BART_037,NEON.PLA.D01.BART.05689,single bole tree,45.2,130,24.1
b5a10564-aec4-49b8-bd20-95dd8c1bb056,BART_037.basePlot.vst,2016-09-14,vst_BART_2016,D01,BART,BART_037,NEON.PLA.D01.BART.05081,single bole tree,20.0,130,15.6
bbfa6849-4b82-4b79-ad64-73b5276325f4,BART_010.basePlot.vst,2016-09-19,vst_BART_2016,D01,BART,BART_010,NEON.PLA.D01.BART.04440,single bole tree,12.6,130,11.3
098e6c95-0552-46d0-8bb9-fc723016a58e,BART_010.basePlot.vst,2016-09-19,vst_BART_2016,D01,BART,BART_010,NEON.PLA.D01.BART.00215,single bole tree,10.0,130,6.7
fb211667-d351-4d83-8c55-ab6d642bf294,BART_010.basePlot.vst,2016-09-19,vst_BART_2016,D01,BART,BART_010,NEON.PLA.D01.BART.05669,single bole tree,17.8,130,14.3
256a525e-04e1-4876-86d8-53eb5dbef1d6,BART_010.basePlot.vst,2016-09-19,vst_BART_2016,D01,BART,BART_010,NEON.PLA.D01.BART.04434,single bole tree,11.1,130,12.1
7e8e113e-20b8-4825-95c2-749f4490deaa,BART_010.basePlot.vst,2016-09-19,vst_BART_2016,D01,BART,BART_010,NEON.PLA.D01.BART.05664,single bole tree,10.7,130,10.6
0a411751-a89b-4346-a478-8e0e3bf78ed1,BART_010.basePlot.vst,2016-09-19,vst_BART_2016,D01,BART,BART_010,NEON.PLA.D01.BART.05663,single bole tree,23.3,130,16.7
27034289-45eb-4ddb-8168-395536137b38,BART_013.basePlot.vst,2016-09-20,vst_BART_2016,D01,BART,BART_013,NEON.PLA.D01.BART.05554,single bole tree,11.5,130,5.5
51bb81e5-c53e-44cb-9734-b1c4c22c3545,BART_023.basePlot.vst,2016-09-21,vst_BART_2016,D01,BART,BART_023,NEON.PLA.D01.BART.01809,single bole tree,24.3,130,16.2
5e080246-ffa1-4737-a223-3eda400e39c7,BART_023.basePlot.vst,2016-09-21,vst_BART_2016,D01,BART,BART_023,NEON.PLA.D01.BART.02208,single bole tree,10.0,130,6.5
c7db72be-2212-42b3-9e79-fb5290363081,BART_023.basePlot.vst,2016-09-21,vst_BART_2016,D01,BART,BART_023,NEON.PLA.D01.BART.02220,small tree,1.0,130,3.0
20a81454-f605-40b7-8c17-1d2d0a682c04,BART_006.basePlot.vst,2016-09-21,vst_BART_2016,D01,BART,BART_006,NEON.PLA.D01.BART.02397,single bole tree,14.1,130,13.5
7c07f04a-e07e-4b10-9bf9-4b753a275ac1,BART_002.basePlot.vst,2016-09-27,vst_BART_2016,D01,BART,BART_002,NEON.PLA.D01.BART.01123,single bole tree,10.6,130,13.7
b1d74e80-f679-41c0-92e3-6336b2dc1312,BART_003.basePlot.vst,2016-09-28,vst_BART_2016,D01,BART,BART_003,NEON.PLA.D01.BART.05618,single bole tree,14.8,130,15.7
5f0379eb-38dc-4cf2-9ded-1aacd4d0f015,BART_003.basePlot.vst,2016-09-28,vst_BART_2016,D01,BART,BART_003,NEON.PLA.D01.BART.05613,single bole tree,10.9,130,15.0
