uid,namedLocation,date,eventID,domainID,siteID,plotID,individualID,growthForm,stemDiameter,measurementHeight,height
a36a162d-ed1f-4f80-ae45-88e973855c68,BART_037.basePlot.vst,2015-08-26,vst_BART_2015,D01,BART,BART_037,NEON.PLA.D01.BART.05285,single bole tree,17.1,130,15.2
68dc7adf-48e2-4f7a-9272-9a468fde6d55,BART_037.basePlot.vst,2015-08-26,vst_BART_2015,D01,BART,BART_037,NEON.PLA.D01.BART.05279,single bole tree,13.7,130,9.8
a8951ab9-4462-48dd-ab9e-7b89e24f2e03,BART_044.basePlot.vst,2015-08-26,vst_BART_2015,D01,BART,BART_044,NEON.PLA.D01.BART.05419,single bole tree,12.3,130,7.7
eb348eaf-3969-46a4-ac3b-523c3548efeb,BART_044.basePlot.vst,2015-08-26,vst_BART_2015,D01,BART,BART_044,NEON.PLA.D01.BART.05092,single bole tree,12.1,130,15.2
2a4478ef-5970-40b6-b696-d1167cbe42ac,BART_044.basePlot.vst,2015-08-26,vst_BART_2015,D01,BART,BART_044,NEON.PLA.D01.BART.05443,single bole tree,29.2,130,16.7
e485203e-879e-4b56-b13a-0a6a56f0040f,BART_044.basePlot.vst,2015-08-26,vst_BART_2015,D01,BART,BART_044,NEON.PLA.D01.BART.05432,single bole tree,12.1,130,10.6
280c9049-1915-4d04-b1c1-6442c5aa3b84,BART_044.basePlot.vst,2015-08-26,vst_BART_2015,D01,BART,BART_044,NEON.PLA.D01.BART.05293,single bole tree,23.4,130,18.4
0e5060ec-a6d8-46d1-ba6e-dedb9129931c,BART_044.basePlot.vst,2015-08-26,vst_BART_2015,D01,BART,BART_044,NEON.PLA.D01.BART.05411,single bole tree,39.5,130,19.0
4918cac0-62fb-48c8-ba4c-4de34ac5c8bb,BART_044.basePlot.vst,2015-08-26,vst_BART_2015,D01,BART,BART_044,NEON.PLA.D01.BART.05402,single bole tree,10.0,130,5.7
ef16cb9c-0b68-4e28-8db8-2059fc37d611,BART_044.basePlot.vst,2015-08-26,vst_BART_2015,D01,BART,BART_044,NEON.PLA.D01.BART.05404,single bole tree,10.6,130,8.7
f099e7b2-b06e-4b76-ab19-3e9e3bb30086,BART_044.basePlot.vst,2015-08-26,vst_BART_2015,D01,BART,BART_044,NEON.PLA.D01.BART.05439,single bole tree,24.6,130,19.2
8ba995dd-2aad-48bc-885f-828133ab88bf,BART_044.basePlot.vst,2015-08-26,vst_BART_2015,D01,BART,BART_044,NEON.PLA.D01.BART.05423,single bole tree,38.3,130,19.5
053298ce-e992-4160-8d31-e9f74cae7bbe,BART_037.basePlot.vst,2015-08-26,vst_BART_2015,D01,BART,BART_037,NEON.PLA.D01.BART.05073,single bole tree,44.6,130,17.8
7091a219-e198-4e57-a6eb-a28e2fbd20d9,BART_037.basePlot.vst,2015-08-26,vst_BART_2015,D01,BART,BART_037,NEON.PLA.D01.BART.05079,single bole tree,22.3,130,11.4
8c11dc75-5690-432f-bf05-5a326662de17,BART_044.basePlot.vst,2015-08-26,vst_BART_2015,D01,BART,BART_044,NEON.PLA.D01.BART.05409,single bole tree,36.6,130,18.0
7b439c25-cbba-4383-8ac5-3312397061c5,BART_037.basePlot.vst,2015-08-26,vst_BART_2015,D01,BART,BART_037,NEON.PLA.D01.BART.05080,single bole tree,14.7,130,15.8
7ed2a654-f0e4-4ba8-a192-30df43b87cb8,BART_044.basePlot.vst,2015-08-26,vst_BART_2015,D01,BART,BART_044,NEON.PLA.D01.BART.05408,single bole tree,55.2,130,20.0
c5ac4096-2a48-47e0-b7aa-1ddd302cffa6,BART_044.basePlot.vst,2015-08-26,vst_BART_2015,D01,BART,BART_044,NEON.PLA.D01.BART.05297,single bole tree,33.0,130,13.2
23cdac9a-3cf6-484c-8811-cbc40257cd7c,BART_044.basePlot.vst,2015-08-26,vst_BART_2015,D01,BART,BART_044,NEON.PLA.D01.BART.05099,single bole tree,22.6,130,17.3
0b26f4e1-2d4b-427f-b767-96287e1827d2,BART_044.basePlot.vst,2015-08-26,vst_BART_2015,D01,BART,BART_044,NEON.PLA.D01.BART.05416,single bole tree,53.0,130,19.2
7f9412bd-ebbf-4668-bc33-e60e82555559,BART_044.basePlot.vst,2015-08-26,vst_BART_2015,D01,BART,BART_044,NEON.PLA.D01.BART.05098,single bole tree,21.0,130,12.5
8d6be9a0-7d00-45d4-a03a-4e10b195afef,BART_044.basePlot.vst,2015-08-26,vst_BART_2015,D01,BART,BART_044,NEON.PLA.D01.BART.05401,single bole tree,12.3,130,13.3
c845964f-9474-4769-a842-399a9256cd8b,BART_044.basePlot.vst,2015-08-26,vst_BART_2015,D01,BART,BART_044,NEON.PLA.D01.BART.05296,single bole tree,16.9,130,16.3
51af7a65-fa8a-4461-a03a-0b8db5cafd34,BART_037.basePlot.vst,2015-08-26,vst_BART_2015,D01,BART,BART_037,NEON.PLA.D01.BART.05083,single bole tree,32.1,130,16.2
3cd8983e-ffe8-48fc-b709-061a134f9b67,BART_044.basePlot.vst,2015-08-26,vst_BART_2015,D01,BART,BART_044,NEON.PLA.D01.BART.05414,multi-bole tree,21.9,130,17.6
7324148c-e712-41f6-b6e1-fefe24ae2f5f,BART_044.basePlot.vst,2015-08-26,vst_BART_2015,D01,BART,BART_044,NEON.PLA.D01.BART.05418,single bole tree,28.0,130,15.0
84749a82-d819-428e-a2d4-965cac14c860,BART_044.basePlot.vst,2015-08-26,vst_BART_2015,D01,BART,BART_044,NEON.PLA.D01.BART.05436,single bole tree,20.3,130,17.4
b8ec1627-89c1-4f7d-b2db-cdfa560c84c4,BART_044.basePlot.vst,2015-08-26,vst_BART_2015,D01,BART,BART_044,NEON.PLA.D01.BART.05437,single bole tree,24.3,130,17.3
3a355f6e-8fed-4ea8-b969-53734729a85d,BART_044.basePlot.vst,2015-08-26,vst_BART_2015,D01,BART,BART_044,NEON.PLA.D01.BART.05291,single bole tree,20.6,130,17.6
4fb9cfea-1883-46a5-b23e-e529dd4cc112,BART_044.basePlot.vst,2015-08-26,vst_BART_2015,D01,BART,BART_044,NEON.PLA.D01.BART.05413,single bole tree,13.3,130,14.2
1492f1d8-11c4-4df6-9817-fe44c8673098,BART_044.basePlot.vst,2015-08-26,vst_BART_2015,D01,BART,BART_044,NEON.PLA.D01.BART.05093,single bole tree,19.5,130,18.9
7b94e238-83cf-4e63-81d5-1bf82c4ea3f5,BART_037.basePlot.vst,2015-08-26,vst_BART_2015,D01,BART,BART_037,NEON.PLA.D01.BART.05078,single bole tree,17.5,130,9.7
e3a641f6-8c06-47f5-9ca8-2ed13ead788d,BART_037.basePlot.vst,2015-08-26,vst_BART_2015,D01,BART,BART_037,NEON.PLA.D01.BART.05084,single bole tree,22.8,130,15.6
9c09c4cd-aff3-4b43-8243-4f83f638fade,BART_037.basePlot.vst,2015-08-26,vst_BART_2015,D01,BART,BART_037,NEON.PLA.D01.BART.05082,single bole tree,12.6,130,16.9
2d63d530-93da-442a-8844-f6e913c3a194,BART_044.basePlot.vst,2015-08-26,vst_BART_2015,D01,BART,BART_044,NEON.PLA.D01.BART.05300,single bole tree,17.0,130,16.1
ee528d7e-1c4b-477c-af7a-da058e4958d1,BART_044.basePlot.vst,2015-08-26,vst_BART_2015,D01,BART,BART_044,NEON.PLA.D01.BART.05440,single bole tree,27.0,130,16.4
a5210f06-53bf-482b-90fb-038b390c8493,BART_044.basePlot.vst,2015-08-26,vst_BART_2015,D01,BART,BART_044,NEON.PLA.D01.BART.05403,single bole tree,19.3,130,14.7
aa5f757e-dc90-42d5-ad3c-363ec45cbdcc,BART_037.basePlot.vst,2015-08-26,vst_BART_2015,D01,BART,BART_037,NEON.PLA.D01.BART.05086,single bole tree,11.2,130,6.4
5670d1c1-4931-4256-aa1d-1a452972fd27,BART_037.basePlot.vst,2015-08-26,vst_BART_2015,D01,BART,BART_037,NEON.PLA.D01.BART.05074,single bole tree,13.9,130,15.9
f17a07b7-4abb-4f9b-95b2-a42deb8e6778,BART_037.basePlot.vst,2015-08-26,vst_BART_2015,D01,BART,BART_037,NEON.PLA.D01.BART.05287,single bole tree,13.0,130,10.6
c598a427-4a46-4cd2-a5f3-cfea1636c6ef,BART_037.basePlot.vst,2015-08-26,vst_BART_2015,D01,BART,BART_037,NEON.PLA.D01.BART.05076,single bole tree,10.6,130,11.9
9ac7c5e2-69c3-4b65-be8e-7bfa2aedb22a,BART_044.basePlot.vst,2015-08-26,vst_BART_2015,D01,BART,BART_044,NEON.PLA.D01.BART.05090,single bole tree,14.0,130,10.9
6bdc20c2-e5a9-43c8-a648-ef370967ae2f,BART_037.basePlot.vst,2015-08-26,vst_BART_2015,D01,BART,BART_037,NEON.PLA.D01.BART.05284,single bole tree,33.9,130,16.8
16a0c994-7ed3-400f-9738-8de368176fd6,BART_044.basePlot.vst,2015-08-26,vst_BART_2015,D01,BART,BART_044,NEON.PLA.D01.BART.05088,single bole tree,12.2,130,10.4
6c86c473-4fce-42f5-8ae7-754bff7566e9,BART_044.basePlot.vst,2015-08-26,vst_BART_2015,D01,BART,BART_044,NEON.PLA.D01.BART.05429,single bole tree,22.0,130,11.4
78c0edff-ccc4-4862-8e98-b6e249f5bb9e,BART_044.basePlot.vst,2015-08-26,vst_BART_2015,D01,BART,BART_044,NEON.PLA.D01.BART.05295,single bole tree,26.7,130,15.6
ed2d8148-4ed4-45c0-aacd-43b470ffba8b,BART_044.basePlot.vst,2015-08-26,vst_BART_2015,D01,BART,BART_044,NEON.PLA.D01.BART.05299,single bole tree,13.6,130,8.5
f2314961-a00b-46c9-904d-d00923a753d9,BART_037.basePlot.vst,2015-08-26,vst_BART_2015,D01,BART,BART_037,NEON.PLA.D01.BART.05276,single bole tree,15.5,130,4.7
6728121d-cd4b-49f4-b28f-33be64010cf0,BART_044.basePlot.vst,2015-08-26,vst_BART_2015,D01,BART,BART_044,NEON.PLA.D01.BART.05292,single bole tree,11.0,130,6.6
4306c1b2-1a46-4d8e-bd8b-c09167c54a65,BART_044.basePlot.vst,2015-08-26,vst_BART_2015,D01,BART,BART_044,NEON.PLA.D01.BART.05438,single bole tree,12.1,130,4.0
5e850dc0-8fdd-4de8-b3c0-958c812b663a,BART_037.basePlot.vst,2015-08-26,vst_BART_2015,D01,BART,BART_037,NEON.PLA.D01.BART.05274,single bole tree,12.6,130,12.0
70884cd8-f315-4b28-b7bf-0ec55fb01c85,BART_044.basePlot.vst,2015-08-26,vst_BART_2015,D01,BART,BART_044,NEON.PLA.D01.BART.05427,single bole tree,15.5,130,1.8
95b90db1-8ada-4fb4-bdd1-fcf49c4e06b3,BART_044.basePlot.vst,2015-08-26,vst_BART_2015,D01,BART,BART_044,NEON.PLA.D01.BART.05089,single bole tree,30.2,130,20.0
83f506f2-b575-495f-98f7-64d22fca1ae7,BART_044.basePlot.vst,2015-08-26,vst_BART_2015,D01,BART,BART_044,NEON.PLA.D01.BART.05298,single bole tree,17.1,130,8.6
3c662385-0a88-4345-b2aa-838679682602,BART_037.basePlot.vst,2015-08-26,vst_BART_2015,D01,BART,BART_037,NEON.PLA.D01.BART.05277,single bole tree,25.5,130,17.2
05241e20-3ba9-4cf7-a5bb-679ac3ad1d9a,BART_044.basePlot.vst,2015-08-26,vst_BART_2015,D01,BART,BART_044,NEON.PLA.D01.BART.05410,single bole tree,21.2,130,15.0
e1abf390-eb7a-482c-91e4-3b97b87a4625,BART_037.basePlot.vst,2015-08-26,vst_BART_2015,D01,BART,BART_037,NEON.PLA.D01.BART.05288,single bole tree,18.3,130,13.9
7f7630fa-f0ba-48ef-907d-80de6d3250cf,BART_037.basePlot.vst,2015-08-26,vst_BART_2015,D01,BART,BART_037,NEON.PLA.D01.BART.05081,single bole tree,20.2,130,15.4
09d3208f-3716-41aa-96dd-9ac005236dd8,BART_037.basePlot.vst,2015-08-26,vst_BART_2015,D01,BART,BART_037,NEON.PLA.D01.BART.05085,single bole tree,31.0,130,18.0
cca7d3ea-50c0-41b7-8a1c-d23c819b867a,BART_044.basePlot.vst,2015-08-26,vst_BART_2015,D01,BART,BART_044,NEON.PLA.D01.BART.05430,single bole tree,21.0,130,9.2
487d099d-da5a-49dc-822b-66b4c1136ada,BART_044.basePlot.vst,2015-08-26,vst_BART_2015,D01,BART,BART_044,NEON.PLA.D01.BART.05406,single bole tree,11.8,130,13.0
23ee6fcf-0fda-40b5-a924-764aeadb8e61,BART_044.basePlot.vst,2015-08-26,vst_BART_2015,D01,BART,BART_044,NEON.PLA.D01.BART.05441,single bole tree,24.1,130,15.7
a4c0402b-cff9-4988-a652-ec56ce1aba55,BART_044.basePlot.vst,2015-08-26,vst_BART_2015,D01,BART,BART_044,NEON.PLA.D01.BART.05421,single bole tree,12.0,130,15.2
4d48fa21-bc17-4acc-b795-f33647778b4f,BART_044.basePlot.vst,2015-08-26,vst_BART_2015,D01,BART,BART_044,NEON.PLA.D01.BART.05097,single bole tree,14.3,130,14.7
1f9b6618-05d2-436f-bd0c-697f78c73473,BART_044.basePlot.vst,2015-08-26,vst_BART_2015,D01,BART,BART_044,NEON.PLA.D01.BART.05407,single bole tree,10.5,130,11.5
e7ab8d08-b1a9-4196-a160-91db299a7bf5,BART_044.basePlot.vst,2015-08-26,vst_BART_2015,D01,BART,BART_044,NEON.PLA.D01.BART.05096,single bole tree,26.1,130,18.3
0a9b21bf-50f4-474c-910d-689554321fc2,BART_037.basePlot.vst,2015-08-26,vst_BART_2015,D01,BART,BART_037,NEON.PLA.D01.BART.05072,single bole tree,40.9,130,19.5
975aff1d-a628-4e10-81bc-09126276d86b,BART_037.basePlot.vst,2015-08-26,vst_BART_2015,D01,BART,BART_037,NEON.PLA.D01.BART.05283,single bole tree,10.6,130,13.6
267087c1-e401-4518-8258-387bd79f8fe7,BART_037.basePlot.vst,2015-08-26,vst_BART_2015,D01,BART,BART_037,NEON.PLA.D01.BART.05286,single bole tree,45.0,130,19.1
f8a9903f-c0e8-495f-9e95-02de958f4d4d,BART_037.basePlot.vst,2015-08-26,vst_BART_2015,D01,BART,BART_037,NEON.PLA.D01.BART.05075,single bole tree,33.8,130,12.9
a17ba929-7ad7-457b-b2ba-813c9e6a68da,BART_044.basePlot.vst,2015-08-26,vst_BART_2015,D01,BART,BART_044,NEON.PLA.D01.BART.05289,single bole tree,36.4,130,18.5
1f144a3d-fc2c-4d7e-99ee-2c689f1bd557,BART_044.basePlot.vst,2015-08-26,vst_BART_2015,D01,BART,BART_044,NEON.PLA.D01.BART.05405,single bole tree,21.5,130,14.3
bc4dbe8a-9d04-4567-a49a-e8f930f66aec,BART_044.basePlot.vst,2015-08-26,vst_BART_2015,D01,BART,BART_044,NEON.PLA.D01.BART.05091,single bole tree,25.8,130,16.3
48e4c173-3c8e-4763-9282-366163373ebd,BART_044.basePlot.vst,2015-08-26,vst_BART_2015,D01,BART,BART_044,NEON.PLA.D01.BART.05415,single bole tree,12.5,130,10.4
4077b889-5c17-4004-9807-5e0d311b8a2e,BART_037.basePlot.vst,2015-08-26,vst_BART_2015,D01,BART,BART_037,NEON.PLA.D01.BART.05273,single bole tree,10.3,130,11.5
95092909-cae8-4ed0-b31a-e449220829bd,BART_044.basePlot.vst,2015-08-26,vst_BART_2015,D01,BART,BART_044,NEON.PLA.D01.BART.05095,single bole tree,12.7,130,9.1
2a91157c-41dc-4ba2-82cc-5f461e79e5ad,BART_044.basePlot.vst,2015-08-26,vst_BART_2015,D01,BART,BART_044,NEON.PLA.D01.BART.05442,single bole tree,13.4,130,10.4
a411918f-9e0e-400f-a558-7b12f04f3a70,BART_044.basePlot.vst,2015-08-26,vst_BART_2015,D01,BART,BART_044,NEON.PLA.D01.BART.05412,single bole tree,19.8,130,20.9
c267691d-6962-4afa-97e7-4a9de9983f24,BART_037.basePlot.vst,2015-08-26,vst_BART_2015,D01,BART,BART_037,NEON.PLA.D01.BART.05223,single bole tree,2.0,10,0.5
f4cb1dca-1190-45f9-9874-ff4453400ebd,BART_044.basePlot.vst,2015-08-26,vst_BART_2015,D01,BART,BART_044,NEON.PLA.D01.BART.05435,single bole tree,25.5,130,19.2
16e27856-0400-4d72-9f32-db5e9fa29e2b,BART_037.basePlot.vst,2015-08-26,vst_BART_2015,D01,BART,BART_037,NEON.PLA.D01.BART.05282,single bole tree,12.3,130,11.0
d9046da6-47a6-4833-88ed-63dee9d8b782,BART_044.basePlot.vst,2015-08-26,vst_BART_2015,D01,BART,BART_044,NEON.PLA.D01.BART.05417,single bole tree,15.6,130,15.8
94da520b-17c3-4de7-89ee-ee69347f96ae,BART_044.basePlot.vst,2015-08-26,vst_BART_2015,D01,BART,BART_044,NEON.PLA.D01.BART.05422,single bole tree,13.5,130,8.1
06d8a657-4315-47e0-bc7a-b2317866462e,BART_044.basePlot.vst,2015-08-26,vst_BART_2015,D01,BART,BART_044,NEON.PLA.D01.BART.05431,single bole tree,21.1,130,14.3
b30bd613-4e45-4406-870e-0c95b57d6f36,BART_037.basePlot.vst,2015-08-26,vst_BART_2015,D01,BART,BART_037,NEON.PLA.D01.BART.05077,single bole tree,12.6,130,11.8
ec2a4960-b091-45ad-8204-dd7f6db7617d,BART_044.basePlot.vst,2015-08-26,vst_BART_2015,D01,BART,BART_044,NEON.PLA.D01.BART.05294,multi-bole tree,12.7,130,6.9
fd6df46d-0622-4199-b933-f5602e32e518,BART_044.basePlot.vst,2015-08-26,vst_BART_2015,D01,BART,BART_044,NEON.PLA.D01.BART.05433,single bole tree,10.0,130,12.0
71fc416a-8335-4ec5-b48d-b3e449a0e8bc,BART_044.basePlot.vst,2015-08-26,vst_BART_2015,D01,BART,BART_044,NEON.PLA.D01.BART.05290,single bole tree,10.1,130,7.4
cfa31b6c-77d0-4c52-a21d-bd2a50a21199,BART_044.basePlot.vst,2015-08-26,vst_BART_2015,D01,BART,BART_044,NEON.PLA.D01.BART.05420,single bole tree,28.8,130,19.2
97ebd396-0d95-4d4e-a2b9-2c77dfab095c,BART_044.basePlot.vst,2015-08-26,vst_BART_2015,D01,BART,BART_044,NEON.PLA.D01.BART.05100,single bole tree,10.0,130,6.6
85db771d-f60d-45bd-8309-3a4f7d7c2b7b,BART_040.basePlot.vst,2015-08-27,vst_BART_2015,D01,BART,BART_040,NEON.PLA.D01.BART.03631,single bole tree,21.8,130,12.8
fbaab324-4fd4-4461-a422-fefedbcd3e91,BART_073.basePlot.vst,2015-08-27,vst_BART_2015,D01,BART,BART_073,NEON.PLA.D01.BART.00136,single bole tree,13.4,130,16.2
2cd7583f-d0db-4ba1-9dc8-1b041bdb5a60,BART_073.basePlot.vst,2015-08-27,vst_BART_2015,D01,BART,BART_073,NEON.PLA.D01.BART.03939,single bole tree,21.2,130,11.5
6317c5bb-0af4-41eb-9eb4-b5fa436b90f3,BART_037.basePlot.vst,2015-08-27,vst_BART_2015,D01,BART,BART_037,NEON.PLA.D01.BART.05269,single bole tree,38.9,130,14.7
308f1b23-bf13-4a88-97bc-bfccee7845ca,BART_040.basePlot.vst,2015-08-27,vst_BART_2015,D01,BART,BART_040,NEON.PLA.D01.BART.03761,single bole tree,53.9,130,22.7
6c26898d-440d-45a0-aaec-3762d7d12e26,BART_073.basePlot.vst,2015-08-27,vst_BART_2015,D01,BART,BART_073,NEON.PLA.D01.BART.03682,single bole tree,25.2,130,16.9
eed006a9-2162-4f2c-8cf6-801f98c3e846,BART_074.basePlot.vst,2015-08-27,vst_BART_2015,D01,BART,BART_074,NEON.PLA.D01.BART.05202,single bole tree,33.5,130,18.5
14f219b8-a696-4d84-b8a8-1e151a59d63b,BART_073.basePlot.vst,2015-08-27,vst_BART_2015,D01,BART,BART_073,NEON.PLA.D01.BART.03679,single bole tree,17.1,130,12.5
5727303b-bd89-4760-860a-cdbcbb36e66e,BART_040.basePlot.vst,2015-08-27,vst_BART_2015,D01,BART,BART_040,NEON.PLA.D01.BART.03898,single bole tree,21.5,130,15.6
6531cf25-8c58-4158-addb-e6b1f5d9b64d,BART_073.basePlot.vst,2015-08-27,vst_BART_2015,D01,BART,BART_073,NEON.PLA.D01.BART.03934,sapling,16.2,130,9.0
fdfa8037-3929-4298-a932-1cbe88124a08,BART_073.basePlot.vst,2015-08-27,vst_BART_2015,D01,BART,BART_073,NEON.PLA.D01.BART.03683,single bole tree,14.4,130,8.1
85be0b83-1521-4073-98d5-455f3048c116,BART_073.basePlot.vst,2015-08-27,vst_BART_2015,D01,BART,BART_073,NEON.PLA.D01.BART.03920,multi-bole tree,23.5,130,11.1
b9525e29-57b5-4886-9c24-7b71a865830f,BART_073.basePlot.vst,2015-08-27,vst_BART_2015,D01,BART,BART_073,NEON.PLA.D01.BART.03917,single bole tree,29.8,130,17.3
05f75e10-c348-423e-bdc6-38222988a3f4,BART_073.basePlot.vst,2015-08-27,vst_BART_2015,D01,BART,BART_073,NEON.PLA.D01.BART.03938,single bole tree,9.8,130,11.3
df074a86-07e7-482d-bbaf-2ea3f5addd2e,BART_073.basePlot.vst,2015-08-27,vst_BART_2015,D01,BART,BART_073,NEON.PLA.D01.BART.03936,single bole tree,20.2,130,13.1
be623f24-4e09-4b39-9a17-984dcee4cf2e,BART_074.basePlot.vst,2015-08-27,vst_BART_2015,D01,BART,BART_074,NEON.PLA.D01.BART.05223,single bole tree,17.8,80,11.9
826d26c1-c766-4fda-bbde-a0c92aabf6a7,BART_073.basePlot.vst,2015-08-27,vst_BART_2015,D01,BART,BART_073,NEON.PLA.D01.BART.03681,single bole tree,27.8,130,16.3
1ff17599-40fd-4bf1-bad8-64881d62ac74,BART_074.basePlot.vst,2015-08-27,vst_BART_2015,D01,BART,BART_074,NEON.PLA.D01.BART.05207,single bole tree,31.6,130,12.1
be7ba56b-fb0f-465d-81cd-bc8021cc0d3b,BART_073.basePlot.vst,2015-08-27,vst_BART_2015,D01,BART,BART_073,NEON.PLA.D01.BART.03919,single bole tree,19.5,130,17.0
a8a83380-8471-45ab-b285-69bd9d6555cf,BART_037.basePlot.vst,2015-08-27,vst_BART_2015,D01,BART,BART_037,NEON.PLA.D01.BART.05061,single bole tree,16.2,130,16.7
d994cf1a-dcb0-42b6-b3b7-8151ff420e60,BART_074.basePlot.vst,2015-08-27,vst_BART_2015,D01,BART,BART_074,NEON.PLA.D01.BART.05214,single bole tree,11.7,130,5.1
69f7eb68-e1e5-4419-b47a-626bfc728acb,BART_040.basePlot.vst,2015-08-27,vst_BART_2015,D01,BART,BART_040,NEON.PLA.D01.BART.03775,single bole tree,14.5,130,12.0
ffaa307a-01bc-4d6f-a86f-299a01d90c45,BART_040.basePlot.vst,2015-08-27,vst_BART_2015,D01,BART,BART_040,NEON.PLA.D01.BART.03893,single bole tree,50.0,130,21.7
0da3e5df-ebf9-4a9b-bd72-a5ba59536630,BART_073.basePlot.vst,2015-08-27,vst_BART_2015,D01,BART,BART_073,NEON.PLA.D01.BART.03901,NA,15.9,130,18.9
64292888-4b19-442e-a530-e6c4554f80cf,BART_037.basePlot.vst,2015-08-27,vst_BART_2015,D01,BART,BART_037,NEON.PLA.D01.BART.05066,single bole tree,24.6,130,16.9
5f1de9e5-3783-40be-a61e-c79af62f3085,BART_073.basePlot.vst,2015-08-27,vst_BART_2015,D01,BART,BART_073,NEON.PLA.D01.BART.03668,single bole tree,14.5,130,10.3
9e8f1d82-2ae5-4029-9d81-919564cfbf63,BART_037.basePlot.vst,2015-08-27,vst_BART_2015,D01,BART,BART_037,NEON.PLA.D01.BART.05280,single bole tree,30.2,130,14.1
e3321283-527f-4ed5-99c9-6d135d81cf59,BART_074.basePlot.vst,2015-08-27,vst_BART_2015,D01,BART,BART_074,NEON.PLA.D01.BART.05134,single bole tree,19.1,115,8.2
d1b451b3-e542-42f9-97d3-2b3d269fae4b,BART_040.basePlot.vst,2015-08-27,vst_BART_2015,D01,BART,BART_040,NEON.PLA.D01.BART.03650,single bole tree,39.8,130,20.0
3fac24ef-e006-490a-aa20-5aa34376f776,BART_074.basePlot.vst,2015-08-27,vst_BART_2015,D01,BART,BART_074,NEON.PLA.D01.BART.05122,single bole tree,17.1,130,14.8
8824f9f0-d1b0-41cf-8bd9-8429c9943eea,BART_073.basePlot.vst,2015-08-27,vst_BART_2015,D01,BART,BART_073,NEON.PLA.D01.BART.03931,single bole tree,27.2,130,17.6
877af636-4b6a-40ca-8b3f-db416580ea41,BART_073.basePlot.vst,2015-08-27,vst_BART_2015,D01,BART,BART_073,NEON.PLA.D01.BART.03932,single bole tree,31.0,130,15.8
f6397ae7-b11c-41d7-a201-ca2ebf35b036,BART_074.basePlot.vst,2015-08-27,vst_BART_2015,D01,BART,BART_074,NEON.PLA.D01.BART.05205,single bole tree,10.5,130,10.7
4bc6bae2-15ae-4e98-8a00-c0caa0a021fb,BART_074.basePlot.vst,2015-08-27,vst_BART_2015,D01,BART,BART_074,NEON.PLA.D01.BART.05142,single bole tree,39.9,130,19.1
bb28569e-720a-48a8-82a9-067647198edc,BART_037.basePlot.vst,2015-08-27,vst_BART_2015,D01,BART,BART_037,NEON.PLA.D01.BART.05268,single bole tree,39.3,130,20.6
afa005c6-41b8-4660-9860-79bdef7bbb69,BART_073.basePlot.vst,2015-08-27,vst_BART_2015,D01,BART,BART_073,NEON.PLA.D01.BART.03699,single bole tree,26.6,130,15.2
8ed1edb6-6d0a-463d-aa6b-f378f8ff50a1,BART_037.basePlot.vst,2015-08-27,vst_BART_2015,D01,BART,BART_037,NEON.PLA.D01.BART.05281,single bole tree,47.9,130,22.0
e87a8f54-8774-4663-bc71-b8eac5d03bef,BART_037.basePlot.vst,2015-08-27,vst_BART_2015,D01,BART,BART_037,NEON.PLA.D01.BART.05062,single bole tree,12.0,130,9.7
1456d622-fc05-498e-a89b-f967a8e7ba70,BART_074.basePlot.vst,2015-08-27,vst_BART_2015,D01,BART,BART_074,NEON.PLA.D01.BART.05120,single bole tree,17.3,130,15.3
89dda486-9e98-4312-9106-8724276f4d95,BART_074.basePlot.vst,2015-08-27,vst_BART_2015,D01,BART,BART_074,NEON.PLA.D01.BART.05215,single bole tree,14.0,130,9.0
a44bc48a-a3a5-4505-92be-84abedf35b0e,BART_073.basePlot.vst,2015-08-27,vst_BART_2015,D01,BART,BART_073,NEON.PLA.D01.BART.03948,single bole tree,35.7,130,17.3
a89fd62e-70e4-4c52-8c24-5aacb47ed856,BART_073.basePlot.vst,2015-08-27,vst_BART_2015,D01,BART,BART_073,NEON.PLA.D01.BART.03684,single bole tree,23.7,130,17.0
97f170df-a80a-4bd1-b998-f2a7d3d3f08e,BART_073.basePlot.vst,2015-08-27,vst_BART_2015,D01,BART,BART_073,NEON.PLA.D01.BART.03676,single bole tree,11.6,130,9.7
57f86582-2cad-4694-a84b-f0aa603f5bc7,BART_073.basePlot.vst,2015-08-27,vst_BART_2015,D01,BART,BART_073,NEON.PLA.D01.BART.03927,single bole tree,24.8,130,18.8
e75c790d-5a9d-47d1-ab2f-3afc2e48f124,BART_073.basePlot.vst,2015-08-27,vst_BART_2015,D01,BART,BART_073,NEON.PLA.D01.BART.03660,single bole tree,10.8,130,7.7
bc806d7f-8c6c-45cf-8ff1-e5b6f3d68cf9,BART_073.basePlot.vst,2015-08-27,vst_BART_2015,D01,BART,BART_073,NEON.PLA.D01.BART.03678,single bole tree,17.7,130,9.5
05b17e1a-617d-4ed8-a8f8-244ac087e3a9,BART_040.basePlot.vst,2015-08-27,vst_BART_2015,D01,BART,BART_040,NEON.PLA.D01.BART.03609,single bole tree,18.1,130,4.3
3db64263-1db6-4a60-aa1a-b12463688d60,BART_040.basePlot.vst,2015-08-27,vst_BART_2015,D01,BART,BART_040,NEON.PLA.D01.BART.03890,single bole tree,44.0,130,18.7
95da11fe-eef4-46bf-b44e-6f1bb7084970,BART_073.basePlot.vst,2015-08-27,vst_BART_2015,D01,BART,BART_073,NEON.PLA.D01.BART.03675,single bole tree,17.9,130,15.6
1e6ba425-29e8-466c-a62c-0ee7a76cc977,BART_040.basePlot.vst,2015-08-27,vst_BART_2015,D01,BART,BART_040,NEON.PLA.D01.BART.03778,single bole tree,13.9,130,12.5
898a2eeb-230d-47b2-b438-11e54fa8b59c,BART_074.basePlot.vst,2015-08-27,vst_BART_2015,D01,BART,BART_074,NEON.PLA.D01.BART.05136,single bole tree,40.8,130,17.9
49ed1c42-dda1-4a93-b22b-aa46e62ba7c8,BART_074.basePlot.vst,2015-08-27,vst_BART_2015,D01,BART,BART_074,NEON.PLA.D01.BART.05141,single bole tree,28.0,130,19.2
99373a1a-4ce5-4822-b2a7-7d91a3560977,BART_037.basePlot.vst,2015-08-27,vst_BART_2015,D01,BART,BART_037,NEON.PLA.D01.BART.05089,single bole tree,17.3,130,15.8
58f02c0e-9711-4b1c-8da1-bcedcedb5b2c,BART_073.basePlot.vst,2015-08-27,vst_BART_2015,D01,BART,BART_073,NEON.PLA.D01.BART.03672,single bole tree,18.7,130,12.9
37b59241-4b50-4dfc-acf3-1a09fd5f277f,BART_073.basePlot.vst,2015-08-27,vst_BART_2015,D01,BART,BART_073,NEON.PLA.D01.BART.03693,single bole tree,18.8,130,18.3
f2a99821-c288-4af4-8c30-11faff8ffd72,BART_074.basePlot.vst,2015-08-27,vst_BART_2015,D01,BART,BART_074,NEON.PLA.D01.BART.05132,single bole tree,33.9,130,19.1
f796b1be-7bf8-4554-81d8-9903d8670155,BART_040.basePlot.vst,2015-08-27,vst_BART_2015,D01,BART,BART_040,NEON.PLA.D01.BART.03891,single bole tree,35.8,130,17.2
302e3779-28dc-4f3b-baff-234d4bd2376c,BART_073.basePlot.vst,2015-08-27,vst_BART_2015,D01,BART,BART_073,NEON.PLA.D01.BART.03698,multi-bole tree,30.5,130,16.6
859326ce-4d5b-43a4-afaf-cd7f119d7a9c,BART_074.basePlot.vst,2015-08-27,vst_BART_2015,D01,BART,BART_074,NEON.PLA.D01.BART.05146,single bole tree,34.1,130,11.7
059861eb-e988-46b9-aef8-22348d757869,BART_037.basePlot.vst,2015-08-27,vst_BART_2015,D01,BART,BART_037,NEON.PLA.D01.BART.05270,single bole tree,22.9,130,14.3
9df7314a-798c-471f-afbe-f0a0b320c696,BART_074.basePlot.vst,2015-08-27,vst_BART_2015,D01,BART,BART_074,NEON.PLA.D01.BART.05209,single bole tree,23.7,130,18.1
83a3f1b0-4163-4d22-9a12-737f2804dc44,BART_073.basePlot.vst,2015-08-27,vst_BART_2015,D01,BART,BART_073,NEON.PLA.D01.BART.03930,single bole tree,11.1,130,7.3
f84c1556-d9ef-458b-be33-be71a4e5dd2f,BART_074.basePlot.vst,2015-08-27,vst_BART_2015,D01,BART,BART_074,NEON.PLA.D01.BART.05137,single bole tree,13.6,130,11.6
7a42b9ce-ae7a-4af7-afb1-bb7b85596b30,BART_073.basePlot.vst,2015-08-27,vst_BART_2015,D01,BART,BART_073,NEON.PLA.D01.BART.03929,single bole tree,14.5,130,11.9
5502c221-3413-4d57-802e-a37c90e3cf3c,BART_073.basePlot.vst,2015-08-27,vst_BART_2015,D01,BART,BART_073,NEON.PLA.D01.BART.03674,single bole tree,11.0,130,10.5
07b75276-654d-4801-9b49-f16f7c89950f,BART_074.basePlot.vst,2015-08-27,vst_BART_2015,D01,BART,BART_074,NEON.PLA.D01.BART.05143,single bole tree,17.5,130,7.7
1f5b2b30-b72f-424b-90b5-f4c6cb3dc23c,BART_074.basePlot.vst,2015-08-27,vst_BART_2015,D01,BART,BART_074,NEON.PLA.D01.BART.05144,single bole tree,28.5,130,13.3
9a4d7c41-c0a3-443c-8946-d71f622b2421,BART_073.basePlot.vst,2015-08-27,vst_BART_2015,D01,BART,BART_073,NEON.PLA.D01.BART.03955,single bole tree,18.9,130,12.7
fe4292ef-bf24-4729-b3ab-5ec637469ada,BART_073.basePlot.vst,2015-08-27,vst_BART_2015,D01,BART,BART_073,NEON.PLA.D01.BART.03664,single bole tree,23.3,130,9.8
b51be0a6-4bb9-4533-aeae-3ba480ec19be,BART_040.basePlot.vst,2015-08-27,vst_BART_2015,D01,BART,BART_040,NEON.PLA.D01.BART.03768,multi-bole tree,10.4,130,8.8
74bbb24c-6d3c-41ba-95a8-4bb89bbe4b20,BART_037.basePlot.vst,2015-08-27,vst_BART_2015,D01,BART,BART_037,NEON.PLA.D01.BART.05071,single bole tree,58.4,130,21.6
c4894b05-d5a4-4367-a27b-4d323dfaa634,BART_074.basePlot.vst,2015-08-27,vst_BART_2015,D01,BART,BART_074,NEON.PLA.D01.BART.05220,single bole tree,18.5,130,10.0
d31dd168-629f-4ccc-9bf9-d9f049805e6d,BART_073.basePlot.vst,2015-08-27,vst_BART_2015,D01,BART,BART_073,NEON.PLA.D01.BART.03935,single bole tree,17.5,130,14.1
fd9a701d-f28c-480f-b8f0-a73a09bfe34e,BART_040.basePlot.vst,2015-08-27,vst_BART_2015,D01,BART,BART_040,NEON.PLA.D01.BART.03636,single bole tree,26.0,130,21.0
c53e94ed-f608-44db-94c3-e025f159b23b,BART_073.basePlot.vst,2015-08-27,vst_BART_2015,D01,BART,BART_073,NEON.PLA.D01.BART.03937,single bole tree,14.9,130,19.4
98306a79-8b2c-4a25-ab62-605ca11ba4ac,BART_073.basePlot.vst,2015-08-27,vst_BART_2015,D01,BART,BART_073,NEON.PLA.D01.BART.03949,single bole tree,13.3,130,15.2
4d30aceb-2fd6-4e51-ad4e-6fca3d98347a,BART_073.basePlot.vst,2015-08-27,vst_BART_2015,D01,BART,BART_073,NEON.PLA.D01.BART.03659,single bole tree,17.8,130,16.7
e48525b3-461f-4a49-96a3-cabfeff12ae9,BART_074.basePlot.vst,2015-08-27,vst_BART_2015,D01,BART,BART_074,NEON.PLA.D01.BART.05203,single bole tree,11.3,130,10.7
3a1e46d2-91d5-49a3-9be3-1f9793d699bf,BART_037.basePlot.vst,2015-08-27,vst_BART_2015,D01,BART,BART_037,NEON.PLA.D01.BART.05063,single bole tree,39.3,130,20.5
01b507f0-74f8-4c97-96d7-4aad98142d28,BART_040.basePlot.vst,2015-08-27,vst_BART_2015,D01,BART,BART_040,NEON.PLA.D01.BART.03645,multi-bole tree,36.0,130,21.6
001770b3-f8fe-47e6-918b-69456fb7602c,BART_073.basePlot.vst,2015-08-27,vst_BART_2015,D01,BART,BART_073,NEON.PLA.D01.BART.03944,multi-bole tree,17.2,130,15.8
dcc52f4a-69b7-4a2f-8500-dcae9d6e38fe,BART_073.basePlot.vst,2015-08-27,vst_BART_2015,D01,BART,BART_073,NEON.PLA.D01.BART.03947,single bole tree,12.2,130,8.4
8eb89333-c461-4620-8c9c-f4dc16f08b04,BART_074.basePlot.vst,2015-08-27,vst_BART_2015,D01,BART,BART_074,NEON.PLA.D01.BART.05218,single bole tree,13.6,130,6.5
1d16ad2d-4bb2-456f-b230-19a5a1211fee,BART_040.basePlot.vst,2015-08-27,vst_BART_2015,D01,BART,BART_040,NEON.PLA.D01.BART.03608,multi-bole tree,14.2,130,13.9
6565dfb8-1253-4b03-b927-df3b85b0d7a6,BART_040.basePlot.vst,2015-08-27,vst_BART_2015,D01,BART,BART_040,NEON.PLA.D01.BART.03764,single bole tree,17.5,130,17.4
867e7890-12d7-467b-aa52-6a4aba8f1cc8,BART_037.basePlot.vst,2015-08-27,vst_BART_2015,D01,BART,BART_037,NEON.PLA.D01.BART.05060,single bole tree,11.2,130,8.0
71c036e7-5835-46de-8511-58759136e937,BART_073.basePlot.vst,2015-08-27,vst_BART_2015,D01,BART,BART_073,NEON.PLA.D01.BART.03918,multi-bole tree,26.5,130,18.8
72bfc295-0a4d-4a84-827d-547c72f84d50,BART_074.basePlot.vst,2015-08-27,vst_BART_2015,D01,BART,BART_074,NEON.PLA.D01.BART.05212,single bole tree,22.9,130,13.8
6e78fe2e-c8ea-40a4-836f-31c51b517628,BART_074.basePlot.vst,2015-08-27,vst_BART_2015,D01,BART,BART_074,NEON.PLA.D01.BART.05222,single bole tree,15.9,130,13.7
41141bf2-c526-48d0-b267-c1837d1a0fa9,BART_074.basePlot.vst,2015-08-27,vst_BART_2015,D01,BART,BART_074,NEON.PLA.D01.BART.05139,single bole tree,12.4,130,8.0
e7ceb362-9fcb-4ed3-bcc8-b23d9c2266b3,BART_073.basePlot.vst,2015-08-27,vst_BART_2015,D01,BART,BART_073,NEON.PLA.D01.BART.03953,single bole tree,34.5,130,16.8
c004735c-c7d6-4ecd-bcdd-d71fb5185aef,BART_040.basePlot.vst,2015-08-27,vst_BART_2015,D01,BART,BART_040,NEON.PLA.D01.BART.03620,single bole tree,19.2,130,15.0
476d0324-0331-412f-8637-cab8664cc32c,BART_073.basePlot.vst,2015-08-27,vst_BART_2015,D01,BART,BART_073,NEON.PLA.D01.BART.03907,small tree,18.2,130,13.5
58fc2665-ea28-4115-9b7c-08ca2132c96a,BART_074.basePlot.vst,2015-08-27,vst_BART_2015,D01,BART,BART_074,NEON.PLA.D01.BART.05221,single bole tree,30.5,130,16.5
eb33173c-a64f-484d-9f52-7ed5f9b3f2c1,BART_040.basePlot.vst,2015-08-27,vst_BART_2015,D01,BART,BART_040,NEON.PLA.D01.BART.04531,single bole tree,11.5,130,9.0
854c52cb-868f-4447-8977-01f3fa48a4ec,BART_073.basePlot.vst,2015-08-27,vst_BART_2015,D01,BART,BART_073,NEON.PLA.D01.BART.03933,single bole tree,35.8,130,15.8
f79a83e9-d877-4df1-9e77-46929649d71c,BART_074.basePlot.vst,2015-08-27,vst_BART_2015,D01,BART,BART_074,NEON.PLA.D01.BART.05206,single bole tree,54.7,130,18.9
4f3898c0-1cca-4641-998b-b45915b164f4,BART_040.basePlot.vst,2015-08-27,vst_BART_2015,D01,BART,BART_040,NEON.PLA.D01.BART.03632,single bole tree,34.9,130,17.0
f4cd28e8-2313-4bc0-9456-bb42df58dfd8,BART_073.basePlot.vst,2015-08-27,vst_BART_2015,D01,BART,BART_073,NEON.PLA.D01.BART.03945,single bole tree,22.3,130,17.5
8b619bdf-3422-458b-9d48-058958b5f2da,BART_074.basePlot.vst,2015-08-27,vst_BART_2015,D01,BART,BART_074,NEON.PLA.D01.BART.05219,single bole tree,26.4,130,15.9
6c14769f-b36c-4e10-a178-e257baf3fa96,BART_040.basePlot.vst,2015-08-27,vst_BART_2015,D01,BART,BART_040,NEON.PLA.D01.BART.04530,single bole tree,10.1,130,8.6
5881515b-ee85-4863-8a32-f0a55cf4a74e,BART_073.basePlot.vst,2015-08-27,vst_BART_2015,D01,BART,BART_073,NEON.PLA.D01.BART.03680,single bole tree,21.4,130,12.0
05b1f810-673d-4fc9-b8f4-d4426b8c5429,BART_040.basePlot.vst,2015-08-27,vst_BART_2015,D01,BART,BART_040,NEON.PLA.D01.BART.03896,single bole tree,26.5,130,15.9
ff401f7a-3cf4-455f-9d4b-77533d9dbe93,BART_040.basePlot.vst,2015-08-27,vst_BART_2015,D01,BART,BART_040,NEON.PLA.D01.BART.03758,single bole tree,63.7,130,23.0
df1934c6-80e3-4316-be7a-ce2c3e440e6c,BART_037.basePlot.vst,2015-08-27,vst_BART_2015,D01,BART,BART_037,NEON.PLA.D01.BART.05059,single bole tree,13.4,130,12.9
6ea8fd3d-e291-4849-8cc3-c43d7b3450f6,BART_074.basePlot.vst,2015-08-27,vst_BART_2015,D01,BART,BART_074,NEON.PLA.D01.BART.05145,single bole tree,47.8,130,14.3
8897c68d-c840-4691-a70d-81501e750276,BART_037.basePlot.vst,2015-08-27,vst_BART_2015,D01,BART,BART_037,NEON.PLA.D01.BART.05065,single bole tree,20.2,130,17.7
2c459534-e85e-469b-abdc-7e38188835a9,BART_074.basePlot.vst,2015-08-27,vst_BART_2015,D01,BART,BART_074,NEON.PLA.D01.BART.05201,single bole tree,19.5,130,13.9
2e402cb7-aa5f-44c9-a9a9-a7602715bf0b,BART_074.basePlot.vst,2015-08-27,vst_BART_2015,D01,BART,BART_074,NEON.PLA.D01.BART.05149,single bole tree,34.9,130,13.4
dbac02fa-0e28-4a5b-ae5a-c64ce4ab5f91,BART_073.basePlot.vst,2015-08-27,vst_BART_2015,D01,BART,BART_073,NEON.PLA.D01.BART.03671,single bole tree,24.3,130,14.2
522c83d1-192b-4868-b387-4e1b3f5ee3b0,BART_037.basePlot.vst,2015-08-27,vst_BART_2015,D01,BART,BART_037,NEON.PLA.D01.BART.05064,single bole tree,27.9,130,19.1
068c413f-0a71-420f-9a73-92927aff608c,BART_073.basePlot.vst,2015-08-27,vst_BART_2015,D01,BART,BART_073,NEON.PLA.D01.BART.03690,single bole tree,10.0,130,12.0
9d901bfb-13c5-4a36-93aa-9ce2ea29f775,BART_074.basePlot.vst,2015-08-27,vst_BART_2015,D01,BART,BART_074,NEON.PLA.D01.BART.05135,single bole tree,35.1,130,17.3
4b2ebcc3-c389-404c-917c-6237b5092d54,BART_037.basePlot.vst,2015-08-27,vst_BART_2015,D01,BART,BART_037,NEON.PLA.D01.BART.05275,single bole tree,18.5,130,17.0
85968ec0-b6ff-47b1-bea1-7bc931f3a5bc,BART_073.basePlot.vst,2015-08-27,vst_BART_2015,D01,BART,BART_073,NEON.PLA.D01.BART.03921,single bole tree,16.0,130,14.7
f05d6067-5a65-41f9-8a56-1893cef3f0bd,BART_074.basePlot.vst,2015-08-27,vst_BART_2015,D01,BART,BART_074,NEON.PLA.D01.BART.05208,single bole tree,36.4,130,15.9
bb77c32f-2f74-4e4f-b007-6f2266403bcb,BART_037.basePlot.vst,2015-08-27,vst_BART_2015,D01,BART,BART_037,NEON.PLA.D01.BART.05087,single bole tree,32.8,130,19.6
c504fe81-c17e-442a-854d-45595bc81a56,BART_040.basePlot.vst,2015-08-27,vst_BART_2015,D01,BART,BART_040,NEON.PLA.D01.BART.03627,single bole tree,23.0,130,11.2
78ec06fb-c04f-45d0-804d-a4f8a1411ed3,BART_040.basePlot.vst,2015-08-27,vst_BART_2015,D01,BART,BART_040,NEON.PLA.D01.BART.03762,single bole tree,28.0,130,12.7
de287185-61ef-4a07-b0b4-2d31a608311f,BART_073.basePlot.vst,2015-08-27,vst_BART_2015,D01,BART,BART_073,NEON.PLA.D01.BART.03950,single bole tree,36.0,130,19.7
36f75b49-e534-4cc2-9855-38fc490d2fa6,BART_037.basePlot.vst,2015-08-27,vst_BART_2015,D01,BART,BART_037,NEON.PLA.D01.BART.05068,single bole tree,21.5,130,17.4
3f77ed6b-8bc1-4ac7-8c79-5aa9a1c40398,BART_040.basePlot.vst,2015-08-27,vst_BART_2015,D01,BART,BART_040,NEON.PLA.D01.BART.03889,single bole tree,35.8,130,19.4
727e2671-462f-402c-a9d1-929d71f767d3,BART_073.basePlot.vst,2015-08-27,vst_BART_2015,D01,BART,BART_073,NEON.PLA.D01.BART.03902,multi-bole tree,16.7,130,13.4
8975495d-89fa-42e9-a766-353c7c293411,BART_040.basePlot.vst,2015-08-27,vst_BART_2015,D01,BART,BART_040,NEON.PLA.D01.BART.03895,single bole tree,13.7,130,15.1
04127190-2d43-40dc-93d8-278eec9730f0,BART_073.basePlot.vst,2015-08-27,vst_BART_2015,D01,BART,BART_073,NEON.PLA.D01.BART.00994,multi-bole tree,11.7,130,9.2
72e6f381-fd21-4559-a941-9b204f61cfc7,BART_074.basePlot.vst,2015-08-27,vst_BART_2015,D01,BART,BART_074,NEON.PLA.D01.BART.05216,single bole tree,26.0,130,16.5
3a4e331c-4719-47a8-b80d-43ae5d4f234e,BART_074.basePlot.vst,2015-08-27,vst_BART_2015,D01,BART,BART_074,NEON.PLA.D01.BART.05150,single bole tree,22.7,130,17.2
e5e600ad-4a18-4e66-b1b2-bd68e68396e9,BART_040.basePlot.vst,2015-08-27,vst_BART_2015,D01,BART,BART_040,NEON.PLA.D01.BART.03602,multi-bole tree,29.5,130,19.4
ab5ee83b-040f-4326-bfc6-867e9795e704,BART_037.basePlot.vst,2015-08-27,vst_BART_2015,D01,BART,BART_037,NEON.PLA.D01.BART.05278,single bole tree,16.1,130,14.0
e303e432-13a3-466f-ae77-70bb74729a37,BART_074.basePlot.vst,2015-08-27,vst_BART_2015,D01,BART,BART_074,NEON.PLA.D01.BART.05217,single bole tree,16.6,130,13.7
4bd5f135-aa38-4229-a11e-2ae33b6dacd5,BART_073.basePlot.vst,2015-08-27,vst_BART_2015,D01,BART,BART_073,NEON.PLA.D01.BART.03685,single bole tree,25.0,130,7.8
ddc873d0-5ed3-4a68-a0cb-4248fb4a626a,BART_074.basePlot.vst,2015-08-27,vst_BART_2015,D01,BART,BART_074,NEON.PLA.D01.BART.05140,single bole tree,30.4,130,17.2
793bd307-aaf7-488a-9a1e-e45b547757f8,BART_040.basePlot.vst,2015-08-27,vst_BART_2015,D01,BART,BART_040,NEON.PLA.D01.BART.03641,single bole tree,16.2,130,20.0
f2124e2c-b16e-4204-902e-fe31b1be9afa,BART_040.basePlot.vst,2015-08-27,vst_BART_2015,D01,BART,BART_040,NEON.PLA.D01.BART.03757,single bole tree,11.9,130,8.5
5ebe7e4d-ee27-4e92-af6c-d2b181980531,BART_074.basePlot.vst,2015-08-27,vst_BART_2015,D01,BART,BART_074,NEON.PLA.D01.BART.05133,single bole tree,16.7,130,6.2
3602c48e-346b-457e-a0d4-048c76bbcd96,BART_074.basePlot.vst,2015-08-27,vst_BART_2015,D01,BART,BART_074,NEON.PLA.D01.BART.05213,single bole tree,17.4,130,10.0
59834cdf-ba1c-4037-97ae-9b3b98ae3dea,BART_074.basePlot.vst,2015-08-27,vst_BART_2015,D01,BART,BART_074,NEON.PLA.D01.BART.05121,single bole tree,12.8,130,13.1
b0391963-3aaf-47e5-a5a5-bdaaf811b0fa,BART_040.basePlot.vst,2015-08-27,vst_BART_2015,D01,BART,BART_040,NEON.PLA.D01.BART.04527,single bole tree,23.3,130,17.0
16d8d1c8-6708-47b5-9f4d-37797b9008ed,BART_073.basePlot.vst,2015-08-27,vst_BART_2015,D01,BART,BART_073,NEON.PLA.D01.BART.03667,single bole tree,38.4,130,18.0
3e361cad-3f32-46f4-8fe5-76811b8a274e,BART_074.basePlot.vst,2015-08-27,vst_BART_2015,D01,BART,BART_074,NEON.PLA.D01.BART.05210,single bole tree,37.9,120,18.8
527ba8db-2333-4813-bdd1-b03b123c45f3,BART_040.basePlot.vst,2015-08-27,vst_BART_2015,D01,BART,BART_040,NEON.PLA.D01.BART.03781,single bole tree,16.5,130,15.3
d9f5ec1f-5e9e-4d82-bde2-48349e7ce32e,BART_073.basePlot.vst,2015-08-27,vst_BART_2015,D01,BART,BART_073,NEON.PLA.D01.BART.03926,single bole tree,20.2,130,13.4
74487d9a-ee3d-46e3-92e8-a2f580120dcc,BART_073.basePlot.vst,2015-08-27,vst_BART_2015,D01,BART,BART_073,NEON.PLA.D01.BART.03696,NA,24.0,130,16.7
0ffddc35-c19d-41dc-95de-1262ccb8d7b2,BART_073.basePlot.vst,2015-08-27,vst_BART_2015,D01,BART,BART_073,NEON.PLA.D01.BART.03665,multi-bole tree,41.6,130,18.6
59c46ecf-54c7-43bc-9ac2-ac755de0f7b7,BART_073.basePlot.vst,2015-08-27,vst_BART_2015,D01,BART,BART_073,NEON.PLA.D01.BART.03954,single bole tree,16.2,130,30.2
41b00e02-9a98-44d2-b98c-10430ee93e4e,BART_040.basePlot.vst,2015-08-27,vst_BART_2015,D01,BART,BART_040,NEON.PLA.D01.BART.03767,single bole tree,19.5,130,14.2
a04b865e-e1b6-4ede-a5f1-ae6ea814443b,BART_073.basePlot.vst,2015-08-27,vst_BART_2015,D01,BART,BART_073,NEON.PLA.D01.BART.03943,NA,35.4,130,20.3
9ac816f4-c8a3-4bdb-baef-93fb0fc03fc9,BART_073.basePlot.vst,2015-08-27,vst_BART_2015,D01,BART,BART_073,NEON.PLA.D01.BART.03971,single bole tree,24.8,130,19.5
78ebf69c-c2ad-4a11-bc4b-58e74a249c39,BART_040.basePlot.vst,2015-08-27,vst_BART_2015,D01,BART,BART_040,NEON.PLA.D01.BART.03892,single bole tree,35.8,130,21.6
9147d982-c328-4087-9ec9-362faf7113aa,BART_037.basePlot.vst,2015-08-27,vst_BART_2015,D01,BART,BART_037,NEON.PLA.D01.BART.05067,single bole tree,27.9,130,18.3
c1cbec64-928c-4de0-8902-941c29cae85d,BART_073.basePlot.vst,2015-08-27,vst_BART_2015,D01,BART,BART_073,NEON.PLA.D01.BART.03697,single bole tree,13.4,130,14.3
afd2da28-2093-4ce7-ace1-a6fc16b080f2,BART_074.basePlot.vst,2015-08-27,vst_BART_2015,D01,BART,BART_074,NEON.PLA.D01.BART.05204,single bole tree,15.2,130,9.2
cfe30fc7-0359-40e7-8181-4742c4b6c576,BART_037.basePlot.vst,2015-08-27,vst_BART_2015,D01,BART,BART_037,NEON.PLA.D01.BART.05267,single bole tree,25.4,130,18.0
14a0e31f-7f69-40d5-9caf-b09211850b86,BART_040.basePlot.vst,2015-08-27,vst_BART_2015,D01,BART,BART_040,NEON.PLA.D01.BART.03635,single bole tree,14.2,130,14.5
6ccaab44-129f-48b4-91e5-9c833976ae52,BART_073.basePlot.vst,2015-08-27,vst_BART_2015,D01,BART,BART_073,NEON.PLA.D01.BART.03924,single bole tree,18.5,130,13.2
b6c6d10b-8ae3-4814-9b62-c113664f5824,BART_040.basePlot.vst,2015-08-27,vst_BART_2015,D01,BART,BART_040,NEON.PLA.D01.BART.03756,single bole tree,18.3,130,18.0
3bcb738c-c87d-46b8-85b9-ea4ed3e1818b,BART_074.basePlot.vst,2015-08-27,vst_BART_2015,D01,BART,BART_074,NEON.PLA.D01.BART.05211,single bole tree,33.1,130,15.8
e417e5f2-33a0-49a8-bd35-15607fc04d27,BART_040.basePlot.vst,2015-08-27,vst_BART_2015,D01,BART,BART_040,NEON.PLA.D01.BART.03629,single bole tree,26.0,130,16.4
3316b67f-c82e-4e23-8f73-2afa14aa3ba8,BART_037.basePlot.vst,2015-08-27,vst_BART_2015,D01,BART,BART_037,NEON.PLA.D01.BART.05070,single bole tree,15.6,130,15.7
c8ab7e41-02f1-43e4-8d07-4a4cb3f375e7,BART_073.basePlot.vst,2015-08-27,vst_BART_2015,D01,BART,BART_073,NEON.PLA.D01.BART.03700,single bole tree,21.8,130,17.8
282fd17c-350e-49eb-a587-df35cfe442fb,BART_073.basePlot.vst,2015-08-27,vst_BART_2015,D01,BART,BART_073,NEON.PLA.D01.BART.03666,single bole tree,16.3,130,13.2
12a6354b-ed95-4a21-aad6-4ad07966f1a4,BART_040.basePlot.vst,2015-08-27,vst_BART_2015,D01,BART,BART_040,NEON.PLA.D01.BART.03772,single bole tree,29.5,130,17.8
cf63df15-a81f-4ca9-a329-e7e34b11750b,BART_073.basePlot.vst,2015-08-27,vst_BART_2015,D01,BART,BART_073,NEON.PLA.D01.BART.03923,single bole tree,12.5,130,8.7
6cb31c23-26ec-4338-9947-096d2f6fe483,BART_073.basePlot.vst,2015-08-27,vst_BART_2015,D01,BART,BART_073,NEON.PLA.D01.BART.03946,single bole tree,12.5,130,9.5
4170b62d-05eb-4609-97f0-061680dd0c2a,BART_074.basePlot.vst,2015-08-27,vst_BART_2015,D01,BART,BART_074,NEON.PLA.D01.BART.05119,single bole tree,37.3,130,15.1
bdf9c5db-dac8-42ec-8cfd-3f47780debc0,BART_073.basePlot.vst,2015-08-27,vst_BART_2015,D01,BART,BART_073,NEON.PLA.D01.BART.03909,single bole tree,36.5,130,16.2
e0e11695-4a4f-45a3-81f3-eca6e83ae11a,BART_040.basePlot.vst,2015-08-27,vst_BART_2015,D01,BART,BART_040,NEON.PLA.D01.BART.03662,single bole tree,25.0,130,15.5
9b130b6c-44bd-4e07-8b30-ade3012d0793,BART_040.basePlot.vst,2015-08-27,vst_BART_2015,D01,BART,BART_040,NEON.PLA.D01.BART.03799,multi-bole tree,41.4,130,18.9
b7e83791-d034-4b26-b93f-0616ea3a33a6,BART_073.basePlot.vst,2015-08-27,vst_BART_2015,D01,BART,BART_073,NEON.PLA.D01.BART.03940,single bole tree,30.4,130,21.6
0943aa0c-5a73-4fd1-8d8c-de5bdea86d28,BART_073.basePlot.vst,2015-08-27,vst_BART_2015,D01,BART,BART_073,NEON.PLA.D01.BART.03922,single bole tree,12.7,130,13.4
c7a50a5e-d2b0-44ba-a0d2-d8aeea9cec58,BART_073.basePlot.vst,2015-08-27,vst_BART_2015,D01,BART,BART_073,NEON.PLA.D01.BART.03956,single bole tree,14.3,130,9.2
e3912ea5-a049-4754-a3f8-a87da9f2f87b,BART_074.basePlot.vst,2015-08-27,vst_BART_2015,D01,BART,BART_074,NEON.PLA.D01.BART.05131,single bole tree,34.6,130,16.5
e778494b-4948-4fe3-b160-7d9ac0b7c68b,BART_073.basePlot.vst,2015-08-27,vst_BART_2015,D01,BART,BART_073,NEON.PLA.D01.BART.03976,single bole tree,26.5,130,17.8
fc26e963-8b73-4085-8a78-a85d11cd4897,BART_073.basePlot.vst,2015-08-27,vst_BART_2015,D01,BART,BART_073,NEON.PLA.D01.BART.03670,single bole tree,40.1,130,19.8
e2242dda-25d8-47f0-9ed5-ba9f448a4093,BART_073.basePlot.vst,2015-08-27,vst_BART_2015,D01,BART,BART_073,NEON.PLA.D01.BART.03957,small tree,10.8,130,8.5
645daf5e-f060-4f87-9dad-233c199e010c,BART_037.basePlot.vst,2015-08-27,vst_BART_2015,D01,BART,BART_037,NEON.PLA.D01.BART.05272,single bole tree,59.5,130,23.3
622b9334-093e-482d-b304-ffcd1f266c30,BART_042.basePlot.vst,2015-08-31,vst_BART_2015,D01,BART,BART_042,NEON.PLA.D01.BART.03029,single bole tree,13.6,130,6.7
26ed1d04-a923-431a-bd66-f51002afdee5,BART_075.basePlot.vst,2015-08-31,vst_BART_2015,D01,BART,BART_075,NEON.PLA.D01.BART.04496,multi-bole tree,32.3,130,14.9
a15e863d-6c8e-4231-9a52-6bc64cf53605,BART_042.basePlot.vst,2015-08-31,vst_BART_2015,D01,BART,BART_042,NEON.PLA.D01.BART.03044,single bole tree,24.6,130,13.2
d31fa766-f35c-4ac6-90fe-d1094d2b368e,BART_042.basePlot.vst,2015-08-31,vst_BART_2015,D01,BART,BART_042,NEON.PLA.D01.BART.03414,single bole tree,11.5,130,15.8
830f50af-e60b-4d38-a86b-0108070a83e0,BART_042.basePlot.vst,2015-08-31,vst_BART_2015,D01,BART,BART_042,NEON.PLA.D01.BART.03177,single bole tree,16.5,130,15.1
ea5135d7-96f4-4c60-88c4-7a1de7903623,BART_042.basePlot.vst,2015-08-31,vst_BART_2015,D01,BART,BART_042,NEON.PLA.D01.BART.03169,single bole tree,15.5,130,12.7
477f7c9c-0b5e-4c8e-9555-ef517887a909,BART_075.basePlot.vst,2015-08-31,vst_BART_2015,D01,BART,BART_075,NEON.PLA.D01.BART.03233,single bole tree,25.5,130,16.1
6343faac-40b7-4356-891b-cef3f460ceee,BART_075.basePlot.vst,2015-08-31,vst_BART_2015,D01,BART,BART_075,NEON.PLA.D01.BART.04499,single bole tree,27.5,130,18.5
d3609bbe-059f-4e58-8ce9-677b9892284a,BART_075.basePlot.vst,2015-08-31,vst_BART_2015,D01,BART,BART_075,NEON.PLA.D01.BART.03268,multi-bole tree,27.4,130,18.0
f320db1c-2eed-4614-881a-0bd4691dc035,BART_042.basePlot.vst,2015-08-31,vst_BART_2015,D01,BART,BART_042,NEON.PLA.D01.BART.03173,single bole tree,38.7,130,13.4
834664e2-f364-4ae3-92f9-f77ebf4038d3,BART_075.basePlot.vst,2015-08-31,vst_BART_2015,D01,BART,BART_075,NEON.PLA.D01.BART.03231,single bole tree,27.6,130,15.8
43f5b1a2-13ac-47f7-9da0-247ad870bb0d,BART_075.basePlot.vst,2015-08-31,vst_BART_2015,D01,BART,BART_075,NEON.PLA.D01.BART.03278,single bole tree,12.2,130,9.4
d89a0e44-ef78-46e9-8a13-3ff7efbf8a50,BART_075.basePlot.vst,2015-08-31,vst_BART_2015,D01,BART,BART_075,NEON.PLA.D01.BART.03267,single bole tree,17.5,130,14.0
cb601fdd-fa59-4496-afd6-9f57b146ff32,BART_042.basePlot.vst,2015-08-31,vst_BART_2015,D01,BART,BART_042,NEON.PLA.D01.BART.03168,single bole tree,17.9,130,10.3
f7f72c4e-4d82-497a-a7b3-3c8397522361,BART_042.basePlot.vst,2015-08-31,vst_BART_2015,D01,BART,BART_042,NEON.PLA.D01.BART.03021,single bole tree,19.5,130,6.3
835b3eb1-3281-4112-b640-cd87dc2e850c,BART_042.basePlot.vst,2015-08-31,vst_BART_2015,D01,BART,BART_042,NEON.PLA.D01.BART.03174,multi-bole tree,26.5,130,14.2
fc426a44-bf65-429c-995f-1cf2e7396fd5,BART_042.basePlot.vst,2015-08-31,vst_BART_2015,D01,BART,BART_042,NEON.PLA.D01.BART.03401,single bole tree,12.2,130,8.7
d8db24f8-4240-4a33-9627-9db4c582cfb0,BART_075.basePlot.vst,2015-08-31,vst_BART_2015,D01,BART,BART_075,NEON.PLA.D01.BART.04494,single bole tree,11.1,130,5.2
9d7f4953-db4c-4e4e-a215-213be42a8df5,BART_042.basePlot.vst,2015-08-31,vst_BART_2015,D01,BART,BART_042,NEON.PLA.D01.BART.03036,single bole tree,13.2,130,8.9
df45e734-ebc2-43bc-b74b-ecebad47a3b2,BART_075.basePlot.vst,2015-08-31,vst_BART_2015,D01,BART,BART_075,NEON.PLA.D01.BART.03232,single bole tree,35.8,130,21.5
6e64f1d7-b613-42ae-aaa3-65b3af7afdda,BART_042.basePlot.vst,2015-08-31,vst_BART_2015,D01,BART,BART_042,NEON.PLA.D01.BART.03037,single bole tree,19.6,130,14.5
1aef9a47-b7a7-49e5-b6c4-82930ff9ff2d,BART_042.basePlot.vst,2015-08-31,vst_BART_2015,D01,BART,BART_042,NEON.PLA.D01.BART.03404,single bole tree,38.0,130,9.3
2be45d75-54dc-4040-bb4a-709fb91641f2,BART_042.basePlot.vst,2015-08-31,vst_BART_2015,D01,BART,BART_042,NEON.PLA.D01.BART.03176,single bole tree,10.2,130,4.3
6a3bd79d-984a-4aad-b9d0-0698ccba53ca,BART_075.basePlot.vst,2015-08-31,vst_BART_2015,D01,BART,BART_075,NEON.PLA.D01.BART.03226,single bole tree,13.4,130,9.2
a5f0d80f-ad27-4ec0-90c6-61bbcbc756e7,BART_042.basePlot.vst,2015-08-31,vst_BART_2015,D01,BART,BART_042,NEON.PLA.D01.BART.03412,single bole tree,14.0,130,8.8
6730054c-a529-4455-a5e1-ef7e3921f4ab,BART_075.basePlot.vst,2015-08-31,vst_BART_2015,D01,BART,BART_075,NEON.PLA.D01.BART.03156,single bole tree,15.0,130,7.2
85fe25e5-2646-40e6-94ce-1598dc19c619,BART_075.basePlot.vst,2015-08-31,vst_BART_2015,D01,BART,BART_075,NEON.PLA.D01.BART.03282,single bole tree,17.9,130,11.0
6b481ad4-18cb-4c2a-8861-2e3454c997e0,BART_075.basePlot.vst,2015-08-31,vst_BART_2015,D01,BART,BART_075,NEON.PLA.D01.BART.03235,single bole tree,13.7,130,9.0
5ceaa652-ae4b-464e-bdcd-8ff35d1824f7,BART_042.basePlot.vst,2015-08-31,vst_BART_2015,D01,BART,BART_042,NEON.PLA.D01.BART.03402,single bole tree,17.1,130,10.6
d9410229-b712-4fcc-be14-afbc79e16f26,BART_042.basePlot.vst,2015-08-31,vst_BART_2015,D01,BART,BART_042,NEON.PLA.D01.BART.03026,single bole tree,33.9,130,10.9
a1db08de-d099-4d2b-80f2-d679d3bd53e2,BART_075.basePlot.vst,2015-08-31,vst_BART_2015,D01,BART,BART_075,NEON.PLA.D01.BART.03159,single bole tree,36.3,130,15.3
eb2f5b07-9fce-4974-8e10-7e8ba173d5dc,BART_075.basePlot.vst,2015-08-31,vst_BART_2015,D01,BART,BART_075,NEON.PLA.D01.BART.03266,single bole tree,10.2,130,6.0
62b646f5-02d9-4ab5-bb82-639d994b07bb,BART_042.basePlot.vst,2015-08-31,vst_BART_2015,D01,BART,BART_042,NEON.PLA.D01.BART.03359,single bole tree,16.0,130,14.2
3e734fba-4f9e-41ad-8d8f-50e66970aa00,BART_075.basePlot.vst,2015-08-31,vst_BART_2015,D01,BART,BART_075,NEON.PLA.D01.BART.03234,single bole tree,20.0,130,15.5
8a88fda7-2922-43ab-b859-b07d15db0ccc,BART_042.basePlot.vst,2015-08-31,vst_BART_2015,D01,BART,BART_042,NEON.PLA.D01.BART.03022,single bole tree,13.6,130,13.0
2b76df42-e0b8-4eb5-8fb6-343fbd326ca4,BART_075.basePlot.vst,2015-08-31,vst_BART_2015,D01,BART,BART_075,NEON.PLA.D01.BART.03285,single bole tree,26.1,130,12.4
3112a82b-a2a2-4920-99ea-df08e90875c1,BART_075.basePlot.vst,2015-08-31,vst_BART_2015,D01,BART,BART_075,NEON.PLA.D01.BART.03110,single bole tree,23.8,130,16.9
d5708da7-3669-43e0-bf42-d411fc993c87,BART_075.basePlot.vst,2015-08-31,vst_BART_2015,D01,BART,BART_075,NEON.PLA.D01.BART.03230,single bole tree,27.2,130,17.1
424d6e89-77fc-40c2-be91-adb78d138b3a,BART_042.basePlot.vst,2015-08-31,vst_BART_2015,D01,BART,BART_042,NEON.PLA.D01.BART.03045,single bole tree,40.0,130,22.5
635806b2-b0b7-49f9-917a-4a8ce5a95adb,BART_075.basePlot.vst,2015-08-31,vst_BART_2015,D01,BART,BART_075,NEON.PLA.D01.BART.03300,single bole tree,34.0,130,17.9
a82e8b4c-ad9a-4058-84f2-6818f9a600a0,BART_075.basePlot.vst,2015-08-31,vst_BART_2015,D01,BART,BART_075,NEON.PLA.D01.BART.03229,single bole tree,21.3,130,12.8
042ac735-56c7-4918-80c3-008f11a1eeae,BART_075.basePlot.vst,2015-08-31,vst_BART_2015,D01,BART,BART_075,NEON.PLA.D01.BART.03241,single bole tree,28.9,130,17.1
1f3c9b2b-bda2-4753-af5b-8e36fa57a016,BART_075.basePlot.vst,2015-08-31,vst_BART_2015,D01,BART,BART_075,NEON.PLA.D01.BART.04001,single bole tree,51.4,130,17.4
ce7c7f83-a310-4c43-9d5a-86b7e35a1412,BART_042.basePlot.vst,2015-08-31,vst_BART_2015,D01,BART,BART_042,NEON.PLA.D01.BART.03407,single bole tree,33.2,130,14.4
8e1264f0-485a-4bd6-b5ba-b05a0d582e63,BART_042.basePlot.vst,2015-08-31,vst_BART_2015,D01,BART,BART_042,NEON.PLA.D01.BART.03030,single bole tree,10.6,130,5.5
560ae9ac-4242-48db-b058-ebaf872bc388,BART_042.basePlot.vst,2015-08-31,vst_BART_2015,D01,BART,BART_042,NEON.PLA.D01.BART.03035,single bole tree,29.7,130,16.0
4b6f053d-42be-403d-8b76-a0dbd360d4f3,BART_075.basePlot.vst,2015-08-31,vst_BART_2015,D01,BART,BART_075,NEON.PLA.D01.BART.03109,single bole tree,15.8,130,13.0
5ada8a9b-8c73-47f7-99c0-e1801e755bb8,BART_075.basePlot.vst,2015-08-31,vst_BART_2015,D01,BART,BART_075,NEON.PLA.D01.BART.03236,single bole tree,32.1,130,20.2
a5cb5a5e-673a-4b67-b0bf-be0aeeb60541,BART_042.basePlot.vst,2015-08-31,vst_BART_2015,D01,BART,BART_042,NEON.PLA.D01.BART.03405,single bole tree,51.9,130,20.1
26ca5e87-bbca-411b-b193-2ee8ca7cf241,BART_042.basePlot.vst,2015-08-31,vst_BART_2015,D01,BART,BART_042,NEON.PLA.D01.BART.03034,single bole tree,20.5,130,10.2
1fa412c5-c56e-492f-b8e4-50addef6751a,BART_042.basePlot.vst,2015-08-31,vst_BART_2015,D01,BART,BART_042,NEON.PLA.D01.BART.03334,multi-bole tree,11.0,130,9.8
3d181ea0-3396-4644-9127-1944f539bdf5,BART_075.basePlot.vst,2015-08-31,vst_BART_2015,D01,BART,BART_075,NEON.PLA.D01.BART.03310,single bole tree,17.0,130,7.7
2895ac5c-65fe-4208-93c1-4f73f8a7908e,BART_042.basePlot.vst,2015-08-31,vst_BART_2015,D01,BART,BART_042,NEON.PLA.D01.BART.03178,single bole tree,22.6,130,10.4
45194842-f17d-40cf-86db-a30a0e779f36,BART_075.basePlot.vst,2015-08-31,vst_BART_2015,D01,BART,BART_075,NEON.PLA.D01.BART.03294,single bole tree,23.2,130,14.2
154a2c7b-9064-45c6-9a2d-e4aff9f58c83,BART_075.basePlot.vst,2015-08-31,vst_BART_2015,D01,BART,BART_075,NEON.PLA.D01.BART.03225,single bole tree,11.0,130,12.4
514886c3-cc4e-4a66-881e-9f4a51183a3c,BART_042.basePlot.vst,2015-08-31,vst_BART_2015,D01,BART,BART_042,NEON.PLA.D01.BART.03040,single bole tree,47.4,130,21.1
8ca1c8c1-ef8a-421e-8220-1d7597792984,BART_042.basePlot.vst,2015-08-31,vst_BART_2015,D01,BART,BART_042,NEON.PLA.D01.BART.03046,single bole tree,40.4,130,20.9
5d705fc1-88ec-4406-b6da-7f8c3e714890,BART_075.basePlot.vst,2015-08-31,vst_BART_2015,D01,BART,BART_075,NEON.PLA.D01.BART.03228,single bole tree,34.0,130,17.6
8f1a3a39-7763-429e-964b-3fad3079abea,BART_075.basePlot.vst,2015-08-31,vst_BART_2015,D01,BART,BART_075,NEON.PLA.D01.BART.03158,single bole tree,17.9,130,6.0
b75f4cc5-4d4d-4909-85a3-4b1ea9a8d4c9,BART_042.basePlot.vst,2015-08-31,vst_BART_2015,D01,BART,BART_042,NEON.PLA.D01.BART.03032,single bole tree,18.8,130,13.9
7d29176c-1a12-45ae-913b-1f254f969e19,BART_075.basePlot.vst,2015-08-31,vst_BART_2015,D01,BART,BART_075,NEON.PLA.D01.BART.03238,single bole tree,49.5,130,14.5
b31a9eb5-d91b-4aa6-bb41-0eddc735fead,BART_075.basePlot.vst,2015-08-31,vst_BART_2015,D01,BART,BART_075,NEON.PLA.D01.BART.03237,single bole tree,35.8,130,18.2
d21a8cc2-f2c1-4a30-97d5-f3427dc930a9,BART_042.basePlot.vst,2015-08-31,vst_BART_2015,D01,BART,BART_042,NEON.PLA.D01.BART.03041,single bole tree,11.6,130,5.2
3cf8780c-7c6d-444b-bfba-d2e8e721a16e,BART_042.basePlot.vst,2015-08-31,vst_BART_2015,D01,BART,BART_042,NEON.PLA.D01.BART.03180,single bole tree,22.0,130,15.0
7294883d-70be-4ed0-aeb8-7e0dcaa82bb6,BART_075.basePlot.vst,2015-08-31,vst_BART_2015,D01,BART,BART_075,NEON.PLA.D01.BART.03283,single bole tree,26.6,130,16.7
88b7ae3d-5699-4e65-b2d4-b2e1f5e54bb9,BART_075.basePlot.vst,2015-08-31,vst_BART_2015,D01,BART,BART_075,NEON.PLA.D01.BART.04078,single bole tree,69.9,130,17.8
8054ccfb-d667-4de8-9f10-3bf3f6a128e3,BART_042.basePlot.vst,2015-08-31,vst_BART_2015,D01,BART,BART_042,NEON.PLA.D01.BART.03409,single bole tree,33.0,130,15.7
3c6a6509-f093-49e0-baf9-17b5975319a4,BART_042.basePlot.vst,2015-08-31,vst_BART_2015,D01,BART,BART_042,NEON.PLA.D01.BART.03172,single bole tree,53.1,130,20.1
ccd0de91-5cbd-4d26-8c7f-7625d6d99d21,BART_042.basePlot.vst,2015-08-31,vst_BART_2015,D01,BART,BART_042,NEON.PLA.D01.BART.03175,single bole tree,23.8,130,10.7
3e912aba-e51d-4e11-ac92-e575cdc5258d,BART_042.basePlot.vst,2015-08-31,vst_BART_2015,D01,BART,BART_042,NEON.PLA.D01.BART.03167,single bole tree,12.1,130,10.9
fc06e22a-e65b-4f97-a00b-1a037b89f238,BART_042.basePlot.vst,2015-08-31,vst_BART_2015,D01,BART,BART_042,NEON.PLA.D01.BART.03042,single bole tree,13.7,130,12.6
374a504d-007b-4aa4-8998-c8eb05d8daff,BART_075.basePlot.vst,2015-08-31,vst_BART_2015,D01,BART,BART_075,NEON.PLA.D01.BART.03224,single bole tree,13.8,130,15.7
beaced44-ba67-45b8-bc95-ff1cd6622796,BART_075.basePlot.vst,2015-08-31,vst_BART_2015,D01,BART,BART_075,NEON.PLA.D01.BART.03284,single bole tree,20.7,130,10.8
2d68d6b3-96e1-47c6-8df6-f8f5e030b291,BART_075.basePlot.vst,2015-08-31,vst_BART_2015,D01,BART,BART_075,NEON.PLA.D01.BART.04498,single bole tree,31.0,130,18.4
757257bf-00b3-4943-9429-ecf84d25e8d2,BART_042.basePlot.vst,2015-08-31,vst_BART_2015,D01,BART,BART_042,NEON.PLA.D01.BART.03179,single bole tree,49.7,130,15.6
2e2c84e8-6ab6-447f-824f-e32e2c06f3f2,BART_042.basePlot.vst,2015-08-31,vst_BART_2015,D01,BART,BART_042,NEON.PLA.D01.BART.03403,single bole tree,34.9,130,13.2
28a0b0ec-c7c3-4857-a2ee-ff33b2fc2c14,BART_075.basePlot.vst,2015-08-31,vst_BART_2015,D01,BART,BART_075,NEON.PLA.D01.BART.03279,single bole tree,20.2,130,8.3
46e42927-ea2d-44b8-ae20-c979e9bc1208,BART_042.basePlot.vst,2015-08-31,vst_BART_2015,D01,BART,BART_042,NEON.PLA.D01.BART.00137,single bole tree,18.0,130,14.4
34c2b391-4a46-46dc-9047-82966799389f,BART_075.basePlot.vst,2015-08-31,vst_BART_2015,D01,BART,BART_075,NEON.PLA.D01.BART.03155,single bole tree,11.4,130,10.2
57ad5ab0-9353-4a9d-9c0a-c5cf02bef2e6,BART_075.basePlot.vst,2015-08-31,vst_BART_2015,D01,BART,BART_075,NEON.PLA.D01.BART.03157,single bole tree,15.8,130,8.6
1584d50b-fbc3-478c-8a02-1b860cd7a311,BART_042.basePlot.vst,2015-08-31,vst_BART_2015,D01,BART,BART_042,NEON.PLA.D01.BART.03038,single bole tree,6.5,130,6.7
70ffb002-0fff-42ce-81a3-b9dd494c3b89,BART_042.basePlot.vst,2015-08-31,vst_BART_2015,D01,BART,BART_042,NEON.PLA.D01.BART.03027,single bole tree,11.6,130,4.0
109a4a3a-30e9-422d-a88e-08b0c3a71666,BART_042.basePlot.vst,2015-08-31,vst_BART_2015,D01,BART,BART_042,NEON.PLA.D01.BART.03182,single bole tree,13.9,130,10.8
cf5326bc-bfa7-4c8e-bb6e-f9ed1c8939a0,BART_075.basePlot.vst,2015-08-31,vst_BART_2015,D01,BART,BART_075,NEON.PLA.D01.BART.03240,single bole tree,10.4,130,9.0
cab32be6-9c37-4130-a637-df15d9738aff,BART_042.basePlot.vst,2015-08-31,vst_BART_2015,D01,BART,BART_042,NEON.PLA.D01.BART.03039,single bole tree,14.3,130,9.4
2452a3f8-d474-4d7e-951c-f451ad55905a,BART_075.basePlot.vst,2015-08-31,vst_BART_2015,D01,BART,BART_075,NEON.PLA.D01.BART.03111,single bole tree,32.6,130,16.2
47ad82c6-5da5-4698-a60c-fe5cc991814a,BART_042.basePlot.vst,2015-08-31,vst_BART_2015,D01,BART,BART_042,NEON.PLA.D01.BART.03031,multi-bole tree,16.5,130,12.5
96a555b3-4a0a-4ac2-84fb-6c1370bd206f,BART_042.basePlot.vst,2015-08-31,vst_BART_2015,D01,BART,BART_042,NEON.PLA.D01.BART.03028,single bole tree,18.0,130,12.3
1469a65b-aef7-486e-9e1d-38b95528de2b,BART_042.basePlot.vst,2015-08-31,vst_BART_2015,D01,BART,BART_042,NEON.PLA.D01.BART.03024,single bole tree,11.0,130,10.1
9700e084-8050-4656-be19-afbc62880e22,BART_042.basePlot.vst,2015-08-31,vst_BART_2015,D01,BART,BART_042,NEON.PLA.D01.BART.03166,single bole tree,13.3,130,6.4
48bb10be-cf62-48d6-8ab7-f5933ac407f6,BART_075.basePlot.vst,2015-08-31,vst_BART_2015,D01,BART,BART_075,NEON.PLA.D01.BART.00306,single bole tree,12.9,130,11.8
c6598fd8-4349-488a-b2d9-e983d9b2e884,BART_075.basePlot.vst,2015-08-31,vst_BART_2015,D01,BART,BART_075,NEON.PLA.D01.BART.03264,single bole tree,44.0,130,18.2
21262bf3-0a4f-4eb6-817f-dab129824bca,BART_075.basePlot.vst,2015-08-31,vst_BART_2015,D01,BART,BART_075,NEON.PLA.D01.BART.03242,single bole tree,22.6,130,17.6
0f621932-83b9-4b74-8dd5-600311641a8f,BART_042.basePlot.vst,2015-08-31,vst_BART_2015,D01,BART,BART_042,NEON.PLA.D01.BART.03171,single bole tree,17.8,130,13.0
f0af87fd-0006-440e-98cb-df78d97d7984,BART_042.basePlot.vst,2015-08-31,vst_BART_2015,D01,BART,BART_042,NEON.PLA.D01.BART.03170,single bole tree,10.4,130,11.1
1472f5eb-5c0f-4276-ad4d-39fd904894a4,BART_042.basePlot.vst,2015-08-31,vst_BART_2015,D01,BART,BART_042,NEON.PLA.D01.BART.03406,single bole tree,21.7,130,12.5
123b2ae4-6e30-44fb-b989-1d1dee69d8c8,BART_075.basePlot.vst,2015-08-31,vst_BART_2015,D01,BART,BART_075,NEON.PLA.D01.BART.03287,single bole tree,36.3,130,8.6
004c05f9-38e2-4d0e-b3e5-b43edc9af6eb,BART_075.basePlot.vst,2015-08-31,vst_BART_2015,D01,BART,BART_075,NEON.PLA.D01.BART.04500,single bole tree,15.5,130,11.8
9acc99ea-6d04-4e5a-ac9b-ba0e3a5f4a77,BART_075.basePlot.vst,2015-08-31,vst_BART_2015,D01,BART,BART_075,NEON.PLA.D01.BART.03280,single bole tree,43.6,130,16.3
b13d2ac1-e9c2-4660-b380-498d9a6f8897,BART_042.basePlot.vst,2015-08-31,vst_BART_2015,D01,BART,BART_042,NEON.PLA.D01.BART.03181,single bole tree,30.6,130,2.8
40d26cf4-fcdb-47c8-8a58-b65e7e8d98b0,BART_042.basePlot.vst,2015-08-31,vst_BART_2015,D01,BART,BART_042,NEON.PLA.D01.BART.03411,single bole tree,13.3,130,8.3
27df8b0c-257c-4561-b5dd-2bbd312253ec,BART_042.basePlot.vst,2015-08-31,vst_BART_2015,D01,BART,BART_042,NEON.PLA.D01.BART.03043,multi-bole tree,18.2,130,14.7
c75417ff-a21a-4377-a9fb-1ccb818180c1,BART_075.basePlot.vst,2015-08-31,vst_BART_2015,D01,BART,BART_075,NEON.PLA.D01.BART.03239,single bole tree,13.9,130,9.3
3db38145-9f84-40d8-bae6-4b8d50a631a4,BART_042.basePlot.vst,2015-08-31,vst_BART_2015,D01,BART,BART_042,NEON.PLA.D01.BART.03408,single bole tree,25.5,130,9.2
829ed6a3-4977-4b07-9185-5c860b7c8647,BART_042.basePlot.vst,2015-08-31,vst_BART_2015,D01,BART,BART_042,NEON.PLA.D01.BART.03183,single bole tree,20.3,130,11.7
7f14a92b-9a0b-41e1-a1c0-624773a695f8,BART_075.basePlot.vst,2015-08-31,vst_BART_2015,D01,BART,BART_075,NEON.PLA.D01.BART.03265,single bole tree,10.1,130,7.4
bdd2f785-7f92-4dbe-831a-9b3df030ab1a,BART_042.basePlot.vst,2015-08-31,vst_BART_2015,D01,BART,BART_042,NEON.PLA.D01.BART.03025,single bole tree,27.5,130,3.6
ca75720c-c4f2-4731-bf8d-75fdb51f328c,BART_075.basePlot.vst,2015-08-31,vst_BART_2015,D01,BART,BART_075,NEON.PLA.D01.BART.03281,single bole tree,13.3,130,9.4
b1f2b55b-cf59-45f3-afbb-1f58f1d59a6d,BART_075.basePlot.vst,2015-08-31,vst_BART_2015,D01,BART,BART_075,NEON.PLA.D01.BART.03286,single bole tree,11.0,130,13.6
50d17381-c402-4324-843b-896a5fa3a0c8,BART_042.basePlot.vst,2015-08-31,vst_BART_2015,D01,BART,BART_042,NEON.PLA.D01.BART.03023,single bole tree,32.5,130,15.2
