uid,namedLocation,date,eventID,domainID,siteID,plotID,individualID,growthForm,stemDiameter,measurementHeight,height
6d02b31e-beb6-4ed5-af40-5b992e817c16,BLAN_035.basePlot.vst,2016-09-09,vst_BLAN_2016,D02,BLAN,BLAN_035,NEON.PLA.D02.BLAN.13298,single bole tree,10.8,130,6.5
8a44f4bd-5d8a-4dcf-bbd6-3a8cfd27a1fb,BLAN_052.basePlot.vst,2016-09-09,vst_BLAN_2016,D02,BLAN,BLAN_052,NEON.PLA.D02.BLAN.08168,single bole tree,17.4,130,7.0
9cc5fa2a-3d45-45c9-becd-4c21ca08241c,BLAN_052.basePlot.vst,2016-09-09,vst_BLAN_2016,D02,BLAN,BLAN_052,NEON.PLA.D02.BLAN.00082,single bole tree,11.6,130,6.0
7d0e81bf-c3cb-4cce-b46f-dfeae051be85,BLAN_052.basePlot.vst,2016-09-09,vst_BLAN_2016,D02,BLAN,BLAN_052,NEON.PLA.D02.BLAN.08167,single bole tree,12.3,130,5.9
79dbd105-e708-4d9d-b509-b770b7036efb,BLAN_052.basePlot.vst,2016-09-09,vst_BLAN_2016,D02,BLAN,BLAN_052,NEON.PLA.D02.BLAN.08218,single bole tree,13.0,130,6.5
f83405e9-627a-4708-99be-e776db0fbfdb,BLAN_052.basePlot.vst,2016-09-09,vst_BLAN_2016,D02,BLAN,BLAN_052,NEON.PLA.D02.BLAN.13191,single bole tree,10.1,130,NA
f7d2e111-bd0c-4f7f-9830-0bd2672a1147,BLAN_057.basePlot.vst,2016-09-13,vst_BLAN_2016,D02,BLAN,BLAN_057,NEON.PLA.D02.BLAN.05354,small shrub,NA,NA,1.1
d0999f04-ced8-4676-9b77-7e013cd2d112,BLAN_057.basePlot.vst,2016-09-13,vst_BLAN_2016,D02,BLAN,BLAN_057,NEON.PLA.D02.BLAN.05385,single shrub,1.3,130,2.4
385c52c7-3d94-45de-8cd0-834bf70c1129,BLAN_057.basePlot.vst,2016-09-13,vst_BLAN_2016,D02,BLAN,BLAN_057,NEON.PLA.D02.BLAN.05375,single shrub,3.2,130,4.4
61f30be8-1532-4be1-a63d-2487ec10f8da,BLAN_057.basePlot.vst,2016-09-13,vst_BLAN_2016,D02,BLAN,BLAN_057,NEON.PLA.D02.BLAN.08411,single shrub,1.4,130,4.1
d4f7574d-9943-4605-b339-5c982a34370c,BLAN_057.basePlot.vst,2016-09-13,vst_BLAN_2016,D02,BLAN,BLAN_057,NEON.PLA.D02.BLAN.05389,single shrub,7.1,130,5.2
a4b5ed69-edb1-44b6-b37b-20a046afe333,BLAN_057.basePlot.vst,2016-09-13,vst_BLAN_2016,D02,BLAN,BLAN_057,NEON.PLA.D02.BLAN.05365,single shrub,2.4,130,3.0
0ce2c966-1451-490f-a5aa-86056212e5e0,BLAN_057.basePlot.vst,2016-09-13,vst_BLAN_2016,D02,BLAN,BLAN_057,NEON.PLA.D02.BLAN.05372,small tree,6.1,130,3.8
d5c36f33-3fb5-4ed9-a2b5-6aa3158d0708,BLAN_057.basePlot.vst,2016-09-13,vst_BLAN_2016,D02,BLAN,BLAN_057,NEON.PLA.D02.BLAN.00166,single shrub,1.7,130,3.2
3fe8dce6-f415-4530-b634-8eb6eefd0f0b,BLAN_057.basePlot.vst,2016-09-13,vst_BLAN_2016,D02,BLAN,BLAN_057,NEON.PLA.D02.BLAN.05370,single shrub,1.0,130,3.7
24de3de4-6ca2-41e9-8e96-07c1edc1aa32,BLAN_057.basePlot.vst,2016-09-13,vst_BLAN_2016,D02,BLAN,BLAN_057,NEON.PLA.D02.BLAN.05388,single shrub,3.5,130,3.4
c76ba46a-0ca9-4a23-b06f-045b7df5d169,BLAN_057.basePlot.vst,2016-09-13,vst_BLAN_2016,D02,BLAN,BLAN_057,NEON.PLA.D02.BLAN.05367,single shrub,4.2,130,4.4
b7b6e406-6f0e-4339-aaad-b8dc574e8eac,BLAN_057.basePlot.vst,2016-09-13,vst_BLAN_2016,D02,BLAN,BLAN_057,NEON.PLA.D02.BLAN.05359,single shrub,4.4,130,3.7
225477f5-5d84-45a4-9e3f-90aa32fc1033,BLAN_057.basePlot.vst,2016-09-13,vst_BLAN_2016,D02,BLAN,BLAN_057,NEON.PLA.D02.BLAN.08403,single shrub,3.6,130,3.9
963de98c-b47a-4a88-aa38-a5c274bf4777,BLAN_057.basePlot.vst,2016-09-13,vst_BLAN_2016,D02,BLAN,BLAN_057,NEON.PLA.D02.BLAN.05379,single shrub,3.2,130,4.1
166c7816-d13e-4d0f-aaea-eea6a0dd7822,BLAN_057.basePlot.vst,2016-09-13,vst_BLAN_2016,D02,BLAN,BLAN_057,NEON.PLA.D02.BLAN.05383,single shrub,1.9,130,3.4
fc592e28-1eaa-4fe7-9cfb-14a25cd593e8,BLAN_057.basePlot.vst,2016-09-13,vst_BLAN_2016,D02,BLAN,BLAN_057,NEON.PLA.D02.BLAN.05390,single shrub,3.0,130,3.8
b7afef1e-6adc-46e5-a8ed-7096f45771a7,BLAN_057.basePlot.vst,2016-09-13,vst_BLAN_2016,D02,BLAN,BLAN_057,NEON.PLA.D02.BLAN.08406,small shrub,NA,NA,1.2
b1b2e2c5-69f7-49bb-8132-0d0e0fa1787c,BLAN_057.basePlot.vst,2016-09-13,vst_BLAN_2016,D02,BLAN,BLAN_057,NEON.PLA.D02.BLAN.05351,single shrub,4.5,130,4.4
167f2bc5-7bad-40df-adad-0c72af6fd5a5,BLAN_057.basePlot.vst,2016-09-13,vst_BLAN_2016,D02,BLAN,BLAN_057,NEON.PLA.D02.BLAN.05364,single shrub,1.6,130,2.9
cca7fc54-1e1f-4d50-aa1b-6341fc33971b,BLAN_057.basePlot.vst,2016-09-13,vst_BLAN_2016,D02,BLAN,BLAN_057,NEON.PLA.D02.BLAN.08417,single shrub,1.1,130,3.4
ba620256-9108-4d86-a5f1-9e5b3fc10d92,BLAN_057.basePlot.vst,2016-09-13,vst_BLAN_2016,D02,BLAN,BLAN_057,NEON.PLA.D02.BLAN.05362,single shrub,2.8,130,3.6
e8a89419-8e70-44eb-8cb2-3f3a49ae5dea,BLAN_057.basePlot.vst,2016-09-13,vst_BLAN_2016,D02,BLAN,BLAN_057,NEON.PLA.D02.BLAN.08422,small shrub,NA,NA,0.7
c25193a1-62ae-4092-9a49-58589f330d01,BLAN_057.basePlot.vst,2016-09-13,vst_BLAN_2016,D02,BLAN,BLAN_057,NEON.PLA.D02.BLAN.05371,single shrub,2.5,130,3.7
c5782471-5eab-4a14-b2c3-1425aa313115,BLAN_057.basePlot.vst,2016-09-13,vst_BLAN_2016,D02,BLAN,BLAN_057,NEON.PLA.D02.BLAN.05349,single shrub,4.0,130,4.4
d991309e-3c50-4c0b-81dc-02eb3a3acf0e,BLAN_057.basePlot.vst,2016-09-13,vst_BLAN_2016,D02,BLAN,BLAN_057,NEON.PLA.D02.BLAN.05369,single shrub,1.7,130,3.3
dfe957b1-fbaf-4e29-9930-920c83368ba3,BLAN_057.basePlot.vst,2016-09-13,vst_BLAN_2016,D02,BLAN,BLAN_057,NEON.PLA.D02.BLAN.05380,small shrub,NA,NA,0.7
355bb339-d0db-43ee-ae55-1d2485db03fd,BLAN_057.basePlot.vst,2016-09-13,vst_BLAN_2016,D02,BLAN,BLAN_057,NEON.PLA.D02.BLAN.08419,single shrub,2.0,130,3.2
7f0fe61c-6aa2-4bcd-9200-0081e13478e7,BLAN_057.basePlot.vst,2016-09-13,vst_BLAN_2016,D02,BLAN,BLAN_057,NEON.PLA.D02.BLAN.05347,single shrub,5.0,130,4.5
0cd79fd4-f921-4720-ae91-d400a21fa88d,BLAN_057.basePlot.vst,2016-09-13,vst_BLAN_2016,D02,BLAN,BLAN_057,NEON.PLA.D02.BLAN.08403,single shrub,3.9,130,3.9
5c85bb76-c1d1-4d75-8106-f494c4fbddc7,BLAN_057.basePlot.vst,2016-09-13,vst_BLAN_2016,D02,BLAN,BLAN_057,NEON.PLA.D02.BLAN.05387,single shrub,4.5,130,4.2
8fbb21a6-a7ae-4c3e-8ac7-e9dd6eab77e2,BLAN_057.basePlot.vst,2016-09-13,vst_BLAN_2016,D02,BLAN,BLAN_057,NEON.PLA.D02.BLAN.08422,small shrub,NA,NA,0.7
3f211796-e21c-4b32-b95c-f316658b1fab,BLAN_057.basePlot.vst,2016-09-13,vst_BLAN_2016,D02,BLAN,BLAN_057,NEON.PLA.D02.BLAN.05379,single shrub,3.4,130,4.1
2f1b1012-79e9-410a-ae01-dcd77f97a3ad,BLAN_057.basePlot.vst,2016-09-13,vst_BLAN_2016,D02,BLAN,BLAN_057,NEON.PLA.D02.BLAN.05347,single shrub,3.6,130,4.5
af85d6a2-f684-4c2c-aa32-e7bd4fe13d5b,BLAN_057.basePlot.vst,2016-09-13,vst_BLAN_2016,D02,BLAN,BLAN_057,NEON.PLA.D02.BLAN.08432,single shrub,1.9,130,3.8
fe35d411-f6c0-48de-83eb-f6f1a99a7baf,BLAN_057.basePlot.vst,2016-09-13,vst_BLAN_2016,D02,BLAN,BLAN_057,NEON.PLA.D02.BLAN.08417,single shrub,2.3,130,3.4
bb405592-a9a2-42d1-bdad-6890f1ace3e7,BLAN_057.basePlot.vst,2016-09-13,vst_BLAN_2016,D02,BLAN,BLAN_057,NEON.PLA.D02.BLAN.05355,single shrub,1.3,130,3.2
bef293a8-dac9-4555-b444-f1dbcc6696e2,BLAN_057.basePlot.vst,2016-09-13,vst_BLAN_2016,D02,BLAN,BLAN_057,NEON.PLA.D02.BLAN.05375,single shrub,3.3,130,4.4
3d5de747-2a1d-4ad7-8e35-63d1fc52d38d,BLAN_057.basePlot.vst,2016-09-13,vst_BLAN_2016,D02,BLAN,BLAN_057,NEON.PLA.D02.BLAN.05394,single shrub,3.3,130,3.6
9a5d8b61-64ba-4fae-a477-1d28e0eeb9c3,BLAN_057.basePlot.vst,2016-09-13,vst_BLAN_2016,D02,BLAN,BLAN_057,NEON.PLA.D02.BLAN.05393,single shrub,2.5,130,3.5
7dbc3ea0-f6b2-4873-b369-79be6d2d7c25,BLAN_057.basePlot.vst,2016-09-13,vst_BLAN_2016,D02,BLAN,BLAN_057,NEON.PLA.D02.BLAN.05374,single shrub,1.5,130,2.3
b0a4ce6c-1f0a-4a22-adb2-154f5338d319,BLAN_057.basePlot.vst,2016-09-13,vst_BLAN_2016,D02,BLAN,BLAN_057,NEON.PLA.D02.BLAN.05356,single shrub,4.4,130,4.4
899a49c2-4618-4541-9fb5-02fbd8a5aa61,BLAN_057.basePlot.vst,2016-09-13,vst_BLAN_2016,D02,BLAN,BLAN_057,NEON.PLA.D02.BLAN.05348,single shrub,1.5,130,3.3
b9ad24f6-fce3-4ba1-b054-56869e431f69,BLAN_057.basePlot.vst,2016-09-13,vst_BLAN_2016,D02,BLAN,BLAN_057,NEON.PLA.D02.BLAN.05387,single shrub,3.3,130,4.2
33207561-2381-451f-b394-fdf27697352a,BLAN_057.basePlot.vst,2016-09-13,vst_BLAN_2016,D02,BLAN,BLAN_057,NEON.PLA.D02.BLAN.08421,single shrub,2.0,130,3.2
80eb7030-f81c-40e8-9ec5-7eda9c06f80a,BLAN_057.basePlot.vst,2016-09-13,vst_BLAN_2016,D02,BLAN,BLAN_057,NEON.PLA.D02.BLAN.05371,single shrub,2.6,130,3.7
d3c3b1a1-c2b6-4105-ba3f-a32dda76be6b,BLAN_057.basePlot.vst,2016-09-13,vst_BLAN_2016,D02,BLAN,BLAN_057,NEON.PLA.D02.BLAN.05382,single shrub,3.2,130,4.3
e4518041-a24f-4d36-a64b-7f9740792b80,BLAN_057.basePlot.vst,2016-09-13,vst_BLAN_2016,D02,BLAN,BLAN_057,NEON.PLA.D02.BLAN.05387,single shrub,4.3,130,4.2
3fc13465-de61-40b0-8403-a29a68e61454,BLAN_057.basePlot.vst,2016-09-13,vst_BLAN_2016,D02,BLAN,BLAN_057,NEON.PLA.D02.BLAN.05361,single shrub,6.0,130,3.8
b546a6dc-9d55-4b3a-9cac-31a8caf80e55,BLAN_057.basePlot.vst,2016-09-13,vst_BLAN_2016,D02,BLAN,BLAN_057,NEON.PLA.D02.BLAN.05384,single shrub,3.6,130,4.0
b3477168-d4e3-4e9b-8f3f-3ede94d4aa80,BLAN_057.basePlot.vst,2016-09-13,vst_BLAN_2016,D02,BLAN,BLAN_057,NEON.PLA.D02.BLAN.05381,single shrub,1.3,130,3.1
e3c0b117-6e85-439b-99dc-bb40a305ae8f,BLAN_057.basePlot.vst,2016-09-13,vst_BLAN_2016,D02,BLAN,BLAN_057,NEON.PLA.D02.BLAN.08408,single shrub,1.4,130,2.8
ed548742-fec2-4e2b-9c63-5224b70cd57d,BLAN_057.basePlot.vst,2016-09-13,vst_BLAN_2016,D02,BLAN,BLAN_057,NEON.PLA.D02.BLAN.08418,single shrub,2.0,130,3.7
f6cc1efd-3ce7-48c2-bdb8-779bb684ae68,BLAN_057.basePlot.vst,2016-09-13,vst_BLAN_2016,D02,BLAN,BLAN_057,NEON.PLA.D02.BLAN.05375,single shrub,3.0,130,4.4
874910b0-3f82-4694-9575-73f16dbb129f,BLAN_057.basePlot.vst,2016-09-13,vst_BLAN_2016,D02,BLAN,BLAN_057,NEON.PLA.D02.BLAN.05361,single shrub,2.5,130,3.8
0f5cb74a-b7c2-4645-96b0-71fabdde101f,BLAN_057.basePlot.vst,2016-09-13,vst_BLAN_2016,D02,BLAN,BLAN_057,NEON.PLA.D02.BLAN.05361,single shrub,5.2,130,3.8
fc0843fb-453c-4022-84bf-3194e4f857da,BLAN_057.basePlot.vst,2016-09-13,vst_BLAN_2016,D02,BLAN,BLAN_057,NEON.PLA.D02.BLAN.05370,single shrub,2.9,130,3.7
45bdd02e-29df-4801-9e2a-1192c1d3ba46,BLAN_057.basePlot.vst,2016-09-13,vst_BLAN_2016,D02,BLAN,BLAN_057,NEON.PLA.D02.BLAN.08408,single shrub,2.1,130,2.8
c88fa9ab-d968-4892-bf8d-c0b1efd3ed53,BLAN_057.basePlot.vst,2016-09-13,vst_BLAN_2016,D02,BLAN,BLAN_057,NEON.PLA.D02.BLAN.05353,single shrub,4.8,130,4.1
9e341822-abe0-44ed-a2d3-94bd8d5711a4,BLAN_057.basePlot.vst,2016-09-13,vst_BLAN_2016,D02,BLAN,BLAN_057,NEON.PLA.D02.BLAN.05378,single shrub,3.6,130,4.2
c64b66d1-9640-4604-80d1-72d2970ef5fc,BLAN_057.basePlot.vst,2016-09-13,vst_BLAN_2016,D02,BLAN,BLAN_057,NEON.PLA.D02.BLAN.08418,single shrub,2.8,130,3.7
1ceda4eb-1ff8-424f-9f79-776ff9b49d0f,BLAN_057.basePlot.vst,2016-09-13,vst_BLAN_2016,D02,BLAN,BLAN_057,NEON.PLA.D02.BLAN.05392,single shrub,1.3,130,2.2
274ecfca-8ceb-46e5-ab46-107e70268f4b,BLAN_057.basePlot.vst,2016-09-13,vst_BLAN_2016,D02,BLAN,BLAN_057,NEON.PLA.D02.BLAN.05352,single shrub,1.2,130,2.9
1a0fbc44-95ce-4f2e-befe-b4d563758df1,BLAN_057.basePlot.vst,2016-09-13,vst_BLAN_2016,D02,BLAN,BLAN_057,NEON.PLA.D02.BLAN.05369,single shrub,1.6,130,3.3
e401e23f-7a91-4716-af42-c768e516dbbd,BLAN_057.basePlot.vst,2016-09-13,vst_BLAN_2016,D02,BLAN,BLAN_057,NEON.PLA.D02.BLAN.05384,single shrub,3.4,130,4.0
fb673d24-3e32-4caf-a35c-3e0d784d6be6,BLAN_057.basePlot.vst,2016-09-13,vst_BLAN_2016,D02,BLAN,BLAN_057,NEON.PLA.D02.BLAN.05376,single shrub,2.1,130,4.1
b9cafb83-cc61-443b-97a3-62e1f92fde43,BLAN_057.basePlot.vst,2016-09-13,vst_BLAN_2016,D02,BLAN,BLAN_057,NEON.PLA.D02.BLAN.05393,single shrub,3.0,130,3.5
17001c72-867f-4a49-9bba-4a601f7dbc4c,BLAN_057.basePlot.vst,2016-09-13,vst_BLAN_2016,D02,BLAN,BLAN_057,NEON.PLA.D02.BLAN.08402,single shrub,4.1,130,4.1
9ce2cd24-deda-4b44-ba52-c94a748cdcbd,BLAN_057.basePlot.vst,2016-09-13,vst_BLAN_2016,D02,BLAN,BLAN_057,NEON.PLA.D02.BLAN.05350,single shrub,3.3,130,4.2
3dd8fa7d-3f56-41fd-903a-d8f54f17a38a,BLAN_057.basePlot.vst,2016-09-13,vst_BLAN_2016,D02,BLAN,BLAN_057,NEON.PLA.D02.BLAN.08420,small shrub,NA,NA,1.4
3f410817-d674-4177-aa63-89194273d3c8,BLAN_057.basePlot.vst,2016-09-13,vst_BLAN_2016,D02,BLAN,BLAN_057,NEON.PLA.D02.BLAN.08419,single shrub,1.6,130,3.2
fae9f8dc-6831-498b-af71-1781648ea41a,BLAN_057.basePlot.vst,2016-09-13,vst_BLAN_2016,D02,BLAN,BLAN_057,NEON.PLA.D02.BLAN.05362,single shrub,2.8,130,3.6
9e14bb10-bba0-40b8-90df-5ee08c967271,BLAN_057.basePlot.vst,2016-09-13,vst_BLAN_2016,D02,BLAN,BLAN_057,NEON.PLA.D02.BLAN.05355,single shrub,2.5,130,3.2
c0c23a08-6691-40a0-9971-b062504ee8ef,BLAN_057.basePlot.vst,2016-09-13,vst_BLAN_2016,D02,BLAN,BLAN_057,NEON.PLA.D02.BLAN.05360,single shrub,1.7,130,3.0
ef693adc-1169-4623-b920-ae2b01023b06,BLAN_057.basePlot.vst,2016-09-13,vst_BLAN_2016,D02,BLAN,BLAN_057,NEON.PLA.D02.BLAN.05366,single shrub,2.4,130,3.1
e1b78b90-9bb8-4ec6-97ff-d05a97c82d1a,BLAN_057.basePlot.vst,2016-09-13,vst_BLAN_2016,D02,BLAN,BLAN_057,NEON.PLA.D02.BLAN.05374,single shrub,1.3,130,2.3
0082b553-ec87-4042-afc7-dca98ffd07da,BLAN_057.basePlot.vst,2016-09-13,vst_BLAN_2016,D02,BLAN,BLAN_057,NEON.PLA.D02.BLAN.08424,single shrub,1.0,130,3.5
9f847118-3e10-47c2-a95c-bd13c29653d3,BLAN_057.basePlot.vst,2016-09-13,vst_BLAN_2016,D02,BLAN,BLAN_057,NEON.PLA.D02.BLAN.05357,single shrub,1.4,130,2.2
616e5b6a-3426-40a2-a066-95189dc5d3c3,BLAN_057.basePlot.vst,2016-09-13,vst_BLAN_2016,D02,BLAN,BLAN_057,NEON.PLA.D02.BLAN.08431,single shrub,2.3,130,3.6
22a9e4df-e133-4353-af9d-62ea3663f5ba,BLAN_057.basePlot.vst,2016-09-13,vst_BLAN_2016,D02,BLAN,BLAN_057,NEON.PLA.D02.BLAN.05358,small shrub,NA,NA,0.8
8578c202-b118-4763-86b6-51243637ebaa,BLAN_057.basePlot.vst,2016-09-13,vst_BLAN_2016,D02,BLAN,BLAN_057,NEON.PLA.D02.BLAN.05360,single shrub,1.8,130,3.0
d871a66e-7ab6-427b-9e4b-5b6a6ecd5063,BLAN_057.basePlot.vst,2016-09-13,vst_BLAN_2016,D02,BLAN,BLAN_057,NEON.PLA.D02.BLAN.05381,single shrub,1.0,130,3.1
5c0b7b25-c775-43ce-9d04-5281e43a3486,BLAN_057.basePlot.vst,2016-09-13,vst_BLAN_2016,D02,BLAN,BLAN_057,NEON.PLA.D02.BLAN.08411,single shrub,4.2,130,4.1
82a3cc48-36c9-400c-a98f-8a8d00691549,BLAN_057.basePlot.vst,2016-09-13,vst_BLAN_2016,D02,BLAN,BLAN_057,NEON.PLA.D02.BLAN.05382,single shrub,2.6,130,4.3
605f6657-3a89-4ddc-8ee5-5b457bab1b18,BLAN_057.basePlot.vst,2016-09-13,vst_BLAN_2016,D02,BLAN,BLAN_057,NEON.PLA.D02.BLAN.05367,single shrub,4.9,130,4.4
522bb0de-d869-41b8-9235-6e7031e95906,BLAN_057.basePlot.vst,2016-09-13,vst_BLAN_2016,D02,BLAN,BLAN_057,NEON.PLA.D02.BLAN.05371,single shrub,1.4,130,3.7
72804787-9f67-407f-947d-c68ef83dbc0b,BLAN_057.basePlot.vst,2016-09-13,vst_BLAN_2016,D02,BLAN,BLAN_057,NEON.PLA.D02.BLAN.08407,single shrub,4.9,130,5.3
74b75868-3576-456d-82fa-5e77418ed842,BLAN_057.basePlot.vst,2016-09-13,vst_BLAN_2016,D02,BLAN,BLAN_057,NEON.PLA.D02.BLAN.05373,small shrub,NA,NA,1.0
244403ec-37c3-40e1-8cc3-6f16cf96ad64,BLAN_057.basePlot.vst,2016-09-13,vst_BLAN_2016,D02,BLAN,BLAN_057,NEON.PLA.D02.BLAN.08421,single shrub,2.5,130,3.2
55c0e5f0-2ed3-4fad-ace8-dc60716a4efd,BLAN_057.basePlot.vst,2016-09-13,vst_BLAN_2016,D02,BLAN,BLAN_057,NEON.PLA.D02.BLAN.05379,single shrub,2.5,130,4.1
bf127592-a744-4606-bcbc-37cfb381fc31,BLAN_057.basePlot.vst,2016-09-13,vst_BLAN_2016,D02,BLAN,BLAN_057,NEON.PLA.D02.BLAN.05356,single shrub,2.9,130,4.4
1bbe2453-df1f-4cf6-9359-6540064e87f5,BLAN_057.basePlot.vst,2016-09-13,vst_BLAN_2016,D02,BLAN,BLAN_057,NEON.PLA.D02.BLAN.08430,single shrub,3.8,130,4.0
6b64f16d-8657-49bc-8068-14e2154b7907,BLAN_057.basePlot.vst,2016-09-13,vst_BLAN_2016,D02,BLAN,BLAN_057,NEON.PLA.D02.BLAN.08433,small shrub,NA,NA,2.8
a3b63fe7-34b7-4279-a95e-042c4ac8ccd5,BLAN_057.basePlot.vst,2016-09-13,vst_BLAN_2016,D02,BLAN,BLAN_057,NEON.PLA.D02.BLAN.05381,single shrub,1.2,130,3.1
57ba2899-649c-4187-830b-cb8f90f2b4a0,BLAN_057.basePlot.vst,2016-09-13,vst_BLAN_2016,D02,BLAN,BLAN_057,NEON.PLA.D02.BLAN.05384,single shrub,4.1,130,4.0
758d7705-3093-474a-84a1-fc1e211285e8,BLAN_057.basePlot.vst,2016-09-13,vst_BLAN_2016,D02,BLAN,BLAN_057,NEON.PLA.D02.BLAN.08415,small shrub,NA,NA,1.8
18d98fde-64de-4d1f-a739-a8da528dd84a,BLAN_057.basePlot.vst,2016-09-13,vst_BLAN_2016,D02,BLAN,BLAN_057,NEON.PLA.D02.BLAN.05379,single shrub,4.1,130,4.1
318c6746-eb90-4c6f-835b-38409f078d20,BLAN_057.basePlot.vst,2016-09-13,vst_BLAN_2016,D02,BLAN,BLAN_057,NEON.PLA.D02.BLAN.08430,single shrub,1.0,130,4.0
ebfe5dce-eb65-4883-b86a-b12eb90c6854,BLAN_057.basePlot.vst,2016-09-13,vst_BLAN_2016,D02,BLAN,BLAN_057,NEON.PLA.D02.BLAN.05367,single shrub,5.1,130,4.4
265190f1-2b13-4d57-b8f5-f2c457d47122,BLAN_057.basePlot.vst,2016-09-13,vst_BLAN_2016,D02,BLAN,BLAN_057,NEON.PLA.D02.BLAN.08432,single shrub,2.4,130,3.8
28f0014e-cbee-472b-a752-40ba60ba5066,BLAN_057.basePlot.vst,2016-09-13,vst_BLAN_2016,D02,BLAN,BLAN_057,NEON.PLA.D02.BLAN.05391,single shrub,1.0,130,1.8
80f61461-1317-4dc8-ae6b-70f799da07b5,BLAN_057.basePlot.vst,2016-09-13,vst_BLAN_2016,D02,BLAN,BLAN_057,NEON.PLA.D02.BLAN.05364,single shrub,2.8,130,2.9
0c75c29c-d71b-4926-adf7-8ae433878de5,BLAN_057.basePlot.vst,2016-09-13,vst_BLAN_2016,D02,BLAN,BLAN_057,NEON.PLA.D02.BLAN.08416,small shrub,NA,NA,1.5
59b0148d-e744-4d44-8f67-abc8ebb4cfb1,BLAN_057.basePlot.vst,2016-09-13,vst_BLAN_2016,D02,BLAN,BLAN_057,NEON.PLA.D02.BLAN.08417,single shrub,1.4,130,3.4
8d0bdf32-853e-4de6-abc6-03532f724c49,BLAN_057.basePlot.vst,2016-09-13,vst_BLAN_2016,D02,BLAN,BLAN_057,NEON.PLA.D02.BLAN.08432,single shrub,2.1,130,3.8
2e12f87e-a9de-49e7-aa80-a9688bd7ec30,BLAN_057.basePlot.vst,2016-09-13,vst_BLAN_2016,D02,BLAN,BLAN_057,NEON.PLA.D02.BLAN.08432,single shrub,2.1,130,3.8
9b673ab9-65c8-447f-a6d2-5513f2140d5c,BLAN_057.basePlot.vst,2016-09-13,vst_BLAN_2016,D02,BLAN,BLAN_057,NEON.PLA.D02.BLAN.05351,single shrub,4.4,130,4.4
9db7e38b-2a03-4ad6-9667-c0b7c9931f74,BLAN_057.basePlot.vst,2016-09-13,vst_BLAN_2016,D02,BLAN,BLAN_057,NEON.PLA.D02.BLAN.05375,single shrub,2.1,130,4.4
f536f7ff-b8bc-4c2f-9b39-ff3226d70a94,BLAN_057.basePlot.vst,2016-09-13,vst_BLAN_2016,D02,BLAN,BLAN_057,NEON.PLA.D02.BLAN.08424,single shrub,2.9,130,3.5
75874645-3681-4980-910c-0bf3305f2f31,BLAN_057.basePlot.vst,2016-09-13,vst_BLAN_2016,D02,BLAN,BLAN_057,NEON.PLA.D02.BLAN.08431,single shrub,3.9,130,3.6
c1cce4af-5019-4437-bd3e-996582962feb,BLAN_057.basePlot.vst,2016-09-13,vst_BLAN_2016,D02,BLAN,BLAN_057,NEON.PLA.D02.BLAN.05384,single shrub,3.4,130,4.0
85db4f13-e6f5-4a85-b5f1-da4dd8f4e659,BLAN_057.basePlot.vst,2016-09-13,vst_BLAN_2016,D02,BLAN,BLAN_057,NEON.PLA.D02.BLAN.05355,single shrub,1.4,130,3.2
96392c14-f32f-4849-b485-18d63f425a3a,BLAN_057.basePlot.vst,2016-09-13,vst_BLAN_2016,D02,BLAN,BLAN_057,NEON.PLA.D02.BLAN.05382,single shrub,3.3,130,4.3
16c89a6c-84ea-42d9-bb1b-a41ba80007e0,BLAN_057.basePlot.vst,2016-09-13,vst_BLAN_2016,D02,BLAN,BLAN_057,NEON.PLA.D02.BLAN.05361,single shrub,2.3,130,3.8
99863ea2-ab1b-4aa2-92e5-92bee51fa854,BLAN_057.basePlot.vst,2016-09-13,vst_BLAN_2016,D02,BLAN,BLAN_057,NEON.PLA.D02.BLAN.08413,single shrub,7.7,130,4.7
175576f1-0987-441d-9983-60ed2eeefa26,BLAN_057.basePlot.vst,2016-09-13,vst_BLAN_2016,D02,BLAN,BLAN_057,NEON.PLA.D02.BLAN.05390,single shrub,3.5,130,3.8
9f72a479-cadc-4bbb-8ba1-f7eb5a57248c,BLAN_057.basePlot.vst,2016-09-13,vst_BLAN_2016,D02,BLAN,BLAN_057,NEON.PLA.D02.BLAN.08402,single shrub,3.1,130,4.1
783dbca3-8689-4d46-9f41-d254b50ad9a6,BLAN_057.basePlot.vst,2016-09-13,vst_BLAN_2016,D02,BLAN,BLAN_057,NEON.PLA.D02.BLAN.08414,single shrub,2.4,130,4.1
cd243378-dba4-485c-ab5d-95179c9915fc,BLAN_057.basePlot.vst,2016-09-13,vst_BLAN_2016,D02,BLAN,BLAN_057,NEON.PLA.D02.BLAN.05366,single shrub,2.7,130,3.1
e18f6fc7-a636-4ca4-a4ba-e3b47e377763,BLAN_057.basePlot.vst,2016-09-13,vst_BLAN_2016,D02,BLAN,BLAN_057,NEON.PLA.D02.BLAN.05369,single shrub,1.7,130,3.3
156a1663-8423-49ae-944e-9787933b85fb,BLAN_057.basePlot.vst,2016-09-13,vst_BLAN_2016,D02,BLAN,BLAN_057,NEON.PLA.D02.BLAN.05386,small shrub,NA,NA,0.4
0d91795f-9f2e-4f20-a915-8be9dffdfef8,BLAN_057.basePlot.vst,2016-09-13,vst_BLAN_2016,D02,BLAN,BLAN_057,NEON.PLA.D02.BLAN.08408,single shrub,3.1,130,2.8
fb15dc66-f390-491d-b939-87972ec60e15,BLAN_057.basePlot.vst,2016-09-13,vst_BLAN_2016,D02,BLAN,BLAN_057,NEON.PLA.D02.BLAN.05376,single shrub,2.0,130,4.1
9284b335-c97d-4cb9-9961-a7ae9557ae54,BLAN_057.basePlot.vst,2016-09-13,vst_BLAN_2016,D02,BLAN,BLAN_057,NEON.PLA.D02.BLAN.05374,single shrub,1.0,130,2.3
40028784-58e8-4502-91d1-e9b6b5993c1e,BLAN_057.basePlot.vst,2016-09-13,vst_BLAN_2016,D02,BLAN,BLAN_057,NEON.PLA.D02.BLAN.05363,small shrub,NA,NA,3.0
bac04b8f-b020-44aa-8b13-ce046772d9d5,BLAN_053.basePlot.vst,2016-09-14,vst_BLAN_2016,D02,BLAN,BLAN_053,NEON.PLA.D02.BLAN.05740,small shrub,NA,NA,1.1
f6348790-8591-4bee-bc1c-5aedbcdd2894,BLAN_053.basePlot.vst,2016-09-14,vst_BLAN_2016,D02,BLAN,BLAN_053,NEON.PLA.D02.BLAN.05754,single shrub,1.4,130,2.2
bb6ee574-140f-46bd-bcd0-2b85e228d9fc,BLAN_053.basePlot.vst,2016-09-14,vst_BLAN_2016,D02,BLAN,BLAN_053,NEON.PLA.D02.BLAN.05752,single shrub,2.4,130,3.1
28b49f8b-a2d9-4bb6-973a-e1a068ab4d5f,BLAN_053.basePlot.vst,2016-09-14,vst_BLAN_2016,D02,BLAN,BLAN_053,NEON.PLA.D02.BLAN.05741,single shrub,4.0,130,4.1
1f369f7d-22de-4b3c-8198-5eec540f57bd,BLAN_053.basePlot.vst,2016-09-14,vst_BLAN_2016,D02,BLAN,BLAN_053,NEON.PLA.D02.BLAN.05741,single shrub,3.4,130,4.1
9a099161-a09e-4138-a09e-4c2c7acc4b01,BLAN_053.basePlot.vst,2016-09-14,vst_BLAN_2016,D02,BLAN,BLAN_053,NEON.PLA.D02.BLAN.05741,single shrub,4.1,130,4.1
1f78de20-83ef-4ccf-8e5b-905bbb08cad6,BLAN_053.basePlot.vst,2016-09-14,vst_BLAN_2016,D02,BLAN,BLAN_053,NEON.PLA.D02.BLAN.05757,small shrub,NA,NA,1.0
0acd20b1-f886-4421-9546-4c7401189113,BLAN_053.basePlot.vst,2016-09-14,vst_BLAN_2016,D02,BLAN,BLAN_053,NEON.PLA.D02.BLAN.05753,single shrub,4.6,130,3.9
5fb20f75-3290-4d80-8a0a-f2739d9adc06,BLAN_053.basePlot.vst,2016-09-14,vst_BLAN_2016,D02,BLAN,BLAN_053,NEON.PLA.D02.BLAN.05751,single shrub,1.3,130,2.1
44320032-6bf3-42c5-b4d1-cc1946e07000,BLAN_053.basePlot.vst,2016-09-14,vst_BLAN_2016,D02,BLAN,BLAN_053,NEON.PLA.D02.BLAN.05754,single shrub,1.2,130,2.2
0cffcddd-36e9-47c1-b5b2-c7a501c160cb,BLAN_053.basePlot.vst,2016-09-14,vst_BLAN_2016,D02,BLAN,BLAN_053,NEON.PLA.D02.BLAN.05755,small shrub,NA,NA,1.9
01730232-fd89-4bba-96a9-8d0d1d30c0cd,BLAN_053.basePlot.vst,2016-09-14,vst_BLAN_2016,D02,BLAN,BLAN_053,NEON.PLA.D02.BLAN.05756,single shrub,1.0,130,2.1
a1723ad8-69f0-449b-aa3c-0c06cee2e5ca,BLAN_053.basePlot.vst,2016-09-14,vst_BLAN_2016,D02,BLAN,BLAN_053,NEON.PLA.D02.BLAN.05744,small shrub,NA,NA,2.5
9a84bf91-ddc9-4e35-9a38-cf43eeefbe3a,BLAN_053.basePlot.vst,2016-09-14,vst_BLAN_2016,D02,BLAN,BLAN_053,NEON.PLA.D02.BLAN.05752,single shrub,2.5,130,3.1
7441a801-c22a-4e8a-9ee1-3a3d32b400db,BLAN_053.basePlot.vst,2016-09-14,vst_BLAN_2016,D02,BLAN,BLAN_053,NEON.PLA.D02.BLAN.05755,small shrub,NA,NA,1.9
54a25e09-f07d-4c59-b493-67319a80867e,BLAN_053.basePlot.vst,2016-09-14,vst_BLAN_2016,D02,BLAN,BLAN_053,NEON.PLA.D02.BLAN.05744,small shrub,NA,NA,2.5
23c50a48-d942-4c7a-b758-572cb44b9dd8,BLAN_053.basePlot.vst,2016-09-14,vst_BLAN_2016,D02,BLAN,BLAN_053,NEON.PLA.D02.BLAN.05756,single shrub,1.7,130,2.1
dfe660b4-934f-4e61-8696-f1294d31f4cf,BLAN_053.basePlot.vst,2016-09-14,vst_BLAN_2016,D02,BLAN,BLAN_053,NEON.PLA.D02.BLAN.05758,small shrub,NA,NA,1.1
65d28d42-72f0-4a85-8072-5a7e27eb9be9,BLAN_053.basePlot.vst,2016-09-14,vst_BLAN_2016,D02,BLAN,BLAN_053,NEON.PLA.D02.BLAN.05754,single shrub,1.1,130,2.2
0d2ad481-9628-483a-ab55-34d018dafb26,BLAN_053.basePlot.vst,2016-09-14,vst_BLAN_2016,D02,BLAN,BLAN_053,NEON.PLA.D02.BLAN.05742,single shrub,2.6,130,2.7
550866f6-3acd-42f0-80f6-e8686503c76a,BLAN_053.basePlot.vst,2016-09-14,vst_BLAN_2016,D02,BLAN,BLAN_053,NEON.PLA.D02.BLAN.05751,single shrub,1.1,130,2.1
c4076f2e-bd98-47f9-aa7e-c1e36e878bb0,BLAN_053.basePlot.vst,2016-09-14,vst_BLAN_2016,D02,BLAN,BLAN_053,NEON.PLA.D02.BLAN.05754,single shrub,2.8,130,2.2
f74b393f-cb86-498c-9825-99cc6d321633,BLAN_053.basePlot.vst,2016-09-14,vst_BLAN_2016,D02,BLAN,BLAN_053,NEON.PLA.D02.BLAN.05741,single shrub,3.3,130,4.1
1718427e-18ff-446b-b23f-2f05246d03dc,BLAN_053.basePlot.vst,2016-09-14,vst_BLAN_2016,D02,BLAN,BLAN_053,NEON.PLA.D02.BLAN.05755,small shrub,NA,NA,1.9
2806adfa-2f2b-4ffe-b75e-a45718fb886e,BLAN_053.basePlot.vst,2016-09-14,vst_BLAN_2016,D02,BLAN,BLAN_053,NEON.PLA.D02.BLAN.05758,small shrub,NA,NA,1.1
88db4c4d-850f-4864-8a95-ef2804e3f076,BLAN_053.basePlot.vst,2016-09-14,vst_BLAN_2016,D02,BLAN,BLAN_053,NEON.PLA.D02.BLAN.05746,small shrub,NA,NA,1.2
b18b8dd2-ae6f-4973-8c41-1c75e6d060cb,BLAN_053.basePlot.vst,2016-09-14,vst_BLAN_2016,D02,BLAN,BLAN_053,NEON.PLA.D02.BLAN.05750,small shrub,NA,NA,0.8
f590e43d-662a-4b53-8c0d-4cbe619fdf81,BLAN_053.basePlot.vst,2016-09-14,vst_BLAN_2016,D02,BLAN,BLAN_053,NEON.PLA.D02.BLAN.05740,small shrub,NA,NA,1.1
12eebb8b-9062-470f-b781-9c9c86b4d92a,BLAN_053.basePlot.vst,2016-09-14,vst_BLAN_2016,D02,BLAN,BLAN_053,NEON.PLA.D02.BLAN.05755,small shrub,NA,NA,1.9
94c89043-c857-4859-9404-263212d5fe54,BLAN_053.basePlot.vst,2016-09-14,vst_BLAN_2016,D02,BLAN,BLAN_053,NEON.PLA.D02.BLAN.05756,single shrub,2.0,130,2.1
87c8e900-566b-492b-8541-2f9984f2ea7d,BLAN_053.basePlot.vst,2016-09-14,vst_BLAN_2016,D02,BLAN,BLAN_053,NEON.PLA.D02.BLAN.05742,single shrub,2.9,130,2.7
7e0ec866-6e35-4508-b468-ef6c577011b3,BLAN_053.basePlot.vst,2016-09-14,vst_BLAN_2016,D02,BLAN,BLAN_053,NEON.PLA.D02.BLAN.05753,single shrub,3.3,130,3.9
03a27bc4-81fb-4fc8-ac0a-c1b21160c33e,BLAN_053.basePlot.vst,2016-09-14,vst_BLAN_2016,D02,BLAN,BLAN_053,NEON.PLA.D02.BLAN.05745,single shrub,3.4,130,3.6
243ad179-8571-4e38-bbc3-6c920f56d964,BLAN_053.basePlot.vst,2016-09-14,vst_BLAN_2016,D02,BLAN,BLAN_053,NEON.PLA.D02.BLAN.05745,single shrub,3.6,130,3.6
f4800537-fba7-4814-ae39-26285401867d,BLAN_053.basePlot.vst,2016-09-14,vst_BLAN_2016,D02,BLAN,BLAN_053,NEON.PLA.D02.BLAN.05747,single shrub,3.8,130,3.1
a6761a29-7bde-4139-82c6-faba57e0bb17,BLAN_053.basePlot.vst,2016-09-14,vst_BLAN_2016,D02,BLAN,BLAN_053,NEON.PLA.D02.BLAN.05748,single shrub,2.3,130,3.5
83bac0ad-d9cd-4a34-aa08-250a0c1eb210,BLAN_053.basePlot.vst,2016-09-14,vst_BLAN_2016,D02,BLAN,BLAN_053,NEON.PLA.D02.BLAN.05746,small shrub,NA,NA,1.2
26880b18-5c5a-4763-b5bd-19f31648058e,BLAN_053.basePlot.vst,2016-09-14,vst_BLAN_2016,D02,BLAN,BLAN_053,NEON.PLA.D02.BLAN.05755,small shrub,NA,NA,1.9
73d457ca-369d-4360-b9e3-17990b46181e,BLAN_053.basePlot.vst,2016-09-14,vst_BLAN_2016,D02,BLAN,BLAN_053,NEON.PLA.D02.BLAN.05745,single shrub,3.0,130,3.6
52d7a1b2-9741-4fdd-a3a6-f8101c6755c6,BLAN_053.basePlot.vst,2016-09-14,vst_BLAN_2016,D02,BLAN,BLAN_053,NEON.PLA.D02.BLAN.05758,small shrub,NA,NA,1.1
2333a423-0b92-4026-bee1-5e143b44e0a8,BLAN_053.basePlot.vst,2016-09-14,vst_BLAN_2016,D02,BLAN,BLAN_053,NEON.PLA.D02.BLAN.05749,single shrub,1.4,130,3.0
dcb8f9fc-8692-414e-865a-ace2b5bc0fdc,BLAN_053.basePlot.vst,2016-09-14,vst_BLAN_2016,D02,BLAN,BLAN_053,NEON.PLA.D02.BLAN.05747,single shrub,3.3,130,3.1
b4543524-beca-42a4-aa41-2ed7d0a1bccf,BLAN_053.basePlot.vst,2016-09-14,vst_BLAN_2016,D02,BLAN,BLAN_053,NEON.PLA.D02.BLAN.05743,single shrub,1.5,130,2.6
aa1a5820-2771-4ea5-b18b-70466bd1f91a,BLAN_050.basePlot.vst,2016-09-15,vst_BLAN_2016,D02,BLAN,BLAN_050,NEON.PLA.D02.BLAN.08233,single shrub,1.2,130,2.7
437bdb87-b8ac-4ef8-b073-356805311f50,BLAN_050.basePlot.vst,2016-09-15,vst_BLAN_2016,D02,BLAN,BLAN_050,NEON.PLA.D02.BLAN.08255,single shrub,2.7,130,4.2
cb1a7106-c2f5-4454-b7f8-14c32906aa46,BLAN_050.basePlot.vst,2016-09-15,vst_BLAN_2016,D02,BLAN,BLAN_050,NEON.PLA.D02.BLAN.08235,single shrub,5.1,130,5.0
626254ea-89cc-447f-98c0-ed8fdf526523,BLAN_053.basePlot.vst,2016-09-15,vst_BLAN_2016,D02,BLAN,BLAN_053,NEON.PLA.D02.BLAN.05759,single shrub,2.7,130,3.3
efe4aa9e-392c-4e3a-8727-7f99741f7de4,BLAN_050.basePlot.vst,2016-09-15,vst_BLAN_2016,D02,BLAN,BLAN_050,NEON.PLA.D02.BLAN.08233,single shrub,1.3,130,2.7
d6958b10-2ae2-4531-8830-9f6ec6e72d9f,BLAN_050.basePlot.vst,2016-09-15,vst_BLAN_2016,D02,BLAN,BLAN_050,NEON.PLA.D02.BLAN.08326,single shrub,4.0,130,5.7
ded1ec5c-4360-4a71-af6d-3c88c9649921,BLAN_053.basePlot.vst,2016-09-15,vst_BLAN_2016,D02,BLAN,BLAN_053,NEON.PLA.D02.BLAN.05767,small shrub,NA,NA,1.5
b87a4223-12d9-46a9-91b5-4372e0a45902,BLAN_050.basePlot.vst,2016-09-15,vst_BLAN_2016,D02,BLAN,BLAN_050,NEON.PLA.D02.BLAN.13159A,multi-bole tree,9.0,130,NA
7d2b83e7-e66f-4dde-b8e4-3ee9aceed846,BLAN_050.basePlot.vst,2016-09-15,vst_BLAN_2016,D02,BLAN,BLAN_050,NEON.PLA.D02.BLAN.08234,single shrub,1.6,130,3.1
51cdfb83-a6ed-4d84-b279-d91f807ed73d,BLAN_050.basePlot.vst,2016-09-15,vst_BLAN_2016,D02,BLAN,BLAN_050,NEON.PLA.D02.BLAN.08241,single shrub,4.5,130,5.3
5ba831f9-8fc2-498b-8414-f41f2e999265,BLAN_050.basePlot.vst,2016-09-15,vst_BLAN_2016,D02,BLAN,BLAN_050,NEON.PLA.D02.BLAN.08241,single shrub,3.3,130,5.3
b4f8eda3-07e4-488f-abbc-57ae39b12a7e,BLAN_050.basePlot.vst,2016-09-15,vst_BLAN_2016,D02,BLAN,BLAN_050,NEON.PLA.D02.BLAN.08236,single shrub,1.4,130,2.7
eefb6c8f-ed76-4652-8445-7ee0680d1f6b,BLAN_050.basePlot.vst,2016-09-15,vst_BLAN_2016,D02,BLAN,BLAN_050,NEON.PLA.D02.BLAN.08328,single shrub,2.6,130,1.9
3f9f3363-07cc-41f4-b6e6-5f6225942d06,BLAN_050.basePlot.vst,2016-09-15,vst_BLAN_2016,D02,BLAN,BLAN_050,NEON.PLA.D02.BLAN.08256,single shrub,4.5,130,4.2
c4d57baf-9295-4ccb-a909-a12058d63f3d,BLAN_050.basePlot.vst,2016-09-15,vst_BLAN_2016,D02,BLAN,BLAN_050,NEON.PLA.D02.BLAN.08235,single shrub,3.9,130,5.0
a296ab2f-7a10-48a9-9338-9d3a9a04b6c5,BLAN_050.basePlot.vst,2016-09-15,vst_BLAN_2016,D02,BLAN,BLAN_050,NEON.PLA.D02.BLAN.08235,single shrub,4.6,130,5.0
d548653d-609a-43c4-835c-7119917032b2,BLAN_050.basePlot.vst,2016-09-15,vst_BLAN_2016,D02,BLAN,BLAN_050,NEON.PLA.D02.BLAN.08236,single shrub,1.6,130,2.7
4f29fcf1-180d-4b4c-8755-e1a72736aa99,BLAN_053.basePlot.vst,2016-09-15,vst_BLAN_2016,D02,BLAN,BLAN_053,NEON.PLA.D02.BLAN.05763,single shrub,1.9,130,2.6
684ba1e7-4a96-4e1a-9e8b-de332f029c5e,BLAN_053.basePlot.vst,2016-09-15,vst_BLAN_2016,D02,BLAN,BLAN_053,NEON.PLA.D02.BLAN.05761,single shrub,3.6,130,3.2
4b31e1bd-f0d5-48bc-b871-d42ab39b8520,BLAN_050.basePlot.vst,2016-09-15,vst_BLAN_2016,D02,BLAN,BLAN_050,NEON.PLA.D02.BLAN.08327,single shrub,1.3,130,2.3
fc1edf59-293e-40cf-bda8-ff0c9412126e,BLAN_053.basePlot.vst,2016-09-15,vst_BLAN_2016,D02,BLAN,BLAN_053,NEON.PLA.D02.BLAN.05763,single shrub,1.6,130,2.6
573510ef-3603-4133-9d89-4ea99fb5db32,BLAN_050.basePlot.vst,2016-09-15,vst_BLAN_2016,D02,BLAN,BLAN_050,NEON.PLA.D02.BLAN.08255,single shrub,1.9,130,4.2
16c332a1-152b-4f74-97fa-d574c07e8b36,BLAN_050.basePlot.vst,2016-09-15,vst_BLAN_2016,D02,BLAN,BLAN_050,NEON.PLA.D02.BLAN.08325,small tree,4.4,130,5.5
2c504927-4fab-4781-8b9c-d83877ef8dc7,BLAN_050.basePlot.vst,2016-09-15,vst_BLAN_2016,D02,BLAN,BLAN_050,NEON.PLA.D02.BLAN.08240,single shrub,2.4,130,4.8
fd08b003-0286-4072-a864-834103c56e7b,BLAN_050.basePlot.vst,2016-09-15,vst_BLAN_2016,D02,BLAN,BLAN_050,NEON.PLA.D02.BLAN.08240,single shrub,4.3,130,4.8
713c4c4c-f65b-4a5e-a409-4c5964f85395,BLAN_050.basePlot.vst,2016-09-15,vst_BLAN_2016,D02,BLAN,BLAN_050,NEON.PLA.D02.BLAN.13159B,multi-bole tree,7.7,140,NA
ab4f9e80-a5af-42e4-96c6-c28b57b3b714,BLAN_050.basePlot.vst,2016-09-15,vst_BLAN_2016,D02,BLAN,BLAN_050,NEON.PLA.D02.BLAN.08248,small tree,5.2,130,4.9
fa7af49d-a3d8-42b2-b477-b69c15f01b7d,BLAN_050.basePlot.vst,2016-09-15,vst_BLAN_2016,D02,BLAN,BLAN_050,NEON.PLA.D02.BLAN.08324,single shrub,3.8,130,3.9
f1d9a4b1-2195-4dbd-886c-5c28c29e8e43,BLAN_050.basePlot.vst,2016-09-15,vst_BLAN_2016,D02,BLAN,BLAN_050,NEON.PLA.D02.BLAN.08235,single shrub,5.4,130,5.0
d15f1f35-2b92-4745-b3e7-ae50276217b8,BLAN_053.basePlot.vst,2016-09-15,vst_BLAN_2016,D02,BLAN,BLAN_053,NEON.PLA.D02.BLAN.05767,small shrub,NA,NA,1.5
20ed93b1-03e3-4e83-b535-acfc7a0036b6,BLAN_050.basePlot.vst,2016-09-15,vst_BLAN_2016,D02,BLAN,BLAN_050,NEON.PLA.D02.BLAN.08330,single shrub,5.7,130,5.2
44e0392c-0775-4c3d-81c2-45907953696c,BLAN_050.basePlot.vst,2016-09-15,vst_BLAN_2016,D02,BLAN,BLAN_050,NEON.PLA.D02.BLAN.08326,single shrub,5.2,130,5.7
49053092-7f31-4a70-8bcf-9610b7cefb4f,BLAN_050.basePlot.vst,2016-09-15,vst_BLAN_2016,D02,BLAN,BLAN_050,NEON.PLA.D02.BLAN.08330,single shrub,1.1,130,5.2
f3ff887b-2adb-4eb5-87aa-44e12061d4af,BLAN_053.basePlot.vst,2016-09-15,vst_BLAN_2016,D02,BLAN,BLAN_053,NEON.PLA.D02.BLAN.05759,single shrub,3.3,130,3.3
a70247fb-36f0-4a06-96e1-ecb180ce6c90,BLAN_053.basePlot.vst,2016-09-15,vst_BLAN_2016,D02,BLAN,BLAN_053,NEON.PLA.D02.BLAN.05759,single shrub,4.0,130,3.3
4d19e5b5-7bfc-49a1-b5d3-000f0a77dde6,BLAN_050.basePlot.vst,2016-09-15,vst_BLAN_2016,D02,BLAN,BLAN_050,NEON.PLA.D02.BLAN.08241,single shrub,1.9,130,5.3
c5f12b75-4947-4ed2-8714-ab88309b5bc8,BLAN_050.basePlot.vst,2016-09-15,vst_BLAN_2016,D02,BLAN,BLAN_050,NEON.PLA.D02.BLAN.08327,single shrub,1.1,130,2.3
6d58d840-a29b-4fb8-aa72-7408d6caae70,BLAN_050.basePlot.vst,2016-09-15,vst_BLAN_2016,D02,BLAN,BLAN_050,NEON.PLA.D02.BLAN.08339,single shrub,2.7,130,3.4
85fc32fe-2f44-4a13-bea4-c7f56ebf2898,BLAN_053.basePlot.vst,2016-09-15,vst_BLAN_2016,D02,BLAN,BLAN_053,NEON.PLA.D02.BLAN.05762,single shrub,3.1,130,3.8
52405326-95c0-4119-a796-299c26343c54,BLAN_050.basePlot.vst,2016-09-15,vst_BLAN_2016,D02,BLAN,BLAN_050,NEON.PLA.D02.BLAN.08255,single shrub,1.3,130,4.2
ee7fcd45-9c29-4081-84f6-93f74edb5a6f,BLAN_050.basePlot.vst,2016-09-15,vst_BLAN_2016,D02,BLAN,BLAN_050,NEON.PLA.D02.BLAN.08253,single shrub,4.1,130,4.7
3d3280d3-4daf-4dcb-ab54-c2f9948ab763,BLAN_050.basePlot.vst,2016-09-15,vst_BLAN_2016,D02,BLAN,BLAN_050,NEON.PLA.D02.BLAN.08241,single shrub,1.8,130,5.3
7fedbd92-d549-47d0-834b-7a721f5ac62e,BLAN_050.basePlot.vst,2016-09-15,vst_BLAN_2016,D02,BLAN,BLAN_050,NEON.PLA.D02.BLAN.08242,single shrub,3.1,130,5.3
d7424525-3659-47d4-9baf-5e13f8b15b9f,BLAN_050.basePlot.vst,2016-09-15,vst_BLAN_2016,D02,BLAN,BLAN_050,NEON.PLA.D02.BLAN.08324,single shrub,2.9,130,3.9
a17f6850-b4ff-4a73-b0ad-720194e19f7a,BLAN_050.basePlot.vst,2016-09-15,vst_BLAN_2016,D02,BLAN,BLAN_050,NEON.PLA.D02.BLAN.08246,single shrub,5.1,130,5.6
ff4d6fc8-408c-4d75-9361-70e821562a37,BLAN_050.basePlot.vst,2016-09-15,vst_BLAN_2016,D02,BLAN,BLAN_050,NEON.PLA.D02.BLAN.08244,single shrub,6.1,130,5.2
c3fd8048-1212-47dc-9117-f35fe08cbc31,BLAN_050.basePlot.vst,2016-09-15,vst_BLAN_2016,D02,BLAN,BLAN_050,NEON.PLA.D02.BLAN.08249,single shrub,1.2,130,2.9
be919ecc-e126-417f-bb7b-610cf6efdde3,BLAN_050.basePlot.vst,2016-09-15,vst_BLAN_2016,D02,BLAN,BLAN_050,NEON.PLA.D02.BLAN.08324,single shrub,3.6,130,3.9
ea6d48ba-f25b-4a85-9937-d8ab42dbfc56,BLAN_050.basePlot.vst,2016-09-15,vst_BLAN_2016,D02,BLAN,BLAN_050,NEON.PLA.D02.BLAN.08250,single shrub,2.8,130,3.7
2342f899-ab1e-4d57-ab9a-7bd7e129c32d,BLAN_050.basePlot.vst,2016-09-15,vst_BLAN_2016,D02,BLAN,BLAN_050,NEON.PLA.D02.BLAN.08249,single shrub,2.3,130,2.9
7327b6eb-b3e1-46c5-a006-03bc8c608a8a,BLAN_050.basePlot.vst,2016-09-15,vst_BLAN_2016,D02,BLAN,BLAN_050,NEON.PLA.D02.BLAN.08246,single shrub,4.2,130,5.6
073518e2-9202-46df-b080-ced3998aa67f,BLAN_050.basePlot.vst,2016-09-15,vst_BLAN_2016,D02,BLAN,BLAN_050,NEON.PLA.D02.BLAN.08241,single shrub,4.8,130,5.3
6dcad699-a2d4-4a30-9cf8-8a7bd71fe36a,BLAN_053.basePlot.vst,2016-09-15,vst_BLAN_2016,D02,BLAN,BLAN_053,NEON.PLA.D02.BLAN.05762,single shrub,2.5,130,3.8
7a38207d-b61e-4a79-b9db-870308c36a9d,BLAN_050.basePlot.vst,2016-09-15,vst_BLAN_2016,D02,BLAN,BLAN_050,NEON.PLA.D02.BLAN.08335,single shrub,3.6,130,2.9
37b9e662-b0a2-43c7-8764-0c05355ab972,BLAN_050.basePlot.vst,2016-09-15,vst_BLAN_2016,D02,BLAN,BLAN_050,NEON.PLA.D02.BLAN.08324,single shrub,2.3,130,3.9
9387e0cf-eb61-4421-8fb2-03d94328bf7b,BLAN_053.basePlot.vst,2016-09-15,vst_BLAN_2016,D02,BLAN,BLAN_053,NEON.PLA.D02.BLAN.05760,single shrub,1.1,130,2.1
4515a138-a3a4-491d-8939-24964964cb19,BLAN_053.basePlot.vst,2016-09-15,vst_BLAN_2016,D02,BLAN,BLAN_053,NEON.PLA.D02.BLAN.05767,small shrub,NA,NA,1.5
32433364-7688-4fc2-acc3-d18ab952be7f,BLAN_050.basePlot.vst,2016-09-15,vst_BLAN_2016,D02,BLAN,BLAN_050,NEON.PLA.D02.BLAN.13159,multi-bole tree,12.9,100,4.6
edfd4f50-ddc0-4e15-ab98-5f3784307470,BLAN_050.basePlot.vst,2016-09-15,vst_BLAN_2016,D02,BLAN,BLAN_050,NEON.PLA.D02.BLAN.00090,multi-bole tree,10.2,180,7.4
7cbd0175-3d19-4b16-be52-c7bba908a284,BLAN_050.basePlot.vst,2016-09-15,vst_BLAN_2016,D02,BLAN,BLAN_050,NEON.PLA.D02.BLAN.08242,single shrub,3.9,130,5.3
9c31b665-ecd4-4874-9798-3d54562f8a36,BLAN_050.basePlot.vst,2016-09-15,vst_BLAN_2016,D02,BLAN,BLAN_050,NEON.PLA.D02.BLAN.08326,single shrub,3.1,130,5.7
f9e8fd22-bc06-40d1-b26b-5ca6be74f9ec,BLAN_053.basePlot.vst,2016-09-15,vst_BLAN_2016,D02,BLAN,BLAN_053,NEON.PLA.D02.BLAN.05764,NA,NA,NA,NA
c6876964-023f-4c41-b1a7-55ee906098a3,BLAN_050.basePlot.vst,2016-09-15,vst_BLAN_2016,D02,BLAN,BLAN_050,NEON.PLA.D02.BLAN.08326,single shrub,5.2,130,5.7
989b6390-5f40-40f5-ac49-e238e0456f8f,BLAN_050.basePlot.vst,2016-09-15,vst_BLAN_2016,D02,BLAN,BLAN_050,NEON.PLA.D02.BLAN.08240,single shrub,1.6,130,4.8
bb46b5ec-8a59-4b2e-b3e9-3cb944308b2a,BLAN_053.basePlot.vst,2016-09-15,vst_BLAN_2016,D02,BLAN,BLAN_053,NEON.PLA.D02.BLAN.05762,single shrub,3.3,130,3.8
535a7817-339f-4943-89aa-5159b7f10f97,BLAN_050.basePlot.vst,2016-09-15,vst_BLAN_2016,D02,BLAN,BLAN_050,NEON.PLA.D02.BLAN.08241,single shrub,5.5,130,5.3
9afecb6f-a25d-40d8-8f0e-2edc9f1a70e4,BLAN_050.basePlot.vst,2016-09-15,vst_BLAN_2016,D02,BLAN,BLAN_050,NEON.PLA.D02.BLAN.08242,single shrub,2.9,130,5.3
510845de-e7b6-4a22-9b8a-96a9a46f8748,BLAN_050.basePlot.vst,2016-09-15,vst_BLAN_2016,D02,BLAN,BLAN_050,NEON.PLA.D02.BLAN.08339,single shrub,2.2,130,3.4
30f68e9d-87f2-4bb2-97cf-d0c20bacdd95,BLAN_050.basePlot.vst,2016-09-15,vst_BLAN_2016,D02,BLAN,BLAN_050,NEON.PLA.D02.BLAN.08250,single shrub,2.4,130,3.7
c62c2ade-d0bb-4da0-982d-9bc45b2c655e,BLAN_050.basePlot.vst,2016-09-15,vst_BLAN_2016,D02,BLAN,BLAN_050,NEON.PLA.D02.BLAN.08255,single shrub,4.7,130,4.2
778b3bf7-d9d4-4e14-bac7-3700288c192f,BLAN_044.basePlot.vst,2016-09-20,vst_BLAN_2016,D02,BLAN,BLAN_044,NEON.PLA.D02.BLAN.05828,single bole tree,19.8,130,7.3
cffcbfc4-6880-48b8-977d-fcbc7c2cf00d,BLAN_036.basePlot.vst,2016-09-21,vst_BLAN_2016,D02,BLAN,BLAN_036,NEON.PLA.D02.BLAN.05400,single bole tree,32.5,130,11.6
5299660d-36c5-4a8e-abe1-2b276fe511aa,BLAN_036.basePlot.vst,2016-09-21,vst_BLAN_2016,D02,BLAN,BLAN_036,NEON.PLA.D02.BLAN.13150,single bole tree,11.1,130,6.8
ab44f7be-e092-420a-849c-2ba78b49dd31,BLAN_036.basePlot.vst,2016-09-21,vst_BLAN_2016,D02,BLAN,BLAN_036,NEON.PLA.D02.BLAN.05399,single bole tree,19.2,130,11.0
c52dd317-1fe5-4075-8550-d557b94f48fd,BLAN_036.basePlot.vst,2016-09-21,vst_BLAN_2016,D02,BLAN,BLAN_036,NEON.PLA.D02.BLAN.05396,single bole tree,17.1,130,8.8
64e10f31-a3f3-4e3e-baaf-fa625d73de36,BLAN_036.basePlot.vst,2016-09-21,vst_BLAN_2016,D02,BLAN,BLAN_036,NEON.PLA.D02.BLAN.05395,single bole tree,17.0,130,9.0
46de2e15-7846-4e92-afb8-c90a3ea86f81,BLAN_036.basePlot.vst,2016-09-21,vst_BLAN_2016,D02,BLAN,BLAN_036,NEON.PLA.D02.BLAN.05397,single bole tree,133.0,134,8.6
f52ea7c3-1c7a-4bf4-9347-a3ae8ffd767f,BLAN_036.basePlot.vst,2016-09-21,vst_BLAN_2016,D02,BLAN,BLAN_036,NEON.PLA.D02.BLAN.05999,single bole tree,13.3,130,8.4
7004adea-7c3e-4b0f-8e0d-36fc5f706815,BLAN_036.basePlot.vst,2016-09-21,vst_BLAN_2016,D02,BLAN,BLAN_036,NEON.PLA.D02.BLAN.05398,single bole tree,12.9,130,9.7
e404323b-829a-42ec-86b5-f1feb4362808,BLAN_036.basePlot.vst,2016-09-21,vst_BLAN_2016,D02,BLAN,BLAN_036,NEON.PLA.D02.BLAN.08363,single bole tree,10.3,130,8.3
eea4f8a2-ef8a-4503-b85d-353ffb13061e,BLAN_036.basePlot.vst,2016-09-21,vst_BLAN_2016,D02,BLAN,BLAN_036,NEON.PLA.D02.BLAN.05998,single bole tree,12.0,130,7.9
217e7f13-e044-4585-8640-849ef24a77d0,BLAN_047.basePlot.vst,2016-09-22,vst_BLAN_2016,D02,BLAN,BLAN_047,NEON.PLA.D02.BLAN.08955,single bole tree,20.2,130,12.0
b849d022-5be7-4900-8be7-b576ddb9c0b5,BLAN_047.basePlot.vst,2016-09-22,vst_BLAN_2016,D02,BLAN,BLAN_047,NEON.PLA.D02.BLAN.08958,single bole tree,20.5,130,11.1
c1d294cd-4cb7-4920-bc87-3b97a2465b4c,BLAN_047.basePlot.vst,2016-09-22,vst_BLAN_2016,D02,BLAN,BLAN_047,NEON.PLA.D02.BLAN.08966,single bole tree,15.5,130,7.7
99ea6f3f-dcf4-46cd-977c-78f3ed07f64a,BLAN_047.basePlot.vst,2016-09-22,vst_BLAN_2016,D02,BLAN,BLAN_047,NEON.PLA.D02.BLAN.08965,single bole tree,27.0,130,8.4
10763043-2010-43c3-bde0-7d2f59e49d92,BLAN_047.basePlot.vst,2016-09-22,vst_BLAN_2016,D02,BLAN,BLAN_047,NEON.PLA.D02.BLAN.08963,single bole tree,11.6,130,5.2
3df656ac-51f2-468d-bc32-a7f79f92690d,BLAN_047.basePlot.vst,2016-09-22,vst_BLAN_2016,D02,BLAN,BLAN_047,NEON.PLA.D02.BLAN.08964,single bole tree,23.0,13,8.6
0caaac08-9912-4866-b137-eab392083fac,BLAN_047.basePlot.vst,2016-09-22,vst_BLAN_2016,D02,BLAN,BLAN_047,NEON.PLA.D02.BLAN.08961,single bole tree,13.0,130,8.0
210ff134-278b-45b4-a913-b49558197e1b,BLAN_047.basePlot.vst,2016-09-22,vst_BLAN_2016,D02,BLAN,BLAN_047,NEON.PLA.D02.BLAN.08962,single bole tree,15.0,130,7.1
bfa7aba1-205f-4c3a-b6a9-f4e849f803a5,BLAN_063.basePlot.vst,2016-09-22,vst_BLAN_2016,D02,BLAN,BLAN_063,NEON.PLA.D02.BLAN.08541,single bole tree,44.4,130,24.8
5b857cff-4b71-4ec0-b40e-f446965e7363,BLAN_063.basePlot.vst,2016-09-22,vst_BLAN_2016,D02,BLAN,BLAN_063,NEON.PLA.D02.BLAN.08574,small tree,9.5,130,6.6
f931bee1-51f3-4335-bc13-d2281183ef0a,BLAN_063.basePlot.vst,2016-09-22,vst_BLAN_2016,D02,BLAN,BLAN_063,NEON.PLA.D02.BLAN.08538,single bole tree,31.2,130,14.2
573eb9df-8943-49d1-8ed9-6465ec70c1a7,BLAN_063.basePlot.vst,2016-09-22,vst_BLAN_2016,D02,BLAN,BLAN_063,NEON.PLA.D02.BLAN.08545,single bole tree,12.2,130,10.4
c8c7c997-0054-440f-bdc5-2b9fe2ca5f67,BLAN_063.basePlot.vst,2016-09-22,vst_BLAN_2016,D02,BLAN,BLAN_063,NEON.PLA.D02.BLAN.08535,single bole tree,23.6,130,19.0
3acc0393-4440-42c8-a33c-96852efdd209,BLAN_063.basePlot.vst,2016-09-22,vst_BLAN_2016,D02,BLAN,BLAN_063,NEON.PLA.D02.BLAN.08546,single bole tree,24.5,130,1.7
488c1548-a858-4cfd-a160-91d0507747fa,BLAN_063.basePlot.vst,2016-09-22,vst_BLAN_2016,D02,BLAN,BLAN_063,NEON.PLA.D02.BLAN.08801,single bole tree,69.5,130,29.8
7220b14d-5df4-48d6-848e-8d3d1ec30c9f,BLAN_063.basePlot.vst,2016-09-22,vst_BLAN_2016,D02,BLAN,BLAN_063,NEON.PLA.D02.BLAN.08802,single bole tree,40.7,130,19.8
f4515b9b-5e81-4df2-b05b-f7667afadc34,BLAN_063.basePlot.vst,2016-09-22,vst_BLAN_2016,D02,BLAN,BLAN_063,NEON.PLA.D02.BLAN.08536,single bole tree,52.4,130,26.2
eb4ee398-fb65-4e64-8498-5cc37d75dc0d,BLAN_063.basePlot.vst,2016-09-22,vst_BLAN_2016,D02,BLAN,BLAN_063,NEON.PLA.D02.BLAN.08547,single bole tree,27.3,130,12.5
34da04de-376e-446a-9bcc-909b79dee158,BLAN_063.basePlot.vst,2016-09-22,vst_BLAN_2016,D02,BLAN,BLAN_063,NEON.PLA.D02.BLAN.08539,single bole tree,41.1,130,11.1
57f87732-0ae5-4f60-a5aa-26d2b7f143ba,BLAN_063.basePlot.vst,2016-09-22,vst_BLAN_2016,D02,BLAN,BLAN_063,NEON.PLA.D02.BLAN.08550,single bole tree,11.0,130,8.2
e852a87d-9444-4ce3-89aa-cdaffeb2075c,BLAN_063.basePlot.vst,2016-09-22,vst_BLAN_2016,D02,BLAN,BLAN_063,NEON.PLA.D02.BLAN.08803,single bole tree,12.9,130,8.8
068bc576-c024-446d-bddb-4b8c1412020a,BLAN_063.basePlot.vst,2016-09-22,vst_BLAN_2016,D02,BLAN,BLAN_063,NEON.PLA.D02.BLAN.08543,single bole tree,58.9,130,30.0
0cd6ee23-c4ce-4c2c-9af1-b7cb4618463a,BLAN_063.basePlot.vst,2016-09-22,vst_BLAN_2016,D02,BLAN,BLAN_063,NEON.PLA.D02.BLAN.08549,single bole tree,15.8,130,12.6
f0f33511-a6ca-4ee6-80e5-3247ac0da2b8,BLAN_063.basePlot.vst,2016-09-22,vst_BLAN_2016,D02,BLAN,BLAN_063,NEON.PLA.D02.BLAN.08537,single bole tree,25.1,130,12.7
fd5e11b6-c368-47cb-a9cc-24a94d68263c,BLAN_063.basePlot.vst,2016-09-22,vst_BLAN_2016,D02,BLAN,BLAN_063,NEON.PLA.D02.BLAN.08548,single bole tree,11.1,130,5.6
f151587e-3071-45e5-89d6-a7b7fac3571d,BLAN_063.basePlot.vst,2016-09-22,vst_BLAN_2016,D02,BLAN,BLAN_063,NEON.PLA.D02.BLAN.08544,single bole tree,14.2,130,10.3
76b1cd9d-9aa1-4afa-aeac-b2cd089de855,BLAN_063.basePlot.vst,2016-09-22,vst_BLAN_2016,D02,BLAN,BLAN_063,NEON.PLA.D02.BLAN.08540,single bole tree,26.4,130,20.6
ffbcc6b8-71ab-4156-ab5c-4158bc7e9425,BLAN_063.basePlot.vst,2016-09-22,vst_BLAN_2016,D02,BLAN,BLAN_063,NEON.PLA.D02.BLAN.08542,single bole tree,15.7,130,10.0
9b4c0b9f-bfa8-4471-a8c5-fea417fa4b65,BLAN_047.basePlot.vst,2016-09-22,vst_BLAN_2016,D02,BLAN,BLAN_047,NEON.PLA.D02.BLAN.08957,single bole tree,14.5,130,10.5
c19ae19b-9460-4e61-b466-1ddbdc926e6f,BLAN_063.basePlot.vst,2016-09-23,vst_BLAN_2016,D02,BLAN,BLAN_063,NEON.PLA.D02.BLAN.08551,single shrub,11.1,130,5.5
722508fb-1951-4c8d-8c1b-cd65566dd384,BLAN_048.basePlot.vst,2016-09-26,vst_BLAN_2016,D02,BLAN,BLAN_048,NEON.PLA.D02.BLAN.08285,single bole tree,11.3,130,11.6
299a458e-10d6-4ede-a8f7-622bcb146982,BLAN_048.basePlot.vst,2016-09-26,vst_BLAN_2016,D02,BLAN,BLAN_048,NEON.PLA.D02.BLAN.08284,single bole tree,28.1,130,18.8
ae8d7bbf-f801-4a4a-97c9-6d8882a5787c,BLAN_048.basePlot.vst,2016-09-26,vst_BLAN_2016,D02,BLAN,BLAN_048,NEON.PLA.D02.BLAN.08291,single bole tree,38.5,130,22.5
81a8a5d2-165b-44b0-b466-12487553000f,BLAN_048.basePlot.vst,2016-09-26,vst_BLAN_2016,D02,BLAN,BLAN_048,NEON.PLA.D02.BLAN.08286,single bole tree,31.5,130,21.6
cc4ed721-b85d-4fe5-a200-f336879189bd,BLAN_048.basePlot.vst,2016-09-26,vst_BLAN_2016,D02,BLAN,BLAN_048,NEON.PLA.D02.BLAN.08290,single bole tree,13.2,130,5.9
9a15bd79-bda2-4678-aff6-685681912e55,BLAN_048.basePlot.vst,2016-09-26,vst_BLAN_2016,D02,BLAN,BLAN_048,NEON.PLA.D02.BLAN.08287,single bole tree,27.3,130,18.0
d878089f-1598-4832-855a-9c5b96db8d3f,BLAN_048.basePlot.vst,2016-09-26,vst_BLAN_2016,D02,BLAN,BLAN_048,NEON.PLA.D02.BLAN.08288,single bole tree,15.6,130,3.6
2fc83037-55bc-4017-8daa-9ee587525159,BLAN_048.basePlot.vst,2016-09-26,vst_BLAN_2016,D02,BLAN,BLAN_048,NEON.PLA.D02.BLAN.08292,single bole tree,51.0,130,22.6
edca4c81-f8d6-471b-9085-aa58f6382b59,BLAN_048.basePlot.vst,2016-09-26,vst_BLAN_2016,D02,BLAN,BLAN_048,NEON.PLA.D02.BLAN.08289,single bole tree,45.0,130,20.0
f2defd50-468a-4c1d-a4f9-acca2b95552f,BLAN_032.basePlot.vst,2016-09-28,vst_BLAN_2016,D02,BLAN,BLAN_032,NEON.PLA.D02.BLAN.05239,single shrub,2.0,130,2.5
4fce6091-6ffe-412e-be9c-83c894921b91,BLAN_032.basePlot.vst,2016-09-28,vst_BLAN_2016,D02,BLAN,BLAN_032,NEON.PLA.D02.BLAN.05236,single shrub,4.5,130,3.4
b6df187d-2f99-4dd3-9dc6-8c6255a0d2af,BLAN_032.basePlot.vst,2016-09-28,vst_BLAN_2016,D02,BLAN,BLAN_032,NEON.PLA.D02.BLAN.05234,single shrub,2.6,130,3.0
b91e173c-0164-47d1-909a-b6e9bc38788c,BLAN_032.basePlot.vst,2016-09-28,vst_BLAN_2016,D02,BLAN,BLAN_032,NEON.PLA.D02.BLAN.05230,single shrub,3.8,130,2.9
e5feefe6-f0d5-458e-92ca-754538e65993,BLAN_032.basePlot.vst,2016-09-28,vst_BLAN_2016,D02,BLAN,BLAN_032,NEON.PLA.D02.BLAN.05237,single shrub,NA,130,3.2
2854784d-e8c7-4057-8859-341d5853816a,BLAN_032.basePlot.vst,2016-09-28,vst_BLAN_2016,D02,BLAN,BLAN_032,NEON.PLA.D02.BLAN.05246,small shrub,NA,NA,1.6
5632de40-8b35-4524-b4eb-8b4d80500426,BLAN_032.basePlot.vst,2016-09-28,vst_BLAN_2016,D02,BLAN,BLAN_032,NEON.PLA.D02.BLAN.05239,single shrub,1.1,130,2.5
350cbe84-51c8-46af-a46a-79ef5ada4c4c,BLAN_032.basePlot.vst,2016-09-28,vst_BLAN_2016,D02,BLAN,BLAN_032,NEON.PLA.D02.BLAN.05227,single shrub,3.1,130,3.2
f3103efe-1175-4d6d-81ee-5f9b80fbf0b8,BLAN_032.basePlot.vst,2016-09-28,vst_BLAN_2016,D02,BLAN,BLAN_032,NEON.PLA.D02.BLAN.05236,single shrub,2.6,130,3.4
ddd25ffa-102e-4fe3-aa8a-858589627b63,BLAN_032.basePlot.vst,2016-09-28,vst_BLAN_2016,D02,BLAN,BLAN_032,NEON.PLA.D02.BLAN.05227,single shrub,3.3,130,3.2
17458b8c-aaef-4e97-bf9c-5de802aa8376,BLAN_032.basePlot.vst,2016-09-28,vst_BLAN_2016,D02,BLAN,BLAN_032,NEON.PLA.D02.BLAN.05226,single shrub,2.0,130,3.1
309ad89c-b10f-47e7-82bc-3a20e1d785f1,BLAN_032.basePlot.vst,2016-09-28,vst_BLAN_2016,D02,BLAN,BLAN_032,NEON.PLA.D02.BLAN.05237,single shrub,2.0,130,3.2
d906fc10-610c-472b-91a3-b7f925e7d23f,BLAN_032.basePlot.vst,2016-09-28,vst_BLAN_2016,D02,BLAN,BLAN_032,NEON.PLA.D02.BLAN.05239,single shrub,1.9,130,2.5
c405d93b-3c7a-46f7-ab86-b5f101b874ad,BLAN_032.basePlot.vst,2016-09-28,vst_BLAN_2016,D02,BLAN,BLAN_032,NEON.PLA.D02.BLAN.05223,single shrub,3.2,130,3.1
2539a664-158b-4553-a13b-79751fe7b51b,BLAN_032.basePlot.vst,2016-09-28,vst_BLAN_2016,D02,BLAN,BLAN_032,NEON.PLA.D02.BLAN.05235,single shrub,4.0,130,3.1
88ee0a49-93dc-46e3-8bee-f1802ed3b636,BLAN_032.basePlot.vst,2016-09-28,vst_BLAN_2016,D02,BLAN,BLAN_032,NEON.PLA.D02.BLAN.05233,small shrub,NA,NA,1.9
84fe86cb-bbf1-4d74-9fdc-1a8cf810f2e3,BLAN_032.basePlot.vst,2016-09-28,vst_BLAN_2016,D02,BLAN,BLAN_032,NEON.PLA.D02.BLAN.05248,single shrub,3.7,130,3.5
77ebf02d-ecaa-4e0f-9da0-c596e1b3e2d3,BLAN_032.basePlot.vst,2016-09-28,vst_BLAN_2016,D02,BLAN,BLAN_032,NEON.PLA.D02.BLAN.05235,single shrub,4.9,130,3.1
f549bc68-1f99-416e-ba28-cb1059419bdf,BLAN_032.basePlot.vst,2016-09-28,vst_BLAN_2016,D02,BLAN,BLAN_032,NEON.PLA.D02.BLAN.05236,single shrub,2.1,130,3.4
d1f8bf56-bee1-4e83-880d-4b3041848268,BLAN_032.basePlot.vst,2016-09-28,vst_BLAN_2016,D02,BLAN,BLAN_032,NEON.PLA.D02.BLAN.05245,single shrub,1.2,130,2.0
2bf996c9-4ede-4c50-a891-cf776a43fee3,BLAN_032.basePlot.vst,2016-09-28,vst_BLAN_2016,D02,BLAN,BLAN_032,NEON.PLA.D02.BLAN.05226,single shrub,2.4,130,3.1
b75dc575-f133-4dbd-a456-15ad62a8f275,BLAN_032.basePlot.vst,2016-09-28,vst_BLAN_2016,D02,BLAN,BLAN_032,NEON.PLA.D02.BLAN.05240,single shrub,1.6,130,2.1
6e8ecfd1-53d4-4019-a596-1e842b5e84ce,BLAN_032.basePlot.vst,2016-09-28,vst_BLAN_2016,D02,BLAN,BLAN_032,NEON.PLA.D02.BLAN.05228,single shrub,1.3,130,2.6
f23d943f-ff00-41be-a835-f5c8a3d66d3e,BLAN_032.basePlot.vst,2016-09-28,vst_BLAN_2016,D02,BLAN,BLAN_032,NEON.PLA.D02.BLAN.05238,single shrub,1.4,130,3.2
5d196777-6e83-4573-8924-d41f46e46b21,BLAN_032.basePlot.vst,2016-09-28,vst_BLAN_2016,D02,BLAN,BLAN_032,NEON.PLA.D02.BLAN.05233,small shrub,NA,NA,1.9
1b91a7bd-a04a-461e-ac4f-56f7773afc62,BLAN_032.basePlot.vst,2016-09-28,vst_BLAN_2016,D02,BLAN,BLAN_032,NEON.PLA.D02.BLAN.05239,single shrub,1.2,130,2.5
94d68e7b-8a5f-40d1-b02d-29e6ce4886ab,BLAN_032.basePlot.vst,2016-09-28,vst_BLAN_2016,D02,BLAN,BLAN_032,NEON.PLA.D02.BLAN.05230,single shrub,3.0,140,2.9
f8fab2a1-c2c9-4e10-912e-db4e09807e49,BLAN_032.basePlot.vst,2016-09-28,vst_BLAN_2016,D02,BLAN,BLAN_032,NEON.PLA.D02.BLAN.05244,single shrub,2.1,130,2.2
5b86b3c8-2c74-4acb-8032-8c056a6dc10d,BLAN_032.basePlot.vst,2016-09-28,vst_BLAN_2016,D02,BLAN,BLAN_032,NEON.PLA.D02.BLAN.05223,single shrub,2.9,130,3.1
2dc408e5-d9cc-40f8-b9c1-8baa6188d0ea,BLAN_032.basePlot.vst,2016-09-28,vst_BLAN_2016,D02,BLAN,BLAN_032,NEON.PLA.D02.BLAN.05237,single shrub,4.3,130,3.2
5e8a2767-8bdb-43d9-8d3f-18503c4d538f,BLAN_032.basePlot.vst,2016-09-28,vst_BLAN_2016,D02,BLAN,BLAN_032,NEON.PLA.D02.BLAN.05248,single shrub,3.1,130,3.5
22c500f4-9df7-4ebf-8e48-5db44abc52ca,BLAN_032.basePlot.vst,2016-09-28,vst_BLAN_2016,D02,BLAN,BLAN_032,NEON.PLA.D02.BLAN.05244,single shrub,1.9,130,2.2
91ae5bd8-673b-4cd2-995f-c0d3b57fadee,BLAN_032.basePlot.vst,2016-09-28,vst_BLAN_2016,D02,BLAN,BLAN_032,NEON.PLA.D02.BLAN.05220,NA,NA,NA,NA
85a82fce-f0d1-4099-b7be-68883ce444fe,BLAN_032.basePlot.vst,2016-09-28,vst_BLAN_2016,D02,BLAN,BLAN_032,NEON.PLA.D02.BLAN.05239,single shrub,1.0,130,2.5
19410e0e-630c-4050-970a-058bb93108c1,BLAN_032.basePlot.vst,2016-09-28,vst_BLAN_2016,D02,BLAN,BLAN_032,NEON.PLA.D02.BLAN.05226,single shrub,2.8,130,3.1
91c0e87b-6d22-48bd-8994-28a4f475c727,BLAN_032.basePlot.vst,2016-09-28,vst_BLAN_2016,D02,BLAN,BLAN_032,NEON.PLA.D02.BLAN.05226,single shrub,2.8,130,3.1
1e4fc576-42af-448f-89d1-5b48b85d816f,BLAN_032.basePlot.vst,2016-09-28,vst_BLAN_2016,D02,BLAN,BLAN_032,NEON.PLA.D02.BLAN.05226,single shrub,2.0,130,3.1
8fc2e05c-4aeb-44b8-9045-2c204aa96a5d,BLAN_032.basePlot.vst,2016-09-28,vst_BLAN_2016,D02,BLAN,BLAN_032,NEON.PLA.D02.BLAN.05223,single shrub,3.3,130,3.1
cbaef177-6725-4d6f-a6a1-8f51cd785054,BLAN_032.basePlot.vst,2016-09-28,vst_BLAN_2016,D02,BLAN,BLAN_032,NEON.PLA.D02.BLAN.05231,single shrub,1.5,130,2.3
8f4ee0e0-c7dd-498b-84eb-de94943d4a9b,BLAN_032.basePlot.vst,2016-09-28,vst_BLAN_2016,D02,BLAN,BLAN_032,NEON.PLA.D02.BLAN.05221,single shrub,4.9,130,4.6
95d53bc6-1622-45dc-bef5-04689a30c9db,BLAN_032.basePlot.vst,2016-09-28,vst_BLAN_2016,D02,BLAN,BLAN_032,NEON.PLA.D02.BLAN.05247,single shrub,2.8,130,2.5
586882a8-28b3-433f-8af4-3e7281e69017,BLAN_032.basePlot.vst,2016-09-28,vst_BLAN_2016,D02,BLAN,BLAN_032,NEON.PLA.D02.BLAN.05237,single shrub,4.6,130,3.2
23c07c76-f19a-4c39-9285-935d58204b63,BLAN_032.basePlot.vst,2016-09-28,vst_BLAN_2016,D02,BLAN,BLAN_032,NEON.PLA.D02.BLAN.05235,single shrub,2.4,130,3.1
1a550a5e-6882-4883-b705-b8dac3e157f1,BLAN_032.basePlot.vst,2016-09-28,vst_BLAN_2016,D02,BLAN,BLAN_032,NEON.PLA.D02.BLAN.05244,single shrub,2.4,130,2.2
016ffd29-4fae-4ce7-a43d-bfe2f079369a,BLAN_032.basePlot.vst,2016-09-28,vst_BLAN_2016,D02,BLAN,BLAN_032,NEON.PLA.D02.BLAN.05229,small shrub,NA,NA,1.5
7bca6d6f-0021-4c03-a92c-9bda0e80af71,BLAN_032.basePlot.vst,2016-09-28,vst_BLAN_2016,D02,BLAN,BLAN_032,NEON.PLA.D02.BLAN.05230,single shrub,1.1,130,2.9
522d09d2-0352-490f-8f80-571fd0ae3fcc,BLAN_032.basePlot.vst,2016-09-28,vst_BLAN_2016,D02,BLAN,BLAN_032,NEON.PLA.D02.BLAN.05235,single shrub,4.4,130,3.1
e16ce275-e8e6-4022-a4a1-fce402fe1dd1,BLAN_032.basePlot.vst,2016-09-28,vst_BLAN_2016,D02,BLAN,BLAN_032,NEON.PLA.D02.BLAN.05240,single shrub,1.0,130,2.1
a11517cf-c362-441e-961b-0019fda032f9,BLAN_032.basePlot.vst,2016-09-28,vst_BLAN_2016,D02,BLAN,BLAN_032,NEON.PLA.D02.BLAN.09925,small shrub,NA,NA,1.5
1e385ffc-8772-424a-a6c2-1fcb4540d953,BLAN_032.basePlot.vst,2016-09-28,vst_BLAN_2016,D02,BLAN,BLAN_032,NEON.PLA.D02.BLAN.05237,single shrub,2.0,130,3.2
a1f01f22-224d-48d1-b690-57867fb44872,BLAN_032.basePlot.vst,2016-09-28,vst_BLAN_2016,D02,BLAN,BLAN_032,NEON.PLA.D02.BLAN.05222,single shrub,2.0,130,2.8
30844a24-7046-449e-933c-043cf5988455,BLAN_032.basePlot.vst,2016-09-28,vst_BLAN_2016,D02,BLAN,BLAN_032,NEON.PLA.D02.BLAN.05248,single shrub,2.8,130,3.5
ddfa7d27-4dc6-49b5-ad72-dfeea76028a3,BLAN_032.basePlot.vst,2016-09-28,vst_BLAN_2016,D02,BLAN,BLAN_032,NEON.PLA.D02.BLAN.05221,single shrub,1.0,130,4.6
f470f489-0de1-4009-9b6f-98ba51a8c08c,BLAN_032.basePlot.vst,2016-09-28,vst_BLAN_2016,D02,BLAN,BLAN_032,NEON.PLA.D02.BLAN.05239,single shrub,1.2,130,2.5
89f8afbd-6ab9-46c8-8aa2-b18b2de12aa6,BLAN_032.basePlot.vst,2016-09-28,vst_BLAN_2016,D02,BLAN,BLAN_032,NEON.PLA.D02.BLAN.05221,single shrub,4.1,130,4.6
