uid,namedLocation,date,eventID,domainID,siteID,plotID,individualID,growthForm,stemDiameter,measurementHeight,height
94161794-8430-40f3-a745-183da09bd867,BLAN_053.basePlot.vst,2017-10-02,vst_BLAN_2017,D02,BLAN,BLAN_053,NEON.PLA.D02.BLAN.05763,single shrub,1.7,130,2.7
e62863b0-a6dc-4c8e-a64a-e8cbf1f174de,BLAN_053.basePlot.vst,2017-10-02,vst_BLAN_2017,D02,BLAN,BLAN_053,NEON.PLA.D02.BLAN.05741,single shrub,3.7,130,3.7
bbdc042d-ec10-4662-a319-68bc695c2e86,BLAN_053.basePlot.vst,2017-10-02,vst_BLAN_2017,D02,BLAN,BLAN_053,NEON.PLA.D02.BLAN.05750,small shrub,NA,NA,0.8
982fb03f-e3bd-423e-8d70-596c5da56751,BLAN_053.basePlot.vst,2017-10-02,vst_BLAN_2017,D02,BLAN,BLAN_053,NEON.PLA.D02.BLAN.05750,small shrub,NA,NA,0.8
b13e16a9-944b-4710-8b7e-01502945e008,BLAN_053.basePlot.vst,2017-10-02,vst_BLAN_2017,D02,BLAN,BLAN_053,NEON.PLA.D02.BLAN.05763,single shrub,2.1,130,2.7
0f2e9aa7-740a-42d3-bd79-d1b33f7770b6,BLAN_053.basePlot.vst,2017-10-02,vst_BLAN_2017,D02,BLAN,BLAN_053,NEON.PLA.D02.BLAN.05748,single shrub,2.7,130,3.4
b411427f-4bdf-48d6-8052-16ad922e3db1,BLAN_053.basePlot.vst,2017-10-02,vst_BLAN_2017,D02,BLAN,BLAN_053,NEON.PLA.D02.BLAN.05759,single shrub,3.7,130,3.3
5e538c9b-e6e4-4eb4-89c8-6d02228cb982,BLAN_053.basePlot.vst,2017-10-02,vst_BLAN_2017,D02,BLAN,BLAN_053,NEON.PLA.D02.BLAN.05758,small shrub,NA,NA,1.1
3e80ffb7-9341-4dc9-ace1-21a5910b8674,BLAN_053.basePlot.vst,2017-10-02,vst_BLAN_2017,D02,BLAN,BLAN_053,NEON.PLA.D02.BLAN.05759,single shrub,3.4,130,3.3
e0abeff1-ed82-4e98-8457-3c7d83d5b876,BLAN_053.basePlot.vst,2017-10-02,vst_BLAN_2017,D02,BLAN,BLAN_053,NEON.PLA.D02.BLAN.05758,small shrub,NA,NA,1.1
b52835d1-1c46-44cb-87f1-7b11a5a716ab,BLAN_053.basePlot.vst,2017-10-02,vst_BLAN_2017,D02,BLAN,BLAN_053,NEON.PLA.D02.BLAN.05740,small shrub,NA,NA,0.4
839269ec-00cb-473b-876c-909d2db764b7,BLAN_053.basePlot.vst,2017-10-02,vst_BLAN_2017,D02,BLAN,BLAN_053,NEON.PLA.D02.BLAN.05751,single shrub,1.4,130,2.2
c51b3058-0737-40b0-a042-0e7c81fe0c46,BLAN_053.basePlot.vst,2017-10-02,vst_BLAN_2017,D02,BLAN,BLAN_053,NEON.PLA.D02.BLAN.05760,single shrub,1.3,130,2.2
cd9f5b35-935b-4ffe-b21d-cb8e99ca88d4,BLAN_053.basePlot.vst,2017-10-02,vst_BLAN_2017,D02,BLAN,BLAN_053,NEON.PLA.D02.BLAN.05753,single shrub,4.4,130,4.0
9d9e253e-0887-44fd-8b8e-f0f988bd4951,BLAN_053.basePlot.vst,2017-10-02,vst_BLAN_2017,D02,BLAN,BLAN_053,NEON.PLA.D02.BLAN.05756,single shrub,2.8,130,2.2
8d8a8142-5fa7-4d64-bf6b-53b07905a864,BLAN_053.basePlot.vst,2017-10-02,vst_BLAN_2017,D02,BLAN,BLAN_053,NEON.PLA.D02.BLAN.05761,single shrub,3.9,130,3.3
20fc2591-78d8-46bd-92e3-92c73b4bfc9b,BLAN_053.basePlot.vst,2017-10-02,vst_BLAN_2017,D02,BLAN,BLAN_053,NEON.PLA.D02.BLAN.05754,single shrub,1.9,130,2.3
280158d1-0e06-4e9c-8b6b-a4051b3ade1c,BLAN_053.basePlot.vst,2017-10-02,vst_BLAN_2017,D02,BLAN,BLAN_053,NEON.PLA.D02.BLAN.05742,single shrub,2.6,130,3.0
9cd8a427-1451-4784-93d6-5ea1d18e6ecb,BLAN_053.basePlot.vst,2017-10-02,vst_BLAN_2017,D02,BLAN,BLAN_053,NEON.PLA.D02.BLAN.05762,single shrub,2.6,130,3.8
a50369dc-ca23-47ef-aea8-4ef483264182,BLAN_053.basePlot.vst,2017-10-02,vst_BLAN_2017,D02,BLAN,BLAN_053,NEON.PLA.D02.BLAN.05751,single shrub,1.0,130,2.2
f6bda768-cca7-49f1-982c-564c95a7fc08,BLAN_053.basePlot.vst,2017-10-02,vst_BLAN_2017,D02,BLAN,BLAN_053,NEON.PLA.D02.BLAN.05741,single shrub,3.7,130,3.7
825074da-54c1-4685-91d2-e3e6722e4e02,BLAN_053.basePlot.vst,2017-10-02,vst_BLAN_2017,D02,BLAN,BLAN_053,NEON.PLA.D02.BLAN.05745,single shrub,3.1,130,3.7
073a227e-399a-489d-9e8d-c55d0cb56a5e,BLAN_053.basePlot.vst,2017-10-02,vst_BLAN_2017,D02,BLAN,BLAN_053,NEON.PLA.D02.BLAN.05749,single shrub,1.1,130,3.4
66ef66aa-f651-47da-9a7f-8cc67c485212,BLAN_053.basePlot.vst,2017-10-02,vst_BLAN_2017,D02,BLAN,BLAN_053,NEON.PLA.D02.BLAN.05742,single shrub,2.6,130,3.0
d71b5825-ed2f-49d3-b23d-6909c66fc659,BLAN_053.basePlot.vst,2017-10-02,vst_BLAN_2017,D02,BLAN,BLAN_053,NEON.PLA.D02.BLAN.05745,single shrub,4.2,130,3.7
f29e6c2d-34d6-4128-a356-5434423bcb27,BLAN_053.basePlot.vst,2017-10-02,vst_BLAN_2017,D02,BLAN,BLAN_053,NEON.PLA.D02.BLAN.05746,small shrub,NA,NA,1.1
3d8bbd76-11c4-4e84-9ca1-dc5c603d4180,BLAN_053.basePlot.vst,2017-10-02,vst_BLAN_2017,D02,BLAN,BLAN_053,NEON.PLA.D02.BLAN.05749,single shrub,1.7,130,3.4
3cd59d06-f4b4-4316-b616-b4094c9252db,BLAN_053.basePlot.vst,2017-10-02,vst_BLAN_2017,D02,BLAN,BLAN_053,NEON.PLA.D02.BLAN.05745,single shrub,4.0,130,3.7
41cf4127-e723-409b-8003-90b0bc3d360c,BLAN_053.basePlot.vst,2017-10-02,vst_BLAN_2017,D02,BLAN,BLAN_053,NEON.PLA.D02.BLAN.05752,single shrub,2.8,130,3.0
7f438057-5f71-496f-96a6-620fc5b17ac1,BLAN_053.basePlot.vst,2017-10-02,vst_BLAN_2017,D02,BLAN,BLAN_053,NEON.PLA.D02.BLAN.05741,single shrub,4.9,130,3.7
ca937df3-07a5-4799-a797-2570160e2f17,BLAN_053.basePlot.vst,2017-10-02,vst_BLAN_2017,D02,BLAN,BLAN_053,NEON.PLA.D02.BLAN.05757,small shrub,NA,NA,1.0
157305b2-473e-4dc6-95ff-0395fb79b5b9,BLAN_053.basePlot.vst,2017-10-02,vst_BLAN_2017,D02,BLAN,BLAN_053,NEON.PLA.D02.BLAN.05752,single shrub,2.7,130,3.0
17f0dedb-2f16-4443-8c36-6640ddc036e8,BLAN_053.basePlot.vst,2017-10-02,vst_BLAN_2017,D02,BLAN,BLAN_053,NEON.PLA.D02.BLAN.05762,single shrub,3.5,130,3.8
223d839e-88b9-4f15-8c42-07ebb113ce15,BLAN_053.basePlot.vst,2017-10-02,vst_BLAN_2017,D02,BLAN,BLAN_053,NEON.PLA.D02.BLAN.05754,single shrub,1.5,130,2.3
d8574ce8-1f79-4334-88b4-475d1385870e,BLAN_053.basePlot.vst,2017-10-02,vst_BLAN_2017,D02,BLAN,BLAN_053,NEON.PLA.D02.BLAN.05744,single shrub,1.4,130,2.7
7b3fcb1e-0e56-47d1-8b23-f07536829331,BLAN_053.basePlot.vst,2017-10-02,vst_BLAN_2017,D02,BLAN,BLAN_053,NEON.PLA.D02.BLAN.05751,single shrub,1.1,130,2.2
0b99640f-5c53-45db-ba56-a6c62f54c303,BLAN_053.basePlot.vst,2017-10-02,vst_BLAN_2017,D02,BLAN,BLAN_053,NEON.PLA.D02.BLAN.05743,single shrub,1.5,130,2.2
93c3d5a4-b84a-4b84-af75-8bb70616a36c,BLAN_053.basePlot.vst,2017-10-02,vst_BLAN_2017,D02,BLAN,BLAN_053,NEON.PLA.D02.BLAN.05767,single shrub,1.0,130,1.6
33f68775-b174-4860-97f7-55540997f225,BLAN_053.basePlot.vst,2017-10-02,vst_BLAN_2017,D02,BLAN,BLAN_053,NEON.PLA.D02.BLAN.05756,single shrub,2.4,130,2.2
6ab66159-239c-424a-b292-7a2dc1b482a1,BLAN_053.basePlot.vst,2017-10-02,vst_BLAN_2017,D02,BLAN,BLAN_053,NEON.PLA.D02.BLAN.05747,single shrub,3.9,130,2.8
d3171776-608a-4c17-be35-c29d8ecc4e89,BLAN_053.basePlot.vst,2017-10-02,vst_BLAN_2017,D02,BLAN,BLAN_053,NEON.PLA.D02.BLAN.05755,single shrub,1.4,130,2.0
220b2920-ccbc-41bf-97e3-f2b15876c516,BLAN_053.basePlot.vst,2017-10-02,vst_BLAN_2017,D02,BLAN,BLAN_053,NEON.PLA.D02.BLAN.05758,small shrub,NA,NA,1.1
0f731b34-1b5d-452f-8cc1-ecea6bc1e9f2,BLAN_053.basePlot.vst,2017-10-02,vst_BLAN_2017,D02,BLAN,BLAN_053,NEON.PLA.D02.BLAN.05741,single shrub,4.6,130,3.7
dad27650-3381-4fc6-9953-66528d6ea712,BLAN_053.basePlot.vst,2017-10-02,vst_BLAN_2017,D02,BLAN,BLAN_053,NEON.PLA.D02.BLAN.05754,single shrub,1.3,130,2.3
2311bf4c-5b98-46db-abb7-307ff8af650c,BLAN_053.basePlot.vst,2017-10-02,vst_BLAN_2017,D02,BLAN,BLAN_053,NEON.PLA.D02.BLAN.05759,single shrub,3.8,130,3.3
27301614-5aac-4df8-811a-9803597c7f87,BLAN_053.basePlot.vst,2017-10-02,vst_BLAN_2017,D02,BLAN,BLAN_053,NEON.PLA.D02.BLAN.05762,single shrub,3.4,130,3.8
a2ce1cb8-8223-4a13-9ff9-bf41bb358da3,BLAN_053.basePlot.vst,2017-10-02,vst_BLAN_2017,D02,BLAN,BLAN_053,NEON.PLA.D02.BLAN.05756,single shrub,1.2,130,2.2
29b5bca4-0aee-40e8-b18b-42986bc38039,BLAN_053.basePlot.vst,2017-10-02,vst_BLAN_2017,D02,BLAN,BLAN_053,NEON.PLA.D02.BLAN.05753,single shrub,5.8,130,4.0
7e56037b-2c6c-44a9-a355-af7f7423f712,BLAN_053.basePlot.vst,2017-10-02,vst_BLAN_2017,D02,BLAN,BLAN_053,NEON.PLA.D02.BLAN.05747,single shrub,3.4,130,2.8
a6c79ff0-2b37-4d19-a566-f0426f785edc,BLAN_053.basePlot.vst,2017-10-02,vst_BLAN_2017,D02,BLAN,BLAN_053,NEON.PLA.D02.BLAN.05746,small shrub,NA,NA,1.1
2362f856-f42f-473c-980f-38df385ee33c,BLAN_053.basePlot.vst,2017-10-02,vst_BLAN_2017,D02,BLAN,BLAN_053,NEON.PLA.D02.BLAN.05741,single shrub,5.5,130,3.7
6fad11e4-bbcb-4149-a2b4-86f37ad4aa2c,BLAN_053.basePlot.vst,2017-10-02,vst_BLAN_2017,D02,BLAN,BLAN_053,NEON.PLA.D02.BLAN.05754,single shrub,1.1,130,2.3
cddd5e86-280d-452f-b57e-6d11c033f3a9,BLAN_032.basePlot.vst,2017-10-04,vst_BLAN_2017,D02,BLAN,BLAN_032,NEON.PLA.D02.BLAN.05228,single shrub,1.9,130,2.9
3f2dd1a8-5377-4866-a7f6-915c96bd6718,BLAN_032.basePlot.vst,2017-10-04,vst_BLAN_2017,D02,BLAN,BLAN_032,NEON.PLA.D02.BLAN.05236,single shrub,5.2,130,3.3
a1fdec70-c61a-45ea-8a4a-540f6855198f,BLAN_032.basePlot.vst,2017-10-04,vst_BLAN_2017,D02,BLAN,BLAN_032,NEON.PLA.D02.BLAN.05226,single shrub,2.9,130,3.3
b1e025dd-f6bb-48df-a936-91cd22e41e2f,BLAN_032.basePlot.vst,2017-10-04,vst_BLAN_2017,D02,BLAN,BLAN_032,NEON.PLA.D02.BLAN.12342,small shrub,NA,NA,1.8
4f5fbfa1-00a7-465b-8354-b77f89ee9435,BLAN_032.basePlot.vst,2017-10-04,vst_BLAN_2017,D02,BLAN,BLAN_032,NEON.PLA.D02.BLAN.05226,single shrub,2.3,130,3.3
bc5fa043-3176-4b42-87da-d72dd7208db6,BLAN_032.basePlot.vst,2017-10-04,vst_BLAN_2017,D02,BLAN,BLAN_032,NEON.PLA.D02.BLAN.05235,single shrub,4.8,130,3.4
48bef1ad-b5bc-49c6-a788-8aa010cb18e7,BLAN_032.basePlot.vst,2017-10-04,vst_BLAN_2017,D02,BLAN,BLAN_032,NEON.PLA.D02.BLAN.05245,single shrub,1.5,130,1.9
c92f161e-dfec-4e11-b529-560def698f11,BLAN_032.basePlot.vst,2017-10-04,vst_BLAN_2017,D02,BLAN,BLAN_032,NEON.PLA.D02.BLAN.05240,single shrub,2.5,130,2.8
bc7d24fb-fc26-4578-908c-b5f7f2914343,BLAN_032.basePlot.vst,2017-10-04,vst_BLAN_2017,D02,BLAN,BLAN_032,NEON.PLA.D02.BLAN.05223,single shrub,3.8,130,3.3
39f95be9-10ab-4517-9bb8-00868babe7f3,BLAN_032.basePlot.vst,2017-10-04,vst_BLAN_2017,D02,BLAN,BLAN_032,NEON.PLA.D02.BLAN.05247,single shrub,2.6,130,2.7
a2a0eed4-3118-4c8d-bdcf-1d3df3276ef3,BLAN_032.basePlot.vst,2017-10-04,vst_BLAN_2017,D02,BLAN,BLAN_032,NEON.PLA.D02.BLAN.05236,single shrub,2.7,130,3.3
65a40962-260f-4064-bcbe-b952eae23dc1,BLAN_032.basePlot.vst,2017-10-04,vst_BLAN_2017,D02,BLAN,BLAN_032,NEON.PLA.D02.BLAN.05226,single shrub,2.6,130,3.3
67f52e50-af5b-414d-9f2f-36851d76fc73,BLAN_032.basePlot.vst,2017-10-04,vst_BLAN_2017,D02,BLAN,BLAN_032,NEON.PLA.D02.BLAN.05234,single shrub,2.8,130,3.2
9acf55d2-4acb-4f02-adda-a675a0608963,BLAN_032.basePlot.vst,2017-10-04,vst_BLAN_2017,D02,BLAN,BLAN_032,NEON.PLA.D02.BLAN.05237,single shrub,2.9,130,3.2
ef43abf6-ef83-492d-a9c4-bcc64af28985,BLAN_032.basePlot.vst,2017-10-04,vst_BLAN_2017,D02,BLAN,BLAN_032,NEON.PLA.D02.BLAN.05227,single shrub,3.7,130,3.2
c983dfb9-5c3e-40b1-ad04-a479533e97fe,BLAN_032.basePlot.vst,2017-10-04,vst_BLAN_2017,D02,BLAN,BLAN_032,NEON.PLA.D02.BLAN.05237,single shrub,4.9,130,3.2
1bcdce2a-f690-43fd-9511-dabb695d2af5,BLAN_032.basePlot.vst,2017-10-04,vst_BLAN_2017,D02,BLAN,BLAN_032,NEON.PLA.D02.BLAN.05248,single shrub,5.1,130,3.4
a5e5805d-33f6-429e-b43c-07600b771a32,BLAN_032.basePlot.vst,2017-10-04,vst_BLAN_2017,D02,BLAN,BLAN_032,NEON.PLA.D02.BLAN.05244,single shrub,2.9,130,2.8
b17bff69-4c64-4361-a54b-01fbf54e1d5a,BLAN_032.basePlot.vst,2017-10-04,vst_BLAN_2017,D02,BLAN,BLAN_032,NEON.PLA.D02.BLAN.12339,small shrub,NA,NA,2.0
d9a3af1d-fbf0-40af-bdde-fe1623ea2afc,BLAN_032.basePlot.vst,2017-10-04,vst_BLAN_2017,D02,BLAN,BLAN_032,NEON.PLA.D02.BLAN.05244,single shrub,2.5,130,2.8
a7a27fe9-a511-4231-a8c1-1b4dc8405714,BLAN_032.basePlot.vst,2017-10-04,vst_BLAN_2017,D02,BLAN,BLAN_032,NEON.PLA.D02.BLAN.05226,single shrub,2.2,130,3.3
aababae5-5e6a-4560-beac-77ed83a9031a,BLAN_032.basePlot.vst,2017-10-04,vst_BLAN_2017,D02,BLAN,BLAN_032,NEON.PLA.D02.BLAN.05240,single shrub,2.2,130,2.8
4a3c242b-bc24-4074-a968-e647663bb608,BLAN_032.basePlot.vst,2017-10-04,vst_BLAN_2017,D02,BLAN,BLAN_032,NEON.PLA.D02.BLAN.05239,single shrub,2.8,130,2.8
15363443-ff93-44cb-9420-417daca34a20,BLAN_032.basePlot.vst,2017-10-04,vst_BLAN_2017,D02,BLAN,BLAN_032,NEON.PLA.D02.BLAN.05240,single shrub,1.5,130,2.8
2f06f2e9-65c7-48b6-818d-30514bde91d2,BLAN_032.basePlot.vst,2017-10-04,vst_BLAN_2017,D02,BLAN,BLAN_032,NEON.PLA.D02.BLAN.05239,single shrub,1.6,130,2.8
5a7e0ed3-9c37-47bb-aae9-ab3d07a95839,BLAN_032.basePlot.vst,2017-10-04,vst_BLAN_2017,D02,BLAN,BLAN_032,NEON.PLA.D02.BLAN.05230,single shrub,1.1,130,2.9
e487ca5b-e004-49a4-84af-286cbdc58237,BLAN_032.basePlot.vst,2017-10-04,vst_BLAN_2017,D02,BLAN,BLAN_032,NEON.PLA.D02.BLAN.05239,single shrub,1.6,130,2.8
b4355651-1f96-48e8-b153-0c499bb89063,BLAN_032.basePlot.vst,2017-10-04,vst_BLAN_2017,D02,BLAN,BLAN_032,NEON.PLA.D02.BLAN.05233,small shrub,NA,NA,2.0
9ecfb42c-a93d-4842-9d79-05e7ee6998c3,BLAN_032.basePlot.vst,2017-10-04,vst_BLAN_2017,D02,BLAN,BLAN_032,NEON.PLA.D02.BLAN.05229,small shrub,NA,NA,1.9
45e2ae94-7bc8-4897-a27c-1ce13b732b58,BLAN_032.basePlot.vst,2017-10-04,vst_BLAN_2017,D02,BLAN,BLAN_032,NEON.PLA.D02.BLAN.05230,single shrub,1.1,130,2.9
bb4a34e9-9df8-4063-a676-cb1bca2e229e,BLAN_032.basePlot.vst,2017-10-04,vst_BLAN_2017,D02,BLAN,BLAN_032,NEON.PLA.D02.BLAN.05238,single shrub,2.1,130,2.5
96c4f527-d234-44fa-8ecc-79de52f3701f,BLAN_032.basePlot.vst,2017-10-04,vst_BLAN_2017,D02,BLAN,BLAN_032,NEON.PLA.D02.BLAN.05223,single shrub,3.0,130,3.3
2c5a27d2-db46-4d59-b303-0940bb09d7b2,BLAN_032.basePlot.vst,2017-10-04,vst_BLAN_2017,D02,BLAN,BLAN_032,NEON.PLA.D02.BLAN.05237,single shrub,2.4,130,3.2
96144660-a727-4b73-b940-6fde867ad34f,BLAN_032.basePlot.vst,2017-10-04,vst_BLAN_2017,D02,BLAN,BLAN_032,NEON.PLA.D02.BLAN.09925,small shrub,NA,NA,1.7
5080ef46-e215-41b5-b1b3-b56b233796d2,BLAN_032.basePlot.vst,2017-10-04,vst_BLAN_2017,D02,BLAN,BLAN_032,NEON.PLA.D02.BLAN.05221,single shrub,1.2,130,3.6
6ebb61ec-8049-41b6-8e92-bb53065d0e5c,BLAN_032.basePlot.vst,2017-10-04,vst_BLAN_2017,D02,BLAN,BLAN_032,NEON.PLA.D02.BLAN.05239,single shrub,1.4,130,2.8
1125bc7d-aada-4a66-88b4-6e38a9fc8b98,BLAN_032.basePlot.vst,2017-10-04,vst_BLAN_2017,D02,BLAN,BLAN_032,NEON.PLA.D02.BLAN.05248,single shrub,3.5,130,3.4
a426e961-abfe-47cb-85a7-5753c893fcd0,BLAN_032.basePlot.vst,2017-10-04,vst_BLAN_2017,D02,BLAN,BLAN_032,NEON.PLA.D02.BLAN.05222,single shrub,2.2,130,3.2
a2f0c0c0-c2b6-4b4e-9e96-9f18d4e185ae,BLAN_032.basePlot.vst,2017-10-04,vst_BLAN_2017,D02,BLAN,BLAN_032,NEON.PLA.D02.BLAN.05236,single shrub,2.7,130,3.3
cce2a844-4bd5-49bd-8939-7b257dd86c8c,BLAN_032.basePlot.vst,2017-10-04,vst_BLAN_2017,D02,BLAN,BLAN_032,NEON.PLA.D02.BLAN.05230,single shrub,4.2,130,2.9
71a40901-7b79-4314-8ef2-f82933360bcc,BLAN_032.basePlot.vst,2017-10-04,vst_BLAN_2017,D02,BLAN,BLAN_032,NEON.PLA.D02.BLAN.05237,single shrub,4.5,130,3.2
687aa129-bf91-4509-be27-449c6d5bb689,BLAN_032.basePlot.vst,2017-10-04,vst_BLAN_2017,D02,BLAN,BLAN_032,NEON.PLA.D02.BLAN.05236,single shrub,3.0,130,3.3
e51cabbf-a507-4df0-8df7-4fe292b7211e,BLAN_032.basePlot.vst,2017-10-04,vst_BLAN_2017,D02,BLAN,BLAN_032,NEON.PLA.D02.BLAN.05226,single shrub,3.2,130,3.3
ee9b7bc3-1877-4a2d-a5b6-8b3004bf7e47,BLAN_032.basePlot.vst,2017-10-04,vst_BLAN_2017,D02,BLAN,BLAN_032,NEON.PLA.D02.BLAN.05235,single shrub,4.5,130,3.4
3155ab4e-0c09-4b43-9fb5-a682ad0d19a8,BLAN_032.basePlot.vst,2017-10-04,vst_BLAN_2017,D02,BLAN,BLAN_032,NEON.PLA.D02.BLAN.05223,single shrub,3.6,130,3.3
3c0156be-064b-4cea-a575-be05172741f3,BLAN_032.basePlot.vst,2017-10-04,vst_BLAN_2017,D02,BLAN,BLAN_032,NEON.PLA.D02.BLAN.05239,single shrub,1.2,130,2.8
7a27c530-7639-4151-ae69-e08c782f4f5a,BLAN_032.basePlot.vst,2017-10-04,vst_BLAN_2017,D02,BLAN,BLAN_032,NEON.PLA.D02.BLAN.05235,single shrub,5.2,130,3.4
8473795d-f3b3-4551-9224-3510d5b177f8,BLAN_032.basePlot.vst,2017-10-04,vst_BLAN_2017,D02,BLAN,BLAN_032,NEON.PLA.D02.BLAN.05248,single shrub,4.4,130,3.4
aec978e7-f397-49b9-bed6-0805359b4676,BLAN_032.basePlot.vst,2017-10-04,vst_BLAN_2017,D02,BLAN,BLAN_032,NEON.PLA.D02.BLAN.05245,single shrub,1.5,130,1.9
a91c0d14-54f3-478c-b481-917ef63cce26,BLAN_032.basePlot.vst,2017-10-04,vst_BLAN_2017,D02,BLAN,BLAN_032,NEON.PLA.D02.BLAN.13120,single shrub,1.6,130,2.2
94848883-b1d9-4563-b63d-ba5e3892e83d,BLAN_032.basePlot.vst,2017-10-04,vst_BLAN_2017,D02,BLAN,BLAN_032,NEON.PLA.D02.BLAN.05230,single shrub,3.3,130,2.9
0c5e41ad-7fdb-4b3e-b133-965e09e35004,BLAN_032.basePlot.vst,2017-10-04,vst_BLAN_2017,D02,BLAN,BLAN_032,NEON.PLA.D02.BLAN.05237,single shrub,2.3,130,3.2
ff9a32a0-427b-417f-b56e-e358d1782864,BLAN_032.basePlot.vst,2017-10-04,vst_BLAN_2017,D02,BLAN,BLAN_032,NEON.PLA.D02.BLAN.05239,single shrub,2.5,130,2.8
eb9b2dd7-d3b8-4bc6-b996-0bed69d67ea0,BLAN_032.basePlot.vst,2017-10-04,vst_BLAN_2017,D02,BLAN,BLAN_032,NEON.PLA.D02.BLAN.05246,small shrub,NA,NA,2.0
1d706ac1-7280-4843-a272-a9d7dd07f76a,BLAN_032.basePlot.vst,2017-10-04,vst_BLAN_2017,D02,BLAN,BLAN_032,NEON.PLA.D02.BLAN.05221,single shrub,4.6,130,3.6
142e5560-92e1-40a7-a679-bf95b4a17b0c,BLAN_032.basePlot.vst,2017-10-04,vst_BLAN_2017,D02,BLAN,BLAN_032,NEON.PLA.D02.BLAN.05221,single shrub,5.5,130,3.6
9349fb5f-1280-432a-a0c6-a6d2ad1bb4c0,BLAN_032.basePlot.vst,2017-10-04,vst_BLAN_2017,D02,BLAN,BLAN_032,NEON.PLA.D02.BLAN.05235,single shrub,2.5,130,3.4
54ea21e6-4c92-473c-a3dd-aac5b1d2b734,BLAN_032.basePlot.vst,2017-10-04,vst_BLAN_2017,D02,BLAN,BLAN_032,NEON.PLA.D02.BLAN.12341,small shrub,NA,NA,1.9
1d26956c-a12c-47b2-a462-f62655aed22f,BLAN_032.basePlot.vst,2017-10-04,vst_BLAN_2017,D02,BLAN,BLAN_032,NEON.PLA.D02.BLAN.12339,small shrub,NA,NA,2.0
74f056a5-9790-4fbf-bdd2-b5e59b1b2153,BLAN_032.basePlot.vst,2017-10-04,vst_BLAN_2017,D02,BLAN,BLAN_032,NEON.PLA.D02.BLAN.05227,single shrub,3.6,130,3.2
01139415-0cbb-413c-b55c-804ddafcb962,BLAN_032.basePlot.vst,2017-10-04,vst_BLAN_2017,D02,BLAN,BLAN_032,NEON.PLA.D02.BLAN.05233,small shrub,NA,NA,2.0
d5a62a78-21f3-4513-9ae6-77de8d45efb9,BLAN_032.basePlot.vst,2017-10-04,vst_BLAN_2017,D02,BLAN,BLAN_032,NEON.PLA.D02.BLAN.05244,single shrub,2.6,130,2.8
1317fbe1-aa13-4bbb-86ee-18b43a9812e3,BLAN_032.basePlot.vst,2017-10-04,vst_BLAN_2017,D02,BLAN,BLAN_032,NEON.PLA.D02.BLAN.05231,single shrub,2.4,130,2.2
116e38fa-fd2d-44ea-9e07-a8e2b2c8b8de,BLAN_047.basePlot.vst,2017-10-06,vst_BLAN_2017,D02,BLAN,BLAN_047,NEON.PLA.D02.BLAN.08961,single bole tree,12.1,130,9.4
588cf0f8-eaba-49cb-b1c1-9d24420ef836,BLAN_047.basePlot.vst,2017-10-06,vst_BLAN_2017,D02,BLAN,BLAN_047,NEON.PLA.D02.BLAN.12324,single bole tree,11.0,130,5.9
f5c5f08c-b218-4b7d-9889-7b4307ae921d,BLAN_047.basePlot.vst,2017-10-06,vst_BLAN_2017,D02,BLAN,BLAN_047,NEON.PLA.D02.BLAN.08965,single bole tree,28.1,130,11.8
58323782-782d-4dee-999a-d2886c77b908,BLAN_047.basePlot.vst,2017-10-06,vst_BLAN_2017,D02,BLAN,BLAN_047,NEON.PLA.D02.BLAN.08959,single bole tree,12.4,130,7.8
3b26f1a6-142f-4686-bf39-2d0f07378a8d,BLAN_047.basePlot.vst,2017-10-06,vst_BLAN_2017,D02,BLAN,BLAN_047,NEON.PLA.D02.BLAN.08958,single bole tree,20.9,130,13.3
77eaea9b-e670-4235-85bf-97c6639a2578,BLAN_047.basePlot.vst,2017-10-06,vst_BLAN_2017,D02,BLAN,BLAN_047,NEON.PLA.D02.BLAN.12327,single bole tree,12.0,130,7.9
d7bae6cc-a8bf-4570-8ae1-087c407abc6c,BLAN_047.basePlot.vst,2017-10-06,vst_BLAN_2017,D02,BLAN,BLAN_047,NEON.PLA.D02.BLAN.08955,single bole tree,21.6,130,12.4
ea1e6ab7-43ce-4f44-95d4-42ee999d1ad2,BLAN_047.basePlot.vst,2017-10-06,vst_BLAN_2017,D02,BLAN,BLAN_047,NEON.PLA.D02.BLAN.08966,single bole tree,15.3,130,9.4
f0350966-4583-4f6e-a804-972e69014494,BLAN_047.basePlot.vst,2017-10-06,vst_BLAN_2017,D02,BLAN,BLAN_047,NEON.PLA.D02.BLAN.12325,single bole tree,11.0,130,7.2
d3182d3c-219b-447c-817d-e05ba17caa57,BLAN_047.basePlot.vst,2017-10-06,vst_BLAN_2017,D02,BLAN,BLAN_047,NEON.PLA.D02.BLAN.12326,single bole tree,11.6,130,8.8
ee5a4281-3dea-427a-a5bc-9ba3b3cc405b,BLAN_047.basePlot.vst,2017-10-06,vst_BLAN_2017,D02,BLAN,BLAN_047,NEON.PLA.D02.BLAN.12328,single bole tree,11.2,130,6.8
bd5be19b-8ca0-4bec-a948-56aa56100c54,BLAN_047.basePlot.vst,2017-10-06,vst_BLAN_2017,D02,BLAN,BLAN_047,NEON.PLA.D02.BLAN.08962,single bole tree,15.3,130,7.8
24fbc509-788c-4110-a09c-5366dd40f3d8,BLAN_047.basePlot.vst,2017-10-06,vst_BLAN_2017,D02,BLAN,BLAN_047,NEON.PLA.D02.BLAN.08964,single bole tree,24.0,130,11.5
11737664-bbcd-406e-85ff-e6e75ff23f31,BLAN_047.basePlot.vst,2017-10-06,vst_BLAN_2017,D02,BLAN,BLAN_047,NEON.PLA.D02.BLAN.08957,single bole tree,13.8,130,10.7
b639bc12-0e2f-4cb4-b2cb-556e1773dd79,BLAN_047.basePlot.vst,2017-10-06,vst_BLAN_2017,D02,BLAN,BLAN_047,NEON.PLA.D02.BLAN.08963,single bole tree,11.3,130,5.8
ff0e7660-d3db-483b-936d-f02cac826143,BLAN_036.basePlot.vst,2017-10-09,vst_BLAN_2017,D02,BLAN,BLAN_036,NEON.PLA.D02.BLAN.08363,single bole tree,10.4,130,9.1
f17c1d66-74ca-488d-916b-37a41236a3de,BLAN_036.basePlot.vst,2017-10-09,vst_BLAN_2017,D02,BLAN,BLAN_036,NEON.PLA.D02.BLAN.05998,single bole tree,12.9,130,8.7
dda35f30-64a8-49db-9495-4f062d0a87b3,BLAN_036.basePlot.vst,2017-10-09,vst_BLAN_2017,D02,BLAN,BLAN_036,NEON.PLA.D02.BLAN.05396,single bole tree,17.2,130,9.1
8c8a8814-c69b-4415-84b9-4d65d414a78b,BLAN_036.basePlot.vst,2017-10-09,vst_BLAN_2017,D02,BLAN,BLAN_036,NEON.PLA.D02.BLAN.05395,single bole tree,17.7,130,9.3
ba970ec4-d6fc-4474-af3f-f58a6a5fb023,BLAN_036.basePlot.vst,2017-10-09,vst_BLAN_2017,D02,BLAN,BLAN_036,NEON.PLA.D02.BLAN.05999,single bole tree,13.6,130,9.6
2ccd806f-6666-462e-a8da-181a4f6ee652,BLAN_036.basePlot.vst,2017-10-09,vst_BLAN_2017,D02,BLAN,BLAN_036,NEON.PLA.D02.BLAN.13150,single bole tree,11.3,130,6.8
ebf7661e-93a2-4df0-84ce-679742faaa60,BLAN_036.basePlot.vst,2017-10-09,vst_BLAN_2017,D02,BLAN,BLAN_036,NEON.PLA.D02.BLAN.05398,single bole tree,13.4,130,10.3
afc03710-3821-49b0-80a5-2d8fd79bf85f,BLAN_036.basePlot.vst,2017-10-09,vst_BLAN_2017,D02,BLAN,BLAN_036,NEON.PLA.D02.BLAN.05399,single bole tree,19.5,130,11.3
549a98bb-2b0b-4391-a7ca-4411145b6682,BLAN_036.basePlot.vst,2017-10-09,vst_BLAN_2017,D02,BLAN,BLAN_036,NEON.PLA.D02.BLAN.12299,single bole tree,10.0,130,9.2
f6c5fa3e-ed06-441f-8055-9839387dba2a,BLAN_036.basePlot.vst,2017-10-09,vst_BLAN_2017,D02,BLAN,BLAN_036,NEON.PLA.D02.BLAN.05400,single bole tree,34.4,130,11.9
6143e99d-de2e-419b-a388-6df05653170b,BLAN_036.basePlot.vst,2017-10-09,vst_BLAN_2017,D02,BLAN,BLAN_036,NEON.PLA.D02.BLAN.05397,single bole tree,13.8,134,9.3
688b207f-373f-486d-a535-affee4758d18,BLAN_036.basePlot.vst,2017-10-09,vst_BLAN_2017,D02,BLAN,BLAN_036,NEON.PLA.D02.BLAN.12298,single bole tree,10.4,130,8.9
33faed81-567a-4c68-82f0-3cd348edfe1d,BLAN_048.basePlot.vst,2017-10-12,vst_BLAN_2017,D02,BLAN,BLAN_048,NEON.PLA.D02.BLAN.08288,single bole tree,16.4,130,4.7
c50a80fc-2589-4cf8-a263-0bb3439173e0,BLAN_048.basePlot.vst,2017-10-12,vst_BLAN_2017,D02,BLAN,BLAN_048,NEON.PLA.D02.BLAN.08285,single bole tree,11.7,130,12.3
496ac81e-92db-4d87-b9d7-e7a30de3c55d,BLAN_048.basePlot.vst,2017-10-12,vst_BLAN_2017,D02,BLAN,BLAN_048,NEON.PLA.D02.BLAN.08291,single bole tree,39.9,130,18.9
4e45111c-fcc9-4c5c-8828-72888bf6f5c2,BLAN_048.basePlot.vst,2017-10-12,vst_BLAN_2017,D02,BLAN,BLAN_048,NEON.PLA.D02.BLAN.08286,single bole tree,31.7,130,21.7
7bbab90b-8b6e-413d-91a8-0f94570c1b2e,BLAN_048.basePlot.vst,2017-10-12,vst_BLAN_2017,D02,BLAN,BLAN_048,NEON.PLA.D02.BLAN.08284,single bole tree,30.5,130,20.2
c88c1d0a-2d11-4918-811f-ecaf286bc177,BLAN_048.basePlot.vst,2017-10-12,vst_BLAN_2017,D02,BLAN,BLAN_048,NEON.PLA.D02.BLAN.08292,single bole tree,51.9,130,26.5
98362b8b-33dd-4c87-aee2-802f08f08005,BLAN_048.basePlot.vst,2017-10-12,vst_BLAN_2017,D02,BLAN,BLAN_048,NEON.PLA.D02.BLAN.08287,single bole tree,28.9,130,20.3
b511edc0-b034-4cd1-9e1b-424ac71fedad,BLAN_048.basePlot.vst,2017-10-12,vst_BLAN_2017,D02,BLAN,BLAN_048,NEON.PLA.D02.BLAN.08289,single bole tree,44.5,130,26.6
9a734c8b-ce3f-4d1a-b41f-a6046415f161,BLAN_048.basePlot.vst,2017-10-12,vst_BLAN_2017,D02,BLAN,BLAN_048,NEON.PLA.D02.BLAN.08290,single bole tree,13.5,130,5.6
d4acd1b0-d9ab-4a27-97bb-6cd45802b9af,BLAN_063.basePlot.vst,2017-10-13,vst_BLAN_2017,D02,BLAN,BLAN_063,NEON.PLA.D02.BLAN.08551,single shrub,11.4,130,5.9
757156e2-9cb5-47bc-8c61-a71b552efab0,BLAN_063.basePlot.vst,2017-10-13,vst_BLAN_2017,D02,BLAN,BLAN_063,NEON.PLA.D02.BLAN.08547,single bole tree,26.5,130,14.2
2b4c0280-e6b7-4a00-98f9-37ebfd69f511,BLAN_063.basePlot.vst,2017-10-13,vst_BLAN_2017,D02,BLAN,BLAN_063,NEON.PLA.D02.BLAN.08543,single bole tree,59.6,130,30.9
bbafe08a-a347-4c69-97f1-3f18d2878f0f,BLAN_063.basePlot.vst,2017-10-13,vst_BLAN_2017,D02,BLAN,BLAN_063,NEON.PLA.D02.BLAN.08536,single bole tree,51.5,130,27.1
df15a511-7828-4a5a-b799-e44e23bb0246,BLAN_063.basePlot.vst,2017-10-13,vst_BLAN_2017,D02,BLAN,BLAN_063,NEON.PLA.D02.BLAN.08545,single bole tree,12.5,130,11.0
a319721a-0e97-4112-82d1-6393424f80c0,BLAN_063.basePlot.vst,2017-10-13,vst_BLAN_2017,D02,BLAN,BLAN_063,NEON.PLA.D02.BLAN.08574,small tree,9.5,130,6.4
c7d59872-c6b9-4738-8d29-82126c56d9a3,BLAN_063.basePlot.vst,2017-10-13,vst_BLAN_2017,D02,BLAN,BLAN_063,NEON.PLA.D02.BLAN.08548,single bole tree,10.8,130,6.0
8d2cc3b0-6cb9-491b-ac2d-b9bf3d57e31a,BLAN_063.basePlot.vst,2017-10-13,vst_BLAN_2017,D02,BLAN,BLAN_063,NEON.PLA.D02.BLAN.08540,single bole tree,26.9,130,21.1
c5482502-8593-4fe1-9ce9-05acc1ba30af,BLAN_063.basePlot.vst,2017-10-13,vst_BLAN_2017,D02,BLAN,BLAN_063,NEON.PLA.D02.BLAN.08802,single bole tree,38.8,130,20.0
8a7c53b7-ec05-44bd-a903-7801d9fdcfa8,BLAN_063.basePlot.vst,2017-10-13,vst_BLAN_2017,D02,BLAN,BLAN_063,NEON.PLA.D02.BLAN.08801,single bole tree,69.4,130,30.5
e5a7322a-89f1-4272-a568-026f3668a5bb,BLAN_063.basePlot.vst,2017-10-13,vst_BLAN_2017,D02,BLAN,BLAN_063,NEON.PLA.D02.BLAN.08549,single bole tree,15.9,130,14.4
e13d498b-6d57-468c-bd4b-fa13ceab3e52,BLAN_063.basePlot.vst,2017-10-13,vst_BLAN_2017,D02,BLAN,BLAN_063,NEON.PLA.D02.BLAN.08546,NA,NA,NA,NA
5e495080-f18e-4cfa-bf78-6e43ee05dc22,BLAN_063.basePlot.vst,2017-10-13,vst_BLAN_2017,D02,BLAN,BLAN_063,NEON.PLA.D02.BLAN.08542,single bole tree,13.7,130,11.9
f90a2815-2406-458f-aefc-3bbf1022c399,BLAN_063.basePlot.vst,2017-10-13,vst_BLAN_2017,D02,BLAN,BLAN_063,NEON.PLA.D02.BLAN.08550,single bole tree,10.8,130,7.9
6ad18a38-bef7-406c-bc35-ce277aa509ce,BLAN_063.basePlot.vst,2017-10-13,vst_BLAN_2017,D02,BLAN,BLAN_063,NEON.PLA.D02.BLAN.08539,single bole tree,40.0,130,12.2
66b26914-a2a8-4857-956b-124d0f2539d4,BLAN_063.basePlot.vst,2017-10-13,vst_BLAN_2017,D02,BLAN,BLAN_063,NEON.PLA.D02.BLAN.08535,single bole tree,23.8,130,19.2
35df1d15-7e0d-4b72-840f-8d0d8c66fae9,BLAN_063.basePlot.vst,2017-10-13,vst_BLAN_2017,D02,BLAN,BLAN_063,NEON.PLA.D02.BLAN.08803,single bole tree,13.2,130,10.4
d722454d-2696-4e36-9dee-0affe2dd6941,BLAN_063.basePlot.vst,2017-10-13,vst_BLAN_2017,D02,BLAN,BLAN_063,NEON.PLA.D02.BLAN.08541,single bole tree,43.6,130,26.6
a618901a-d0c2-4cbe-b70f-a5f3b1c568a2,BLAN_063.basePlot.vst,2017-10-13,vst_BLAN_2017,D02,BLAN,BLAN_063,NEON.PLA.D02.BLAN.08537,single bole tree,24.9,130,12.6
525c275c-12e0-4447-bec1-aa62211ffcd3,BLAN_063.basePlot.vst,2017-10-13,vst_BLAN_2017,D02,BLAN,BLAN_063,NEON.PLA.D02.BLAN.08544,single bole tree,12.6,130,10.4
6425a0f8-9eae-4b14-b236-8df84ce9e192,BLAN_063.basePlot.vst,2017-10-13,vst_BLAN_2017,D02,BLAN,BLAN_063,NEON.PLA.D02.BLAN.08538,single bole tree,31.0,130,14.1
31db697c-4af5-4637-8cd2-37892878540c,BLAN_055.basePlot.vst,2017-10-16,vst_BLAN_2017,D02,BLAN,BLAN_055,NEON.PLA.D02.BLAN.05911,small shrub,NA,NA,1.3
168a55e5-691b-4898-8b45-38aade60f7d5,BLAN_055.basePlot.vst,2017-10-16,vst_BLAN_2017,D02,BLAN,BLAN_055,NEON.PLA.D02.BLAN.05932,small shrub,NA,NA,1.6
3ea12ce9-3ba4-4738-b06d-728a50a0e55f,BLAN_055.basePlot.vst,2017-10-16,vst_BLAN_2017,D02,BLAN,BLAN_055,NEON.PLA.D02.BLAN.05935,small shrub,NA,NA,1.8
ae30e9a0-ae01-4b3e-961f-936d67f6d10f,BLAN_055.basePlot.vst,2017-10-16,vst_BLAN_2017,D02,BLAN,BLAN_055,NEON.PLA.D02.BLAN.05918,small shrub,NA,NA,1.3
6a701215-76e8-4c82-9b33-79c418854c9e,BLAN_055.basePlot.vst,2017-10-16,vst_BLAN_2017,D02,BLAN,BLAN_055,NEON.PLA.D02.BLAN.05931,small shrub,NA,NA,1.6
6981e49d-2704-4d8c-9379-3c5a347fe81b,BLAN_055.basePlot.vst,2017-10-16,vst_BLAN_2017,D02,BLAN,BLAN_055,NEON.PLA.D02.BLAN.05920,small shrub,NA,NA,1.4
af8551d3-3d57-40d2-95b6-579dd5284f1a,BLAN_055.basePlot.vst,2017-10-16,vst_BLAN_2017,D02,BLAN,BLAN_055,NEON.PLA.D02.BLAN.05948,small shrub,NA,NA,1.7
e41efba5-3080-4f76-af1c-da88228e8f2c,BLAN_055.basePlot.vst,2017-10-16,vst_BLAN_2017,D02,BLAN,BLAN_055,NEON.PLA.D02.BLAN.05914,small shrub,NA,NA,1.4
9e24e6c5-72be-4dfd-a6d0-24c79b76a475,BLAN_055.basePlot.vst,2017-10-16,vst_BLAN_2017,D02,BLAN,BLAN_055,NEON.PLA.D02.BLAN.05958,small shrub,NA,NA,1.4
2a23833c-578f-45d6-ba02-8bf9d2027c75,BLAN_055.basePlot.vst,2017-10-16,vst_BLAN_2017,D02,BLAN,BLAN_055,NEON.PLA.D02.BLAN.05947,small shrub,NA,NA,1.3
199d1079-2c66-4437-9751-93be638cc885,BLAN_055.basePlot.vst,2017-10-16,vst_BLAN_2017,D02,BLAN,BLAN_055,NEON.PLA.D02.BLAN.05946,small shrub,NA,NA,1.2
2ddf82fb-64d0-4eb3-850d-a8ab7b3b32cd,BLAN_055.basePlot.vst,2017-10-16,vst_BLAN_2017,D02,BLAN,BLAN_055,NEON.PLA.D02.BLAN.01848,small shrub,NA,NA,1.7
952ea076-fe7d-4ade-af03-9eaf06148286,BLAN_055.basePlot.vst,2017-10-16,vst_BLAN_2017,D02,BLAN,BLAN_055,NEON.PLA.D02.BLAN.13338,small shrub,NA,NA,1.7
7e1e726b-8873-4a86-9f45-ebd1e1ddd511,BLAN_055.basePlot.vst,2017-10-16,vst_BLAN_2017,D02,BLAN,BLAN_055,NEON.PLA.D02.BLAN.01846,single shrub,1.6,130,2.3
ec573287-046f-447f-8383-6c4df9fa0b88,BLAN_055.basePlot.vst,2017-10-16,vst_BLAN_2017,D02,BLAN,BLAN_055,NEON.PLA.D02.BLAN.05914,small shrub,NA,NA,1.4
4bfa3699-f93b-4626-8cc7-1999e6ee0d17,BLAN_055.basePlot.vst,2017-10-16,vst_BLAN_2017,D02,BLAN,BLAN_055,NEON.PLA.D02.BLAN.05917,small shrub,NA,NA,1.5
ef45a264-99bb-4d04-8c66-3917730c618e,BLAN_055.basePlot.vst,2017-10-16,vst_BLAN_2017,D02,BLAN,BLAN_055,NEON.PLA.D02.BLAN.05966,single shrub,1.3,130,2.2
aff16524-4711-47b2-abf4-5326ad23db65,BLAN_055.basePlot.vst,2017-10-16,vst_BLAN_2017,D02,BLAN,BLAN_055,NEON.PLA.D02.BLAN.01821,small shrub,NA,NA,1.5
0a1dd3af-7b01-4910-b021-d7d4d237176d,BLAN_055.basePlot.vst,2017-10-16,vst_BLAN_2017,D02,BLAN,BLAN_055,NEON.PLA.D02.BLAN.05960,small shrub,NA,NA,1.8
8445c052-8549-41dd-a7e9-3fe402a4e8f3,BLAN_055.basePlot.vst,2017-10-16,vst_BLAN_2017,D02,BLAN,BLAN_055,NEON.PLA.D02.BLAN.05960,small shrub,NA,NA,1.8
56282c76-b416-4799-98f4-0c458f71f886,BLAN_055.basePlot.vst,2017-10-16,vst_BLAN_2017,D02,BLAN,BLAN_055,NEON.PLA.D02.BLAN.01836,small shrub,NA,NA,1.2
cec9d49e-6d62-457a-a38e-dac89ad82532,BLAN_055.basePlot.vst,2017-10-16,vst_BLAN_2017,D02,BLAN,BLAN_055,NEON.PLA.D02.BLAN.05943,small shrub,NA,NA,1.7
f41b4724-3b0d-4b60-bc73-0846cb43516d,BLAN_055.basePlot.vst,2017-10-16,vst_BLAN_2017,D02,BLAN,BLAN_055,NEON.PLA.D02.BLAN.05932,small shrub,NA,NA,1.6
a9c24234-bb4a-4e7c-ba7a-63026a1b62ae,BLAN_055.basePlot.vst,2017-10-16,vst_BLAN_2017,D02,BLAN,BLAN_055,NEON.PLA.D02.BLAN.05941,single shrub,1.0,130,1.9
edcaaa06-6682-4ee2-9cce-e242ecf63ffe,BLAN_055.basePlot.vst,2017-10-16,vst_BLAN_2017,D02,BLAN,BLAN_055,NEON.PLA.D02.BLAN.05945,small shrub,NA,NA,1.7
85f9e0a2-26fe-430e-aa90-67f473250d4d,BLAN_055.basePlot.vst,2017-10-16,vst_BLAN_2017,D02,BLAN,BLAN_055,NEON.PLA.D02.BLAN.05956,single shrub,1.6,130,2.3
cfe9c07e-f226-4c9b-8757-80f8220c35a5,BLAN_055.basePlot.vst,2017-10-16,vst_BLAN_2017,D02,BLAN,BLAN_055,NEON.PLA.D02.BLAN.12184,small shrub,NA,NA,0.9
e4fc3965-93dc-4e09-840e-fb0fe2dff314,BLAN_055.basePlot.vst,2017-10-16,vst_BLAN_2017,D02,BLAN,BLAN_055,NEON.PLA.D02.BLAN.05911,small shrub,NA,NA,1.3
03f2abe9-16a9-4ea7-8cc3-2ee6650f9dae,BLAN_055.basePlot.vst,2017-10-16,vst_BLAN_2017,D02,BLAN,BLAN_055,NEON.PLA.D02.BLAN.05954,single shrub,1.2,130,2.3
74a4c4a5-0bb2-42ac-8ff0-015d741f3dba,BLAN_055.basePlot.vst,2017-10-16,vst_BLAN_2017,D02,BLAN,BLAN_055,NEON.PLA.D02.BLAN.01821,small shrub,NA,NA,1.5
f4b1d742-e7a6-45d8-ad1c-825276425143,BLAN_055.basePlot.vst,2017-10-16,vst_BLAN_2017,D02,BLAN,BLAN_055,NEON.PLA.D02.BLAN.05911,small shrub,NA,NA,1.3
4007ccff-d430-4c58-8a2a-2001cd9854f4,BLAN_055.basePlot.vst,2017-10-16,vst_BLAN_2017,D02,BLAN,BLAN_055,NEON.PLA.D02.BLAN.05963,single shrub,2.3,130,2.7
7a77b6ed-aba0-4aeb-8ccf-2cf8c7afe834,BLAN_055.basePlot.vst,2017-10-16,vst_BLAN_2017,D02,BLAN,BLAN_055,NEON.PLA.D02.BLAN.05913,small shrub,NA,NA,1.7
bc871dd0-aa53-4756-92a4-b8100733218a,BLAN_055.basePlot.vst,2017-10-16,vst_BLAN_2017,D02,BLAN,BLAN_055,NEON.PLA.D02.BLAN.05964,single shrub,2.1,130,2.6
3ce60200-2308-4365-a2ab-3a48ba60b530,BLAN_055.basePlot.vst,2017-10-16,vst_BLAN_2017,D02,BLAN,BLAN_055,NEON.PLA.D02.BLAN.05911,small shrub,NA,NA,1.3
bd5b32b3-f0b6-4f33-969f-9a1eb50a3ae4,BLAN_055.basePlot.vst,2017-10-16,vst_BLAN_2017,D02,BLAN,BLAN_055,NEON.PLA.D02.BLAN.05962,single shrub,1.4,130,2.4
dbbb6c43-7d8c-4e73-af71-615e09204ff5,BLAN_055.basePlot.vst,2017-10-16,vst_BLAN_2017,D02,BLAN,BLAN_055,NEON.PLA.D02.BLAN.01907,small shrub,NA,NA,1.2
b8b21277-7048-4e68-ba5f-8c47fb52794b,BLAN_055.basePlot.vst,2017-10-16,vst_BLAN_2017,D02,BLAN,BLAN_055,NEON.PLA.D02.BLAN.05939,small shrub,NA,NA,1.5
8bcf7aeb-64a8-4a65-8353-3f3318779b82,BLAN_055.basePlot.vst,2017-10-16,vst_BLAN_2017,D02,BLAN,BLAN_055,NEON.PLA.D02.BLAN.05948,small shrub,NA,NA,1.7
380cb8ff-81c2-405c-ad0c-2f3fb447e13d,BLAN_055.basePlot.vst,2017-10-16,vst_BLAN_2017,D02,BLAN,BLAN_055,NEON.PLA.D02.BLAN.01844,small shrub,NA,NA,1.6
9694a964-52b1-4b54-9028-a091d0b75b5b,BLAN_055.basePlot.vst,2017-10-16,vst_BLAN_2017,D02,BLAN,BLAN_055,NEON.PLA.D02.BLAN.05934,small shrub,NA,NA,1.8
225649d6-628a-4442-b8d2-65b152354b9c,BLAN_055.basePlot.vst,2017-10-16,vst_BLAN_2017,D02,BLAN,BLAN_055,NEON.PLA.D02.BLAN.05920,small shrub,NA,NA,1.4
e6806837-48b2-42b9-af90-ee2eaa225faa,BLAN_055.basePlot.vst,2017-10-16,vst_BLAN_2017,D02,BLAN,BLAN_055,NEON.PLA.D02.BLAN.01906,small shrub,NA,NA,1.4
ddd4eb6d-6bba-4520-8bc7-0bc0642b29ad,BLAN_055.basePlot.vst,2017-10-16,vst_BLAN_2017,D02,BLAN,BLAN_055,NEON.PLA.D02.BLAN.05924,small shrub,NA,NA,1.4
63fdda56-b0f5-44c2-b619-851090a57193,BLAN_055.basePlot.vst,2017-10-16,vst_BLAN_2017,D02,BLAN,BLAN_055,NEON.PLA.D02.BLAN.05946,small shrub,NA,NA,1.2
9004f341-c4d6-41a2-9e57-e032a5066244,BLAN_055.basePlot.vst,2017-10-16,vst_BLAN_2017,D02,BLAN,BLAN_055,NEON.PLA.D02.BLAN.01905,small shrub,NA,NA,1.1
fe1aaeb2-a700-4e9c-a016-590c0540e85f,BLAN_055.basePlot.vst,2017-10-16,vst_BLAN_2017,D02,BLAN,BLAN_055,NEON.PLA.D02.BLAN.12292,small shrub,NA,NA,1.1
da1e57d1-d36c-4ec9-84e4-858f47333803,BLAN_055.basePlot.vst,2017-10-16,vst_BLAN_2017,D02,BLAN,BLAN_055,NEON.PLA.D02.BLAN.05917,small shrub,NA,NA,1.5
2d3f9ea1-ead8-4cfe-adfb-c5f14916d414,BLAN_055.basePlot.vst,2017-10-16,vst_BLAN_2017,D02,BLAN,BLAN_055,NEON.PLA.D02.BLAN.12293,small shrub,NA,NA,1.1
89e5b17c-0ad7-4603-893d-5f8c1e45158f,BLAN_055.basePlot.vst,2017-10-16,vst_BLAN_2017,D02,BLAN,BLAN_055,NEON.PLA.D02.BLAN.13019,small shrub,NA,NA,1.6
a63c6d40-aaf3-4f95-83bb-37c2fad59216,BLAN_055.basePlot.vst,2017-10-16,vst_BLAN_2017,D02,BLAN,BLAN_055,NEON.PLA.D02.BLAN.05943,small shrub,NA,NA,1.7
705c5d32-9c46-438a-b2e3-4f568124d342,BLAN_055.basePlot.vst,2017-10-16,vst_BLAN_2017,D02,BLAN,BLAN_055,NEON.PLA.D02.BLAN.05961,single shrub,1.1,130,2.3
fe94f50e-e510-408f-9437-a5b800796b4c,BLAN_055.basePlot.vst,2017-10-16,vst_BLAN_2017,D02,BLAN,BLAN_055,NEON.PLA.D02.BLAN.13020,small shrub,NA,NA,1.0
1002f4aa-2a9d-4f9c-8680-9942033d2668,BLAN_055.basePlot.vst,2017-10-16,vst_BLAN_2017,D02,BLAN,BLAN_055,NEON.PLA.D02.BLAN.05931,small shrub,NA,NA,1.6
e95c82e6-cebb-4ac2-ade5-8c0f2f0bf2f9,BLAN_055.basePlot.vst,2017-10-16,vst_BLAN_2017,D02,BLAN,BLAN_055,NEON.PLA.D02.BLAN.05957,small shrub,NA,NA,1.4
31276c6e-09dc-4739-acf8-e54c62e55dc7,BLAN_055.basePlot.vst,2017-10-16,vst_BLAN_2017,D02,BLAN,BLAN_055,NEON.PLA.D02.BLAN.13340,small shrub,NA,NA,1.5
3b0da8e6-393d-4c5b-833a-5f2040d339f5,BLAN_055.basePlot.vst,2017-10-16,vst_BLAN_2017,D02,BLAN,BLAN_055,NEON.PLA.D02.BLAN.05964,single shrub,2.4,130,2.6
c25bb179-74fc-4878-889f-2483900c3fdb,BLAN_055.basePlot.vst,2017-10-16,vst_BLAN_2017,D02,BLAN,BLAN_055,NEON.PLA.D02.BLAN.05916,single shrub,1.3,130,1.7
7fcdf07c-9bb4-47da-89e9-dc68dd32f4fc,BLAN_055.basePlot.vst,2017-10-16,vst_BLAN_2017,D02,BLAN,BLAN_055,NEON.PLA.D02.BLAN.05911,small shrub,NA,NA,1.3
d8d55bdc-bc89-44d7-8fc0-eba2eef240ed,BLAN_055.basePlot.vst,2017-10-16,vst_BLAN_2017,D02,BLAN,BLAN_055,NEON.PLA.D02.BLAN.05964,single shrub,2.2,130,2.6
e632174b-4173-48e1-a192-401bb6486d99,BLAN_055.basePlot.vst,2017-10-16,vst_BLAN_2017,D02,BLAN,BLAN_055,NEON.PLA.D02.BLAN.05919,small shrub,NA,NA,1.0
7842f8c0-1b69-46d7-ac03-e29e7294bd39,BLAN_055.basePlot.vst,2017-10-16,vst_BLAN_2017,D02,BLAN,BLAN_055,NEON.PLA.D02.BLAN.05938,small shrub,NA,NA,1.8
7759063d-6840-4f98-9edd-a64c40992f28,BLAN_055.basePlot.vst,2017-10-16,vst_BLAN_2017,D02,BLAN,BLAN_055,NEON.PLA.D02.BLAN.01906,small shrub,NA,NA,1.4
c0e8ba3e-a07f-48ce-b1a1-318b40c93cfc,BLAN_055.basePlot.vst,2017-10-16,vst_BLAN_2017,D02,BLAN,BLAN_055,NEON.PLA.D02.BLAN.05917,small shrub,NA,NA,1.5
68b85fe3-b138-49b8-9948-9f371136eac0,BLAN_055.basePlot.vst,2017-10-16,vst_BLAN_2017,D02,BLAN,BLAN_055,NEON.PLA.D02.BLAN.05929,single shrub,1.3,130,2.0
4070fe6c-c22e-4f12-aacd-c6b7aaf683c6,BLAN_055.basePlot.vst,2017-10-16,vst_BLAN_2017,D02,BLAN,BLAN_055,NEON.PLA.D02.BLAN.13339,small shrub,NA,NA,0.9
2ab1f313-3d31-4fcc-9110-7e780811698f,BLAN_055.basePlot.vst,2017-10-16,vst_BLAN_2017,D02,BLAN,BLAN_055,NEON.PLA.D02.BLAN.01822,small shrub,NA,NA,1.5
ac16e8e7-9753-4ff3-bdf1-2bb0bbdc2a9f,BLAN_055.basePlot.vst,2017-10-16,vst_BLAN_2017,D02,BLAN,BLAN_055,NEON.PLA.D02.BLAN.01838,small shrub,NA,NA,1.8
68f21548-e474-4fe5-9fb2-5bb06b99c75c,BLAN_055.basePlot.vst,2017-10-16,vst_BLAN_2017,D02,BLAN,BLAN_055,NEON.PLA.D02.BLAN.05912,single shrub,1.1,130,2.1
16934332-138e-4aee-9044-9431e1141672,BLAN_055.basePlot.vst,2017-10-16,vst_BLAN_2017,D02,BLAN,BLAN_055,NEON.PLA.D02.BLAN.05918,small shrub,NA,NA,1.3
c9ab0087-511d-498a-a150-835dbe537797,BLAN_055.basePlot.vst,2017-10-16,vst_BLAN_2017,D02,BLAN,BLAN_055,NEON.PLA.D02.BLAN.01821,small shrub,NA,NA,1.5
351674c7-d63a-4652-9fd9-8bec73bc3348,BLAN_055.basePlot.vst,2017-10-16,vst_BLAN_2017,D02,BLAN,BLAN_055,NEON.PLA.D02.BLAN.05925,small shrub,NA,NA,1.7
e5f2a6cf-2dc4-407f-8190-d4fa4930263e,BLAN_055.basePlot.vst,2017-10-16,vst_BLAN_2017,D02,BLAN,BLAN_055,NEON.PLA.D02.BLAN.05964,single shrub,4.3,130,2.6
ec1b6c81-896f-4bb1-a972-2b9c4850dd95,BLAN_055.basePlot.vst,2017-10-16,vst_BLAN_2017,D02,BLAN,BLAN_055,NEON.PLA.D02.BLAN.05938,small shrub,NA,NA,1.8
f39296f0-91b4-4fd5-9509-89ae6ba2df25,BLAN_055.basePlot.vst,2017-10-16,vst_BLAN_2017,D02,BLAN,BLAN_055,NEON.PLA.D02.BLAN.05953,single shrub,2.0,130,2.5
a683d848-376e-40f8-9b84-94b2a6a46423,BLAN_055.basePlot.vst,2017-10-16,vst_BLAN_2017,D02,BLAN,BLAN_055,NEON.PLA.D02.BLAN.01821,small shrub,NA,NA,1.5
35cd52d2-a6f9-468c-a856-c3aa69d5ef08,BLAN_055.basePlot.vst,2017-10-16,vst_BLAN_2017,D02,BLAN,BLAN_055,NEON.PLA.D02.BLAN.05955,single shrub,1.8,130,2.3
48c539f0-7046-49d6-bc04-9247258b3792,BLAN_055.basePlot.vst,2017-10-16,vst_BLAN_2017,D02,BLAN,BLAN_055,NEON.PLA.D02.BLAN.05923,small shrub,NA,NA,1.0
b0d84cc3-fc7e-42fb-be18-4e5f0b4f98bb,BLAN_055.basePlot.vst,2017-10-16,vst_BLAN_2017,D02,BLAN,BLAN_055,NEON.PLA.D02.BLAN.01837,small shrub,NA,NA,1.5
b6e43b26-4ffb-4ab7-9225-104419141a0b,BLAN_055.basePlot.vst,2017-10-16,vst_BLAN_2017,D02,BLAN,BLAN_055,NEON.PLA.D02.BLAN.05924,small shrub,NA,NA,1.4
8ecedd16-1e62-4b68-af67-605e8bf5df26,BLAN_055.basePlot.vst,2017-10-16,vst_BLAN_2017,D02,BLAN,BLAN_055,NEON.PLA.D02.BLAN.05926,small shrub,NA,NA,1.5
c8ced843-dff4-41e8-8ef6-32c552abc1c3,BLAN_055.basePlot.vst,2017-10-16,vst_BLAN_2017,D02,BLAN,BLAN_055,NEON.PLA.D02.BLAN.05966,single shrub,1.4,130,2.2
08aec335-71c9-44d8-a0f3-5d6b212ca211,BLAN_055.basePlot.vst,2017-10-16,vst_BLAN_2017,D02,BLAN,BLAN_055,NEON.PLA.D02.BLAN.05930,small shrub,NA,NA,1.7
7aec43ce-2e7c-4065-8a2e-5f2cd5b84602,BLAN_055.basePlot.vst,2017-10-16,vst_BLAN_2017,D02,BLAN,BLAN_055,NEON.PLA.D02.BLAN.05923,small shrub,NA,NA,1.0
415279c7-2b69-458f-a65d-4b276067a643,BLAN_055.basePlot.vst,2017-10-16,vst_BLAN_2017,D02,BLAN,BLAN_055,NEON.PLA.D02.BLAN.05931,small shrub,NA,NA,1.6
9328a614-0932-4e3a-893d-808fd93af83f,BLAN_055.basePlot.vst,2017-10-16,vst_BLAN_2017,D02,BLAN,BLAN_055,NEON.PLA.D02.BLAN.05952,single shrub,2.5,130,2.5
0fdb8894-9559-4363-9ab7-ade40f8aa8c4,BLAN_055.basePlot.vst,2017-10-16,vst_BLAN_2017,D02,BLAN,BLAN_055,NEON.PLA.D02.BLAN.01822,small shrub,NA,NA,1.5
17b31b04-2146-48dd-8a39-06d39c3c001f,BLAN_055.basePlot.vst,2017-10-16,vst_BLAN_2017,D02,BLAN,BLAN_055,NEON.PLA.D02.BLAN.05928,single shrub,1.2,130,2.2
dd687d88-54d1-4f91-9e1b-14c0ff528954,BLAN_055.basePlot.vst,2017-10-16,vst_BLAN_2017,D02,BLAN,BLAN_055,NEON.PLA.D02.BLAN.05963,single shrub,1.9,130,2.7
7a3449ec-465f-4725-8ef4-9b9d27df8388,BLAN_055.basePlot.vst,2017-10-16,vst_BLAN_2017,D02,BLAN,BLAN_055,NEON.PLA.D02.BLAN.05928,single shrub,1.1,130,2.2
ed0646a8-7946-47e4-87f3-a99a46c04131,BLAN_055.basePlot.vst,2017-10-16,vst_BLAN_2017,D02,BLAN,BLAN_055,NEON.PLA.D02.BLAN.05949,small shrub,NA,NA,1.3
152f405e-04fe-469c-8dcc-376138d58254,BLAN_055.basePlot.vst,2017-10-16,vst_BLAN_2017,D02,BLAN,BLAN_055,NEON.PLA.D02.BLAN.01906,small shrub,NA,NA,1.4
590485bf-9169-4e6b-b21c-7b605a4e8bbb,BLAN_055.basePlot.vst,2017-10-16,vst_BLAN_2017,D02,BLAN,BLAN_055,NEON.PLA.D02.BLAN.05924,small shrub,NA,NA,1.4
e2619ab4-c7e6-4234-a33a-252771b85dea,BLAN_055.basePlot.vst,2017-10-16,vst_BLAN_2017,D02,BLAN,BLAN_055,NEON.PLA.D02.BLAN.05919,small shrub,NA,NA,1.0
107d1913-6660-436a-addd-2ebb80101e23,BLAN_055.basePlot.vst,2017-10-16,vst_BLAN_2017,D02,BLAN,BLAN_055,NEON.PLA.D02.BLAN.01842,small shrub,NA,NA,1.1
84465cc3-8d84-410a-8ff6-077d01308009,BLAN_055.basePlot.vst,2017-10-16,vst_BLAN_2017,D02,BLAN,BLAN_055,NEON.PLA.D02.BLAN.13018,small shrub,NA,NA,1.1
d2e977f3-55fd-4567-9d32-5d0caacd2fa8,BLAN_055.basePlot.vst,2017-10-16,vst_BLAN_2017,D02,BLAN,BLAN_055,NEON.PLA.D02.BLAN.05953,single shrub,1.6,130,2.5
697aa498-bb9f-4a8f-b5cb-d779f10b089c,BLAN_055.basePlot.vst,2017-10-16,vst_BLAN_2017,D02,BLAN,BLAN_055,NEON.PLA.D02.BLAN.05954,single shrub,1.8,130,2.3
a35ca082-fbb0-4397-8c22-222a275dee65,BLAN_055.basePlot.vst,2017-10-16,vst_BLAN_2017,D02,BLAN,BLAN_055,NEON.PLA.D02.BLAN.05936,small shrub,NA,NA,1.3
7813375a-a3e3-4b0a-9806-5733250f9bbd,BLAN_055.basePlot.vst,2017-10-16,vst_BLAN_2017,D02,BLAN,BLAN_055,NEON.PLA.D02.BLAN.13017,small shrub,NA,NA,1.4
38dcde88-a078-427f-a823-41a3458ad25a,BLAN_055.basePlot.vst,2017-10-16,vst_BLAN_2017,D02,BLAN,BLAN_055,NEON.PLA.D02.BLAN.01845,small shrub,NA,NA,1.3
c42e2508-7393-44e1-88ff-2d11dc85f6c9,BLAN_055.basePlot.vst,2017-10-16,vst_BLAN_2017,D02,BLAN,BLAN_055,NEON.PLA.D02.BLAN.05932,small shrub,NA,NA,1.6
2dd3b2ec-dc73-4474-b006-485e9ff4e4c5,BLAN_055.basePlot.vst,2017-10-16,vst_BLAN_2017,D02,BLAN,BLAN_055,NEON.PLA.D02.BLAN.05923,small shrub,NA,NA,1.0
01a7a945-b321-45e0-bf6a-5826786abf6f,BLAN_055.basePlot.vst,2017-10-16,vst_BLAN_2017,D02,BLAN,BLAN_055,NEON.PLA.D02.BLAN.01837,small shrub,NA,NA,1.5
95cd2f87-b13b-426b-a4d1-61358bf89d55,BLAN_055.basePlot.vst,2017-10-16,vst_BLAN_2017,D02,BLAN,BLAN_055,NEON.PLA.D02.BLAN.01836,small shrub,NA,NA,1.2
a09287de-ad65-4027-8b8e-97f728829a4d,BLAN_055.basePlot.vst,2017-10-16,vst_BLAN_2017,D02,BLAN,BLAN_055,NEON.PLA.D02.BLAN.05918,small shrub,NA,NA,1.3
ee301639-4543-491f-b60c-228911cf0308,BLAN_055.basePlot.vst,2017-10-16,vst_BLAN_2017,D02,BLAN,BLAN_055,NEON.PLA.D02.BLAN.05917,small shrub,NA,NA,1.5
91285693-41ee-4607-a664-8714067536e5,BLAN_055.basePlot.vst,2017-10-16,vst_BLAN_2017,D02,BLAN,BLAN_055,NEON.PLA.D02.BLAN.05949,small shrub,NA,NA,1.3
eabb4d54-e515-4300-9ea1-5792629e9754,BLAN_055.basePlot.vst,2017-10-16,vst_BLAN_2017,D02,BLAN,BLAN_055,NEON.PLA.D02.BLAN.05935,small shrub,NA,NA,1.8
af0ce111-b51d-43fa-8340-a38c00659d71,BLAN_055.basePlot.vst,2017-10-16,vst_BLAN_2017,D02,BLAN,BLAN_055,NEON.PLA.D02.BLAN.01822,small shrub,NA,NA,1.5
7e14c0c2-bf7b-473c-8d4d-c7e39109f343,BLAN_055.basePlot.vst,2017-10-16,vst_BLAN_2017,D02,BLAN,BLAN_055,NEON.PLA.D02.BLAN.05911,small shrub,NA,NA,1.3
d5f4d607-dcea-490b-9b49-96dac95774be,BLAN_055.basePlot.vst,2017-10-16,vst_BLAN_2017,D02,BLAN,BLAN_055,NEON.PLA.D02.BLAN.13016,small shrub,NA,NA,1.5
017179c6-5fb3-46f5-b7d8-6ba8aed952e1,BLAN_055.basePlot.vst,2017-10-16,vst_BLAN_2017,D02,BLAN,BLAN_055,NEON.PLA.D02.BLAN.05959,single shrub,2.0,130,2.3
a16cc8c6-cf69-4190-968b-3225a79e481b,BLAN_055.basePlot.vst,2017-10-16,vst_BLAN_2017,D02,BLAN,BLAN_055,NEON.PLA.D02.BLAN.05913,small shrub,NA,NA,1.7
b85e33f1-5e3a-474b-9675-b69d06ebedd7,BLAN_055.basePlot.vst,2017-10-16,vst_BLAN_2017,D02,BLAN,BLAN_055,NEON.PLA.D02.BLAN.05965,single shrub,1.5,130,2.2
231cb464-8aaf-4603-abeb-07f1ca767474,BLAN_055.basePlot.vst,2017-10-16,vst_BLAN_2017,D02,BLAN,BLAN_055,NEON.PLA.D02.BLAN.01844,small shrub,NA,NA,1.6
345394a8-26a8-45bb-a494-71b281391968,BLAN_055.basePlot.vst,2017-10-16,vst_BLAN_2017,D02,BLAN,BLAN_055,NEON.PLA.D02.BLAN.01843,small shrub,NA,NA,1.5
362e67f3-e2b1-4667-854f-2b5f695c04ab,BLAN_055.basePlot.vst,2017-10-16,vst_BLAN_2017,D02,BLAN,BLAN_055,NEON.PLA.D02.BLAN.05915,small shrub,NA,NA,1.3
abd17337-d7e0-4974-87a6-d5cfe02103e7,BLAN_055.basePlot.vst,2017-10-16,vst_BLAN_2017,D02,BLAN,BLAN_055,NEON.PLA.D02.BLAN.05927,small shrub,NA,NA,1.9
bb8643af-f766-4c49-a8df-c712abeb2880,BLAN_055.basePlot.vst,2017-10-16,vst_BLAN_2017,D02,BLAN,BLAN_055,NEON.PLA.D02.BLAN.05912,single shrub,1.1,130,2.1
4a0e8f38-2491-4415-aec8-861591daf34d,BLAN_055.basePlot.vst,2017-10-16,vst_BLAN_2017,D02,BLAN,BLAN_055,NEON.PLA.D02.BLAN.05925,small shrub,NA,NA,1.7
c5c24455-8a37-4253-849e-ceeebf0e269d,BLAN_055.basePlot.vst,2017-10-16,vst_BLAN_2017,D02,BLAN,BLAN_055,NEON.PLA.D02.BLAN.05914,small shrub,NA,NA,1.4
ac48ab52-8c68-4a32-a1ee-91f14bda3109,BLAN_055.basePlot.vst,2017-10-16,vst_BLAN_2017,D02,BLAN,BLAN_055,NEON.PLA.D02.BLAN.01821,small shrub,NA,NA,1.5
323bb703-8f96-4d36-b3b6-81415d030497,BLAN_055.basePlot.vst,2017-10-16,vst_BLAN_2017,D02,BLAN,BLAN_055,NEON.PLA.D02.BLAN.13341,small shrub,NA,NA,1.2
1b43ffb1-27f4-4887-a2a6-be2b8ad1f0fc,BLAN_055.basePlot.vst,2017-10-16,vst_BLAN_2017,D02,BLAN,BLAN_055,NEON.PLA.D02.BLAN.05934,small shrub,NA,NA,1.8
683a8717-5da1-4d72-9465-d7f7ddf9da47,BLAN_055.basePlot.vst,2017-10-16,vst_BLAN_2017,D02,BLAN,BLAN_055,NEON.PLA.D02.BLAN.01907,small shrub,NA,NA,1.2
d718d4ad-7407-45bd-ab8c-3125fa7bcdd8,BLAN_055.basePlot.vst,2017-10-16,vst_BLAN_2017,D02,BLAN,BLAN_055,NEON.PLA.D02.BLAN.05930,small shrub,NA,NA,1.7
2770238c-7b44-4f33-8eb1-051202bb608e,BLAN_055.basePlot.vst,2017-10-16,vst_BLAN_2017,D02,BLAN,BLAN_055,NEON.PLA.D02.BLAN.05951,single shrub,1.8,130,2.5
6a931acb-82f1-4672-a81a-67e2217a04fb,BLAN_055.basePlot.vst,2017-10-16,vst_BLAN_2017,D02,BLAN,BLAN_055,NEON.PLA.D02.BLAN.05915,small shrub,NA,NA,1.3
eed56731-1eee-4da6-9c64-a14c51e42b4b,BLAN_055.basePlot.vst,2017-10-16,vst_BLAN_2017,D02,BLAN,BLAN_055,NEON.PLA.D02.BLAN.05933,small shrub,NA,NA,1.3
7199ba1a-53dc-4f8b-9fe3-275bb95853e4,BLAN_055.basePlot.vst,2017-10-16,vst_BLAN_2017,D02,BLAN,BLAN_055,NEON.PLA.D02.BLAN.05930,small shrub,NA,NA,1.7
06439291-cba4-4a28-b047-5999b3899cd1,BLAN_055.basePlot.vst,2017-10-16,vst_BLAN_2017,D02,BLAN,BLAN_055,NEON.PLA.D02.BLAN.05944,small shrub,NA,NA,1.9
