uid,namedLocation,date,eventID,domainID,siteID,plotID,individualID,growthForm,stemDiameter,measurementHeight,height
96e46e3d-6519-46e3-91b7-711c79fa0098,DELA_046.basePlot.vst,2015-06-08,vst_DELA_2015,D08,DELA,DELA_046,NEON.PLA.D08.DELA.04005,single bole tree,11.0,NA,NA
101c7a5b-a9e5-4e30-a24f-36b2c56fc4d7,DELA_046.basePlot.vst,2015-06-08,vst_DELA_2015,D08,DELA,DELA_046,NEON.PLA.D08.DELA.04055,single bole tree,10.0,NA,NA
3ebf17ef-0a38-4b3b-a17d-dd1f2bbbc670,DELA_046.basePlot.vst,2015-06-08,vst_DELA_2015,D08,DELA,DELA_046,NEON.PLA.D08.DELA.04069,single bole tree,21.4,NA,NA
cd3f1bfd-a0dd-4845-9004-0940d28e95eb,DELA_046.basePlot.vst,2015-06-08,vst_DELA_2015,D08,DELA,DELA_046,NEON.PLA.D08.DELA.04054,single bole tree,20.7,NA,NA
282819cd-34e7-477b-9da9-02e644d1c3e8,DELA_046.basePlot.vst,2015-06-08,vst_DELA_2015,D08,DELA,DELA_046,NEON.PLA.D08.DELA.04050,single bole tree,38.2,NA,NA
db211df0-10b4-4194-917e-8beeb541db7e,DELA_046.basePlot.vst,2015-06-08,vst_DELA_2015,D08,DELA,DELA_046,NEON.PLA.D08.DELA.04063,single bole tree,12.0,NA,NA
101b08d7-0f8c-48e1-9499-76159a21a173,DELA_046.basePlot.vst,2015-06-08,vst_DELA_2015,D08,DELA,DELA_046,NEON.PLA.D08.DELA.04044,single bole tree,15.2,NA,NA
6c4a68b6-c7e4-476f-aed0-7fb2c3f0da39,DELA_046.basePlot.vst,2015-06-08,vst_DELA_2015,D08,DELA,DELA_046,NEON.PLA.D08.DELA.04057,single bole tree,32.8,NA,NA
061c9f45-3b71-4528-aa44-66da8ab87aa7,DELA_046.basePlot.vst,2015-06-08,vst_DELA_2015,D08,DELA,DELA_046,NEON.PLA.D08.DELA.04062,single bole tree,11.9,NA,NA
683900a8-7104-4ea3-808a-1b3444946d50,DELA_046.basePlot.vst,2015-06-08,vst_DELA_2015,D08,DELA,DELA_046,NEON.PLA.D08.DELA.04016,small tree,9.9,NA,NA
601466bc-9c14-46be-8fe9-905e288edf8f,DELA_046.basePlot.vst,2015-06-08,vst_DELA_2015,D08,DELA,DELA_046,NEON.PLA.D08.DELA.04060A,NA,50.0,NA,NA
b5d110ba-9eb8-4c08-b338-300b05055c5c,DELA_046.basePlot.vst,2015-06-08,vst_DELA_2015,D08,DELA,DELA_046,NEON.PLA.D08.DELA.04049,single bole tree,11.0,NA,NA
f87947f9-005b-4074-9d4a-7dc2bc51eea7,DELA_046.basePlot.vst,2015-06-08,vst_DELA_2015,D08,DELA,DELA_046,NEON.PLA.D08.DELA.04068,single bole tree,17.8,NA,NA
85dfec7c-48d1-4246-af4a-55cded066d87,DELA_046.basePlot.vst,2015-06-08,vst_DELA_2015,D08,DELA,DELA_046,NEON.PLA.D08.DELA.04064,single bole tree,10.8,NA,NA
8b0406dd-89e3-4a7c-b638-5ffea00cd374,DELA_046.basePlot.vst,2015-06-08,vst_DELA_2015,D08,DELA,DELA_046,NEON.PLA.D08.DELA.04065,single bole tree,15.1,NA,NA
c29a2b25-c0f6-481b-ac9f-4cc4a932a41f,DELA_046.basePlot.vst,2015-06-08,vst_DELA_2015,D08,DELA,DELA_046,NEON.PLA.D08.DELA.04038,single bole tree,10.7,NA,NA
345e40ea-0a8e-42a9-895b-0334dce98f63,DELA_046.basePlot.vst,2015-06-08,vst_DELA_2015,D08,DELA,DELA_046,NEON.PLA.D08.DELA.04031,single bole tree,12.3,NA,NA
81259c3a-f334-42fc-8146-9899c2762830,DELA_046.basePlot.vst,2015-06-08,vst_DELA_2015,D08,DELA,DELA_046,NEON.PLA.D08.DELA.04042,single bole tree,16.4,NA,NA
4c891856-a467-430f-8af9-e391f5a9497b,DELA_046.basePlot.vst,2015-06-08,vst_DELA_2015,D08,DELA,DELA_046,NEON.PLA.D08.DELA.04048,single bole tree,26.8,NA,NA
a2c7d668-60c1-4e1c-8dc2-fd9194d52ec3,DELA_046.basePlot.vst,2015-06-08,vst_DELA_2015,D08,DELA,DELA_046,NEON.PLA.D08.DELA.04066,single bole tree,22.5,NA,NA
eff975c5-2141-44d7-99a0-74df3eb20235,DELA_046.basePlot.vst,2015-06-08,vst_DELA_2015,D08,DELA,DELA_046,NEON.PLA.D08.DELA.04006,single bole tree,20.5,NA,NA
912c6ef1-3b9e-4f5c-b7f8-79bad21182e9,DELA_046.basePlot.vst,2015-06-08,vst_DELA_2015,D08,DELA,DELA_046,NEON.PLA.D08.DELA.04061,single bole tree,22.0,NA,NA
ba692714-8c1d-4bde-995b-2cdd6a0fd6f1,DELA_046.basePlot.vst,2015-06-08,vst_DELA_2015,D08,DELA,DELA_046,NEON.PLA.D08.DELA.04008,single bole tree,17.0,NA,NA
a4dbfc7b-9b35-47bf-83a1-86bb657b81f0,DELA_046.basePlot.vst,2015-06-08,vst_DELA_2015,D08,DELA,DELA_046,NEON.PLA.D08.DELA.04034,small tree,13.9,NA,NA
d309e884-5a32-45d0-9f09-f34f154e350f,DELA_046.basePlot.vst,2015-06-08,vst_DELA_2015,D08,DELA,DELA_046,NEON.PLA.D08.DELA.04067,single bole tree,12.6,NA,NA
64ec28f1-7032-43fa-bfbc-d6927a321da3,DELA_046.basePlot.vst,2015-06-08,vst_DELA_2015,D08,DELA,DELA_046,NEON.PLA.D08.DELA.04070,single bole tree,46.0,NA,NA
3d0741ba-a376-4a48-8554-fc978577bbf5,DELA_046.basePlot.vst,2015-06-08,vst_DELA_2015,D08,DELA,DELA_046,NEON.PLA.D08.DELA.04026,single bole tree,28.6,NA,NA
d23d9331-a4f5-42ef-967d-c3575f1dd84b,DELA_046.basePlot.vst,2015-06-08,vst_DELA_2015,D08,DELA,DELA_046,NEON.PLA.D08.DELA.04029,single bole tree,19.3,NA,NA
ff103700-96b9-4c32-aca4-9323e9a060a1,DELA_046.basePlot.vst,2015-06-08,vst_DELA_2015,D08,DELA,DELA_046,NEON.PLA.D08.DELA.04018,single bole tree,44.3,NA,NA
ba3f1fb2-804b-4769-9d5a-e6d262cfc062,DELA_046.basePlot.vst,2015-06-08,vst_DELA_2015,D08,DELA,DELA_046,NEON.PLA.D08.DELA.04059,single bole tree,11.6,NA,NA
4f921650-d7dc-43d0-b35e-3a79352cb1cd,DELA_046.basePlot.vst,2015-06-08,vst_DELA_2015,D08,DELA,DELA_046,NEON.PLA.D08.DELA.04046,single bole tree,26.4,NA,NA
59a17045-b4f5-439c-8e81-156499a8df4e,DELA_046.basePlot.vst,2015-06-08,vst_DELA_2015,D08,DELA,DELA_046,NEON.PLA.D08.DELA.04023,single bole tree,58.4,NA,NA
51eb4f91-9278-4164-88c2-afb0b311f769,DELA_046.basePlot.vst,2015-06-08,vst_DELA_2015,D08,DELA,DELA_046,NEON.PLA.D08.DELA.04071,single bole tree,20.2,NA,NA
168e6862-9e14-463e-acf2-df6dc4f407f5,DELA_046.basePlot.vst,2015-06-08,vst_DELA_2015,D08,DELA,DELA_046,NEON.PLA.D08.DELA.04058,single bole tree,21.4,NA,NA
6539a4f9-72f2-47b3-94c4-bcf2e07a91f5,DELA_046.basePlot.vst,2015-06-08,vst_DELA_2015,D08,DELA,DELA_046,NEON.PLA.D08.DELA.04036,single bole tree,19.3,NA,NA
4d3402c6-f4d3-4874-a688-9de1914b8b75,DELA_046.basePlot.vst,2015-06-08,vst_DELA_2015,D08,DELA,DELA_046,NEON.PLA.D08.DELA.04047,single bole tree,40.8,NA,NA
605f7d41-bbbc-4991-ad4e-80e6317b3c7d,DELA_046.basePlot.vst,2015-06-08,vst_DELA_2015,D08,DELA,DELA_046,NEON.PLA.D08.DELA.04056,single bole tree,11.4,NA,NA
773b8515-6655-41de-bed6-6c9c5a52c3b5,DELA_046.basePlot.vst,2015-06-08,vst_DELA_2015,D08,DELA,DELA_046,NEON.PLA.D08.DELA.04028,single bole tree,21.4,NA,NA
4303a402-75b7-4101-9009-52f68d2f9c7a,DELA_051.basePlot.vst,2015-06-09,vst_DELA_2015,D08,DELA,DELA_051,NEON.PLA.D08.DELA.04078,single bole tree,12.9,NA,NA
10cc4428-d6da-4d28-bc15-c495cb05873e,DELA_051.basePlot.vst,2015-06-09,vst_DELA_2015,D08,DELA,DELA_051,NEON.PLA.D08.DELA.04117,single bole tree,22.8,NA,NA
6dd10089-d43e-415b-9b41-139a1ebbf57b,DELA_051.basePlot.vst,2015-06-09,vst_DELA_2015,D08,DELA,DELA_051,NEON.PLA.D08.DELA.04079A,NA,25.5,130,NA
554acc0c-afad-4247-9e67-1823f3700555,DELA_051.basePlot.vst,2015-06-09,vst_DELA_2015,D08,DELA,DELA_051,NEON.PLA.D08.DELA.04082,single bole tree,11.5,NA,NA
2b5fbb73-bbc1-4f1d-8b74-c27bcea4a58c,DELA_051.basePlot.vst,2015-06-09,vst_DELA_2015,D08,DELA,DELA_051,NEON.PLA.D08.DELA.04136A,NA,22.4,NA,NA
ec464b0f-f95c-457f-918c-1df8e6f8eb29,DELA_051.basePlot.vst,2015-06-09,vst_DELA_2015,D08,DELA,DELA_051,NEON.PLA.D08.DELA.04099,single bole tree,18.0,NA,NA
163900a4-7f46-4774-8e78-e3a1244a9186,DELA_051.basePlot.vst,2015-06-09,vst_DELA_2015,D08,DELA,DELA_051,NEON.PLA.D08.DELA.04088B,NA,38.0,50,NA
03d991b8-34ae-44e7-a58e-279aa2348cf5,DELA_051.basePlot.vst,2015-06-09,vst_DELA_2015,D08,DELA,DELA_051,NEON.PLA.D08.DELA.04095,single bole tree,28.0,NA,NA
33da65e6-5ca1-4330-b4b1-633522578ab3,DELA_051.basePlot.vst,2015-06-09,vst_DELA_2015,D08,DELA,DELA_051,NEON.PLA.D08.DELA.04108,single bole tree,22.4,NA,NA
13a3b180-db4c-4037-8966-1d83c3dd47af,DELA_051.basePlot.vst,2015-06-09,vst_DELA_2015,D08,DELA,DELA_051,NEON.PLA.D08.DELA.04089A,NA,40.0,50,NA
b2facc09-380d-4dd2-959a-4ffeff8efdda,DELA_051.basePlot.vst,2015-06-09,vst_DELA_2015,D08,DELA,DELA_051,NEON.PLA.D08.DELA.04073A,NA,39.0,150,NA
d2260f17-0c5b-45da-8bdb-680893daccf3,DELA_051.basePlot.vst,2015-06-09,vst_DELA_2015,D08,DELA,DELA_051,NEON.PLA.D08.DELA.04073B,NA,21.5,150,NA
0d2041aa-7d73-4ff7-9fe7-e4176259f0c6,DELA_051.basePlot.vst,2015-06-09,vst_DELA_2015,D08,DELA,DELA_051,NEON.PLA.D08.DELA.04116,single bole tree,11.1,NA,NA
4a9e5f04-27ef-45ee-8e41-98064cf0dc22,DELA_051.basePlot.vst,2015-06-09,vst_DELA_2015,D08,DELA,DELA_051,NEON.PLA.D08.DELA.04112,single bole tree,44.0,NA,NA
83033f7f-0447-4a9c-9b60-cd753959f2aa,DELA_051.basePlot.vst,2015-06-09,vst_DELA_2015,D08,DELA,DELA_051,NEON.PLA.D08.DELA.04072,single bole tree,13.5,NA,NA
dc6ce28e-031f-4541-a9c9-e75068ce3c34,DELA_051.basePlot.vst,2015-06-09,vst_DELA_2015,D08,DELA,DELA_051,NEON.PLA.D08.DELA.04142,single bole tree,14.9,NA,NA
564d49fb-d5c6-4e57-a07b-acd24a7e8de3,DELA_051.basePlot.vst,2015-06-09,vst_DELA_2015,D08,DELA,DELA_051,NEON.PLA.D08.DELA.04109,small tree,9.5,NA,NA
87ec4627-ce47-4240-b521-ed5ecb487502,DELA_051.basePlot.vst,2015-06-09,vst_DELA_2015,D08,DELA,DELA_051,NEON.PLA.D08.DELA.04135,single bole tree,14.1,NA,NA
e8b77d8e-982f-4aa6-b5a2-8b18bbe4e495,DELA_051.basePlot.vst,2015-06-09,vst_DELA_2015,D08,DELA,DELA_051,NEON.PLA.D08.DELA.04141,single bole tree,11.2,NA,NA
d06a76dd-b9c0-4e8b-8435-c959bacafdce,DELA_051.basePlot.vst,2015-06-09,vst_DELA_2015,D08,DELA,DELA_051,NEON.PLA.D08.DELA.04088A,NA,38.0,50,NA
65c8ce97-69d5-4c72-8924-7fc64fbfedb1,DELA_051.basePlot.vst,2015-06-09,vst_DELA_2015,D08,DELA,DELA_051,NEON.PLA.D08.DELA.04119A,NA,27.0,NA,NA
d6edcaf0-415e-43e3-bb3e-5e41de8a1f6e,DELA_051.basePlot.vst,2015-06-09,vst_DELA_2015,D08,DELA,DELA_051,NEON.PLA.D08.DELA.04131,single bole tree,12.1,NA,NA
b172ed04-dcec-4d1d-80dd-08e8c7a893ec,DELA_051.basePlot.vst,2015-06-09,vst_DELA_2015,D08,DELA,DELA_051,NEON.PLA.D08.DELA.04074,single bole tree,10.5,NA,NA
56ee48a4-1d2a-4260-9892-42cba7c239a5,DELA_051.basePlot.vst,2015-06-09,vst_DELA_2015,D08,DELA,DELA_051,NEON.PLA.D08.DELA.04085,single bole tree,45.5,NA,NA
665fcaea-f804-4f86-8cb2-33b24eba261e,DELA_051.basePlot.vst,2015-06-09,vst_DELA_2015,D08,DELA,DELA_051,NEON.PLA.D08.DELA.04140,single bole tree,10.0,NA,NA
16ba29aa-5fc0-4165-8622-85839e31ffaf,DELA_051.basePlot.vst,2015-06-09,vst_DELA_2015,D08,DELA,DELA_051,NEON.PLA.D08.DELA.04086,single bole tree,25.5,NA,NA
b94d8cbb-ebd6-4d34-bb87-c6f35b1a976f,DELA_051.basePlot.vst,2015-06-09,vst_DELA_2015,D08,DELA,DELA_051,NEON.PLA.D08.DELA.04132A,NA,40.9,NA,NA
95fb31da-e5be-475a-884c-805a98c58cd8,DELA_051.basePlot.vst,2015-06-09,vst_DELA_2015,D08,DELA,DELA_051,NEON.PLA.D08.DELA.04111,single bole tree,11.5,NA,NA
e8dfb658-f628-4f1a-b84e-a75865bf4fdf,DELA_051.basePlot.vst,2015-06-09,vst_DELA_2015,D08,DELA,DELA_051,NEON.PLA.D08.DELA.04138,single bole tree,14.7,NA,NA
eba5a3b7-7ced-49fc-8489-30413b522363,DELA_051.basePlot.vst,2015-06-09,vst_DELA_2015,D08,DELA,DELA_051,NEON.PLA.D08.DELA.04137,single bole tree,17.0,NA,NA
89788d21-f9e1-4fb9-b8cc-0cf3c1953d2e,DELA_051.basePlot.vst,2015-06-09,vst_DELA_2015,D08,DELA,DELA_051,NEON.PLA.D08.DELA.04139,single bole tree,43.3,NA,NA
35c4778e-388e-455f-b0fc-3aef43052c95,DELA_051.basePlot.vst,2015-06-09,vst_DELA_2015,D08,DELA,DELA_051,NEON.PLA.D08.DELA.04087,single bole tree,27.2,NA,NA
1b819ea6-b528-472a-83e6-c837f71e0ee8,DELA_051.basePlot.vst,2015-06-09,vst_DELA_2015,D08,DELA,DELA_051,NEON.PLA.D08.DELA.04081,single bole tree,12.3,NA,NA
ebb9ddf8-85e8-419b-ae47-f891a44a6661,DELA_040.basePlot.vst,2015-06-12,vst_DELA_2015,D08,DELA,DELA_040,NEON.PLA.D08.DELA.04183,single bole tree,12.2,NA,NA
df8543d7-803b-44d4-8965-a60e781d1401,DELA_040.basePlot.vst,2015-06-12,vst_DELA_2015,D08,DELA,DELA_040,NEON.PLA.D08.DELA.04198,single bole tree,12.7,NA,NA
a5667b2b-780d-4610-be9b-150adce25b67,DELA_040.basePlot.vst,2015-06-12,vst_DELA_2015,D08,DELA,DELA_040,NEON.PLA.D08.DELA.04060,small tree,8.7,NA,NA
21b47b07-78a7-44eb-b6ce-b0243791bf0b,DELA_040.basePlot.vst,2015-06-12,vst_DELA_2015,D08,DELA,DELA_040,NEON.PLA.D08.DELA.04159,single bole tree,14.0,150,NA
bbc5fe43-714e-4ec8-9ecb-94df72c997ff,DELA_040.basePlot.vst,2015-06-12,vst_DELA_2015,D08,DELA,DELA_040,NEON.PLA.D08.DELA.04194,single bole tree,15.2,NA,NA
a00f86e5-3fce-4326-934e-4a1a0fc0302f,DELA_040.basePlot.vst,2015-06-12,vst_DELA_2015,D08,DELA,DELA_040,NEON.PLA.D08.DELA.04200,single bole tree,35.0,NA,NA
42c8294a-e92e-4b5f-8fa3-66bb8b383521,DELA_040.basePlot.vst,2015-06-12,vst_DELA_2015,D08,DELA,DELA_040,NEON.PLA.D08.DELA.04171,single bole tree,10.9,NA,NA
72db43cc-5833-48a3-a014-8a308d3227b8,DELA_040.basePlot.vst,2015-06-12,vst_DELA_2015,D08,DELA,DELA_040,NEON.PLA.D08.DELA.04166,single bole tree,12.5,NA,NA
6f901906-81c2-4fd1-b702-83037e0a1ebd,DELA_040.basePlot.vst,2015-06-12,vst_DELA_2015,D08,DELA,DELA_040,NEON.PLA.D08.DELA.04170,single bole tree,10.4,NA,NA
d15bf00e-3bf7-48ea-ac32-2928377bd010,DELA_040.basePlot.vst,2015-06-12,vst_DELA_2015,D08,DELA,DELA_040,NEON.PLA.D08.DELA.04163,single bole tree,18.1,NA,NA
19e6c3f9-acb9-4360-bb07-5acc2086bc46,DELA_040.basePlot.vst,2015-06-12,vst_DELA_2015,D08,DELA,DELA_040,NEON.PLA.D08.DELA.04181,single bole tree,12.1,NA,NA
e326d7a6-3819-46c0-826d-9bc582b932b3,DELA_040.basePlot.vst,2015-06-12,vst_DELA_2015,D08,DELA,DELA_040,NEON.PLA.D08.DELA.04150,single bole tree,22.1,NA,NA
6abb8856-7167-4085-878e-a706c14a431a,DELA_040.basePlot.vst,2015-06-12,vst_DELA_2015,D08,DELA,DELA_040,NEON.PLA.D08.DELA.04172,single bole tree,26.9,NA,NA
df833f91-2d15-4e15-a0a2-f4174fdd8c6b,DELA_040.basePlot.vst,2015-06-12,vst_DELA_2015,D08,DELA,DELA_040,NEON.PLA.D08.DELA.04176,single bole tree,10.1,NA,NA
aef8be0b-783e-4e31-98a4-c710aeb1fc1e,DELA_040.basePlot.vst,2015-06-12,vst_DELA_2015,D08,DELA,DELA_040,NEON.PLA.D08.DELA.04144,single bole tree,34.0,NA,NA
8030d8b4-32a0-4380-8874-f2eb2be18af0,DELA_040.basePlot.vst,2015-06-12,vst_DELA_2015,D08,DELA,DELA_040,NEON.PLA.D08.DELA.04151,single bole tree,16.9,NA,NA
f7d77313-1da9-490d-ad59-6090d845576f,DELA_040.basePlot.vst,2015-06-12,vst_DELA_2015,D08,DELA,DELA_040,NEON.PLA.D08.DELA.04161,single bole tree,28.7,NA,NA
bfe7734e-4c1c-49c1-98e1-13e3d995c7dc,DELA_040.basePlot.vst,2015-06-12,vst_DELA_2015,D08,DELA,DELA_040,NEON.PLA.D08.DELA.04155,single bole tree,13.1,NA,NA
c5e19375-e713-4cdd-a9c1-3ae1605a19e4,DELA_040.basePlot.vst,2015-06-12,vst_DELA_2015,D08,DELA,DELA_040,NEON.PLA.D08.DELA.04149,single bole tree,15.9,NA,NA
268cc35a-6965-42e1-9983-fbdad9a0767d,DELA_040.basePlot.vst,2015-06-12,vst_DELA_2015,D08,DELA,DELA_040,NEON.PLA.D08.DELA.04189A,NA,39.0,NA,NA
79b6bda6-e5c4-4784-a32e-56e63ca00755,DELA_040.basePlot.vst,2015-06-12,vst_DELA_2015,D08,DELA,DELA_040,NEON.PLA.D08.DELA.04178,single bole tree,13.1,NA,NA
a9d42e15-f9b7-44e7-acf3-7ff1dd9d7225,DELA_040.basePlot.vst,2015-06-12,vst_DELA_2015,D08,DELA,DELA_040,NEON.PLA.D08.DELA.04182,single bole tree,15.5,NA,NA
a0b5ba36-977e-489c-8185-b6660cba0176,DELA_040.basePlot.vst,2015-06-12,vst_DELA_2015,D08,DELA,DELA_040,NEON.PLA.D08.DELA.04199,single bole tree,25.0,NA,NA
76d9dc4e-d561-4d73-8389-7201acac6bf4,DELA_040.basePlot.vst,2015-06-12,vst_DELA_2015,D08,DELA,DELA_040,NEON.PLA.D08.DELA.04146,single bole tree,14.6,NA,NA
7b7cdb33-5520-473a-ac1d-aec45b9566c1,DELA_040.basePlot.vst,2015-06-12,vst_DELA_2015,D08,DELA,DELA_040,NEON.PLA.D08.DELA.04195,single bole tree,23.3,NA,NA
7592a306-8387-4bc6-86af-f2ffa199163e,DELA_040.basePlot.vst,2015-06-12,vst_DELA_2015,D08,DELA,DELA_040,NEON.PLA.D08.DELA.04202,single bole tree,15.4,NA,NA
e6c7aa68-b394-4b7a-930d-f8544eeaae2d,DELA_040.basePlot.vst,2015-06-12,vst_DELA_2015,D08,DELA,DELA_040,NEON.PLA.D08.DELA.04197,single bole tree,18.7,NA,NA
31506667-8e99-4522-9aa6-cfa6ba9acee5,DELA_040.basePlot.vst,2015-06-12,vst_DELA_2015,D08,DELA,DELA_040,NEON.PLA.D08.DELA.04184A,NA,23.1,NA,NA
eed38900-cfd8-4c02-97ce-c570e31fb544,DELA_040.basePlot.vst,2015-06-12,vst_DELA_2015,D08,DELA,DELA_040,NEON.PLA.D08.DELA.04180,single bole tree,10.0,NA,NA
e5d43563-0782-4a2b-8e0e-91d3af3acbc9,DELA_040.basePlot.vst,2015-06-12,vst_DELA_2015,D08,DELA,DELA_040,NEON.PLA.D08.DELA.04177,single bole tree,11.2,NA,NA
970e269a-78f6-4d2c-b58a-3b9855884afb,DELA_040.basePlot.vst,2015-06-12,vst_DELA_2015,D08,DELA,DELA_040,NEON.PLA.D08.DELA.04152,single bole tree,13.6,NA,NA
f644b448-9224-42f2-af2a-c1802f17f328,DELA_040.basePlot.vst,2015-06-12,vst_DELA_2015,D08,DELA,DELA_040,NEON.PLA.D08.DELA.04169,single bole tree,30.4,NA,NA
79f5545a-6a8f-4808-89fc-1f9b1f5d0011,DELA_040.basePlot.vst,2015-06-12,vst_DELA_2015,D08,DELA,DELA_040,NEON.PLA.D08.DELA.04196,single bole tree,21.5,NA,NA
d7551c25-0f1e-4918-89cd-17f2426b687e,DELA_040.basePlot.vst,2015-06-12,vst_DELA_2015,D08,DELA,DELA_040,NEON.PLA.D08.DELA.04188,single bole tree,28.5,NA,NA
61117666-d8d1-464e-b428-62f7152daa93,DELA_040.basePlot.vst,2015-06-12,vst_DELA_2015,D08,DELA,DELA_040,NEON.PLA.D08.DELA.04164,single bole tree,24.7,NA,NA
28dee326-fa86-4368-9dc6-3004c795fed4,DELA_040.basePlot.vst,2015-06-12,vst_DELA_2015,D08,DELA,DELA_040,NEON.PLA.D08.DELA.04162,single bole tree,29.6,NA,NA
407fa3e4-6390-4f88-b80d-40669e4a1199,DELA_040.basePlot.vst,2015-06-12,vst_DELA_2015,D08,DELA,DELA_040,NEON.PLA.D08.DELA.04174,single bole tree,9.6,NA,NA
e4842aa1-d1b0-483f-9bb1-2d586e357eea,DELA_040.basePlot.vst,2015-06-12,vst_DELA_2015,D08,DELA,DELA_040,NEON.PLA.D08.DELA.04167,single bole tree,12.5,NA,NA
40655527-97f6-4408-a6c9-50b666dae848,DELA_040.basePlot.vst,2015-06-12,vst_DELA_2015,D08,DELA,DELA_040,NEON.PLA.D08.DELA.04145,single bole tree,10.8,NA,NA
14bcd279-736c-4270-96d7-5e83ebccd54f,DELA_040.basePlot.vst,2015-06-12,vst_DELA_2015,D08,DELA,DELA_040,NEON.PLA.D08.DELA.04186,single bole tree,11.2,NA,NA
09c034d5-6981-4793-aa23-ea8da8aa73e7,DELA_040.basePlot.vst,2015-06-12,vst_DELA_2015,D08,DELA,DELA_040,NEON.PLA.D08.DELA.04147,single bole tree,39.0,NA,NA
c7b17b11-ac58-4c85-8595-7c8f9a100268,DELA_040.basePlot.vst,2015-06-12,vst_DELA_2015,D08,DELA,DELA_040,NEON.PLA.D08.DELA.04143,single bole tree,11.1,NA,NA
42adf401-1ee0-422a-816c-2b536d9dd0ff,DELA_040.basePlot.vst,2015-06-12,vst_DELA_2015,D08,DELA,DELA_040,NEON.PLA.D08.DELA.04179,single bole tree,12.9,NA,NA
3edd0bdb-4ffb-4a6b-b3e2-3c001284bab2,DELA_040.basePlot.vst,2015-06-12,vst_DELA_2015,D08,DELA,DELA_040,NEON.PLA.D08.DELA.04168,single bole tree,16.9,NA,NA
c2bf677a-f2bd-4e79-b538-86298d77d27d,DELA_053.basePlot.vst,2015-06-15,vst_DELA_2015,D08,DELA,DELA_053,NEON.PLA.D08.DELA.04278,single bole tree,18.0,NA,NA
c52f2d16-0c19-4d5c-bddb-4711dc007e81,DELA_053.basePlot.vst,2015-06-15,vst_DELA_2015,D08,DELA,DELA_053,NEON.PLA.D08.DELA.04213,single bole tree,14.0,NA,NA
cf447001-bba4-41f1-877e-47bccfd4753f,DELA_053.basePlot.vst,2015-06-15,vst_DELA_2015,D08,DELA,DELA_053,NEON.PLA.D08.DELA.04261,single bole tree,16.4,NA,NA
8abd02c5-abeb-4a08-88d1-40f95ece9f95,DELA_053.basePlot.vst,2015-06-15,vst_DELA_2015,D08,DELA,DELA_053,NEON.PLA.D08.DELA.04252,single bole tree,29.6,NA,NA
dd2a5472-c63a-429c-88be-64e254dfab8c,DELA_053.basePlot.vst,2015-06-15,vst_DELA_2015,D08,DELA,DELA_053,NEON.PLA.D08.DELA.04241,single bole tree,11.0,NA,NA
fc99b2ff-d819-4671-8e86-5fa75744d895,DELA_053.basePlot.vst,2015-06-15,vst_DELA_2015,D08,DELA,DELA_053,NEON.PLA.D08.DELA.04268,single bole tree,12.8,NA,NA
b3d51609-b56b-4793-a121-49d4f02c0a4c,DELA_053.basePlot.vst,2015-06-15,vst_DELA_2015,D08,DELA,DELA_053,NEON.PLA.D08.DELA.04284,NA,12.6,NA,NA
a6793dc6-913b-482b-ac05-ba498f3b1499,DELA_053.basePlot.vst,2015-06-15,vst_DELA_2015,D08,DELA,DELA_053,NEON.PLA.D08.DELA.04248,single bole tree,22.4,NA,NA
004d88f5-3b6a-42be-af65-107e76067921,DELA_053.basePlot.vst,2015-06-15,vst_DELA_2015,D08,DELA,DELA_053,NEON.PLA.D08.DELA.04274,single bole tree,11.1,NA,NA
10d46777-6b11-412d-bbb3-a9d611a139c7,DELA_053.basePlot.vst,2015-06-15,vst_DELA_2015,D08,DELA,DELA_053,NEON.PLA.D08.DELA.04207,single bole tree,29.4,NA,NA
1fff70d0-8e85-4383-adbb-bfe55e01ef53,DELA_053.basePlot.vst,2015-06-15,vst_DELA_2015,D08,DELA,DELA_053,NEON.PLA.D08.DELA.04247,single bole tree,14.0,NA,NA
dd10d42f-d799-4189-98d1-d096fc6d811e,DELA_053.basePlot.vst,2015-06-15,vst_DELA_2015,D08,DELA,DELA_053,NEON.PLA.D08.DELA.04200,single bole tree,69.5,NA,NA
030c7707-5dbd-400c-a62b-49caf083a996,DELA_053.basePlot.vst,2015-06-15,vst_DELA_2015,D08,DELA,DELA_053,NEON.PLA.D08.DELA.04255,single bole tree,28.6,NA,NA
6994bf68-3654-4e4b-8658-71d42386a9a2,DELA_053.basePlot.vst,2015-06-15,vst_DELA_2015,D08,DELA,DELA_053,NEON.PLA.D08.DELA.04286,single bole tree,22.1,NA,NA
8fe07a4d-1011-4561-8171-288acd29dfb2,DELA_053.basePlot.vst,2015-06-15,vst_DELA_2015,D08,DELA,DELA_053,NEON.PLA.D08.DELA.04282,single bole tree,26.6,NA,NA
8723ac5a-7c2f-45b9-bab5-211827cf8eaf,DELA_053.basePlot.vst,2015-06-15,vst_DELA_2015,D08,DELA,DELA_053,NEON.PLA.D08.DELA.04283,single bole tree,14.7,NA,NA
f29baee7-d266-486e-b8e8-0b761eeed490,DELA_053.basePlot.vst,2015-06-15,vst_DELA_2015,D08,DELA,DELA_053,NEON.PLA.D08.DELA.04240,NA,19.5,NA,NA
5d1c8a97-b17f-498b-880a-0135a5cd268d,DELA_053.basePlot.vst,2015-06-15,vst_DELA_2015,D08,DELA,DELA_053,NEON.PLA.D08.DELA.04224,single bole tree,20.4,NA,NA
a23e9a8c-4314-44cd-afbc-bd1381e69fae,DELA_053.basePlot.vst,2015-06-15,vst_DELA_2015,D08,DELA,DELA_053,NEON.PLA.D08.DELA.04270,single bole tree,32.2,NA,NA
833f625c-688e-4c7b-916b-ad81096283c3,DELA_053.basePlot.vst,2015-06-15,vst_DELA_2015,D08,DELA,DELA_053,NEON.PLA.D08.DELA.04276,single bole tree,13.9,NA,NA
47b6e3e6-3f0f-44b9-bcf6-29cd5e55ff69,DELA_053.basePlot.vst,2015-06-15,vst_DELA_2015,D08,DELA,DELA_053,NEON.PLA.D08.DELA.04277,single bole tree,10.1,NA,NA
cf80c4e9-77bb-4fad-820a-68b381f0a620,DELA_053.basePlot.vst,2015-06-15,vst_DELA_2015,D08,DELA,DELA_053,NEON.PLA.D08.DELA.04246,single bole tree,10.6,NA,NA
0960d4b9-3bdf-4637-a685-25b24fc0d955,DELA_053.basePlot.vst,2015-06-15,vst_DELA_2015,D08,DELA,DELA_053,NEON.PLA.D08.DELA.04243,single bole tree,14.3,NA,NA
b6864d67-fe74-4dc5-9f4a-2d0be622b063,DELA_053.basePlot.vst,2015-06-15,vst_DELA_2015,D08,DELA,DELA_053,NEON.PLA.D08.DELA.04271A,NA,33.1,NA,NA
499235f5-14e3-4af4-83d4-40092a9e4b49,DELA_053.basePlot.vst,2015-06-15,vst_DELA_2015,D08,DELA,DELA_053,NEON.PLA.D08.DELA.04279,single bole tree,14.7,NA,NA
d3bd7dc1-7bfd-4a53-9566-50f385733d8b,DELA_053.basePlot.vst,2015-06-15,vst_DELA_2015,D08,DELA,DELA_053,NEON.PLA.D08.DELA.04211A,NA,26.8,NA,NA
46c4de49-07a6-4c31-b11c-493a5823326a,DELA_053.basePlot.vst,2015-06-15,vst_DELA_2015,D08,DELA,DELA_053,NEON.PLA.D08.DELA.04205,single bole tree,10.7,NA,NA
86e091e4-2972-4a2e-85a3-3ad9b1c83ad9,DELA_053.basePlot.vst,2015-06-15,vst_DELA_2015,D08,DELA,DELA_053,NEON.PLA.D08.DELA.04263,single bole tree,42.4,NA,NA
dc89e229-750e-4ac9-9d84-004f1f73b71b,DELA_053.basePlot.vst,2015-06-15,vst_DELA_2015,D08,DELA,DELA_053,NEON.PLA.D08.DELA.04208,single bole tree,13.4,NA,NA
d8d12e03-a61a-47ab-bd37-868d56b9ab47,DELA_053.basePlot.vst,2015-06-15,vst_DELA_2015,D08,DELA,DELA_053,NEON.PLA.D08.DELA.04281A,NA,55.0,NA,NA
64971ef4-df0c-45fe-a1b4-ded76b36507d,DELA_053.basePlot.vst,2015-06-15,vst_DELA_2015,D08,DELA,DELA_053,NEON.PLA.D08.DELA.04230,single bole tree,29.3,NA,NA
2f6fb67f-3f80-4875-bc59-f0519a99226e,DELA_053.basePlot.vst,2015-06-15,vst_DELA_2015,D08,DELA,DELA_053,NEON.PLA.D08.DELA.04259,single bole tree,25.5,NA,NA
6e410d68-12a3-4f57-b73a-77609d818b1a,DELA_053.basePlot.vst,2015-06-15,vst_DELA_2015,D08,DELA,DELA_053,NEON.PLA.D08.DELA.04223,single bole tree,19.3,NA,NA
0762b288-ce7b-4d41-a2b3-93235ee3ac90,DELA_053.basePlot.vst,2015-06-15,vst_DELA_2015,D08,DELA,DELA_053,NEON.PLA.D08.DELA.04285,single bole tree,19.9,NA,NA
6a6bc299-ac11-4d73-b66e-56268d3abf22,DELA_053.basePlot.vst,2015-06-15,vst_DELA_2015,D08,DELA,DELA_053,NEON.PLA.D08.DELA.04209,single bole tree,16.9,NA,NA
aea95b70-9430-4c83-9e99-db71c32db65a,DELA_053.basePlot.vst,2015-06-15,vst_DELA_2015,D08,DELA,DELA_053,NEON.PLA.D08.DELA.04280,single bole tree,18.0,NA,NA
a5193810-b17b-4535-b5c1-a39af78641c3,DELA_053.basePlot.vst,2015-06-15,vst_DELA_2015,D08,DELA,DELA_053,NEON.PLA.D08.DELA.04256,NA,16.9,NA,NA
491fbb58-96a5-4031-a362-4f13d5068218,DELA_053.basePlot.vst,2015-06-15,vst_DELA_2015,D08,DELA,DELA_053,NEON.PLA.D08.DELA.04238,single bole tree,19.5,NA,NA
57ca9970-9737-4faa-9fde-4198d0adebee,DELA_050.basePlot.vst,2015-06-16,vst_DELA_2015,D08,DELA,DELA_050,NEON.PLA.D08.DELA.04396,single bole tree,10.9,NA,NA
04870707-bc03-4c27-86f9-9df62e0a1d07,DELA_050.basePlot.vst,2015-06-16,vst_DELA_2015,D08,DELA,DELA_050,NEON.PLA.D08.DELA.04395,single bole tree,11.0,NA,NA
7419ac5b-a8dc-4979-a51d-2e897237b4d2,DELA_050.basePlot.vst,2015-06-16,vst_DELA_2015,D08,DELA,DELA_050,NEON.PLA.D08.DELA.04304,single bole tree,15.4,NA,NA
206c0724-fc4d-4774-b55e-afe46d52c0f2,DELA_050.basePlot.vst,2015-06-16,vst_DELA_2015,D08,DELA,DELA_050,NEON.PLA.D08.DELA.04327,single bole tree,22.9,NA,NA
08291b44-49cd-4049-82f2-b07bf4f4506e,DELA_050.basePlot.vst,2015-06-16,vst_DELA_2015,D08,DELA,DELA_050,NEON.PLA.D08.DELA.04330,single bole tree,14.9,NA,NA
94876c59-f16e-466d-8f82-e6d9a2580b0b,DELA_050.basePlot.vst,2015-06-16,vst_DELA_2015,D08,DELA,DELA_050,NEON.PLA.D08.DELA.04322,single bole tree,39.9,NA,NA
424c6044-37f4-4ca5-8f2e-9cbdd0ab7d49,DELA_050.basePlot.vst,2015-06-16,vst_DELA_2015,D08,DELA,DELA_050,NEON.PLA.D08.DELA.04338,small tree,9.6,NA,NA
d4cf9ef7-5000-4860-9572-77db45ecd978,DELA_050.basePlot.vst,2015-06-16,vst_DELA_2015,D08,DELA,DELA_050,NEON.PLA.D08.DELA.04333,single bole tree,12.3,NA,NA
da239a7c-25bd-4f4c-abe9-6bb7ec9751d9,DELA_050.basePlot.vst,2015-06-16,vst_DELA_2015,D08,DELA,DELA_050,NEON.PLA.D08.DELA.04308,single bole tree,21.2,NA,NA
8cb22480-6516-42ba-ade4-06ff9c5a3466,DELA_050.basePlot.vst,2015-06-16,vst_DELA_2015,D08,DELA,DELA_050,NEON.PLA.D08.DELA.04394,single bole tree,42.0,NA,NA
a615bbee-dcf0-4425-bc97-e4b63abf76ba,DELA_050.basePlot.vst,2015-06-16,vst_DELA_2015,D08,DELA,DELA_050,NEON.PLA.D08.DELA.04391,single bole tree,10.5,NA,NA
ed1bba97-33bb-448a-bcf5-ab9ea7283a87,DELA_050.basePlot.vst,2015-06-16,vst_DELA_2015,D08,DELA,DELA_050,NEON.PLA.D08.DELA.04392,multi-bole tree,15.4,NA,NA
49c7e418-f259-4c72-8b77-8d4960740fd8,DELA_050.basePlot.vst,2015-06-16,vst_DELA_2015,D08,DELA,DELA_050,NEON.PLA.D08.DELA.04384,single bole tree,15.8,NA,NA
5525e120-4340-4bce-a8cc-54b91b6cdca4,DELA_050.basePlot.vst,2015-06-16,vst_DELA_2015,D08,DELA,DELA_050,NEON.PLA.D08.DELA.04288,single bole tree,36.2,NA,NA
78018ac8-a657-458c-bf53-50058ac34620,DELA_050.basePlot.vst,2015-06-16,vst_DELA_2015,D08,DELA,DELA_050,NEON.PLA.D08.DELA.04329,single bole tree,39.2,NA,NA
0f9711eb-fadb-4632-8d01-d5b682e4141d,DELA_050.basePlot.vst,2015-06-16,vst_DELA_2015,D08,DELA,DELA_050,NEON.PLA.D08.DELA.04331,single bole tree,12.7,NA,NA
e1a190b4-5ea0-4528-9937-fd8624df0a16,DELA_050.basePlot.vst,2015-06-16,vst_DELA_2015,D08,DELA,DELA_050,NEON.PLA.D08.DELA.04388,single bole tree,11.7,NA,NA
7824f4b8-aeb7-4f1d-b42e-cb30d7457e0f,DELA_050.basePlot.vst,2015-06-16,vst_DELA_2015,D08,DELA,DELA_050,NEON.PLA.D08.DELA.04302,single bole tree,12.4,NA,NA
2b9a0dde-edde-468b-9733-42730f2c6ba6,DELA_050.basePlot.vst,2015-06-16,vst_DELA_2015,D08,DELA,DELA_050,NEON.PLA.D08.DELA.04312,single bole tree,15.1,NA,NA
927feceb-233c-4315-947a-1b3e28520869,DELA_050.basePlot.vst,2015-06-16,vst_DELA_2015,D08,DELA,DELA_050,NEON.PLA.D08.DELA.04332,single bole tree,45.1,NA,NA
f3be181d-6255-4cfb-bd01-39b6bc882fac,DELA_050.basePlot.vst,2015-06-16,vst_DELA_2015,D08,DELA,DELA_050,NEON.PLA.D08.DELA.04380,single bole tree,10.0,NA,NA
36689880-138e-47c8-ae6f-5ecc621f65c8,DELA_044.basePlot.vst,2015-06-17,vst_DELA_2015,D08,DELA,DELA_044,NEON.PLA.D08.DELA.04425,single bole tree,10.4,NA,NA
371b7420-0910-4341-a441-047377656352,DELA_044.basePlot.vst,2015-06-17,vst_DELA_2015,D08,DELA,DELA_044,NEON.PLA.D08.DELA.04402,single bole tree,13.2,NA,NA
0f380e9d-9d3f-4a3a-ba03-d5e78b32486d,DELA_044.basePlot.vst,2015-06-17,vst_DELA_2015,D08,DELA,DELA_044,NEON.PLA.D08.DELA.04493,single bole tree,78.8,NA,NA
4b756e16-2c81-4f17-8026-c05321a00bd5,DELA_044.basePlot.vst,2015-06-17,vst_DELA_2015,D08,DELA,DELA_044,NEON.PLA.D08.DELA.04430,single bole tree,14.9,NA,NA
3769f4fd-80ad-42a6-b60e-e8df3bb53af6,DELA_044.basePlot.vst,2015-06-17,vst_DELA_2015,D08,DELA,DELA_044,NEON.PLA.D08.DELA.04433,single bole tree,19.1,NA,NA
2fb2e75e-7c79-47c4-a118-45bd9cc94235,DELA_044.basePlot.vst,2015-06-17,vst_DELA_2015,D08,DELA,DELA_044,NEON.PLA.D08.DELA.04404,single bole tree,11.6,NA,NA
d3304814-e4f2-4e23-ba00-6f0561dc5aea,DELA_044.basePlot.vst,2015-06-17,vst_DELA_2015,D08,DELA,DELA_044,NEON.PLA.D08.DELA.04440,single bole tree,106.0,NA,NA
787fde31-d1d2-4411-b08b-a69ec5d0a3d3,DELA_044.basePlot.vst,2015-06-17,vst_DELA_2015,D08,DELA,DELA_044,NEON.PLA.D08.DELA.04441,single bole tree,11.0,NA,NA
2110f12c-ce0b-4457-b169-916cfd978974,DELA_044.basePlot.vst,2015-06-17,vst_DELA_2015,D08,DELA,DELA_044,NEON.PLA.D08.DELA.04444,single bole tree,13.0,NA,NA
e75044bd-3198-45e0-9851-6f15b1c52e0f,DELA_044.basePlot.vst,2015-06-17,vst_DELA_2015,D08,DELA,DELA_044,NEON.PLA.D08.DELA.04421,single bole tree,16.3,NA,NA
ba880b4e-07e6-47f6-a113-382f465b8cf6,DELA_044.basePlot.vst,2015-06-17,vst_DELA_2015,D08,DELA,DELA_044,NEON.PLA.D08.DELA.04495,single bole tree,13.6,NA,NA
a26c9d13-43bc-4b8d-abff-636ff34079b0,DELA_044.basePlot.vst,2015-06-17,vst_DELA_2015,D08,DELA,DELA_044,NEON.PLA.D08.DELA.04484,single bole tree,43.0,NA,NA
04ae3373-1216-4c03-baf1-b3b3a24a26ae,DELA_044.basePlot.vst,2015-06-17,vst_DELA_2015,D08,DELA,DELA_044,NEON.PLA.D08.DELA.04442,single bole tree,23.9,NA,NA
6701cb6a-bd25-4b5b-84b3-e8fa0186353e,DELA_044.basePlot.vst,2015-06-17,vst_DELA_2015,D08,DELA,DELA_044,NEON.PLA.D08.DELA.04492,single bole tree,11.5,NA,NA
48109084-9bb0-49db-8e44-4082ded8d38e,DELA_044.basePlot.vst,2015-06-17,vst_DELA_2015,D08,DELA,DELA_044,NEON.PLA.D08.DELA.04494,single bole tree,17.8,NA,NA
882da09a-252f-46f0-aba0-86b78b156032,DELA_044.basePlot.vst,2015-06-17,vst_DELA_2015,D08,DELA,DELA_044,NEON.PLA.D08.DELA.04445,single bole tree,13.0,NA,NA
53bd2660-76dd-43a3-a572-f7b28ad66bd1,DELA_044.basePlot.vst,2015-06-17,vst_DELA_2015,D08,DELA,DELA_044,NEON.PLA.D08.DELA.04450,single bole tree,25.9,NA,NA
27b83ef2-6b03-4c64-884a-e60732e3d331,DELA_044.basePlot.vst,2015-06-17,vst_DELA_2015,D08,DELA,DELA_044,NEON.PLA.D08.DELA.04462,single bole tree,10.4,NA,NA
85d39768-945e-476d-b20d-66397eaa3b62,DELA_044.basePlot.vst,2015-06-17,vst_DELA_2015,D08,DELA,DELA_044,NEON.PLA.D08.DELA.04489,single bole tree,17.2,NA,NA
a0bcf57f-76a9-47d6-ad7e-f293acb14f4d,DELA_044.basePlot.vst,2015-06-17,vst_DELA_2015,D08,DELA,DELA_044,NEON.PLA.D08.DELA.04464,single bole tree,23.0,NA,NA
8af6fb7c-4308-4a93-b92c-6a4e08383dd6,DELA_044.basePlot.vst,2015-06-17,vst_DELA_2015,D08,DELA,DELA_044,NEON.PLA.D08.DELA.04432,single bole tree,22.4,NA,NA
71f07fb4-e133-4d0d-ae95-79da797159fe,DELA_044.basePlot.vst,2015-06-17,vst_DELA_2015,D08,DELA,DELA_044,NEON.PLA.D08.DELA.04496,single bole tree,12.2,NA,NA
bfa3b733-94cb-4ba0-bb98-4b6e90f0646b,DELA_044.basePlot.vst,2015-06-17,vst_DELA_2015,D08,DELA,DELA_044,NEON.PLA.D08.DELA.04490,single bole tree,28.7,NA,NA
875dd48b-4a8c-4230-bf21-b60c746b20ff,DELA_044.basePlot.vst,2015-06-17,vst_DELA_2015,D08,DELA,DELA_044,NEON.PLA.D08.DELA.04443,single bole tree,19.0,NA,NA
0d6530ea-59b0-47a7-9304-98f18381e2ed,DELA_044.basePlot.vst,2015-06-17,vst_DELA_2015,D08,DELA,DELA_044,NEON.PLA.D08.DELA.04423,small tree,8.7,NA,NA
75ee4114-73b1-4551-af28-1035c0c7e863,DELA_044.basePlot.vst,2015-06-17,vst_DELA_2015,D08,DELA,DELA_044,NEON.PLA.D08.DELA.04491,single bole tree,16.0,NA,NA
32076de3-6407-4293-8cef-32155114e6d1,DELA_044.basePlot.vst,2015-06-17,vst_DELA_2015,D08,DELA,DELA_044,NEON.PLA.D08.DELA.04446,single bole tree,23.0,NA,NA
f3e1ad84-e57a-4f80-88ff-e198523a6766,DELA_044.basePlot.vst,2015-06-17,vst_DELA_2015,D08,DELA,DELA_044,NEON.PLA.D08.DELA.04472,single bole tree,11.6,NA,NA
a5c0136a-8246-410a-bdbf-868ce3f494e0,DELA_044.basePlot.vst,2015-06-17,vst_DELA_2015,D08,DELA,DELA_044,NEON.PLA.D08.DELA.04470,single bole tree,10.1,NA,NA
eea467d8-a8d3-4c29-bc0d-c1685ed7061f,DELA_044.basePlot.vst,2015-06-17,vst_DELA_2015,D08,DELA,DELA_044,NEON.PLA.D08.DELA.04406,single bole tree,13.0,NA,NA
b900c0ef-228a-4626-ac41-57484648aebf,DELA_044.basePlot.vst,2015-06-17,vst_DELA_2015,D08,DELA,DELA_044,NEON.PLA.D08.DELA.04434,single bole tree,21.4,NA,NA
e27df7f9-35e9-4435-a7e7-0ca05c34f2dd,DELA_041.basePlot.vst,2015-06-19,vst_DELA_2015,D08,DELA,DELA_041,NEON.PLA.D08.DELA.04529,single bole tree,28.2,NA,NA
a989e799-72e2-4241-ab0c-a3fbea49ebb4,DELA_041.basePlot.vst,2015-06-19,vst_DELA_2015,D08,DELA,DELA_041,NEON.PLA.D08.DELA.04551,single bole tree,28.5,NA,NA
89e4c9eb-4415-4e25-88d8-15f16c674946,DELA_041.basePlot.vst,2015-06-19,vst_DELA_2015,D08,DELA,DELA_041,NEON.PLA.D08.DELA.04556,single bole tree,38.9,NA,NA
0fe9001f-6fbc-4885-8c6a-4d54572032b6,DELA_041.basePlot.vst,2015-06-19,vst_DELA_2015,D08,DELA,DELA_041,NEON.PLA.D08.DELA.04552,single bole tree,19.0,NA,NA
7cca08cd-0903-4dc4-85c4-49ae4b664ef0,DELA_041.basePlot.vst,2015-06-19,vst_DELA_2015,D08,DELA,DELA_041,NEON.PLA.D08.DELA.04500,multi-bole tree,40.3,94,NA
9dd4c2f4-9a93-4a0d-b06e-c346cc50ec56,DELA_041.basePlot.vst,2015-06-19,vst_DELA_2015,D08,DELA,DELA_041,NEON.PLA.D08.DELA.04532,single bole tree,54.2,NA,NA
b578262e-7525-405a-871f-facb9cf24254,DELA_041.basePlot.vst,2015-06-19,vst_DELA_2015,D08,DELA,DELA_041,NEON.PLA.D08.DELA.04533,single bole tree,11.5,NA,NA
00170c6b-54e7-42da-a668-284ccf084552,DELA_041.basePlot.vst,2015-06-19,vst_DELA_2015,D08,DELA,DELA_041,NEON.PLA.D08.DELA.04545,single bole tree,19.0,NA,NA
5aa3c04a-ba7d-43e9-a796-c5c1a94fa17b,DELA_041.basePlot.vst,2015-06-19,vst_DELA_2015,D08,DELA,DELA_041,NEON.PLA.D08.DELA.04501,single bole tree,30.2,NA,NA
3247dd64-0b9e-4df9-b348-202dc2c6a7aa,DELA_041.basePlot.vst,2015-06-19,vst_DELA_2015,D08,DELA,DELA_041,NEON.PLA.D08.DELA.04516,single bole tree,13.4,NA,NA
49999916-4c0d-46e0-8cf6-edba9df8e371,DELA_041.basePlot.vst,2015-06-19,vst_DELA_2015,D08,DELA,DELA_041,NEON.PLA.D08.DELA.04517,single bole tree,10.2,NA,NA
058b339a-4479-40b8-9e21-207a1685b7e7,DELA_041.basePlot.vst,2015-06-19,vst_DELA_2015,D08,DELA,DELA_041,NEON.PLA.D08.DELA.04506,single bole tree,22.1,NA,NA
f04dc2c4-7002-4487-aa7c-636229ed8177,DELA_041.basePlot.vst,2015-06-19,vst_DELA_2015,D08,DELA,DELA_041,NEON.PLA.D08.DELA.04546,single bole tree,12.7,NA,NA
d052a9ea-e255-4587-9cc4-2d965b9d5dfe,DELA_041.basePlot.vst,2015-06-19,vst_DELA_2015,D08,DELA,DELA_041,NEON.PLA.D08.DELA.04524,single bole tree,22.4,NA,NA
87cde8aa-c532-4eee-a144-a8f676234b1e,DELA_041.basePlot.vst,2015-06-19,vst_DELA_2015,D08,DELA,DELA_041,NEON.PLA.D08.DELA.04543,single bole tree,27.5,NA,NA
3f710396-1443-4c4e-b984-dcd17428e91a,DELA_041.basePlot.vst,2015-06-19,vst_DELA_2015,D08,DELA,DELA_041,NEON.PLA.D08.DELA.04520,single bole tree,16.9,NA,NA
dbc17d63-cd6b-4df8-97ff-fee197255929,DELA_041.basePlot.vst,2015-06-19,vst_DELA_2015,D08,DELA,DELA_041,NEON.PLA.D08.DELA.04522,single bole tree,23.2,NA,NA
eb02f985-29f8-49a7-9c05-42fb364a857f,DELA_041.basePlot.vst,2015-06-19,vst_DELA_2015,D08,DELA,DELA_041,NEON.PLA.D08.DELA.04541,single bole tree,14.6,NA,NA
8e5bff0c-3711-4325-ac18-187bbc517d0f,DELA_041.basePlot.vst,2015-06-19,vst_DELA_2015,D08,DELA,DELA_041,NEON.PLA.D08.DELA.04557,single bole tree,29.4,NA,NA
9cb6ad84-6d92-416c-8184-9b334086d41f,DELA_041.basePlot.vst,2015-06-19,vst_DELA_2015,D08,DELA,DELA_041,NEON.PLA.D08.DELA.04508,single bole tree,19.5,NA,NA
b6fa1e24-f6e4-413d-ac98-9237df427a7b,DELA_041.basePlot.vst,2015-06-19,vst_DELA_2015,D08,DELA,DELA_041,NEON.PLA.D08.DELA.04547,single bole tree,12.0,NA,NA
86909495-dc6b-42c4-bbef-2ea4dab5381b,DELA_041.basePlot.vst,2015-06-19,vst_DELA_2015,D08,DELA,DELA_041,NEON.PLA.D08.DELA.04553,single bole tree,12.0,NA,NA
eb6053ef-9453-4453-9977-2033f0d20334,DELA_041.basePlot.vst,2015-06-19,vst_DELA_2015,D08,DELA,DELA_041,NEON.PLA.D08.DELA.04528,single bole tree,18.7,NA,NA
8eeb60c4-f474-4479-a485-be7e1e7b7267,DELA_041.basePlot.vst,2015-06-19,vst_DELA_2015,D08,DELA,DELA_041,NEON.PLA.D08.DELA.04523,single bole tree,11.0,NA,NA
843a9235-be2e-4058-b926-f18cf86dcf97,DELA_041.basePlot.vst,2015-06-19,vst_DELA_2015,D08,DELA,DELA_041,NEON.PLA.D08.DELA.04499,multi-bole tree,17.8,NA,NA
88e39fe7-f6dd-459e-9c7d-df20c1c943b5,DELA_041.basePlot.vst,2015-06-19,vst_DELA_2015,D08,DELA,DELA_041,NEON.PLA.D08.DELA.04514,single bole tree,17.0,NA,NA
d09c1e29-d77d-4593-b094-ebfc86583ec7,DELA_041.basePlot.vst,2015-06-19,vst_DELA_2015,D08,DELA,DELA_041,NEON.PLA.D08.DELA.04503,multi-bole tree,34.8,NA,NA
2babc85a-cad2-41f7-87de-6235af6154b3,DELA_041.basePlot.vst,2015-06-19,vst_DELA_2015,D08,DELA,DELA_041,NEON.PLA.D08.DELA.04527,single bole tree,15.3,NA,NA
71bb454c-e0d6-484f-8933-bf2b0ce66e00,DELA_041.basePlot.vst,2015-06-19,vst_DELA_2015,D08,DELA,DELA_041,NEON.PLA.D08.DELA.04542,single bole tree,13.9,NA,NA
ac0ba94d-f769-4315-aa4e-fe21200e09a2,DELA_041.basePlot.vst,2015-06-19,vst_DELA_2015,D08,DELA,DELA_041,NEON.PLA.D08.DELA.04555,single bole tree,45.0,NA,NA
3d784a8a-8728-4bfe-ae14-beb6a3a0444d,DELA_041.basePlot.vst,2015-06-19,vst_DELA_2015,D08,DELA,DELA_041,NEON.PLA.D08.DELA.04540,single bole tree,25.6,NA,NA
5475d037-f922-4a15-891d-dd84f103985b,DELA_041.basePlot.vst,2015-06-19,vst_DELA_2015,D08,DELA,DELA_041,NEON.PLA.D08.DELA.04515,single bole tree,16.6,NA,NA
989e43ed-109d-4413-a840-765292b0696b,DELA_041.basePlot.vst,2015-06-19,vst_DELA_2015,D08,DELA,DELA_041,NEON.PLA.D08.DELA.04512,multi-bole tree,27.2,NA,NA
092b1cb3-eb14-44e4-a23b-5f3c5f54fb94,DELA_041.basePlot.vst,2015-06-19,vst_DELA_2015,D08,DELA,DELA_041,NEON.PLA.D08.DELA.04550,single bole tree,19.0,NA,NA
bf867096-4ea2-43ce-9e72-b82938f4d67f,DELA_041.basePlot.vst,2015-06-19,vst_DELA_2015,D08,DELA,DELA_041,NEON.PLA.D08.DELA.04554,single bole tree,23.2,NA,NA
76487021-8aff-4fec-9081-ced36eb47f50,DELA_041.basePlot.vst,2015-06-19,vst_DELA_2015,D08,DELA,DELA_041,NEON.PLA.D08.DELA.04513,single bole tree,49.1,NA,NA
3d487d55-7f11-41ca-9606-a507e70273e3,DELA_041.basePlot.vst,2015-06-19,vst_DELA_2015,D08,DELA,DELA_041,NEON.PLA.D08.DELA.04504,single bole tree,38.8,NA,NA
9d0ca358-a082-4297-9503-7397c7f2394e,DELA_041.basePlot.vst,2015-06-19,vst_DELA_2015,D08,DELA,DELA_041,NEON.PLA.D08.DELA.04518,single bole tree,36.3,NA,NA
7fe98b45-8f86-4b19-98d6-ae629a04c21e,DELA_041.basePlot.vst,2015-06-19,vst_DELA_2015,D08,DELA,DELA_041,NEON.PLA.D08.DELA.04519,single bole tree,17.2,NA,NA
877817b1-5c62-4a81-9846-bc7d9ca678a3,DELA_041.basePlot.vst,2015-06-19,vst_DELA_2015,D08,DELA,DELA_041,NEON.PLA.D08.DELA.04558,single bole tree,10.0,NA,NA
c6a76695-0251-40bf-b51a-5b7034af0fc2,DELA_041.basePlot.vst,2015-06-19,vst_DELA_2015,D08,DELA,DELA_041,NEON.PLA.D08.DELA.04544,single bole tree,19.0,NA,NA
7fed202d-aed1-4200-84b2-58e5fc9471d0,DELA_041.basePlot.vst,2015-06-19,vst_DELA_2015,D08,DELA,DELA_041,NEON.PLA.D08.DELA.04549,single bole tree,46.0,NA,NA
bb2495ae-703a-4d78-83a7-888f860c43d1,DELA_041.basePlot.vst,2015-06-19,vst_DELA_2015,D08,DELA,DELA_041,NEON.PLA.D08.DELA.04521,single bole tree,14.9,NA,NA
a1dfde17-2fc4-4b56-af96-355294b2a646,DELA_041.basePlot.vst,2015-06-19,vst_DELA_2015,D08,DELA,DELA_041,NEON.PLA.D08.DELA.04548,single bole tree,11.3,NA,NA
c23cd930-5394-4774-8bde-88682464fdfb,DELA_041.basePlot.vst,2015-06-19,vst_DELA_2015,D08,DELA,DELA_041,NEON.PLA.D08.DELA.04531,single bole tree,30.2,NA,NA
f48d8a3b-9e2e-4158-be7b-70909a8a83e8,DELA_041.basePlot.vst,2015-06-19,vst_DELA_2015,D08,DELA,DELA_041,NEON.PLA.D08.DELA.04507,single bole tree,22.0,NA,NA
88e568d9-ac79-4334-a6e3-6332f08b7e91,DELA_052.basePlot.vst,2015-06-22,vst_DELA_2015,D08,DELA,DELA_052,NEON.PLA.D08.DELA.04583,single bole tree,22.5,NA,NA
fcdcd7e4-12b9-4dca-9659-e946eac2729b,DELA_052.basePlot.vst,2015-06-22,vst_DELA_2015,D08,DELA,DELA_052,NEON.PLA.D08.DELA.04560,single bole tree,46.5,NA,NA
7cd9cb5a-e6fc-40b3-9136-30acbef0c4ad,DELA_052.basePlot.vst,2015-06-22,vst_DELA_2015,D08,DELA,DELA_052,NEON.PLA.D08.DELA.04611,single bole tree,25.6,NA,NA
d5b710ce-c4d2-4e7c-a373-08ca1293a8a9,DELA_052.basePlot.vst,2015-06-22,vst_DELA_2015,D08,DELA,DELA_052,NEON.PLA.D08.DELA.04580,single bole tree,10.2,NA,NA
bc364d3d-5e7b-48c8-83f3-d01971801730,DELA_052.basePlot.vst,2015-06-22,vst_DELA_2015,D08,DELA,DELA_052,NEON.PLA.D08.DELA.04559,single bole tree,64.2,NA,NA
8a2905f8-0a98-4534-9d1a-a401910ecd94,DELA_052.basePlot.vst,2015-06-22,vst_DELA_2015,D08,DELA,DELA_052,NEON.PLA.D08.DELA.04587,single bole tree,31.4,NA,NA
1588eac3-f29f-4a8a-b2ca-01ef986d1435,DELA_052.basePlot.vst,2015-06-22,vst_DELA_2015,D08,DELA,DELA_052,NEON.PLA.D08.DELA.04616,single bole tree,29.8,NA,NA
906a2a19-1c29-4cec-92c9-6772b50edbc7,DELA_052.basePlot.vst,2015-06-22,vst_DELA_2015,D08,DELA,DELA_052,NEON.PLA.D08.DELA.04620,single bole tree,16.0,NA,NA
e3bb5786-e3dc-4504-8ba3-d904dc54dc1c,DELA_052.basePlot.vst,2015-06-22,vst_DELA_2015,D08,DELA,DELA_052,NEON.PLA.D08.DELA.04618,single bole tree,60.8,NA,NA
080abfe5-0702-445f-b23f-4d5ab3fef831,DELA_052.basePlot.vst,2015-06-22,vst_DELA_2015,D08,DELA,DELA_052,NEON.PLA.D08.DELA.04579,single bole tree,19.5,NA,NA
af691c87-c469-433a-a4ab-def8a30027bc,DELA_052.basePlot.vst,2015-06-22,vst_DELA_2015,D08,DELA,DELA_052,NEON.PLA.D08.DELA.04576,single bole tree,35.0,NA,NA
4ef15227-78ee-462e-93e1-cfde492ea0c7,DELA_052.basePlot.vst,2015-06-22,vst_DELA_2015,D08,DELA,DELA_052,NEON.PLA.D08.DELA.04584,single bole tree,20.7,NA,NA
2308dcc3-c890-4a6f-b93d-44fdd7a60d67,DELA_052.basePlot.vst,2015-06-22,vst_DELA_2015,D08,DELA,DELA_052,NEON.PLA.D08.DELA.04562,single bole tree,11.0,NA,NA
41666920-0d95-4899-8574-7e80b504bf3b,DELA_052.basePlot.vst,2015-06-22,vst_DELA_2015,D08,DELA,DELA_052,NEON.PLA.D08.DELA.04613,single bole tree,26.3,NA,NA
599fc77c-6b73-4899-987b-d96cf46d10aa,DELA_052.basePlot.vst,2015-06-22,vst_DELA_2015,D08,DELA,DELA_052,NEON.PLA.D08.DELA.04585,single bole tree,32.0,NA,NA
a1844447-f0ed-43dd-9f13-4c81d0f1623d,DELA_052.basePlot.vst,2015-06-22,vst_DELA_2015,D08,DELA,DELA_052,NEON.PLA.D08.DELA.04574,single bole tree,11.7,NA,NA
c7463cfb-4f99-40a7-85ca-7e5c0c80f39b,DELA_052.basePlot.vst,2015-06-22,vst_DELA_2015,D08,DELA,DELA_052,NEON.PLA.D08.DELA.04573,single bole tree,30.1,NA,NA
5032abbb-f352-4f11-a4cc-69b4cffd8eda,DELA_052.basePlot.vst,2015-06-22,vst_DELA_2015,D08,DELA,DELA_052,NEON.PLA.D08.DELA.04586,single bole tree,24.9,NA,NA
2a472c90-e629-44f6-970c-21719b778c39,DELA_052.basePlot.vst,2015-06-22,vst_DELA_2015,D08,DELA,DELA_052,NEON.PLA.D08.DELA.04570,single bole tree,10.0,NA,NA
c50e7612-cd21-4c7e-a2a7-170fc07b1b19,DELA_052.basePlot.vst,2015-06-22,vst_DELA_2015,D08,DELA,DELA_052,NEON.PLA.D08.DELA.04612,single bole tree,10.2,NA,NA
9496bcb0-e10f-46d0-92ef-c34fc7d465e9,DELA_052.basePlot.vst,2015-06-22,vst_DELA_2015,D08,DELA,DELA_052,NEON.PLA.D08.DELA.04614,single bole tree,24.8,NA,NA
1a8e92de-2900-4ec1-afea-f268505e4455,DELA_052.basePlot.vst,2015-06-22,vst_DELA_2015,D08,DELA,DELA_052,NEON.PLA.D08.DELA.04617,single bole tree,62.6,NA,NA
59399792-2f05-4ba3-a70b-de73c68eee18,DELA_052.basePlot.vst,2015-06-22,vst_DELA_2015,D08,DELA,DELA_052,NEON.PLA.D08.DELA.04615,single bole tree,12.6,NA,NA
c55c1f1a-b183-490f-a295-a03662436b77,DELA_052.basePlot.vst,2015-06-22,vst_DELA_2015,D08,DELA,DELA_052,NEON.PLA.D08.DELA.04577,single bole tree,18.8,NA,NA
e4018ec2-d40f-446f-84d5-253165f1747e,DELA_052.basePlot.vst,2015-06-22,vst_DELA_2015,D08,DELA,DELA_052,NEON.PLA.D08.DELA.04582,single bole tree,27.9,NA,NA
1a824ea6-847a-4997-9188-f4f6b74a3236,DELA_052.basePlot.vst,2015-06-22,vst_DELA_2015,D08,DELA,DELA_052,NEON.PLA.D08.DELA.04581,single bole tree,21.8,NA,NA
a46312c8-2c49-4387-a1e6-18bf1019dd4c,DELA_052.basePlot.vst,2015-06-22,vst_DELA_2015,D08,DELA,DELA_052,NEON.PLA.D08.DELA.04575,single bole tree,17.0,NA,NA
63677a2f-d7a6-4fca-a4c6-f8665386550f,DELA_052.basePlot.vst,2015-06-22,vst_DELA_2015,D08,DELA,DELA_052,NEON.PLA.D08.DELA.04565,single bole tree,11.7,NA,NA
3c6cb10c-65cc-4341-abf6-2a52754ca6e5,DELA_052.basePlot.vst,2015-06-22,vst_DELA_2015,D08,DELA,DELA_052,NEON.PLA.D08.DELA.04572,single bole tree,20.5,NA,NA
b9b8d281-2352-42ff-a616-a87b4792403d,DELA_052.basePlot.vst,2015-06-22,vst_DELA_2015,D08,DELA,DELA_052,NEON.PLA.D08.DELA.04619,single bole tree,12.8,NA,NA
2d44f33b-f82e-40d8-9776-87c2dc1e7f29,DELA_043.basePlot.vst,2015-06-23,vst_DELA_2015,D08,DELA,DELA_043,NEON.PLA.D08.DELA.04643,single bole tree,22.0,NA,NA
393c2c79-36e9-4fcd-9281-f11fabb1e51d,DELA_043.basePlot.vst,2015-06-23,vst_DELA_2015,D08,DELA,DELA_043,NEON.PLA.D08.DELA.04648,single bole tree,16.3,NA,NA
7aa30211-8222-4d9b-8c59-b67fab389fef,DELA_043.basePlot.vst,2015-06-23,vst_DELA_2015,D08,DELA,DELA_043,NEON.PLA.D08.DELA.04649,single bole tree,14.4,NA,NA
84692d46-f965-4587-954a-5f02a6ce702b,DELA_043.basePlot.vst,2015-06-23,vst_DELA_2015,D08,DELA,DELA_043,NEON.PLA.D08.DELA.04656,single bole tree,35.5,NA,NA
cf4e3605-fbd5-40ee-8f5c-9bd9a31f8da2,DELA_043.basePlot.vst,2015-06-23,vst_DELA_2015,D08,DELA,DELA_043,NEON.PLA.D08.DELA.04655,single bole tree,49.3,NA,NA
7fada3bf-dae3-4447-8fce-d534387e6f4a,DELA_043.basePlot.vst,2015-06-23,vst_DELA_2015,D08,DELA,DELA_043,NEON.PLA.D08.DELA.04646,single bole tree,28.7,NA,NA
ad2ce37b-0a85-4de2-89a1-59f220721109,DELA_043.basePlot.vst,2015-06-23,vst_DELA_2015,D08,DELA,DELA_043,NEON.PLA.D08.DELA.04639,single bole tree,14.8,NA,NA
a484f625-d935-4271-86b2-a14c9dc07b0d,DELA_043.basePlot.vst,2015-06-23,vst_DELA_2015,D08,DELA,DELA_043,NEON.PLA.D08.DELA.04650,single bole tree,32.9,NA,NA
a7c0b8ba-e381-4e95-bf32-c15b0ffaf531,DELA_043.basePlot.vst,2015-06-23,vst_DELA_2015,D08,DELA,DELA_043,NEON.PLA.D08.DELA.04665,single bole tree,48.6,NA,NA
51b1b4a2-8271-4a12-813e-10441fa2c4d8,DELA_043.basePlot.vst,2015-06-23,vst_DELA_2015,D08,DELA,DELA_043,NEON.PLA.D08.DELA.04661,single bole tree,21.1,NA,NA
b5380c5e-ae7f-48cc-a0e2-5eeec6a1c29d,DELA_043.basePlot.vst,2015-06-23,vst_DELA_2015,D08,DELA,DELA_043,NEON.PLA.D08.DELA.04642,single bole tree,24.2,NA,NA
5fcb8d80-6893-4984-8549-514506463025,DELA_043.basePlot.vst,2015-06-23,vst_DELA_2015,D08,DELA,DELA_043,NEON.PLA.D08.DELA.04645,single bole tree,24.7,NA,NA
d8889a7d-3bc3-4c99-9d1a-fa9fe5854298,DELA_043.basePlot.vst,2015-06-23,vst_DELA_2015,D08,DELA,DELA_043,NEON.PLA.D08.DELA.04667,single bole tree,37.5,NA,NA
3e47996d-c759-4eac-9b91-5545cf7712b6,DELA_043.basePlot.vst,2015-06-23,vst_DELA_2015,D08,DELA,DELA_043,NEON.PLA.D08.DELA.04653,single bole tree,10.0,NA,NA
2afe031d-5d78-4241-ae6f-477a666099e4,DELA_043.basePlot.vst,2015-06-23,vst_DELA_2015,D08,DELA,DELA_043,NEON.PLA.D08.DELA.04644,multi-bole tree,18.2,NA,NA
bd1a1c50-e82b-4964-a8c8-fd7b52ff6a9d,DELA_043.basePlot.vst,2015-06-23,vst_DELA_2015,D08,DELA,DELA_043,NEON.PLA.D08.DELA.04662,single bole tree,33.3,NA,NA
c5c1916f-3466-4a4d-952d-bf3a86db8bf8,DELA_043.basePlot.vst,2015-06-23,vst_DELA_2015,D08,DELA,DELA_043,NEON.PLA.D08.DELA.04660,single bole tree,21.4,NA,NA
e0f25206-d514-4f7e-a907-2326b92d1afc,DELA_043.basePlot.vst,2015-06-23,vst_DELA_2015,D08,DELA,DELA_043,NEON.PLA.D08.DELA.04664,single bole tree,16.4,NA,NA
44a2c540-393f-46e0-82b5-8e016173c717,DELA_043.basePlot.vst,2015-06-23,vst_DELA_2015,D08,DELA,DELA_043,NEON.PLA.D08.DELA.04666,single bole tree,13.2,NA,NA
dcc61264-9941-4637-9a96-1a687d1990c0,DELA_043.basePlot.vst,2015-06-23,vst_DELA_2015,D08,DELA,DELA_043,NEON.PLA.D08.DELA.04640,single bole tree,16.1,NA,NA
279b8aa2-d780-4f5a-bbd9-7809bd63ee09,DELA_043.basePlot.vst,2015-06-23,vst_DELA_2015,D08,DELA,DELA_043,NEON.PLA.D08.DELA.04647,single bole tree,16.8,NA,NA
443c1392-4fd4-41a0-a852-df7df62a926e,DELA_043.basePlot.vst,2015-06-23,vst_DELA_2015,D08,DELA,DELA_043,NEON.PLA.D08.DELA.04657,single bole tree,28.2,NA,NA
e7fe385a-d495-4910-9b25-890a0efe195f,DELA_043.basePlot.vst,2015-06-23,vst_DELA_2015,D08,DELA,DELA_043,NEON.PLA.D08.DELA.04663,single bole tree,28.3,NA,NA
2076a9fb-d44b-4112-9d68-0754736c9c8a,DELA_043.basePlot.vst,2015-06-23,vst_DELA_2015,D08,DELA,DELA_043,NEON.PLA.D08.DELA.04641,single bole tree,22.4,NA,NA
83755bef-ad2c-4c37-8a05-9d339f7fdc20,DELA_042.basePlot.vst,2015-06-24,vst_DELA_2015,D08,DELA,DELA_042,NEON.PLA.D08.DELA.04815,single bole tree,30.3,NA,NA
3319ab9f-d5f0-41b6-9233-086dad2abe56,DELA_042.basePlot.vst,2015-06-24,vst_DELA_2015,D08,DELA,DELA_042,NEON.PLA.D08.DELA.04816,single bole tree,43.8,NA,NA
298aaff5-1c9b-4db0-8d00-d394a532ad1c,DELA_042.basePlot.vst,2015-06-24,vst_DELA_2015,D08,DELA,DELA_042,NEON.PLA.D08.DELA.04817,single bole tree,45.9,NA,NA
02a2aec5-55a7-428b-bc3e-86e1e0b1c955,DELA_042.basePlot.vst,2015-06-24,vst_DELA_2015,D08,DELA,DELA_042,NEON.PLA.D08.DELA.04821,single bole tree,16.8,NA,NA
c5ed3dac-193a-4074-bd01-0345abeab782,DELA_042.basePlot.vst,2015-06-24,vst_DELA_2015,D08,DELA,DELA_042,NEON.PLA.D08.DELA.04819,single bole tree,20.9,NA,NA
4633cb3d-635f-4ac8-8deb-8be53a2d4e93,DELA_042.basePlot.vst,2015-06-24,vst_DELA_2015,D08,DELA,DELA_042,NEON.PLA.D08.DELA.04820,single bole tree,18.2,NA,NA
8660eed5-f91f-4d45-9e34-155e97065319,DELA_054.basePlot.vst,2015-06-25,vst_DELA_2015,D08,DELA,DELA_054,NEON.PLA.D08.DELA.04891,single bole tree,24.1,NA,NA
b0980515-f8b6-4c98-a2b4-24e9d3a33b28,DELA_054.basePlot.vst,2015-06-25,vst_DELA_2015,D08,DELA,DELA_054,NEON.PLA.D08.DELA.04754,single bole tree,10.1,NA,NA
6b0490ba-0c66-4631-baac-75f14d77417d,DELA_045.basePlot.vst,2015-06-25,vst_DELA_2015,D08,DELA,DELA_045,NEON.PLA.D08.DELA.04853,single bole tree,49.6,NA,NA
d25ce0a6-09ff-42e7-bec3-da212ffb406d,DELA_045.basePlot.vst,2015-06-25,vst_DELA_2015,D08,DELA,DELA_045,NEON.PLA.D08.DELA.04856,single bole tree,21.1,NA,NA
c2f03c6e-9e9f-463a-baf3-8bd26af6901e,DELA_045.basePlot.vst,2015-06-25,vst_DELA_2015,D08,DELA,DELA_045,NEON.PLA.D08.DELA.04862,single bole tree,13.6,NA,NA
8603715d-1b3e-471f-b6fb-b598cb9c1e0b,DELA_045.basePlot.vst,2015-06-25,vst_DELA_2015,D08,DELA,DELA_045,NEON.PLA.D08.DELA.04885,single bole tree,62.8,NA,NA
4709ab22-db84-4619-bf87-455d896a6073,DELA_045.basePlot.vst,2015-06-25,vst_DELA_2015,D08,DELA,DELA_045,NEON.PLA.D08.DELA.04880,single bole tree,33.0,NA,NA
90cb2d2d-e762-4959-a9ad-352d7c7fac3b,DELA_054.basePlot.vst,2015-06-25,vst_DELA_2015,D08,DELA,DELA_054,NEON.PLA.D08.DELA.04746,single bole tree,68.2,NA,NA
d46a20ce-7128-4795-b060-5171a3bc92d5,DELA_054.basePlot.vst,2015-06-25,vst_DELA_2015,D08,DELA,DELA_054,NEON.PLA.D08.DELA.04890,single bole tree,93.4,NA,NA
d31f924d-8138-4803-915c-a1f4793876d9,DELA_054.basePlot.vst,2015-06-25,vst_DELA_2015,D08,DELA,DELA_054,NEON.PLA.D08.DELA.04723,single bole tree,18.5,NA,NA
40fbbdeb-e660-4bde-a57d-89400adb9285,DELA_045.basePlot.vst,2015-06-25,vst_DELA_2015,D08,DELA,DELA_045,NEON.PLA.D08.DELA.04870,single bole tree,28.2,NA,NA
2b6b918c-631e-4bc1-bcb0-6fe7dfed3750,DELA_054.basePlot.vst,2015-06-25,vst_DELA_2015,D08,DELA,DELA_054,NEON.PLA.D08.DELA.04897,single bole tree,11.8,NA,NA
3fe23c54-73c7-42fb-87ff-9a170138b6d3,DELA_045.basePlot.vst,2015-06-25,vst_DELA_2015,D08,DELA,DELA_045,NEON.PLA.D08.DELA.04859,single bole tree,37.4,NA,NA
a2936197-56d4-4c99-9ca7-617b04fb2779,DELA_054.basePlot.vst,2015-06-25,vst_DELA_2015,D08,DELA,DELA_054,NEON.PLA.D08.DELA.04750,single bole tree,13.1,NA,NA
296b22c9-7a80-4020-b2a4-6bd3872a0dfd,DELA_045.basePlot.vst,2015-06-25,vst_DELA_2015,D08,DELA,DELA_045,NEON.PLA.D08.DELA.04854,single bole tree,12.4,NA,NA
f5b675f5-09b9-4b7e-8b9a-717b115ed68e,DELA_054.basePlot.vst,2015-06-25,vst_DELA_2015,D08,DELA,DELA_054,NEON.PLA.D08.DELA.04751,single bole tree,63.1,NA,NA
d95b9c9f-fe0d-4010-a596-b47f85180004,DELA_045.basePlot.vst,2015-06-25,vst_DELA_2015,D08,DELA,DELA_045,NEON.PLA.D08.DELA.04871,single bole tree,27.0,NA,NA
576c2258-f496-4f58-aa88-e271d7a89626,DELA_045.basePlot.vst,2015-06-25,vst_DELA_2015,D08,DELA,DELA_045,NEON.PLA.D08.DELA.04865,single bole tree,27.2,NA,NA
283586ad-7e28-4209-a625-04771ca7b716,DELA_045.basePlot.vst,2015-06-25,vst_DELA_2015,D08,DELA,DELA_045,NEON.PLA.D08.DELA.04864,single bole tree,58.0,NA,NA
c54a4b15-1ce7-4c4d-8db2-57185bbb7e7d,DELA_045.basePlot.vst,2015-06-25,vst_DELA_2015,D08,DELA,DELA_045,NEON.PLA.D08.DELA.04883,single bole tree,20.5,NA,NA
41c9691a-8470-422a-8a1f-afe4b5a299b5,DELA_054.basePlot.vst,2015-06-25,vst_DELA_2015,D08,DELA,DELA_054,NEON.PLA.D08.DELA.04752,single bole tree,22.1,NA,NA
cc3e41a0-b8b0-4448-9bf2-991b157cfe8d,DELA_045.basePlot.vst,2015-06-25,vst_DELA_2015,D08,DELA,DELA_045,NEON.PLA.D08.DELA.04860,single bole tree,19.8,NA,NA
245dcf2c-29d5-47e9-8fe3-f5b103dde9c3,DELA_045.basePlot.vst,2015-06-25,vst_DELA_2015,D08,DELA,DELA_045,NEON.PLA.D08.DELA.04858,single bole tree,16.8,NA,NA
3ac1860e-ff85-4fce-8fc0-4006fc7cb3f5,DELA_045.basePlot.vst,2015-06-25,vst_DELA_2015,D08,DELA,DELA_045,NEON.PLA.D08.DELA.04877,single bole tree,12.7,NA,NA
d8256305-6a7c-4dd3-b421-2ae6d701354d,DELA_045.basePlot.vst,2015-06-25,vst_DELA_2015,D08,DELA,DELA_045,NEON.PLA.D08.DELA.04876,single bole tree,26.3,NA,NA
555e3bcc-b1ab-402f-a9d4-e05f575b2247,DELA_054.basePlot.vst,2015-06-25,vst_DELA_2015,D08,DELA,DELA_054,NEON.PLA.D08.DELA.04733,single bole tree,10.9,NA,NA
45bc3bd1-f9ff-44c2-bf8d-c4949a0896ba,DELA_045.basePlot.vst,2015-06-25,vst_DELA_2015,D08,DELA,DELA_045,NEON.PLA.D08.DELA.04881,single bole tree,15.8,NA,NA
3bd62678-af9d-426f-99c6-a4884c724f40,DELA_045.basePlot.vst,2015-06-25,vst_DELA_2015,D08,DELA,DELA_045,NEON.PLA.D08.DELA.04878,single bole tree,23.1,NA,NA
fd63befe-4411-43ef-a0ac-636ed547d570,DELA_045.basePlot.vst,2015-06-25,vst_DELA_2015,D08,DELA,DELA_045,NEON.PLA.D08.DELA.04830,single bole tree,33.6,NA,NA
3e670407-7509-4ab3-a775-c89b5c607c90,DELA_054.basePlot.vst,2015-06-25,vst_DELA_2015,D08,DELA,DELA_054,NEON.PLA.D08.DELA.04734,single bole tree,18.4,NA,NA
e26b69b3-cb50-4430-a515-46611003b3f1,DELA_045.basePlot.vst,2015-06-25,vst_DELA_2015,D08,DELA,DELA_045,NEON.PLA.D08.DELA.04873,single bole tree,30.4,NA,NA
3630fd51-cce0-4692-852a-b6a04193039c,DELA_045.basePlot.vst,2015-06-25,vst_DELA_2015,D08,DELA,DELA_045,NEON.PLA.D08.DELA.04872,single bole tree,22.0,NA,NA
38440be6-5cc3-4aa2-af25-c3764052b561,DELA_054.basePlot.vst,2015-06-25,vst_DELA_2015,D08,DELA,DELA_054,NEON.PLA.D08.DELA.04894,single bole tree,10.6,NA,NA
7ac17796-7ddf-4f31-843e-a831142df6bb,DELA_054.basePlot.vst,2015-06-25,vst_DELA_2015,D08,DELA,DELA_054,NEON.PLA.D08.DELA.04728,single bole tree,12.9,NA,NA
07761468-26d2-40c5-b231-3d07d298e424,DELA_045.basePlot.vst,2015-06-25,vst_DELA_2015,D08,DELA,DELA_045,NEON.PLA.D08.DELA.04861,single bole tree,16.5,NA,NA
1b5c6f63-28c7-47c9-9422-08449070198e,DELA_045.basePlot.vst,2015-06-25,vst_DELA_2015,D08,DELA,DELA_045,NEON.PLA.D08.DELA.04831,single bole tree,19.6,NA,NA
5a08b477-1429-4a58-ae8e-c9e3895e702c,DELA_054.basePlot.vst,2015-06-25,vst_DELA_2015,D08,DELA,DELA_054,NEON.PLA.D08.DELA.04730,single bole tree,27.0,NA,NA
c440ac40-07ec-4706-bee3-b4625a2fd1b0,DELA_045.basePlot.vst,2015-06-25,vst_DELA_2015,D08,DELA,DELA_045,NEON.PLA.D08.DELA.04886,single bole tree,25.8,NA,NA
c5011a98-21ce-4103-bcdd-be42cf4644bb,DELA_045.basePlot.vst,2015-06-25,vst_DELA_2015,D08,DELA,DELA_045,NEON.PLA.D08.DELA.04875,single bole tree,14.1,NA,NA
22259c45-7370-4c88-aee9-e6527ef46741,DELA_045.basePlot.vst,2015-06-25,vst_DELA_2015,D08,DELA,DELA_045,NEON.PLA.D08.DELA.04863,single bole tree,23.2,NA,NA
f9a2b1a9-619d-4402-b738-c13b7befca2d,DELA_054.basePlot.vst,2015-06-25,vst_DELA_2015,D08,DELA,DELA_054,NEON.PLA.D08.DELA.04741,single bole tree,15.3,NA,NA
c5673032-26eb-4fd7-a257-78a8e6c19c09,DELA_054.basePlot.vst,2015-06-25,vst_DELA_2015,D08,DELA,DELA_054,NEON.PLA.D08.DELA.04732,single bole tree,38.5,NA,NA
68429f3f-d932-4aba-9650-ab25592700cb,DELA_054.basePlot.vst,2015-06-25,vst_DELA_2015,D08,DELA,DELA_054,NEON.PLA.D08.DELA.04755,single bole tree,59.0,NA,NA
411683fc-928e-4e10-85fb-40d9c539e2c9,DELA_045.basePlot.vst,2015-06-25,vst_DELA_2015,D08,DELA,DELA_045,NEON.PLA.D08.DELA.04882,single bole tree,37.0,NA,NA
89c426b5-97e1-4012-82a3-dad33ad23364,DELA_045.basePlot.vst,2015-06-25,vst_DELA_2015,D08,DELA,DELA_045,NEON.PLA.D08.DELA.04855,single bole tree,16.4,NA,NA
cd19dd04-c460-426f-bbb2-e1d065c0dd89,DELA_054.basePlot.vst,2015-06-25,vst_DELA_2015,D08,DELA,DELA_054,NEON.PLA.D08.DELA.04887,single bole tree,10.5,NA,NA
e97725f0-36d9-46b6-afc6-2ff9caecd3cf,DELA_054.basePlot.vst,2015-06-25,vst_DELA_2015,D08,DELA,DELA_054,NEON.PLA.D08.DELA.04729,single bole tree,12.4,NA,NA
8cba773e-4ff0-4b55-8fdb-531827abde61,DELA_054.basePlot.vst,2015-06-25,vst_DELA_2015,D08,DELA,DELA_054,NEON.PLA.D08.DELA.04900,single bole tree,56.7,NA,NA
10dbcc53-2bfe-4db5-a20e-038eff19a91f,DELA_054.basePlot.vst,2015-06-25,vst_DELA_2015,D08,DELA,DELA_054,NEON.PLA.D08.DELA.04727,single bole tree,12.2,NA,NA
68fb4522-20cf-4aec-ab1a-87c88b23b98d,DELA_056.basePlot.vst,2015-06-26,vst_DELA_2015,D08,DELA,DELA_056,NEON.PLA.D08.DELA.04759,single bole tree,29.3,NA,NA
e3bf3161-9ba7-4dea-8209-df82a4aceea9,DELA_056.basePlot.vst,2015-06-26,vst_DELA_2015,D08,DELA,DELA_056,NEON.PLA.D08.DELA.04756,single bole tree,34.8,NA,NA
9c01f7a6-25f0-4346-b8d5-8da1862223f0,DELA_056.basePlot.vst,2015-06-26,vst_DELA_2015,D08,DELA,DELA_056,NEON.PLA.D08.DELA.04776,single bole tree,37.2,NA,NA
4125db80-91ed-4dc8-937b-7493d6e484e7,DELA_056.basePlot.vst,2015-06-26,vst_DELA_2015,D08,DELA,DELA_056,NEON.PLA.D08.DELA.04765,single bole tree,25.4,NA,NA
b5edb8bd-df8e-4758-adc6-a091a934961b,DELA_056.basePlot.vst,2015-06-26,vst_DELA_2015,D08,DELA,DELA_056,NEON.PLA.D08.DELA.04774,single bole tree,15.4,NA,NA
efd9522d-329e-4096-90e5-2cc7c135482a,DELA_056.basePlot.vst,2015-06-26,vst_DELA_2015,D08,DELA,DELA_056,NEON.PLA.D08.DELA.04768,single bole tree,25.4,NA,NA
76422ae4-bded-45e6-819b-b3fc3a2b0346,DELA_056.basePlot.vst,2015-06-26,vst_DELA_2015,D08,DELA,DELA_056,NEON.PLA.D08.DELA.04773,single bole tree,47.0,NA,NA
dfc34235-ca0b-413d-8ff4-ebe75a657aba,DELA_056.basePlot.vst,2015-06-26,vst_DELA_2015,D08,DELA,DELA_056,NEON.PLA.D08.DELA.04769,single bole tree,12.2,NA,NA
07e441de-b2fd-4eb8-b45c-a7cc56a85113,DELA_056.basePlot.vst,2015-06-26,vst_DELA_2015,D08,DELA,DELA_056,NEON.PLA.D08.DELA.04775,single bole tree,16.8,NA,NA
d54735eb-70f8-4ca9-9d94-27ca02f9417b,DELA_037.basePlot.vst,2015-06-29,vst_DELA_2015,D08,DELA,DELA_037,NEON.PLA.D08.DELA.04917,single bole tree,46.7,NA,NA
71c4a877-4a79-4de4-892c-02cbf5bca78f,DELA_037.basePlot.vst,2015-06-29,vst_DELA_2015,D08,DELA,DELA_037,NEON.PLA.D08.DELA.04901,single bole tree,24.5,NA,NA
eb93dadc-c22b-4552-8621-d3422abdbf7b,DELA_037.basePlot.vst,2015-06-29,vst_DELA_2015,D08,DELA,DELA_037,NEON.PLA.D08.DELA.04989,single bole tree,26.5,NA,NA
9debd65b-e738-4f79-8f06-ea7cea1baf55,DELA_037.basePlot.vst,2015-06-29,vst_DELA_2015,D08,DELA,DELA_037,NEON.PLA.D08.DELA.04916,single bole tree,25.3,NA,NA
0bcb909b-1828-488d-b945-9bf51d1746cc,DELA_037.basePlot.vst,2015-06-29,vst_DELA_2015,D08,DELA,DELA_037,NEON.PLA.D08.DELA.04980,single bole tree,12.5,NA,NA
c7b3da79-4a83-46c2-a6b4-fa7dc7d4c5a9,DELA_037.basePlot.vst,2015-06-29,vst_DELA_2015,D08,DELA,DELA_037,NEON.PLA.D08.DELA.03535,single bole tree,22.5,NA,NA
e4f3cf32-3000-41de-9934-cc248f036452,DELA_037.basePlot.vst,2015-06-29,vst_DELA_2015,D08,DELA,DELA_037,NEON.PLA.D08.DELA.04982,single bole tree,39.4,NA,NA
7e9e9dfa-575a-4206-9789-50bbfea1ee49,DELA_037.basePlot.vst,2015-06-29,vst_DELA_2015,D08,DELA,DELA_037,NEON.PLA.D08.DELA.04948,single bole tree,23.1,NA,NA
73784711-b3ac-4149-89f2-5bda905e8084,DELA_037.basePlot.vst,2015-06-29,vst_DELA_2015,D08,DELA,DELA_037,NEON.PLA.D08.DELA.04943,single bole tree,46.8,NA,NA
81e86926-c99d-410f-9468-642420a2490d,DELA_037.basePlot.vst,2015-06-29,vst_DELA_2015,D08,DELA,DELA_037,NEON.PLA.D08.DELA.04984,single bole tree,11.5,NA,NA
14f07b1e-61cb-4cb4-bfc6-e0a8c8af167b,DELA_037.basePlot.vst,2015-06-29,vst_DELA_2015,D08,DELA,DELA_037,NEON.PLA.D08.DELA.04947,single bole tree,62.2,NA,NA
40153717-f519-4340-b2d1-f5594db933b0,DELA_037.basePlot.vst,2015-06-29,vst_DELA_2015,D08,DELA,DELA_037,NEON.PLA.D08.DELA.04949,single bole tree,15.7,NA,NA
62cf30be-1ede-4409-a231-00a61bb8708b,DELA_037.basePlot.vst,2015-06-29,vst_DELA_2015,D08,DELA,DELA_037,NEON.PLA.D08.DELA.04976,single bole tree,11.3,NA,NA
31f2c4b2-87db-4d36-b169-9ceddfc895c8,DELA_037.basePlot.vst,2015-06-29,vst_DELA_2015,D08,DELA,DELA_037,NEON.PLA.D08.DELA.04981,single bole tree,26.1,NA,NA
efd5ea3e-627f-45ee-b92f-859f97de1184,DELA_037.basePlot.vst,2015-06-29,vst_DELA_2015,D08,DELA,DELA_037,NEON.PLA.D08.DELA.04953,single bole tree,30.5,NA,NA
8435e61f-b432-4cc9-87ef-1d4eadfb611d,DELA_037.basePlot.vst,2015-06-29,vst_DELA_2015,D08,DELA,DELA_037,NEON.PLA.D08.DELA.04950,multi-bole tree,13.6,NA,NA
00539888-5e6f-4b66-a0c6-11fc49780215,DELA_037.basePlot.vst,2015-06-29,vst_DELA_2015,D08,DELA,DELA_037,NEON.PLA.D08.DELA.04983,single bole tree,92.0,NA,NA
9c289169-d254-46d9-a29f-07f051ca0650,DELA_037.basePlot.vst,2015-06-29,vst_DELA_2015,D08,DELA,DELA_037,NEON.PLA.D08.DELA.03557,single bole tree,24.6,NA,NA
