uid,namedLocation,date,eventID,domainID,siteID,plotID,individualID,growthForm,stemDiameter,measurementHeight,height
5faaf802-0a53-412c-a2df-2658a2ee810e,BLAN_009.basePlot.vst,2015-09-14,vst_BLAN_2015,D02,BLAN,BLAN_009,NEON.PLA.D02.BLAN.10579,single bole tree,19.3,130,12.4
5011eab0-3eec-42bc-827b-9377f3aebbfb,BLAN_052.basePlot.vst,2015-09-14,vst_BLAN_2015,D02,BLAN,BLAN_052,NEON.PLA.D02.BLAN.08168,single bole tree,16.8,130,6.7
d4c2e692-31dd-47a3-87c9-ae7ed96d86e1,BLAN_009.basePlot.vst,2015-09-14,vst_BLAN_2015,D02,BLAN,BLAN_009,NEON.PLA.D02.BLAN.10583,single bole tree,32.8,130,19.3
191571b2-cdff-4e4c-b9d4-12b198f9a136,BLAN_052.basePlot.vst,2015-09-14,vst_BLAN_2015,D02,BLAN,BLAN_052,NEON.PLA.D02.BLAN.08226,small tree,8.2,130,6.0
9fb80d1f-70a8-4e0a-9a20-f97d0c40e045,BLAN_009.basePlot.vst,2015-09-14,vst_BLAN_2015,D02,BLAN,BLAN_009,NEON.PLA.D02.BLAN.10581,single bole tree,10.2,130,6.6
129b1275-da18-4f52-9913-b65e59ddd915,BLAN_001.basePlot.vst,2015-09-14,vst_BLAN_2015,D02,BLAN,BLAN_001,NEON.PLA.D02.BLAN.10341,multi-bole tree,23.0,130,18.3
31bb0af5-7bb3-4a7c-9636-aea8b6a1f136,BLAN_009.basePlot.vst,2015-09-14,vst_BLAN_2015,D02,BLAN,BLAN_009,NEON.PLA.D02.BLAN.10587,single bole tree,22.7,130,15.8
82a06c10-8e01-41fe-a588-bb56dcea6507,BLAN_009.basePlot.vst,2015-09-14,vst_BLAN_2015,D02,BLAN,BLAN_009,NEON.PLA.D02.BLAN.10582,single bole tree,28.9,130,17.7
f64a879b-ae3e-4569-9dab-19e95738f2dc,BLAN_001.basePlot.vst,2015-09-14,vst_BLAN_2015,D02,BLAN,BLAN_001,NEON.PLA.D02.BLAN.10353,single bole tree,16.2,130,7.8
25020b82-4d8e-460f-a0d5-0fcb20f51be6,BLAN_001.basePlot.vst,2015-09-14,vst_BLAN_2015,D02,BLAN,BLAN_001,NEON.PLA.D02.BLAN.10337,single bole tree,13.8,125,7.1
f3ace6b4-2027-4c82-b09a-6f501322d7c7,BLAN_009.basePlot.vst,2015-09-14,vst_BLAN_2015,D02,BLAN,BLAN_009,NEON.PLA.D02.BLAN.10586,single bole tree,15.3,120,9.1
5b53ff25-fa39-4ad3-845a-d919067e3050,BLAN_009.basePlot.vst,2015-09-14,vst_BLAN_2015,D02,BLAN,BLAN_009,NEON.PLA.D02.BLAN.10588,single bole tree,23.5,130,13.6
9c19b5b7-99b6-4d8b-81a4-904138b396ab,BLAN_001.basePlot.vst,2015-09-14,vst_BLAN_2015,D02,BLAN,BLAN_001,NEON.PLA.D02.BLAN.10347,single bole tree,71.0,130,27.1
47695b74-45b4-48c2-a570-dc60fda91200,BLAN_009.basePlot.vst,2015-09-14,vst_BLAN_2015,D02,BLAN,BLAN_009,NEON.PLA.D02.BLAN.10580,single bole tree,27.6,130,15.5
42fe45e8-39c7-43e0-b06a-bd32b3eb8467,BLAN_001.basePlot.vst,2015-09-14,vst_BLAN_2015,D02,BLAN,BLAN_001,NEON.PLA.D02.BLAN.10354,single bole tree,10.6,130,5.0
e94a688c-7f27-4944-ad56-5b34a851cec6,BLAN_001.basePlot.vst,2015-09-14,vst_BLAN_2015,D02,BLAN,BLAN_001,NEON.PLA.D02.BLAN.10340,single bole tree,51.5,130,19.1
97f5b7ff-60d8-40b1-bdb0-6afe42109571,BLAN_001.basePlot.vst,2015-09-14,vst_BLAN_2015,D02,BLAN,BLAN_001,NEON.PLA.D02.BLAN.10350,single bole tree,14.3,130,8.5
ee9fb6ad-b766-4189-b14e-dafd29b5fc24,BLAN_001.basePlot.vst,2015-09-14,vst_BLAN_2015,D02,BLAN,BLAN_001,NEON.PLA.D02.BLAN.10346,multi-bole tree,16.2,130,8.6
60c77e7e-7ea5-47c5-b056-6f9d55c1a08c,BLAN_052.basePlot.vst,2015-09-14,vst_BLAN_2015,D02,BLAN,BLAN_052,NEON.PLA.D02.BLAN.00082,single bole tree,10.6,130,5.0
b1bf9019-0dc5-4058-8ab9-0c938d264271,BLAN_001.basePlot.vst,2015-09-14,vst_BLAN_2015,D02,BLAN,BLAN_001,NEON.PLA.D02.BLAN.10343,single bole tree,14.6,130,11.8
f59c0277-e73f-4e53-84ef-9a865e456b01,BLAN_001.basePlot.vst,2015-09-14,vst_BLAN_2015,D02,BLAN,BLAN_001,NEON.PLA.D02.BLAN.10342,single bole tree,15.3,130,10.5
254efb59-8cf9-4414-9e07-b52a0c97011d,BLAN_052.basePlot.vst,2015-09-14,vst_BLAN_2015,D02,BLAN,BLAN_052,NEON.PLA.D02.BLAN.08218,single bole tree,11.5,130,6.1
5ca241de-7c97-4cb6-92db-131775355b01,BLAN_001.basePlot.vst,2015-09-14,vst_BLAN_2015,D02,BLAN,BLAN_001,NEON.PLA.D02.BLAN.10345,single bole tree,29.8,130,14.3
756af49b-4e41-435e-a07c-9941febdd6c5,BLAN_009.basePlot.vst,2015-09-14,vst_BLAN_2015,D02,BLAN,BLAN_009,NEON.PLA.D02.BLAN.10592,single bole tree,19.8,130,18.1
960ed4bc-089a-4d08-98f5-1e2bb2190faa,BLAN_009.basePlot.vst,2015-09-14,vst_BLAN_2015,D02,BLAN,BLAN_009,NEON.PLA.D02.BLAN.10591,single bole tree,16.7,130,11.8
0a20e145-4a7c-4170-ad3d-c5050b2d77ac,BLAN_001.basePlot.vst,2015-09-14,vst_BLAN_2015,D02,BLAN,BLAN_001,NEON.PLA.D02.BLAN.10339,single bole tree,65.8,130,26.7
b087ceff-63ca-4d35-99df-f4ded64712dd,BLAN_001.basePlot.vst,2015-09-14,vst_BLAN_2015,D02,BLAN,BLAN_001,NEON.PLA.D02.BLAN.09909,single bole tree,12.0,130,2.8
56100644-48ad-4288-b059-d5ae92e51048,BLAN_009.basePlot.vst,2015-09-14,vst_BLAN_2015,D02,BLAN,BLAN_009,NEON.PLA.D02.BLAN.10589,single bole tree,21.4,130,17.4
ad218b48-2f5c-4870-aec5-d380457bbc87,BLAN_009.basePlot.vst,2015-09-14,vst_BLAN_2015,D02,BLAN,BLAN_009,NEON.PLA.D02.BLAN.10562,single bole tree,44.2,130,7.8
95550833-748c-452d-afbe-0bb5caa13f7d,BLAN_001.basePlot.vst,2015-09-14,vst_BLAN_2015,D02,BLAN,BLAN_001,NEON.PLA.D02.BLAN.10344,single bole tree,12.6,130,6.7
5c94652e-7210-4349-ba78-7e0afb0b6c33,BLAN_001.basePlot.vst,2015-09-14,vst_BLAN_2015,D02,BLAN,BLAN_001,NEON.PLA.D02.BLAN.10352,single bole tree,11.5,130,8.5
419657a4-3030-4e27-b6a0-ee76087abcc3,BLAN_001.basePlot.vst,2015-09-14,vst_BLAN_2015,D02,BLAN,BLAN_001,NEON.PLA.D02.BLAN.10349,single bole tree,15.2,120,10.6
56d1efb9-2ce8-4148-8f9e-2933aa4cfa0a,BLAN_001.basePlot.vst,2015-09-14,vst_BLAN_2015,D02,BLAN,BLAN_001,NEON.PLA.D02.BLAN.10338,single bole tree,20.3,130,9.2
6059c195-5e46-4829-a214-8ec4df8d48fa,BLAN_052.basePlot.vst,2015-09-14,vst_BLAN_2015,D02,BLAN,BLAN_052,NEON.PLA.D02.BLAN.08167,single bole tree,11.3,130,5.8
08c9a447-827c-452a-bab1-72bf9b102dfa,BLAN_001.basePlot.vst,2015-09-14,vst_BLAN_2015,D02,BLAN,BLAN_001,NEON.PLA.D02.BLAN.10336,single bole tree,10.4,130,7.4
e2facae1-7cb8-4810-b97e-2bbca8fa2003,BLAN_001.basePlot.vst,2015-09-14,vst_BLAN_2015,D02,BLAN,BLAN_001,NEON.PLA.D02.BLAN.10348,single bole tree,19.8,130,12.5
6e9630d3-325f-4c7f-bbaf-60bdac7c28e5,BLAN_009.basePlot.vst,2015-09-14,vst_BLAN_2015,D02,BLAN,BLAN_009,NEON.PLA.D02.BLAN.10590,single bole tree,32.0,130,21.9
2afc46f2-bb81-4603-86f2-6fb650da3962,BLAN_050.basePlot.vst,2015-09-15,vst_BLAN_2015,D02,BLAN,BLAN_050,NEON.PLA.D02.BLAN.08255,single shrub,4.6,130,3.8
3ddbf975-bdf3-47cb-86a4-5d5fb290ac44,BLAN_050.basePlot.vst,2015-09-15,vst_BLAN_2015,D02,BLAN,BLAN_050,NEON.PLA.D02.BLAN.08250,single shrub,3.4,130,2.8
8fc8f2a5-cd9e-43ff-96de-dd1db92dc97b,BLAN_050.basePlot.vst,2015-09-15,vst_BLAN_2015,D02,BLAN,BLAN_050,NEON.PLA.D02.BLAN.08246,single shrub,4.6,130,4.4
3602a9ae-6f88-4d6c-8f8c-805922437f1d,BLAN_050.basePlot.vst,2015-09-15,vst_BLAN_2015,D02,BLAN,BLAN_050,NEON.PLA.D02.BLAN.00090,single bole tree,10.6,130,6.2
2f2b0b71-9aeb-4194-8110-5141ae15b60b,BLAN_050.basePlot.vst,2015-09-15,vst_BLAN_2015,D02,BLAN,BLAN_050,NEON.PLA.D02.BLAN.08241,single shrub,4.4,130,4.5
269a2d0d-ef1f-4c76-9b5d-8ee41f474f04,BLAN_050.basePlot.vst,2015-09-15,vst_BLAN_2015,D02,BLAN,BLAN_050,NEON.PLA.D02.BLAN.08326,single shrub,4.5,130,5.5
4e937e87-2fa8-4e85-9ecd-176e7083d802,BLAN_050.basePlot.vst,2015-09-15,vst_BLAN_2015,D02,BLAN,BLAN_050,NEON.PLA.D02.BLAN.08236,single shrub,1.5,130,2.5
77512cdc-4f46-4042-922d-292135242e1b,BLAN_050.basePlot.vst,2015-09-15,vst_BLAN_2015,D02,BLAN,BLAN_050,NEON.PLA.D02.BLAN.08253,single shrub,3.5,130,6.2
a0e7898c-0ae1-4b0b-86f0-ea70a6f0fa2f,BLAN_050.basePlot.vst,2015-09-15,vst_BLAN_2015,D02,BLAN,BLAN_050,NEON.PLA.D02.BLAN.08244,single shrub,5.7,130,5.0
3485f642-cc0a-4013-a041-ee9eaec2ce59,BLAN_050.basePlot.vst,2015-09-15,vst_BLAN_2015,D02,BLAN,BLAN_050,NEON.PLA.D02.BLAN.08330,single shrub,5.3,130,4.6
95acaae2-6dc0-4f89-b28d-25578ab5764b,BLAN_050.basePlot.vst,2015-09-15,vst_BLAN_2015,D02,BLAN,BLAN_050,NEON.PLA.D02.BLAN.08234,small tree,1.4,130,2.7
83cf08a2-9931-49bd-a109-6ea052f2054d,BLAN_050.basePlot.vst,2015-09-15,vst_BLAN_2015,D02,BLAN,BLAN_050,NEON.PLA.D02.BLAN.08335,single shrub,2.0,130,2.6
04a62233-e219-4ab6-8be6-7ed91e438e8c,BLAN_050.basePlot.vst,2015-09-15,vst_BLAN_2015,D02,BLAN,BLAN_050,NEON.PLA.D02.BLAN.08328,small tree,1.4,130,2.2
9fa89c3d-5fa4-4bad-bfe6-391a7d862b44,BLAN_050.basePlot.vst,2015-09-15,vst_BLAN_2015,D02,BLAN,BLAN_050,NEON.PLA.D02.BLAN.08325,small tree,4.2,130,4.7
25a389dd-c94a-4a1e-b46d-d3f8ea71d70c,BLAN_050.basePlot.vst,2015-09-15,vst_BLAN_2015,D02,BLAN,BLAN_050,NEON.PLA.D02.BLAN.08233,single shrub,1.3,130,2.9
0acdd485-b92d-4786-85cb-56424d4f0929,BLAN_050.basePlot.vst,2015-09-15,vst_BLAN_2015,D02,BLAN,BLAN_050,NEON.PLA.D02.BLAN.08235,single shrub,3.7,130,5.0
d1ad73a7-5e06-411e-ad15-8be84f7c98cf,BLAN_050.basePlot.vst,2015-09-15,vst_BLAN_2015,D02,BLAN,BLAN_050,NEON.PLA.D02.BLAN.08256,single shrub,4.3,130,3.6
b9306512-4b01-4b10-8339-8845137eef66,BLAN_050.basePlot.vst,2015-09-15,vst_BLAN_2015,D02,BLAN,BLAN_050,NEON.PLA.D02.BLAN.08249,single shrub,2.4,130,2.9
d3e39162-da5e-4b6e-9016-d72a49cd7a69,BLAN_050.basePlot.vst,2015-09-15,vst_BLAN_2015,D02,BLAN,BLAN_050,NEON.PLA.D02.BLAN.08324,single shrub,4.2,130,3.2
d8c2652f-c959-4d42-9a2e-5390558ee05c,BLAN_050.basePlot.vst,2015-09-15,vst_BLAN_2015,D02,BLAN,BLAN_050,NEON.PLA.D02.BLAN.08242,single shrub,3.8,130,4.6
2592be04-8a67-48b1-8b59-212477dcf7b6,BLAN_050.basePlot.vst,2015-09-15,vst_BLAN_2015,D02,BLAN,BLAN_050,NEON.PLA.D02.BLAN.08248,small tree,4.7,130,4.4
be06be17-8fa7-482e-9536-a5256e688e76,BLAN_050.basePlot.vst,2015-09-15,vst_BLAN_2015,D02,BLAN,BLAN_050,NEON.PLA.D02.BLAN.08327,single shrub,1.4,130,2.5
a3eb6bca-677a-499a-94bc-7301fe85f836,BLAN_050.basePlot.vst,2015-09-15,vst_BLAN_2015,D02,BLAN,BLAN_050,NEON.PLA.D02.BLAN.08339,single shrub,2.2,130,2.3
38ff92e9-b07d-412a-a217-9ab46514585d,BLAN_050.basePlot.vst,2015-09-15,vst_BLAN_2015,D02,BLAN,BLAN_050,NEON.PLA.D02.BLAN.08240,single shrub,3.5,130,4.1
eafaa966-6748-47ff-91d7-748611971872,BLAN_013.basePlot.vst,2015-09-16,vst_BLAN_2015,D02,BLAN,BLAN_013,NEON.PLA.D02.BLAN.10533,single bole tree,41.4,130,22.8
0b3d8815-4582-4537-8bc7-cc667e4b2719,BLAN_013.basePlot.vst,2015-09-16,vst_BLAN_2015,D02,BLAN,BLAN_013,NEON.PLA.D02.BLAN.10534,single bole tree,14.8,130,8.8
c6b24317-710b-4673-89ac-c39eb5923eba,BLAN_013.basePlot.vst,2015-09-16,vst_BLAN_2015,D02,BLAN,BLAN_013,NEON.PLA.D02.BLAN.10543,single bole tree,14.8,130,6.2
472be9ff-ab13-4ee1-8c69-be8ebf9e4f7b,BLAN_012.basePlot.vst,2015-09-16,vst_BLAN_2015,D02,BLAN,BLAN_012,NEON.PLA.D02.BLAN.10375,single bole tree,13.6,130,3.4
8879d044-d97c-4e90-9d15-b71a6fac74d5,BLAN_012.basePlot.vst,2015-09-16,vst_BLAN_2015,D02,BLAN,BLAN_012,NEON.PLA.D02.BLAN.10383,single bole tree,21.9,130,10.8
9e6e4022-92bc-44f0-9490-86b3dc9baea7,BLAN_012.basePlot.vst,2015-09-16,vst_BLAN_2015,D02,BLAN,BLAN_012,NEON.PLA.D02.BLAN.10387,single bole tree,45.0,130,9.1
163cbfab-b353-458f-a3e9-4b9a8d75f4f9,BLAN_012.basePlot.vst,2015-09-16,vst_BLAN_2015,D02,BLAN,BLAN_012,NEON.PLA.D02.BLAN.10373,single bole tree,19.7,130,7.8
5b6e58ef-4e1c-4421-9ffc-de47a4d20b01,BLAN_012.basePlot.vst,2015-09-16,vst_BLAN_2015,D02,BLAN,BLAN_012,NEON.PLA.D02.BLAN.10382,single bole tree,12.5,130,9.9
ae7b6229-57f3-45c2-9079-dd29c6077c3c,BLAN_013.basePlot.vst,2015-09-16,vst_BLAN_2015,D02,BLAN,BLAN_013,NEON.PLA.D02.BLAN.10546,single bole tree,30.6,130,2.6
ff9415ab-18de-4e0c-907f-f292c0f621f0,BLAN_013.basePlot.vst,2015-09-16,vst_BLAN_2015,D02,BLAN,BLAN_013,NEON.PLA.D02.BLAN.10531,single bole tree,12.3,130,11.1
68a2a16d-49c8-4482-a586-1e795669e1bb,BLAN_012.basePlot.vst,2015-09-16,vst_BLAN_2015,D02,BLAN,BLAN_012,NEON.PLA.D02.BLAN.10386,single bole tree,32.0,130,17.4
846ec993-64fd-48ff-8579-629320d9311f,BLAN_013.basePlot.vst,2015-09-16,vst_BLAN_2015,D02,BLAN,BLAN_013,NEON.PLA.D02.BLAN.10544,single bole tree,15.6,130,8.0
b55141e5-ffd2-4fc1-a39e-68c479721501,BLAN_012.basePlot.vst,2015-09-16,vst_BLAN_2015,D02,BLAN,BLAN_012,NEON.PLA.D02.BLAN.10385,single bole tree,13.2,125,8.5
be6933b9-ad41-4d74-a3f0-79af8a5788af,BLAN_012.basePlot.vst,2015-09-16,vst_BLAN_2015,D02,BLAN,BLAN_012,NEON.PLA.D02.BLAN.10372,single bole tree,22.5,130,9.3
f58bd875-7f0f-419c-98c4-d927ee138e1e,BLAN_013.basePlot.vst,2015-09-16,vst_BLAN_2015,D02,BLAN,BLAN_013,NEON.PLA.D02.BLAN.10535,single bole tree,66.8,130,24.4
0ee3cd42-63ef-46f0-8f9b-4ac01e615cdb,BLAN_012.basePlot.vst,2015-09-16,vst_BLAN_2015,D02,BLAN,BLAN_012,NEON.PLA.D02.BLAN.10380,single bole tree,24.1,130,11.4
d0ffec7f-c864-4e4e-a3c1-9fcdff026e52,BLAN_013.basePlot.vst,2015-09-16,vst_BLAN_2015,D02,BLAN,BLAN_013,NEON.PLA.D02.BLAN.10532,single bole tree,16.2,130,11.1
4cdf3ee4-c797-4333-af80-02d5b889a3e7,BLAN_013.basePlot.vst,2015-09-16,vst_BLAN_2015,D02,BLAN,BLAN_013,NEON.PLA.D02.BLAN.10545,single bole tree,16.3,130,9.3
07402e91-07cc-4cdd-9dea-6d277411f788,BLAN_012.basePlot.vst,2015-09-16,vst_BLAN_2015,D02,BLAN,BLAN_012,NEON.PLA.D02.BLAN.10379,single bole tree,20.4,130,11.1
629bf1b9-0059-4ec8-8711-53f075f3892d,BLAN_013.basePlot.vst,2015-09-16,vst_BLAN_2015,D02,BLAN,BLAN_013,NEON.PLA.D02.BLAN.10548,single bole tree,11.1,130,9.0
56cce69f-8bb6-4e16-9b64-f61801c6517a,BLAN_012.basePlot.vst,2015-09-16,vst_BLAN_2015,D02,BLAN,BLAN_012,NEON.PLA.D02.BLAN.10378,single bole tree,14.4,125,8.7
f829e5d9-d35e-4f58-b476-1d50e714365e,BLAN_012.basePlot.vst,2015-09-16,vst_BLAN_2015,D02,BLAN,BLAN_012,NEON.PLA.D02.BLAN.10376,single bole tree,20.1,130,7.3
9163e597-4743-4172-9303-731a8f3d55fc,BLAN_013.basePlot.vst,2015-09-16,vst_BLAN_2015,D02,BLAN,BLAN_013,NEON.PLA.D02.BLAN.10542,single bole tree,12.0,130,7.6
f7f21560-ec05-47c2-912a-cde7d72d91da,BLAN_013.basePlot.vst,2015-09-16,vst_BLAN_2015,D02,BLAN,BLAN_013,NEON.PLA.D02.BLAN.10541,single bole tree,21.1,130,14.4
d854fff5-eb4d-4008-bb36-32ae90cad4d0,BLAN_012.basePlot.vst,2015-09-16,vst_BLAN_2015,D02,BLAN,BLAN_012,NEON.PLA.D02.BLAN.10377,single bole tree,12.6,130,8.5
9e32a518-806e-42aa-9741-9f08f3e5f600,BLAN_013.basePlot.vst,2015-09-16,vst_BLAN_2015,D02,BLAN,BLAN_013,NEON.PLA.D02.BLAN.10538,single bole tree,10.9,130,8.5
8ce7bcd6-07f4-4a2f-bf56-41c05fce1d36,BLAN_013.basePlot.vst,2015-09-16,vst_BLAN_2015,D02,BLAN,BLAN_013,NEON.PLA.D02.BLAN.10536,single bole tree,51.8,130,15.6
5463b2b0-06f6-4467-9319-f640003ab1e4,BLAN_013.basePlot.vst,2015-09-16,vst_BLAN_2015,D02,BLAN,BLAN_013,NEON.PLA.D02.BLAN.10547,single bole tree,19.8,130,6.9
7de9d644-a547-40cc-b4d5-8c7b36e75f0a,BLAN_013.basePlot.vst,2015-09-16,vst_BLAN_2015,D02,BLAN,BLAN_013,NEON.PLA.D02.BLAN.10539,single bole tree,14.5,130,8.2
bba13d69-6f84-44d8-916f-3c7798ff96eb,BLAN_012.basePlot.vst,2015-09-16,vst_BLAN_2015,D02,BLAN,BLAN_012,NEON.PLA.D02.BLAN.10374,single bole tree,25.6,130,4.8
3d66670b-99c2-49f1-bf5e-70a499d36d13,BLAN_013.basePlot.vst,2015-09-16,vst_BLAN_2015,D02,BLAN,BLAN_013,NEON.PLA.D02.BLAN.10540,single bole tree,24.1,130,12.2
aca31dec-9bb9-41b5-9c2d-6df4d3a67bbd,BLAN_044.basePlot.vst,2015-09-16,vst_BLAN_2015,D02,BLAN,BLAN_044,NEON.PLA.D02.BLAN.05828,single bole tree,17.2,130,7.1
7794056f-a08d-4c35-b841-c5745972a304,BLAN_013.basePlot.vst,2015-09-16,vst_BLAN_2015,D02,BLAN,BLAN_013,NEON.PLA.D02.BLAN.10537,single bole tree,11.0,130,6.6
e1c48e39-e8eb-4fe9-b913-66b9470093f5,BLAN_013.basePlot.vst,2015-09-16,vst_BLAN_2015,D02,BLAN,BLAN_013,NEON.PLA.D02.BLAN.10530,single bole tree,19.3,130,12.8
412c2912-b00b-44ed-929f-7dea4f1f9b8d,BLAN_012.basePlot.vst,2015-09-16,vst_BLAN_2015,D02,BLAN,BLAN_012,NEON.PLA.D02.BLAN.10381,single bole tree,43.1,130,17.7
7a561996-7b51-4bcc-9665-e055c075143e,BLAN_053.basePlot.vst,2015-09-17,vst_BLAN_2015,D02,BLAN,BLAN_053,NEON.PLA.D02.BLAN.05762,single shrub,2.5,130,3.2
6ca470c1-6ea5-4ba1-94a1-122b8ce8c2e9,BLAN_053.basePlot.vst,2015-09-17,vst_BLAN_2015,D02,BLAN,BLAN_053,NEON.PLA.D02.BLAN.05760,small tree,1.4,130,1.9
8e7f500f-e4e8-4848-add8-bf20024d5b48,BLAN_053.basePlot.vst,2015-09-17,vst_BLAN_2015,D02,BLAN,BLAN_053,NEON.PLA.D02.BLAN.05755,small shrub,1.9,10,1.7
f605dbf6-e3f5-428c-ad7c-4857e4b556b4,BLAN_053.basePlot.vst,2015-09-17,vst_BLAN_2015,D02,BLAN,BLAN_053,NEON.PLA.D02.BLAN.05767,small shrub,1.9,10,1.4
cc43496b-400d-4a95-a89a-a5deaa93b23c,BLAN_053.basePlot.vst,2015-09-17,vst_BLAN_2015,D02,BLAN,BLAN_053,NEON.PLA.D02.BLAN.05746,small shrub,1.8,10,1.3
5d284dfe-e806-40e9-b483-ed89943a5980,BLAN_053.basePlot.vst,2015-09-17,vst_BLAN_2015,D02,BLAN,BLAN_053,NEON.PLA.D02.BLAN.05758,small shrub,2.8,10,1.2
f4122667-8e22-4cc1-a6b2-8a7de81b382d,BLAN_053.basePlot.vst,2015-09-17,vst_BLAN_2015,D02,BLAN,BLAN_053,NEON.PLA.D02.BLAN.05764,single shrub,1.8,130,2.7
a930e632-be00-487a-a3e5-6d08f4559301,BLAN_053.basePlot.vst,2015-09-17,vst_BLAN_2015,D02,BLAN,BLAN_053,NEON.PLA.D02.BLAN.05747,single shrub,3.2,130,2.9
4cce591f-96d2-4926-a11f-304dd857c664,BLAN_053.basePlot.vst,2015-09-17,vst_BLAN_2015,D02,BLAN,BLAN_053,NEON.PLA.D02.BLAN.05757,sapling,1.7,10,0.9
75ee11fb-1590-4d18-aa17-49f59f972203,BLAN_053.basePlot.vst,2015-09-17,vst_BLAN_2015,D02,BLAN,BLAN_053,NEON.PLA.D02.BLAN.05759,single shrub,4.2,130,2.3
cb25b706-c4a5-4137-8534-ecdff9f1a72d,BLAN_053.basePlot.vst,2015-09-17,vst_BLAN_2015,D02,BLAN,BLAN_053,NEON.PLA.D02.BLAN.05749,small shrub,2.2,10,1.6
95fec433-f85b-45d2-bf95-f242924343f1,BLAN_053.basePlot.vst,2015-09-17,vst_BLAN_2015,D02,BLAN,BLAN_053,NEON.PLA.D02.BLAN.05745,single shrub,3.3,130,3.4
c1770e6d-70be-4294-8e11-a3d78606c1fb,BLAN_053.basePlot.vst,2015-09-17,vst_BLAN_2015,D02,BLAN,BLAN_053,NEON.PLA.D02.BLAN.05741,single shrub,4.1,130,3.4
6f635117-92a8-4014-a703-bd17016c5c0f,BLAN_053.basePlot.vst,2015-09-17,vst_BLAN_2015,D02,BLAN,BLAN_053,NEON.PLA.D02.BLAN.05752,single shrub,3.0,130,2.8
ba5c40db-dbd3-474a-b753-ada8c20fab7c,BLAN_053.basePlot.vst,2015-09-17,vst_BLAN_2015,D02,BLAN,BLAN_053,NEON.PLA.D02.BLAN.05740,small shrub,1.4,10,1.3
21746a27-5d1d-445f-8ae1-6875e8723945,BLAN_053.basePlot.vst,2015-09-17,vst_BLAN_2015,D02,BLAN,BLAN_053,NEON.PLA.D02.BLAN.05744,small shrub,1.3,10,1.6
18733d98-16df-43ae-8cb7-cae8cda4e4ab,BLAN_053.basePlot.vst,2015-09-17,vst_BLAN_2015,D02,BLAN,BLAN_053,NEON.PLA.D02.BLAN.05763,single shrub,1.7,130,2.6
804a1275-1036-4063-b81c-fa6c7938bae8,BLAN_053.basePlot.vst,2015-09-17,vst_BLAN_2015,D02,BLAN,BLAN_053,NEON.PLA.D02.BLAN.05742,single shrub,3.3,130,2.6
fd301f65-ac73-40ab-8cf3-bb656a9b249b,BLAN_053.basePlot.vst,2015-09-17,vst_BLAN_2015,D02,BLAN,BLAN_053,NEON.PLA.D02.BLAN.05754,single shrub,1.9,130,2.8
94fdb1d1-164d-4dbb-8397-6edafe30852e,BLAN_053.basePlot.vst,2015-09-17,vst_BLAN_2015,D02,BLAN,BLAN_053,NEON.PLA.D02.BLAN.05748,small tree,2.1,130,2.8
3c948961-c9b2-417c-bc1b-402fe9f6d0ab,BLAN_053.basePlot.vst,2015-09-17,vst_BLAN_2015,D02,BLAN,BLAN_053,NEON.PLA.D02.BLAN.05753,single shrub,4.1,130,3.6
ac0313e7-9604-4c66-9605-5bd70495f97c,BLAN_053.basePlot.vst,2015-09-17,vst_BLAN_2015,D02,BLAN,BLAN_053,NEON.PLA.D02.BLAN.05756,single shrub,1.9,130,1.9
6ff7cc21-cd7e-42e9-a278-a0c88da35d6d,BLAN_053.basePlot.vst,2015-09-17,vst_BLAN_2015,D02,BLAN,BLAN_053,NEON.PLA.D02.BLAN.05751,single shrub,1.4,130,2.1
23d618d9-4d76-4a7e-84ec-39b7eea3cb3e,BLAN_053.basePlot.vst,2015-09-17,vst_BLAN_2015,D02,BLAN,BLAN_053,NEON.PLA.D02.BLAN.05761,small tree,3.6,130,2.9
87669e78-3829-4087-891b-aa8928633c9d,BLAN_053.basePlot.vst,2015-09-17,vst_BLAN_2015,D02,BLAN,BLAN_053,NEON.PLA.D02.BLAN.05750,small shrub,2.1,10,0.8
64bc5701-c97d-42bc-a726-ff3a9dda5ae6,BLAN_053.basePlot.vst,2015-09-17,vst_BLAN_2015,D02,BLAN,BLAN_053,NEON.PLA.D02.BLAN.05743,small tree,1.6,130,2.4
47c5b892-d282-46a4-a573-a5f210a988c4,BLAN_015.basePlot.vst,2015-09-18,vst_BLAN_2015,D02,BLAN,BLAN_015,NEON.PLA.D02.BLAN.10598,single bole tree,13.3,130,6.1
60c2e41e-e8d4-4bfc-b0b5-bd9f1ea4de66,BLAN_015.basePlot.vst,2015-09-18,vst_BLAN_2015,D02,BLAN,BLAN_015,NEON.PLA.D02.BLAN.10658,single bole tree,22.0,130,18.8
63bd0238-f1c7-4bbf-9ef9-5c45f995df3f,BLAN_018.basePlot.vst,2015-09-18,vst_BLAN_2015,D02,BLAN,BLAN_018,NEON.PLA.D02.BLAN.10449,single bole tree,14.1,130,8.5
09ed8fba-9059-4c8b-865c-9459bfeb7af3,BLAN_057.basePlot.vst,2015-09-18,vst_BLAN_2015,D02,BLAN,BLAN_057,NEON.PLA.D02.BLAN.08411,single shrub,3.2,130,3.7
9162f228-cd55-4309-a54d-887bda5a0036,BLAN_057.basePlot.vst,2015-09-18,vst_BLAN_2015,D02,BLAN,BLAN_057,NEON.PLA.D02.BLAN.05388,small tree,3.3,125,3.1
1695d031-9fec-4c33-96ca-3ee7435997c5,BLAN_018.basePlot.vst,2015-09-18,vst_BLAN_2015,D02,BLAN,BLAN_018,NEON.PLA.D02.BLAN.10442,single bole tree,14.2,130,5.8
1d7730ec-856a-4c82-98f1-6b6e6c5ef78c,BLAN_015.basePlot.vst,2015-09-18,vst_BLAN_2015,D02,BLAN,BLAN_015,NEON.PLA.D02.BLAN.10652,single bole tree,10.8,125,7.4
523f19cf-4ae9-4c0a-984e-0c805fd43743,BLAN_057.basePlot.vst,2015-09-18,vst_BLAN_2015,D02,BLAN,BLAN_057,NEON.PLA.D02.BLAN.05370,single shrub,2.6,130,3.2
58fb1700-7c3a-4c1c-9b0e-49cc343655cf,BLAN_015.basePlot.vst,2015-09-18,vst_BLAN_2015,D02,BLAN,BLAN_015,NEON.PLA.D02.BLAN.10600,single bole tree,16.7,130,13.6
67d328c8-7d74-4ed2-8701-338a9b864cca,BLAN_015.basePlot.vst,2015-09-18,vst_BLAN_2015,D02,BLAN,BLAN_015,NEON.PLA.D02.BLAN.10656,single bole tree,12.4,120,10.8
b9038d54-8d51-4558-acce-0052112d29a4,BLAN_015.basePlot.vst,2015-09-18,vst_BLAN_2015,D02,BLAN,BLAN_015,NEON.PLA.D02.BLAN.10659,single bole tree,20.3,130,13.5
8f32f133-17c2-45c0-981e-3e3b492f1d35,BLAN_057.basePlot.vst,2015-09-18,vst_BLAN_2015,D02,BLAN,BLAN_057,NEON.PLA.D02.BLAN.08417,single shrub,2.0,130,3.0
8fa8d729-9d4f-4fbb-87b9-02b8ccee249f,BLAN_057.basePlot.vst,2015-09-18,vst_BLAN_2015,D02,BLAN,BLAN_057,NEON.PLA.D02.BLAN.05374,single shrub,1.3,130,2.0
ae31d73b-fd68-4088-8a74-cc46280e32bc,BLAN_015.basePlot.vst,2015-09-18,vst_BLAN_2015,D02,BLAN,BLAN_015,NEON.PLA.D02.BLAN.10651,single bole tree,11.2,125,7.7
7749feeb-8aba-4ca9-874b-6b5bb6dc2a7c,BLAN_057.basePlot.vst,2015-09-18,vst_BLAN_2015,D02,BLAN,BLAN_057,NEON.PLA.D02.BLAN.08420,sapling,1.6,10,1.6
8435bf42-5415-47db-9b1a-5ba651791e4a,BLAN_057.basePlot.vst,2015-09-18,vst_BLAN_2015,D02,BLAN,BLAN_057,NEON.PLA.D02.BLAN.08424,single shrub,2.9,130,3.1
fe1cbdeb-f551-44db-a26b-e6ff05083e1c,BLAN_057.basePlot.vst,2015-09-18,vst_BLAN_2015,D02,BLAN,BLAN_057,NEON.PLA.D02.BLAN.05390,single shrub,3.6,130,3.4
6f7caf4a-abcd-4879-b638-98e9802a97f7,BLAN_018.basePlot.vst,2015-09-18,vst_BLAN_2015,D02,BLAN,BLAN_018,NEON.PLA.D02.BLAN.10456,single bole tree,10.3,130,7.7
34730441-977d-42ec-a4f9-0018c1c1be4f,BLAN_018.basePlot.vst,2015-09-18,vst_BLAN_2015,D02,BLAN,BLAN_018,NEON.PLA.D02.BLAN.10448,single bole tree,12.8,130,8.1
ef556a6d-aed0-40c6-93a4-75c82d09cc3a,BLAN_057.basePlot.vst,2015-09-18,vst_BLAN_2015,D02,BLAN,BLAN_057,NEON.PLA.D02.BLAN.08416,sapling,1.0,10,1.4
eb7b52ab-54c1-4706-ae08-5df71f106ad3,BLAN_015.basePlot.vst,2015-09-18,vst_BLAN_2015,D02,BLAN,BLAN_015,NEON.PLA.D02.BLAN.10655,single bole tree,16.3,125,12.5
a5cc1cb5-15ad-4a45-b835-3d67a834ff8f,BLAN_057.basePlot.vst,2015-09-18,vst_BLAN_2015,D02,BLAN,BLAN_057,NEON.PLA.D02.BLAN.05391,small tree,1.0,10,1.8
1cc99167-a298-4cc4-bc34-064930631455,BLAN_057.basePlot.vst,2015-09-18,vst_BLAN_2015,D02,BLAN,BLAN_057,NEON.PLA.D02.BLAN.05372,small tree,5.2,130,3.3
cff5a4b0-6d2c-479d-92f0-cf919a24f7cf,BLAN_057.basePlot.vst,2015-09-18,vst_BLAN_2015,D02,BLAN,BLAN_057,NEON.PLA.D02.BLAN.08431,single shrub,3.4,130,2.3
d618552b-ea13-4f02-a5d3-b2c9d5395232,BLAN_018.basePlot.vst,2015-09-18,vst_BLAN_2015,D02,BLAN,BLAN_018,NEON.PLA.D02.BLAN.10445,single bole tree,38.5,130,16.8
a8d66029-5502-4f23-811d-f366eabe07a0,BLAN_015.basePlot.vst,2015-09-18,vst_BLAN_2015,D02,BLAN,BLAN_015,NEON.PLA.D02.BLAN.10657,single bole tree,22.7,130,16.3
026772f4-e23f-4043-be0a-31e8b9b36de2,BLAN_057.basePlot.vst,2015-09-18,vst_BLAN_2015,D02,BLAN,BLAN_057,NEON.PLA.D02.BLAN.08433,sapling,1.1,10,1.7
6e272b51-8f1f-4153-991b-0cec6a3c360e,BLAN_015.basePlot.vst,2015-09-18,vst_BLAN_2015,D02,BLAN,BLAN_015,NEON.PLA.D02.BLAN.10650,single bole tree,18.5,130,9.7
1e2ca94b-b25b-40cc-8da6-0c203cd94301,BLAN_057.basePlot.vst,2015-09-18,vst_BLAN_2015,D02,BLAN,BLAN_057,NEON.PLA.D02.BLAN.08432,single shrub,2.3,130,3.5
1f1be773-2444-4eb7-8f09-970a1ee11fda,BLAN_015.basePlot.vst,2015-09-18,vst_BLAN_2015,D02,BLAN,BLAN_015,NEON.PLA.D02.BLAN.10642,single bole tree,25.3,130,22.7
5f893904-51e1-47cf-8e8d-b20889169ec7,BLAN_015.basePlot.vst,2015-09-18,vst_BLAN_2015,D02,BLAN,BLAN_015,NEON.PLA.D02.BLAN.10641,single bole tree,13.9,125,10.3
a164db07-417c-42a0-af68-77736de5e609,BLAN_015.basePlot.vst,2015-09-18,vst_BLAN_2015,D02,BLAN,BLAN_015,NEON.PLA.D02.BLAN.10654,single bole tree,12.0,130,9.4
a4dfb1b6-102a-4160-9432-575615bdccdd,BLAN_018.basePlot.vst,2015-09-18,vst_BLAN_2015,D02,BLAN,BLAN_018,NEON.PLA.D02.BLAN.10455,single bole tree,11.6,130,9.0
e185f6f1-2c4f-430f-9e9d-4b8c480101a9,BLAN_057.basePlot.vst,2015-09-18,vst_BLAN_2015,D02,BLAN,BLAN_057,NEON.PLA.D02.BLAN.08422,small shrub,1.4,10,0.8
27ee77ee-ad1b-4a14-a64a-1f6995ec9c21,BLAN_057.basePlot.vst,2015-09-18,vst_BLAN_2015,D02,BLAN,BLAN_057,NEON.PLA.D02.BLAN.08413,single shrub,5.5,130,3.7
0c1dd173-5abf-4fdf-922d-76ba5eb2abaa,BLAN_018.basePlot.vst,2015-09-18,vst_BLAN_2015,D02,BLAN,BLAN_018,NEON.PLA.D02.BLAN.10441,single bole tree,32.4,130,8.1
1ef5479b-385b-4fc2-950e-ed683646caef,BLAN_057.basePlot.vst,2015-09-18,vst_BLAN_2015,D02,BLAN,BLAN_057,NEON.PLA.D02.BLAN.05393,single shrub,2.4,130,3.0
fa570377-4a7b-4e6e-b2fb-bc22a2e96e26,BLAN_057.basePlot.vst,2015-09-18,vst_BLAN_2015,D02,BLAN,BLAN_057,NEON.PLA.D02.BLAN.08403,single shrub,3.7,130,3.8
b63c8706-26ac-4c8c-a9df-057f01d647dd,BLAN_015.basePlot.vst,2015-09-18,vst_BLAN_2015,D02,BLAN,BLAN_015,NEON.PLA.D02.BLAN.10645,single bole tree,25.6,130,20.4
d262e649-bab1-4115-ad49-0ab83d461a8f,BLAN_015.basePlot.vst,2015-09-18,vst_BLAN_2015,D02,BLAN,BLAN_015,NEON.PLA.D02.BLAN.10644,single bole tree,27.6,130,19.7
ccf51f18-15db-43bb-97ba-b4561e9fa61b,BLAN_057.basePlot.vst,2015-09-18,vst_BLAN_2015,D02,BLAN,BLAN_057,NEON.PLA.D02.BLAN.05366,single shrub,2.2,130,2.6
20bb13df-a02e-44a6-b106-bbf02a1ef82a,BLAN_057.basePlot.vst,2015-09-18,vst_BLAN_2015,D02,BLAN,BLAN_057,NEON.PLA.D02.BLAN.05387,single shrub,4.1,130,3.4
88b9eecf-5dd3-4695-a91a-6a15907b2114,BLAN_057.basePlot.vst,2015-09-18,vst_BLAN_2015,D02,BLAN,BLAN_057,NEON.PLA.D02.BLAN.08419,single shrub,1.4,130,3.8
956a0932-9bcf-451b-9fcd-98fc5262c251,BLAN_057.basePlot.vst,2015-09-18,vst_BLAN_2015,D02,BLAN,BLAN_057,NEON.PLA.D02.BLAN.08414,single shrub,2.1,130,3.7
cc7df1c2-e8f8-4b08-80cf-11b0b80eecec,BLAN_057.basePlot.vst,2015-09-18,vst_BLAN_2015,D02,BLAN,BLAN_057,NEON.PLA.D02.BLAN.05385,single shrub,1.4,130,2.1
a44f5b22-eaf3-489d-8bbe-a40e957caa1b,BLAN_057.basePlot.vst,2015-09-18,vst_BLAN_2015,D02,BLAN,BLAN_057,NEON.PLA.D02.BLAN.08407,single shrub,4.2,130,3.4
e68138c8-fc6e-4860-8635-614892e5dea3,BLAN_057.basePlot.vst,2015-09-18,vst_BLAN_2015,D02,BLAN,BLAN_057,NEON.PLA.D02.BLAN.08402,single shrub,3.7,130,3.4
a41c7dba-bcf8-4e64-8fc3-4d54658c99b2,BLAN_057.basePlot.vst,2015-09-18,vst_BLAN_2015,D02,BLAN,BLAN_057,NEON.PLA.D02.BLAN.05392,sapling,2.3,10,2.0
a5f86afa-14bf-4265-a761-96493ae2a278,BLAN_057.basePlot.vst,2015-09-18,vst_BLAN_2015,D02,BLAN,BLAN_057,NEON.PLA.D02.BLAN.05389,small tree,5.9,130,4.7
f545520e-62e7-41b2-8257-c827e151ccbc,BLAN_015.basePlot.vst,2015-09-18,vst_BLAN_2015,D02,BLAN,BLAN_015,NEON.PLA.D02.BLAN.10643,single bole tree,25.1,130,17.4
c86a670f-1455-47b6-acef-da3cbf395b20,BLAN_057.basePlot.vst,2015-09-18,vst_BLAN_2015,D02,BLAN,BLAN_057,NEON.PLA.D02.BLAN.05371,single shrub,2.1,130,2.8
eb2cf791-f5c0-43ef-a6d5-4f08f6401dce,BLAN_057.basePlot.vst,2015-09-18,vst_BLAN_2015,D02,BLAN,BLAN_057,NEON.PLA.D02.BLAN.05369,single shrub,1.5,130,3.0
1854977f-1091-4c6f-a18f-81d100705e3e,BLAN_057.basePlot.vst,2015-09-18,vst_BLAN_2015,D02,BLAN,BLAN_057,NEON.PLA.D02.BLAN.08430,single shrub,3.5,130,4.2
b656ecbe-0b81-4598-8051-24e82dc7d7ec,BLAN_015.basePlot.vst,2015-09-18,vst_BLAN_2015,D02,BLAN,BLAN_015,NEON.PLA.D02.BLAN.10649,single bole tree,11.4,130,9.7
92c907ba-fa2d-4ed3-8b9e-32161b8d2134,BLAN_018.basePlot.vst,2015-09-18,vst_BLAN_2015,D02,BLAN,BLAN_018,NEON.PLA.D02.BLAN.10452,single bole tree,10.6,130,11.1
f614a20f-c264-4bcf-a924-0808b946d175,BLAN_018.basePlot.vst,2015-09-18,vst_BLAN_2015,D02,BLAN,BLAN_018,NEON.PLA.D02.BLAN.10443,single bole tree,14.2,130,3.8
3378f497-dc6c-417d-aa9e-dac766e67f53,BLAN_018.basePlot.vst,2015-09-18,vst_BLAN_2015,D02,BLAN,BLAN_018,NEON.PLA.D02.BLAN.10454,single bole tree,13.2,130,8.6
90ef9a3a-8e56-48f0-bf9d-3504ce88a492,BLAN_057.basePlot.vst,2015-09-18,vst_BLAN_2015,D02,BLAN,BLAN_057,NEON.PLA.D02.BLAN.05373,sapling,1.1,10,0.9
e9b4963e-f491-454f-a0bf-d6236bc9e688,BLAN_057.basePlot.vst,2015-09-18,vst_BLAN_2015,D02,BLAN,BLAN_057,NEON.PLA.D02.BLAN.08415,sapling,1.5,10,1.0
afe0d949-ad05-468b-a44e-db086fafa352,BLAN_057.basePlot.vst,2015-09-18,vst_BLAN_2015,D02,BLAN,BLAN_057,NEON.PLA.D02.BLAN.05394,single shrub,2.8,130,3.1
e172fc0b-ce79-4455-a5f8-3fd6abb3a7e9,BLAN_057.basePlot.vst,2015-09-18,vst_BLAN_2015,D02,BLAN,BLAN_057,NEON.PLA.D02.BLAN.08408,single shrub,2.3,130,2.5
65aedf42-e2c1-4b28-bc2e-dfebf5479fc9,BLAN_018.basePlot.vst,2015-09-18,vst_BLAN_2015,D02,BLAN,BLAN_018,NEON.PLA.D02.BLAN.10447,single bole tree,13.7,130,5.8
8d871e24-e36b-47df-bac1-f8c38972443a,BLAN_057.basePlot.vst,2015-09-18,vst_BLAN_2015,D02,BLAN,BLAN_057,NEON.PLA.D02.BLAN.08421,single shrub,1.8,130,3.0
4c8c38b6-ba53-4828-90e0-bc1632b8232a,BLAN_057.basePlot.vst,2015-09-18,vst_BLAN_2015,D02,BLAN,BLAN_057,NEON.PLA.D02.BLAN.05367,single shrub,3.5,130,3.3
4015faa2-430a-4308-9e68-a90afaf13ec0,BLAN_057.basePlot.vst,2015-09-18,vst_BLAN_2015,D02,BLAN,BLAN_057,NEON.PLA.D02.BLAN.08406,sapling,2.1,10,1.4
ff9b1535-4239-4278-b63f-18d41c0c438a,BLAN_057.basePlot.vst,2015-09-18,vst_BLAN_2015,D02,BLAN,BLAN_057,NEON.PLA.D02.BLAN.05386,sapling,1.1,10,0.3
471ded26-5b46-4175-a2b7-61ebf1fe0390,BLAN_015.basePlot.vst,2015-09-18,vst_BLAN_2015,D02,BLAN,BLAN_015,NEON.PLA.D02.BLAN.10599,single bole tree,21.6,130,21.3
af85d8ab-370c-460c-8a94-9af0da2cb3f6,BLAN_018.basePlot.vst,2015-09-18,vst_BLAN_2015,D02,BLAN,BLAN_018,NEON.PLA.D02.BLAN.10444,single bole tree,33.8,120,8.0
94d6ce77-adf2-4a22-8fc6-3eab46bbbe68,BLAN_015.basePlot.vst,2015-09-18,vst_BLAN_2015,D02,BLAN,BLAN_015,NEON.PLA.D02.BLAN.10647,single bole tree,24.2,130,20.9
bb1e278c-3864-4283-ac23-edceb6bc30e4,BLAN_018.basePlot.vst,2015-09-18,vst_BLAN_2015,D02,BLAN,BLAN_018,NEON.PLA.D02.BLAN.10450,single bole tree,13.1,130,8.3
ca90cba8-7454-41b1-aba7-660d292bd975,BLAN_015.basePlot.vst,2015-09-18,vst_BLAN_2015,D02,BLAN,BLAN_015,NEON.PLA.D02.BLAN.10653,single bole tree,16.2,130,12.4
7d24dbd5-3a40-44da-b66c-a94eea0fb40d,BLAN_057.basePlot.vst,2015-09-18,vst_BLAN_2015,D02,BLAN,BLAN_057,NEON.PLA.D02.BLAN.08418,single shrub,2.8,130,3.1
e90bd2a4-fb73-4674-b5ac-096c87de5165,BLAN_018.basePlot.vst,2015-09-18,vst_BLAN_2015,D02,BLAN,BLAN_018,NEON.PLA.D02.BLAN.10453,single bole tree,13.5,130,8.4
abd1cd67-30a8-4a2c-a052-f202bf30b698,BLAN_015.basePlot.vst,2015-09-18,vst_BLAN_2015,D02,BLAN,BLAN_015,NEON.PLA.D02.BLAN.10646,single bole tree,28.4,130,19.7
65ca0c10-756e-4d1f-bbb8-49a4ce1ec4d7,BLAN_015.basePlot.vst,2015-09-18,vst_BLAN_2015,D02,BLAN,BLAN_015,NEON.PLA.D02.BLAN.10660,single bole tree,15.0,120,11.9
592d175e-f8c7-4e97-ba92-083d661664ba,BLAN_015.basePlot.vst,2015-09-18,vst_BLAN_2015,D02,BLAN,BLAN_015,NEON.PLA.D02.BLAN.10597,single bole tree,14.8,130,14.1
2a27cc9d-acb0-467e-a81c-9f49c24fd4e1,BLAN_018.basePlot.vst,2015-09-18,vst_BLAN_2015,D02,BLAN,BLAN_018,NEON.PLA.D02.BLAN.10451,single bole tree,10.2,130,9.2
a1acb361-5a12-4bb1-a058-dce12c27d3ff,BLAN_057.basePlot.vst,2015-09-21,vst_BLAN_2015,D02,BLAN,BLAN_057,NEON.PLA.D02.BLAN.05347,single shrub,4.3,130,4.3
e238dd80-d3c4-42d6-809c-405db20ed72b,BLAN_007.basePlot.vst,2015-09-21,vst_BLAN_2015,D02,BLAN,BLAN_007,NEON.PLA.D02.BLAN.10262,single bole tree,21.9,130,22.1
7dfaef1b-a13f-4d01-92f1-d228c719b8eb,BLAN_017.basePlot.vst,2015-09-21,vst_BLAN_2015,D02,BLAN,BLAN_017,NEON.PLA.D02.BLAN.10287,single bole tree,11.3,130,11.0
366f376c-62d9-4cee-a8ca-ac4a63161eb7,BLAN_007.basePlot.vst,2015-09-21,vst_BLAN_2015,D02,BLAN,BLAN_007,NEON.PLA.D02.BLAN.10261,single bole tree,13.7,130,12.6
c0299b15-cd0c-46ad-8707-13420e47b749,BLAN_007.basePlot.vst,2015-09-21,vst_BLAN_2015,D02,BLAN,BLAN_007,NEON.PLA.D02.BLAN.10259,single bole tree,22.8,130,21.1
3fb7085e-81c7-4d89-9509-e055c4c651d4,BLAN_057.basePlot.vst,2015-09-21,vst_BLAN_2015,D02,BLAN,BLAN_057,NEON.PLA.D02.BLAN.05357,small tree,1.5,130,2.3
538200b9-3053-4c95-99c9-a69658a77663,BLAN_017.basePlot.vst,2015-09-21,vst_BLAN_2015,D02,BLAN,BLAN_017,NEON.PLA.D02.BLAN.10288,single bole tree,22.1,130,14.9
1603b029-bc83-48ea-b72b-bca2b437e376,BLAN_057.basePlot.vst,2015-09-21,vst_BLAN_2015,D02,BLAN,BLAN_057,NEON.PLA.D02.BLAN.05360,single shrub,1.8,130,2.7
08d02e35-6b20-4136-ab98-b747d7971fea,BLAN_007.basePlot.vst,2015-09-21,vst_BLAN_2015,D02,BLAN,BLAN_007,NEON.PLA.D02.BLAN.10260,single bole tree,12.9,130,10.6
6701326e-1386-4fa6-827b-80cde1066220,BLAN_057.basePlot.vst,2015-09-21,vst_BLAN_2015,D02,BLAN,BLAN_057,NEON.PLA.D02.BLAN.05348,single shrub,1.8,130,2.7
31286df4-faf6-4f70-93fb-77282e0c7aae,BLAN_057.basePlot.vst,2015-09-21,vst_BLAN_2015,D02,BLAN,BLAN_057,NEON.PLA.D02.BLAN.05362,single shrub,3.1,130,3.1
4ea6546e-8d86-4c9c-9d94-90c7bfeff444,BLAN_057.basePlot.vst,2015-09-21,vst_BLAN_2015,D02,BLAN,BLAN_057,NEON.PLA.D02.BLAN.05350,small tree,3.3,130,4.0
39d31a25-414f-4bdd-aab2-ce814588ab55,BLAN_057.basePlot.vst,2015-09-21,vst_BLAN_2015,D02,BLAN,BLAN_057,NEON.PLA.D02.BLAN.00166,single shrub,1.2,10,3.2
504f80d6-10fc-49b9-9cb9-a46ec1fcd5bf,BLAN_057.basePlot.vst,2015-09-21,vst_BLAN_2015,D02,BLAN,BLAN_057,NEON.PLA.D02.BLAN.05376,single shrub,2.1,130,4.0
811098f3-5e4b-4f29-ad17-305d454dfe8b,BLAN_017.basePlot.vst,2015-09-21,vst_BLAN_2015,D02,BLAN,BLAN_017,NEON.PLA.D02.BLAN.10286,single bole tree,11.8,130,9.1
bbf55338-41cf-4f2e-b8fa-2a98b22df321,BLAN_007.basePlot.vst,2015-09-21,vst_BLAN_2015,D02,BLAN,BLAN_007,NEON.PLA.D02.BLAN.10265,small tree,9.7,130,9.8
7d520249-c666-4569-a135-e579510d6cde,BLAN_017.basePlot.vst,2015-09-21,vst_BLAN_2015,D02,BLAN,BLAN_017,NEON.PLA.D02.BLAN.10276,single bole tree,11.3,130,13.1
9c77b595-6c8d-42ac-a0c7-e0e758d1688b,BLAN_057.basePlot.vst,2015-09-21,vst_BLAN_2015,D02,BLAN,BLAN_057,NEON.PLA.D02.BLAN.05359,single shrub,4.2,130,3.3
d80bad46-8bf5-4506-89f1-3db93abbb59f,BLAN_017.basePlot.vst,2015-09-21,vst_BLAN_2015,D02,BLAN,BLAN_017,NEON.PLA.D02.BLAN.10277,single bole tree,72.0,130,32.2
6a23dace-98fe-4e33-9e50-ae030768b9b0,BLAN_017.basePlot.vst,2015-09-21,vst_BLAN_2015,D02,BLAN,BLAN_017,NEON.PLA.D02.BLAN.10289,single bole tree,12.5,130,9.6
68e5223b-aaa7-4caf-80ed-033d9f483636,BLAN_057.basePlot.vst,2015-09-21,vst_BLAN_2015,D02,BLAN,BLAN_057,NEON.PLA.D02.BLAN.05352,small tree,1.4,130,2.5
bec74d86-b1ca-4fe0-9ebd-ebaffbcddc2a,BLAN_057.basePlot.vst,2015-09-21,vst_BLAN_2015,D02,BLAN,BLAN_057,NEON.PLA.D02.BLAN.05379,single shrub,3.8,130,3.8
c972d913-d9fb-4ce6-b9a3-ff8c4347b727,BLAN_057.basePlot.vst,2015-09-21,vst_BLAN_2015,D02,BLAN,BLAN_057,NEON.PLA.D02.BLAN.05380,sapling,1.1,10,0.8
c8d487ef-b649-4e2c-9118-1b2490b1e9d5,BLAN_017.basePlot.vst,2015-09-21,vst_BLAN_2015,D02,BLAN,BLAN_017,NEON.PLA.D02.BLAN.10280,single bole tree,65.4,130,24.1
7b3023ed-b4ea-494c-a1b9-eaaa71d66978,BLAN_007.basePlot.vst,2015-09-21,vst_BLAN_2015,D02,BLAN,BLAN_007,NEON.PLA.D02.BLAN.10256,single bole tree,76.7,130,35.7
95b4e002-a060-4b71-ab9f-56cf976a5806,BLAN_057.basePlot.vst,2015-09-21,vst_BLAN_2015,D02,BLAN,BLAN_057,NEON.PLA.D02.BLAN.05382,single shrub,3.0,130,3.8
18dd4fc8-4533-4eb3-8c31-f754a29d43d5,BLAN_017.basePlot.vst,2015-09-21,vst_BLAN_2015,D02,BLAN,BLAN_017,NEON.PLA.D02.BLAN.10284,single bole tree,71.0,130,33.9
045fd5da-a300-47d8-8c73-6190cc7ba648,BLAN_017.basePlot.vst,2015-09-21,vst_BLAN_2015,D02,BLAN,BLAN_017,NEON.PLA.D02.BLAN.10278,single bole tree,58.2,130,28.6
877bc0e2-a78a-4f91-9983-52a6436b1c13,BLAN_007.basePlot.vst,2015-09-21,vst_BLAN_2015,D02,BLAN,BLAN_007,NEON.PLA.D02.BLAN.10263,single bole tree,29.0,130,19.1
920620bb-0da4-40d0-93ec-c8247d26bb4f,BLAN_057.basePlot.vst,2015-09-21,vst_BLAN_2015,D02,BLAN,BLAN_057,NEON.PLA.D02.BLAN.05353,small tree,5.2,125,3.9
38066ae1-ed87-4a88-a9dd-1c05f81c7619,BLAN_057.basePlot.vst,2015-09-21,vst_BLAN_2015,D02,BLAN,BLAN_057,NEON.PLA.D02.BLAN.05356,single shrub,3.9,130,3.2
957a20d6-bab6-4b7a-81f8-538488e42a97,BLAN_057.basePlot.vst,2015-09-21,vst_BLAN_2015,D02,BLAN,BLAN_057,NEON.PLA.D02.BLAN.05365,small tree,2.4,130,3.4
0e487816-0a66-4d44-84ed-8f16fbc89250,BLAN_017.basePlot.vst,2015-09-21,vst_BLAN_2015,D02,BLAN,BLAN_017,NEON.PLA.D02.BLAN.10283,single bole tree,16.7,130,17.4
74be8d2e-091e-40ac-b542-11c8f2e63086,BLAN_057.basePlot.vst,2015-09-21,vst_BLAN_2015,D02,BLAN,BLAN_057,NEON.PLA.D02.BLAN.05364,single shrub,2.9,130,3.3
7bcfaf06-c7f3-4901-a399-3a4c658f5bf6,BLAN_017.basePlot.vst,2015-09-21,vst_BLAN_2015,D02,BLAN,BLAN_017,NEON.PLA.D02.BLAN.10279,single bole tree,13.0,130,14.8
afe5a76e-3149-4859-bbd0-995ccd513f2d,BLAN_017.basePlot.vst,2015-09-21,vst_BLAN_2015,D02,BLAN,BLAN_017,NEON.PLA.D02.BLAN.10285,single bole tree,12.5,130,9.7
6b1aaa4c-25ef-4660-9599-31fdc044b527,BLAN_057.basePlot.vst,2015-09-21,vst_BLAN_2015,D02,BLAN,BLAN_057,NEON.PLA.D02.BLAN.05354,sapling,1.3,10,1.1
05eef312-0eba-41bd-8a04-199a4fb88fe5,BLAN_017.basePlot.vst,2015-09-21,vst_BLAN_2015,D02,BLAN,BLAN_017,NEON.PLA.D02.BLAN.10281,single bole tree,45.5,130,27.5
c3fb549e-a852-4366-810b-9417880b5f18,BLAN_057.basePlot.vst,2015-09-21,vst_BLAN_2015,D02,BLAN,BLAN_057,NEON.PLA.D02.BLAN.05349,single shrub,3.9,130,4.2
5cb9fd9f-e9c6-44b0-80fd-03a90f1e7122,BLAN_057.basePlot.vst,2015-09-21,vst_BLAN_2015,D02,BLAN,BLAN_057,NEON.PLA.D02.BLAN.05384,single shrub,3.6,130,3.6
c2241550-8bc0-41df-8860-04cf1d6fc5ed,BLAN_007.basePlot.vst,2015-09-21,vst_BLAN_2015,D02,BLAN,BLAN_007,NEON.PLA.D02.BLAN.10257,single bole tree,34.8,130,28.6
323bd8c2-e876-4ab7-9fde-a3ec26c1e17a,BLAN_057.basePlot.vst,2015-09-21,vst_BLAN_2015,D02,BLAN,BLAN_057,NEON.PLA.D02.BLAN.05355,single shrub,2.5,130,3.2
9e62ddf8-40a4-4908-958f-6177cb531eaf,BLAN_057.basePlot.vst,2015-09-21,vst_BLAN_2015,D02,BLAN,BLAN_057,NEON.PLA.D02.BLAN.05375,single shrub,2.8,130,4.0
8648bc37-694d-4049-9c98-91bc1a00b391,BLAN_017.basePlot.vst,2015-09-21,vst_BLAN_2015,D02,BLAN,BLAN_017,NEON.PLA.D02.BLAN.01854,single bole tree,10.0,130,8.8
a7932966-c5b5-4016-ba5b-696437afb756,BLAN_057.basePlot.vst,2015-09-21,vst_BLAN_2015,D02,BLAN,BLAN_057,NEON.PLA.D02.BLAN.05361,single shrub,5.5,130,4.2
3ac9fbdd-0327-4276-923f-5b957de302d8,BLAN_007.basePlot.vst,2015-09-21,vst_BLAN_2015,D02,BLAN,BLAN_007,NEON.PLA.D02.BLAN.10258,single bole tree,15.7,130,4.7
c2939351-8822-4d28-9475-126f44cb693f,BLAN_057.basePlot.vst,2015-09-21,vst_BLAN_2015,D02,BLAN,BLAN_057,NEON.PLA.D02.BLAN.05383,small tree,1.6,130,2.9
3a36a47c-82ff-47dd-976b-3b8e04645643,BLAN_057.basePlot.vst,2015-09-21,vst_BLAN_2015,D02,BLAN,BLAN_057,NEON.PLA.D02.BLAN.05378,small tree,3.4,130,4.2
787b4201-6a0d-4c7e-98df-362f143ca96d,BLAN_057.basePlot.vst,2015-09-21,vst_BLAN_2015,D02,BLAN,BLAN_057,NEON.PLA.D02.BLAN.05358,small shrub,1.5,10,0.9
9f6e6343-202d-401a-8792-87063303f4c4,BLAN_007.basePlot.vst,2015-09-21,vst_BLAN_2015,D02,BLAN,BLAN_007,NEON.PLA.D02.BLAN.10264,single bole tree,35.6,130,19.0
913ec26c-b5de-42ec-aeec-adedcb2d8796,BLAN_057.basePlot.vst,2015-09-21,vst_BLAN_2015,D02,BLAN,BLAN_057,NEON.PLA.D02.BLAN.05381,single shrub,1.3,130,2.7
dc2fb787-a3bc-4ad5-b82e-d5e9fed050b3,BLAN_057.basePlot.vst,2015-09-21,vst_BLAN_2015,D02,BLAN,BLAN_057,NEON.PLA.D02.BLAN.05363,sapling,1.3,10,2.8
a3cb7b8d-67a1-436c-babe-db81a3489290,BLAN_017.basePlot.vst,2015-09-21,vst_BLAN_2015,D02,BLAN,BLAN_017,NEON.PLA.D02.BLAN.10275,single bole tree,61.3,130,29.1
f6685130-8167-4d64-8ebd-ccd7040fefad,BLAN_057.basePlot.vst,2015-09-21,vst_BLAN_2015,D02,BLAN,BLAN_057,NEON.PLA.D02.BLAN.05351,single shrub,4.2,130,3.9
7af0d378-beaf-4b28-b853-23bd8eaddf5d,BLAN_005.basePlot.vst,2015-09-22,vst_BLAN_2015,D02,BLAN,BLAN_005,NEON.PLA.D02.BLAN.10052,single bole tree,26.9,130,14.0
f944e521-5b97-460a-8718-6bf2d9fc7058,BLAN_047.basePlot.vst,2015-09-22,vst_BLAN_2015,D02,BLAN,BLAN_047,NEON.PLA.D02.BLAN.08958,single bole tree,18.0,130,10.6
338fc16e-cbf5-4584-aa1e-16f8e928bdcd,BLAN_005.basePlot.vst,2015-09-22,vst_BLAN_2015,D02,BLAN,BLAN_005,NEON.PLA.D02.BLAN.10058,single bole tree,14.5,125,4.9
ff674f3c-dc65-42cd-ba5c-409d462509ba,BLAN_047.basePlot.vst,2015-09-22,vst_BLAN_2015,D02,BLAN,BLAN_047,NEON.PLA.D02.BLAN.08962,single bole tree,13.7,130,8.8
37b248f7-7844-46cb-baa2-661f654f353e,BLAN_005.basePlot.vst,2015-09-22,vst_BLAN_2015,D02,BLAN,BLAN_005,NEON.PLA.D02.BLAN.10051,single bole tree,37.5,130,15.9
51c5e964-8faf-4fdb-b6f3-1723816fafb9,BLAN_011.basePlot.vst,2015-09-22,vst_BLAN_2015,D02,BLAN,BLAN_011,NEON.PLA.D02.BLAN.10036,multi-bole tree,25.4,130,14.2
6ec0a2a7-d6e6-48af-99cb-54ebef0a2492,BLAN_047.basePlot.vst,2015-09-22,vst_BLAN_2015,D02,BLAN,BLAN_047,NEON.PLA.D02.BLAN.08963,single bole tree,10.9,130,4.8
15425109-9aa8-4070-bcb4-7e53785d1e2e,BLAN_011.basePlot.vst,2015-09-22,vst_BLAN_2015,D02,BLAN,BLAN_011,NEON.PLA.D02.BLAN.10032,single bole tree,60.8,130,28.1
a10930a7-e8c2-4c91-9846-eac65f937d1d,BLAN_005.basePlot.vst,2015-09-22,vst_BLAN_2015,D02,BLAN,BLAN_005,NEON.PLA.D02.BLAN.10057,single bole tree,31.7,130,13.4
c958bd7b-c333-41cf-a63b-d8a04636e593,BLAN_047.basePlot.vst,2015-09-22,vst_BLAN_2015,D02,BLAN,BLAN_047,NEON.PLA.D02.BLAN.08966,single bole tree,13.7,130,7.8
85c53218-89ce-4a28-901d-8dd724cd2be8,BLAN_047.basePlot.vst,2015-09-22,vst_BLAN_2015,D02,BLAN,BLAN_047,NEON.PLA.D02.BLAN.08961,single bole tree,11.9,130,7.6
432a888f-f138-4a38-92f5-86a6e3f1906d,BLAN_036.basePlot.vst,2015-09-22,vst_BLAN_2015,D02,BLAN,BLAN_036,NEON.PLA.D02.BLAN.05999,single bole tree,12.8,130,8.4
e8ea9129-1ada-44fe-b675-8e28f1511274,BLAN_036.basePlot.vst,2015-09-22,vst_BLAN_2015,D02,BLAN,BLAN_036,NEON.PLA.D02.BLAN.05998,single bole tree,12.5,130,8.1
862ed0d5-15d0-41de-afc0-bd8ff4ae672a,BLAN_047.basePlot.vst,2015-09-22,vst_BLAN_2015,D02,BLAN,BLAN_047,NEON.PLA.D02.BLAN.08959,single bole tree,11.7,130,7.7
940ce7b8-1acb-4d72-84fb-57dd2c66a934,BLAN_036.basePlot.vst,2015-09-22,vst_BLAN_2015,D02,BLAN,BLAN_036,NEON.PLA.D02.BLAN.05395,single bole tree,16.6,130,9.6
ebad909c-d698-44f1-be79-fbe7cc1accd9,BLAN_036.basePlot.vst,2015-09-22,vst_BLAN_2015,D02,BLAN,BLAN_036,NEON.PLA.D02.BLAN.05396,single bole tree,16.3,130,8.9
1da1afe0-32d4-4db6-b0ae-4fc3752a5212,BLAN_047.basePlot.vst,2015-09-22,vst_BLAN_2015,D02,BLAN,BLAN_047,NEON.PLA.D02.BLAN.08964,single bole tree,22.0,130,10.7
9c62afec-dbdd-41f4-94c2-88e8f9f2a627,BLAN_047.basePlot.vst,2015-09-22,vst_BLAN_2015,D02,BLAN,BLAN_047,NEON.PLA.D02.BLAN.08957,single bole tree,13.2,130,7.9
f1f3a38a-278e-4468-9dc8-838e00f86dbc,BLAN_005.basePlot.vst,2015-09-22,vst_BLAN_2015,D02,BLAN,BLAN_005,NEON.PLA.D02.BLAN.10059,single bole tree,12.1,130,6.6
3f490997-44a2-446e-a5dc-e419df96a092,BLAN_011.basePlot.vst,2015-09-22,vst_BLAN_2015,D02,BLAN,BLAN_011,NEON.PLA.D02.BLAN.10034,single bole tree,26.2,130,23.4
1e81f730-e988-49db-9110-bd683fbe8ac7,BLAN_047.basePlot.vst,2015-09-22,vst_BLAN_2015,D02,BLAN,BLAN_047,NEON.PLA.D02.BLAN.08955,single bole tree,18.6,130,11.4
9fde4b17-6f83-4fdb-9592-a6369a2ad0ce,BLAN_011.basePlot.vst,2015-09-22,vst_BLAN_2015,D02,BLAN,BLAN_011,NEON.PLA.D02.BLAN.10031,single bole tree,15.9,130,8.3
5e2d19c6-0c42-44a2-8277-ad1cb6c89271,BLAN_005.basePlot.vst,2015-09-22,vst_BLAN_2015,D02,BLAN,BLAN_005,NEON.PLA.D02.BLAN.10055,multi-bole tree,14.6,130,5.0
187e3d35-2cf6-4dfb-bd9b-33e83b7d758d,BLAN_005.basePlot.vst,2015-09-22,vst_BLAN_2015,D02,BLAN,BLAN_005,NEON.PLA.D02.BLAN.10056,single bole tree,12.0,130,6.2
4df77fce-872f-4abc-866b-a3c78085541a,BLAN_005.basePlot.vst,2015-09-22,vst_BLAN_2015,D02,BLAN,BLAN_005,NEON.PLA.D02.BLAN.10053,single bole tree,28.4,130,11.6
a28add43-eea3-4688-8479-df78cae98ca9,BLAN_047.basePlot.vst,2015-09-22,vst_BLAN_2015,D02,BLAN,BLAN_047,NEON.PLA.D02.BLAN.08965,single bole tree,25.5,130,11.6
4d9447d1-fe8b-4e82-af03-89ae68a3c98d,BLAN_005.basePlot.vst,2015-09-22,vst_BLAN_2015,D02,BLAN,BLAN_005,NEON.PLA.D02.BLAN.10061,single bole tree,15.6,130,6.1
cb462747-86ff-4671-9068-a3c03d5b631b,BLAN_011.basePlot.vst,2015-09-22,vst_BLAN_2015,D02,BLAN,BLAN_011,NEON.PLA.D02.BLAN.10033,single bole tree,50.5,130,31.2
2f8538d7-3c18-4f21-9e36-9e52657285ad,BLAN_005.basePlot.vst,2015-09-22,vst_BLAN_2015,D02,BLAN,BLAN_005,NEON.PLA.D02.BLAN.10060,single bole tree,10.2,130,6.9
274f9689-4c53-4fc1-849f-c367d10b64d1,BLAN_036.basePlot.vst,2015-09-22,vst_BLAN_2015,D02,BLAN,BLAN_036,NEON.PLA.D02.BLAN.05399,single bole tree,18.9,130,8.5
7e21ddea-98cf-434e-849b-7f32284cfaf0,BLAN_036.basePlot.vst,2015-09-22,vst_BLAN_2015,D02,BLAN,BLAN_036,NEON.PLA.D02.BLAN.05397,single bole tree,13.9,125,9.2
21db0812-3945-4e09-8556-de63b490bcf2,BLAN_005.basePlot.vst,2015-09-22,vst_BLAN_2015,D02,BLAN,BLAN_005,NEON.PLA.D02.BLAN.10050,single bole tree,14.5,130,7.0
5089390f-e22d-4f94-8188-b451c2825b19,BLAN_011.basePlot.vst,2015-09-22,vst_BLAN_2015,D02,BLAN,BLAN_011,NEON.PLA.D02.BLAN.10035,single bole tree,60.2,130,29.1
13017e80-8491-466e-9efa-330dee933983,BLAN_005.basePlot.vst,2015-09-22,vst_BLAN_2015,D02,BLAN,BLAN_005,NEON.PLA.D02.BLAN.01901,multi-bole tree,23.3,120,5.0
d597f103-ba0a-419f-8bf8-d4e08e4bc6ff,BLAN_005.basePlot.vst,2015-09-22,vst_BLAN_2015,D02,BLAN,BLAN_005,NEON.PLA.D02.BLAN.10054,single bole tree,21.9,130,13.9
0ab6a98c-fa75-4b1a-9f6a-be3ac4a84a19,BLAN_036.basePlot.vst,2015-09-22,vst_BLAN_2015,D02,BLAN,BLAN_036,NEON.PLA.D02.BLAN.08363,small tree,9.8,130,8.0
ac022a5c-e9ec-49ed-8db5-548845b96d5e,BLAN_036.basePlot.vst,2015-09-22,vst_BLAN_2015,D02,BLAN,BLAN_036,NEON.PLA.D02.BLAN.05398,single bole tree,14.1,130,9.4
da1916f9-6acf-4235-a109-e84b42e8201c,BLAN_005.basePlot.vst,2015-09-22,vst_BLAN_2015,D02,BLAN,BLAN_005,NEON.PLA.D02.BLAN.10021,single bole tree,10.8,130,2.8
7d2b7c2d-7c31-4085-80e9-339f2ba58b60,BLAN_036.basePlot.vst,2015-09-22,vst_BLAN_2015,D02,BLAN,BLAN_036,NEON.PLA.D02.BLAN.05400,single bole tree,33.4,130,10.7
e6736605-4f4a-4070-a9f5-de86c0f68ab8,BLAN_011.basePlot.vst,2015-09-22,vst_BLAN_2015,D02,BLAN,BLAN_011,NEON.PLA.D02.BLAN.10037,single bole tree,34.0,130,24.0
519b13ab-b14b-4b96-8f83-d01e338a18f4,BLAN_055.basePlot.vst,2015-09-24,vst_BLAN_2015,D02,BLAN,BLAN_055,NEON.PLA.D02.BLAN.05943,sapling,1.5,10,1.3
02779bdc-59fc-4c00-bf8e-e109c6fc67ce,BLAN_055.basePlot.vst,2015-09-24,vst_BLAN_2015,D02,BLAN,BLAN_055,NEON.PLA.D02.BLAN.05964,single shrub,3.5,130,2.5
ebdf1ac3-db49-4dfe-abc9-6f0e884c5a9e,BLAN_063.basePlot.vst,2015-09-24,vst_BLAN_2015,D02,BLAN,BLAN_063,NEON.PLA.D02.BLAN.08542,single bole tree,13.2,130,11.0
da64638b-59be-4c7b-8afd-9c20c926c129,BLAN_063.basePlot.vst,2015-09-24,vst_BLAN_2015,D02,BLAN,BLAN_063,NEON.PLA.D02.BLAN.08544,single bole tree,13.1,130,10.3
b717fe4f-d2bc-41d0-ab2f-6652c2ccb692,BLAN_055.basePlot.vst,2015-09-24,vst_BLAN_2015,D02,BLAN,BLAN_055,NEON.PLA.D02.BLAN.05957,sapling,1.0,10,1.7
3281df63-9018-4f54-a7e4-57a8be0d7561,BLAN_055.basePlot.vst,2015-09-24,vst_BLAN_2015,D02,BLAN,BLAN_055,NEON.PLA.D02.BLAN.05962,small tree,1.2,130,2.2
45af139f-9fd7-413b-a1cc-ea40fafea387,BLAN_048.basePlot.vst,2015-09-24,vst_BLAN_2015,D02,BLAN,BLAN_048,NEON.PLA.D02.BLAN.08284,single bole tree,28.8,130,13.3
0dd50f68-8f5d-4815-99f5-e60dc18a2ebe,BLAN_055.basePlot.vst,2015-09-24,vst_BLAN_2015,D02,BLAN,BLAN_055,NEON.PLA.D02.BLAN.05925,small shrub,1.3,10,1.3
3f48fe0c-ae04-4be5-a3e5-c07d79a00158,BLAN_055.basePlot.vst,2015-09-24,vst_BLAN_2015,D02,BLAN,BLAN_055,NEON.PLA.D02.BLAN.01906,small shrub,1.1,10,1.1
da844dcc-0471-4160-9799-eb00cbb693dd,BLAN_055.basePlot.vst,2015-09-24,vst_BLAN_2015,D02,BLAN,BLAN_055,NEON.PLA.D02.BLAN.05944,sapling,1.5,10,1.6
a71a9f57-3090-44ee-89a7-9365fc868f57,BLAN_063.basePlot.vst,2015-09-24,vst_BLAN_2015,D02,BLAN,BLAN_063,NEON.PLA.D02.BLAN.08548,single bole tree,11.1,130,14.1
b75a6d69-295f-4bbe-887d-d90f0c6f30ef,BLAN_063.basePlot.vst,2015-09-24,vst_BLAN_2015,D02,BLAN,BLAN_063,NEON.PLA.D02.BLAN.08543,single bole tree,58.0,130,28.7
612c7086-2050-4d5a-bf5c-d61a25ed13de,BLAN_048.basePlot.vst,2015-09-24,vst_BLAN_2015,D02,BLAN,BLAN_048,NEON.PLA.D02.BLAN.08286,single bole tree,34.3,130,19.8
80f84616-af7a-47cf-9d68-0bcb992c026e,BLAN_048.basePlot.vst,2015-09-24,vst_BLAN_2015,D02,BLAN,BLAN_048,NEON.PLA.D02.BLAN.08289,single bole tree,42.5,130,25.3
d03d459b-e481-44a7-8666-fc905b846748,BLAN_055.basePlot.vst,2015-09-24,vst_BLAN_2015,D02,BLAN,BLAN_055,NEON.PLA.D02.BLAN.05956,small tree,1.1,130,2.1
3268e030-8135-41d0-8ba2-9692350239f7,BLAN_048.basePlot.vst,2015-09-24,vst_BLAN_2015,D02,BLAN,BLAN_048,NEON.PLA.D02.BLAN.08292,single bole tree,50.5,130,22.7
0abc84f5-d5e1-4563-b1f3-5e1e56e77aa0,BLAN_055.basePlot.vst,2015-09-24,vst_BLAN_2015,D02,BLAN,BLAN_055,NEON.PLA.D02.BLAN.05924,sapling,1.0,10,1.4
18fed09a-a67b-4285-954a-9ce501737369,BLAN_055.basePlot.vst,2015-09-24,vst_BLAN_2015,D02,BLAN,BLAN_055,NEON.PLA.D02.BLAN.05920,small shrub,1.8,10,1.3
fc4788d3-18ce-4286-be7e-897d903ec78f,BLAN_055.basePlot.vst,2015-09-24,vst_BLAN_2015,D02,BLAN,BLAN_055,NEON.PLA.D02.BLAN.05958,sapling,1.4,10,1.6
f0a91d80-8d3b-4077-ad1a-2f9b2d3c96ec,BLAN_055.basePlot.vst,2015-09-24,vst_BLAN_2015,D02,BLAN,BLAN_055,NEON.PLA.D02.BLAN.01848,sapling,1.1,10,1.5
8f83f14a-a18f-4582-987f-dd897a532d2c,BLAN_055.basePlot.vst,2015-09-24,vst_BLAN_2015,D02,BLAN,BLAN_055,NEON.PLA.D02.BLAN.05959,single shrub,1.2,130,2.0
fe7aeeb8-c1ad-46f8-b12a-df313bd09e4b,BLAN_048.basePlot.vst,2015-09-24,vst_BLAN_2015,D02,BLAN,BLAN_048,NEON.PLA.D02.BLAN.08288,single bole tree,17.5,130,6.2
b6928120-c091-4ec7-a083-5263d6c98fe8,BLAN_063.basePlot.vst,2015-09-24,vst_BLAN_2015,D02,BLAN,BLAN_063,NEON.PLA.D02.BLAN.08536,single bole tree,52.8,130,26.9
a5824f62-5950-4782-bf77-643dca579e75,BLAN_055.basePlot.vst,2015-09-24,vst_BLAN_2015,D02,BLAN,BLAN_055,NEON.PLA.D02.BLAN.05948,small shrub,1.8,10,1.5
0c29c966-41ac-4cd0-ae7d-4b991705c705,BLAN_055.basePlot.vst,2015-09-24,vst_BLAN_2015,D02,BLAN,BLAN_055,NEON.PLA.D02.BLAN.05951,sapling,2.9,10,2.1
2011a798-e492-4b24-82ed-f32d5f1dac85,BLAN_055.basePlot.vst,2015-09-24,vst_BLAN_2015,D02,BLAN,BLAN_055,NEON.PLA.D02.BLAN.05913,small shrub,1.5,10,1.2
3cdb9777-c0e0-4ba6-ac30-3bb1a05e0195,BLAN_055.basePlot.vst,2015-09-24,vst_BLAN_2015,D02,BLAN,BLAN_055,NEON.PLA.D02.BLAN.05918,small shrub,1.7,10,1.2
6a1dc38c-6683-459d-8d10-fc903260ea79,BLAN_055.basePlot.vst,2015-09-24,vst_BLAN_2015,D02,BLAN,BLAN_055,NEON.PLA.D02.BLAN.05939,sapling,1.5,10,1.2
d12995b2-71ba-4116-a336-d47ef5c75311,BLAN_063.basePlot.vst,2015-09-24,vst_BLAN_2015,D02,BLAN,BLAN_063,NEON.PLA.D02.BLAN.08538,single bole tree,30.8,130,14.0
6d1d7e29-8f4b-4d9e-b7a9-82893c9cc99e,BLAN_055.basePlot.vst,2015-09-24,vst_BLAN_2015,D02,BLAN,BLAN_055,NEON.PLA.D02.BLAN.05915,sapling,1.3,10,1.2
5803bdd1-c38e-4faa-8203-afb08a2b9d8a,BLAN_055.basePlot.vst,2015-09-24,vst_BLAN_2015,D02,BLAN,BLAN_055,NEON.PLA.D02.BLAN.01836,sapling,1.0,10,1.0
901a3ea2-9acf-442f-ae18-7fd76b4d7a10,BLAN_055.basePlot.vst,2015-09-24,vst_BLAN_2015,D02,BLAN,BLAN_055,NEON.PLA.D02.BLAN.01843,sapling,1.0,10,1.2
f8d3c723-1ca5-4a5c-8548-caf47f7e85a5,BLAN_063.basePlot.vst,2015-09-24,vst_BLAN_2015,D02,BLAN,BLAN_063,NEON.PLA.D02.BLAN.08549,single bole tree,14.8,130,12.1
23e4cef3-228f-4788-952b-b1dc2b87a220,BLAN_055.basePlot.vst,2015-09-24,vst_BLAN_2015,D02,BLAN,BLAN_055,NEON.PLA.D02.BLAN.05963,single shrub,1.8,130,2.4
f30e2444-ba2b-440a-8a86-7f2a41c50869,BLAN_055.basePlot.vst,2015-09-24,vst_BLAN_2015,D02,BLAN,BLAN_055,NEON.PLA.D02.BLAN.05953,single shrub,1.3,130,2.1
a793b4c7-55f6-458f-bf06-feeef4542be6,BLAN_048.basePlot.vst,2015-09-24,vst_BLAN_2015,D02,BLAN,BLAN_048,NEON.PLA.D02.BLAN.08290,single bole tree,13.5,130,5.8
06a3d608-6572-4f36-82ce-0d0be9718956,BLAN_055.basePlot.vst,2015-09-24,vst_BLAN_2015,D02,BLAN,BLAN_055,NEON.PLA.D02.BLAN.05938,small shrub,1.6,10,1.4
bde64a18-0c52-477a-8d27-01b738346c56,BLAN_055.basePlot.vst,2015-09-24,vst_BLAN_2015,D02,BLAN,BLAN_055,NEON.PLA.D02.BLAN.01842,sapling,1.1,10,1.3
0f9c1bfb-1cf8-44bf-b555-c255f43375c3,BLAN_055.basePlot.vst,2015-09-24,vst_BLAN_2015,D02,BLAN,BLAN_055,NEON.PLA.D02.BLAN.05926,sapling,1.2,10,1.2
4e7df358-ca91-405f-a812-0477e5444457,BLAN_055.basePlot.vst,2015-09-24,vst_BLAN_2015,D02,BLAN,BLAN_055,NEON.PLA.D02.BLAN.05928,small shrub,2.6,10,1.4
1c1bf69c-a1f4-40de-acaa-f9b253f4e3b2,BLAN_055.basePlot.vst,2015-09-24,vst_BLAN_2015,D02,BLAN,BLAN_055,NEON.PLA.D02.BLAN.05911,small shrub,1.3,10,0.9
474d15c8-87e3-42a0-a31d-7b2747f2764b,BLAN_055.basePlot.vst,2015-09-24,vst_BLAN_2015,D02,BLAN,BLAN_055,NEON.PLA.D02.BLAN.05966,small tree,1.0,130,2.1
c3e0bbc6-a2b0-495a-b283-5a77533b722b,BLAN_055.basePlot.vst,2015-09-24,vst_BLAN_2015,D02,BLAN,BLAN_055,NEON.PLA.D02.BLAN.05961,sapling,2.1,10,1.9
5cecfbe7-de4d-4c8a-912f-7a1cd66d30f0,BLAN_055.basePlot.vst,2015-09-24,vst_BLAN_2015,D02,BLAN,BLAN_055,NEON.PLA.D02.BLAN.05934,sapling,1.6,10,1.4
31c83571-3e4c-48ca-86d0-3f64e55de516,BLAN_055.basePlot.vst,2015-09-24,vst_BLAN_2015,D02,BLAN,BLAN_055,NEON.PLA.D02.BLAN.05954,small tree,1.0,130,2.1
ec66430d-4f41-48da-a1b4-0763b553618e,BLAN_063.basePlot.vst,2015-09-24,vst_BLAN_2015,D02,BLAN,BLAN_063,NEON.PLA.D02.BLAN.08535,single bole tree,23.2,130,19.0
29027de1-fbdf-47f6-bb78-adf2d66a2a58,BLAN_055.basePlot.vst,2015-09-24,vst_BLAN_2015,D02,BLAN,BLAN_055,NEON.PLA.D02.BLAN.05923,small shrub,1.4,10,1.0
c1d9ea9e-c53d-4144-92ee-3e88ed52f5e9,BLAN_055.basePlot.vst,2015-09-24,vst_BLAN_2015,D02,BLAN,BLAN_055,NEON.PLA.D02.BLAN.01821,small shrub,1.2,10,1.2
96201714-8068-44e9-992a-ad043bc90967,BLAN_055.basePlot.vst,2015-09-24,vst_BLAN_2015,D02,BLAN,BLAN_055,NEON.PLA.D02.BLAN.05941,small shrub,1.6,10,1.5
fbe3e07e-504d-4521-a6c6-cca123aef2bb,BLAN_055.basePlot.vst,2015-09-24,vst_BLAN_2015,D02,BLAN,BLAN_055,NEON.PLA.D02.BLAN.05932,sapling,1.5,10,1.3
2eeaa373-bd26-4460-ba9d-bd4b9debf563,BLAN_055.basePlot.vst,2015-09-24,vst_BLAN_2015,D02,BLAN,BLAN_055,NEON.PLA.D02.BLAN.05955,small tree,1.1,130,2.1
14250a6d-1281-4070-ab39-c8022fd9a145,BLAN_055.basePlot.vst,2015-09-24,vst_BLAN_2015,D02,BLAN,BLAN_055,NEON.PLA.D02.BLAN.01844,sapling,1.1,10,1.2
22fd6928-b5fb-46f6-b374-ddd56261fa46,BLAN_063.basePlot.vst,2015-09-24,vst_BLAN_2015,D02,BLAN,BLAN_063,NEON.PLA.D02.BLAN.08547,single bole tree,25.9,130,14.8
7306fbe7-d06b-4e4c-890b-00d87ae89add,BLAN_063.basePlot.vst,2015-09-24,vst_BLAN_2015,D02,BLAN,BLAN_063,NEON.PLA.D02.BLAN.08801,single bole tree,68.6,130,29.3
3199ae51-cd75-4273-84ce-816d7916d52d,BLAN_055.basePlot.vst,2015-09-24,vst_BLAN_2015,D02,BLAN,BLAN_055,NEON.PLA.D02.BLAN.05929,sapling,1.5,10,1.3
717f8495-5511-4fad-a020-f4590c73e94e,BLAN_055.basePlot.vst,2015-09-24,vst_BLAN_2015,D02,BLAN,BLAN_055,NEON.PLA.D02.BLAN.05917,small shrub,1.2,10,1.3
42eb3b5b-e5c2-4d77-8857-103ecb9620ad,BLAN_048.basePlot.vst,2015-09-24,vst_BLAN_2015,D02,BLAN,BLAN_048,NEON.PLA.D02.BLAN.08285,single bole tree,11.1,130,9.5
ccd4ef4c-a59c-4da0-92f8-eb35a94ae505,BLAN_048.basePlot.vst,2015-09-24,vst_BLAN_2015,D02,BLAN,BLAN_048,NEON.PLA.D02.BLAN.08287,single bole tree,27.8,130,18.4
d301f544-67b8-40e2-8e4a-6e606db2ee0e,BLAN_063.basePlot.vst,2015-09-24,vst_BLAN_2015,D02,BLAN,BLAN_063,NEON.PLA.D02.BLAN.08550,single bole tree,10.4,130,8.8
61bf939c-0c86-4d01-be0e-559552404cf8,BLAN_055.basePlot.vst,2015-09-24,vst_BLAN_2015,D02,BLAN,BLAN_055,NEON.PLA.D02.BLAN.05946,sapling,1.4,10,1.3
29543090-e5d7-46ed-aedc-477d280d65b3,BLAN_055.basePlot.vst,2015-09-24,vst_BLAN_2015,D02,BLAN,BLAN_055,NEON.PLA.D02.BLAN.05930,small shrub,1.4,10,1.3
42e7920e-cd66-4954-98d6-23f4c3195454,BLAN_063.basePlot.vst,2015-09-24,vst_BLAN_2015,D02,BLAN,BLAN_063,NEON.PLA.D02.BLAN.08540,single bole tree,26.1,130,20.0
d6b8311f-a77a-4f27-9cdc-da80b7f48f7b,BLAN_055.basePlot.vst,2015-09-24,vst_BLAN_2015,D02,BLAN,BLAN_055,NEON.PLA.D02.BLAN.05912,small shrub,2.3,10,1.2
4408a22c-8fe2-4708-9f5a-2914075890cb,BLAN_055.basePlot.vst,2015-09-24,vst_BLAN_2015,D02,BLAN,BLAN_055,NEON.PLA.D02.BLAN.05933,sapling,1.4,10,1.0
b2472851-0a1b-4ee0-bbe6-66c1ac6c5d6c,BLAN_063.basePlot.vst,2015-09-24,vst_BLAN_2015,D02,BLAN,BLAN_063,NEON.PLA.D02.BLAN.08539,single bole tree,40.2,130,11.5
953d59e1-9aea-479c-8b7b-8a657ce53992,BLAN_055.basePlot.vst,2015-09-24,vst_BLAN_2015,D02,BLAN,BLAN_055,NEON.PLA.D02.BLAN.05916,small shrub,2.6,10,1.8
7f2812d6-3eb9-4e96-bc7b-a5d2afaf8ff3,BLAN_055.basePlot.vst,2015-09-24,vst_BLAN_2015,D02,BLAN,BLAN_055,NEON.PLA.D02.BLAN.05927,sapling,1.3,10,1.3
78609883-13dd-46ae-8fcb-51dd66dc2a8e,BLAN_055.basePlot.vst,2015-09-24,vst_BLAN_2015,D02,BLAN,BLAN_055,NEON.PLA.D02.BLAN.01905,sapling,1.0,10,1.0
ca2c2588-2e90-42c4-9532-cd7549d9fd48,BLAN_055.basePlot.vst,2015-09-24,vst_BLAN_2015,D02,BLAN,BLAN_055,NEON.PLA.D02.BLAN.05914,small shrub,1.3,10,1.2
9ac28d1c-1bca-48e9-9902-4b8d4d3b1537,BLAN_063.basePlot.vst,2015-09-24,vst_BLAN_2015,D02,BLAN,BLAN_063,NEON.PLA.D02.BLAN.08802,single bole tree,37.9,130,20.0
c59f2545-1af8-4a65-8e2f-65871279c2e1,BLAN_063.basePlot.vst,2015-09-24,vst_BLAN_2015,D02,BLAN,BLAN_063,NEON.PLA.D02.BLAN.08546,single bole tree,24.6,130,NA
4e423ba9-9783-4b26-a57b-428ff38c4378,BLAN_055.basePlot.vst,2015-09-24,vst_BLAN_2015,D02,BLAN,BLAN_055,NEON.PLA.D02.BLAN.05936,sapling,1.3,10,1.0
baf65e99-8b35-47c9-9bd8-404cd9cc7183,BLAN_055.basePlot.vst,2015-09-24,vst_BLAN_2015,D02,BLAN,BLAN_055,NEON.PLA.D02.BLAN.05952,small tree,1.4,130,2.2
35d2dbda-9e53-47ea-b57b-bedcb8c179a7,BLAN_055.basePlot.vst,2015-09-24,vst_BLAN_2015,D02,BLAN,BLAN_055,NEON.PLA.D02.BLAN.05960,small shrub,1.2,10,1.7
2965efa0-5cb5-4ea4-a6b7-16fb28ecb80a,BLAN_048.basePlot.vst,2015-09-24,vst_BLAN_2015,D02,BLAN,BLAN_048,NEON.PLA.D02.BLAN.08291,single bole tree,38.8,130,22.1
f0c89400-3d80-4c03-9772-29ea9fab63f6,BLAN_063.basePlot.vst,2015-09-24,vst_BLAN_2015,D02,BLAN,BLAN_063,NEON.PLA.D02.BLAN.08541,single bole tree,42.5,130,23.7
4e6f3b8a-d2b1-4273-9d15-d08ab3fbcc16,BLAN_055.basePlot.vst,2015-09-24,vst_BLAN_2015,D02,BLAN,BLAN_055,NEON.PLA.D02.BLAN.05919,small shrub,1.4,10,1.0
62bd5c02-8a5a-40cf-b157-f3d5bfa6a7ee,BLAN_055.basePlot.vst,2015-09-24,vst_BLAN_2015,D02,BLAN,BLAN_055,NEON.PLA.D02.BLAN.01846,sapling,1.4,10,1.7
fdde70cd-9701-4c22-b31c-4df95ba0fcdd,BLAN_063.basePlot.vst,2015-09-24,vst_BLAN_2015,D02,BLAN,BLAN_063,NEON.PLA.D02.BLAN.08803,single bole tree,12.7,130,9.8
acebc9c9-24d8-4216-ba3e-ff603f055b3f,BLAN_055.basePlot.vst,2015-09-24,vst_BLAN_2015,D02,BLAN,BLAN_055,NEON.PLA.D02.BLAN.01907,small shrub,1.2,10,1.3
918f0cb6-7cf9-41d1-adea-77c8ed98a3c9,BLAN_055.basePlot.vst,2015-09-24,vst_BLAN_2015,D02,BLAN,BLAN_055,NEON.PLA.D02.BLAN.01837,small shrub,1.2,10,1.3
1a6240cc-c615-4cea-9f9a-d5ca8c41fde6,BLAN_055.basePlot.vst,2015-09-24,vst_BLAN_2015,D02,BLAN,BLAN_055,NEON.PLA.D02.BLAN.05931,small shrub,1.5,10,1.2
821e79e7-fecd-4336-b84b-ac3662ba70e8,BLAN_063.basePlot.vst,2015-09-24,vst_BLAN_2015,D02,BLAN,BLAN_063,NEON.PLA.D02.BLAN.08545,single bole tree,11.3,130,10.5
fd0dbff9-8930-497a-8a60-e4e1152500a1,BLAN_063.basePlot.vst,2015-09-24,vst_BLAN_2015,D02,BLAN,BLAN_063,NEON.PLA.D02.BLAN.08551,single bole tree,11.0,130,5.5
e29f1364-c3cd-4d06-a664-1d1f58a257d9,BLAN_055.basePlot.vst,2015-09-24,vst_BLAN_2015,D02,BLAN,BLAN_055,NEON.PLA.D02.BLAN.05935,small shrub,1.4,10,1.1
f3413b47-885d-4a90-94d5-b95a14981027,BLAN_055.basePlot.vst,2015-09-24,vst_BLAN_2015,D02,BLAN,BLAN_055,NEON.PLA.D02.BLAN.01822,small shrub,1.4,10,1.1
574e0b8e-d2c8-4466-ace0-1564daf95ad4,BLAN_055.basePlot.vst,2015-09-24,vst_BLAN_2015,D02,BLAN,BLAN_055,NEON.PLA.D02.BLAN.05945,sapling,1.4,10,1.0
1c82e694-e663-4d0e-a9ef-87c54c933b87,BLAN_055.basePlot.vst,2015-09-24,vst_BLAN_2015,D02,BLAN,BLAN_055,NEON.PLA.D02.BLAN.01845,sapling,1.1,10,1.1
7239acb8-d7fc-4592-9a83-b21d0f70ef81,BLAN_063.basePlot.vst,2015-09-24,vst_BLAN_2015,D02,BLAN,BLAN_063,NEON.PLA.D02.BLAN.08537,single bole tree,24.9,130,7.2
5de071e7-43f2-40de-829e-d9f720c793b6,BLAN_055.basePlot.vst,2015-09-24,vst_BLAN_2015,D02,BLAN,BLAN_055,NEON.PLA.D02.BLAN.05947,sapling,1.3,10,1.4
9f691c66-3aad-4afd-8748-6a87a67bf6ea,BLAN_055.basePlot.vst,2015-09-24,vst_BLAN_2015,D02,BLAN,BLAN_055,NEON.PLA.D02.BLAN.05949,small shrub,1.9,10,1.2
a2fe58d9-64b2-4f86-8d62-0d4258cdeabd,BLAN_055.basePlot.vst,2015-09-24,vst_BLAN_2015,D02,BLAN,BLAN_055,NEON.PLA.D02.BLAN.05965,single shrub,1.2,130,2.1
44621dd0-f7f0-476f-b814-cb7a9c18f88b,BLAN_055.basePlot.vst,2015-09-24,vst_BLAN_2015,D02,BLAN,BLAN_055,NEON.PLA.D02.BLAN.01838,sapling,1.0,10,1.3
8571e404-5c86-4dfa-9195-a51996ad43e9,BLAN_032.basePlot.vst,2015-09-25,vst_BLAN_2015,D02,BLAN,BLAN_032,NEON.PLA.D02.BLAN.05227,single shrub,3.0,130,2.7
226d913d-7926-429c-98ca-226d796cd010,BLAN_032.basePlot.vst,2015-09-25,vst_BLAN_2015,D02,BLAN,BLAN_032,NEON.PLA.D02.BLAN.05226,single shrub,2.5,130,2.7
8bbc82b3-4a4b-4548-9f5f-6028cfb121d6,BLAN_032.basePlot.vst,2015-09-25,vst_BLAN_2015,D02,BLAN,BLAN_032,NEON.PLA.D02.BLAN.05231,small shrub,3.9,10,1.9
bc107e66-0d70-47c1-8d39-e25734b14f3c,BLAN_032.basePlot.vst,2015-09-25,vst_BLAN_2015,D02,BLAN,BLAN_032,NEON.PLA.D02.BLAN.05248,single shrub,3.6,130,3.2
d8e949af-9441-4e11-9c0f-1cedeafbf8a8,BLAN_032.basePlot.vst,2015-09-25,vst_BLAN_2015,D02,BLAN,BLAN_032,NEON.PLA.D02.BLAN.05240,small shrub,1.9,10,1.8
55780c11-07b2-4294-9fe0-eb495869b2fe,BLAN_032.basePlot.vst,2015-09-25,vst_BLAN_2015,D02,BLAN,BLAN_032,NEON.PLA.D02.BLAN.05221,single shrub,3.8,130,3.3
cb96adc5-cfbd-4787-9663-d4ac14b83025,BLAN_032.basePlot.vst,2015-09-25,vst_BLAN_2015,D02,BLAN,BLAN_032,NEON.PLA.D02.BLAN.05239,single shrub,1.7,130,2.3
d94c271f-f32d-4b5c-a609-d6480ea1e5a6,BLAN_032.basePlot.vst,2015-09-25,vst_BLAN_2015,D02,BLAN,BLAN_032,NEON.PLA.D02.BLAN.05223,single shrub,2.9,130,2.8
2ca30dd5-e7d9-498d-9064-2b319d37cfdd,BLAN_032.basePlot.vst,2015-09-25,vst_BLAN_2015,D02,BLAN,BLAN_032,NEON.PLA.D02.BLAN.05230,single shrub,2.5,130,2.7
5524d0bd-f014-431d-9a54-440c3d49a9d0,BLAN_032.basePlot.vst,2015-09-25,vst_BLAN_2015,D02,BLAN,BLAN_032,NEON.PLA.D02.BLAN.05233,small shrub,2.0,10,1.7
868dc99b-73ab-43b9-99fe-b7726a93af95,BLAN_032.basePlot.vst,2015-09-25,vst_BLAN_2015,D02,BLAN,BLAN_032,NEON.PLA.D02.BLAN.05228,small tree,1.1,130,2.0
b629a9a3-c32d-445e-b58d-2179937a9def,BLAN_063.basePlot.vst,2015-09-25,vst_BLAN_2015,D02,BLAN,BLAN_063,NEON.PLA.D02.BLAN.08574,small tree,9.5,130,6.6
9b0a4412-ceeb-4373-a7b5-62fac6f76b93,BLAN_032.basePlot.vst,2015-09-25,vst_BLAN_2015,D02,BLAN,BLAN_032,NEON.PLA.D02.BLAN.05237,single shrub,4.5,130,2.8
b0765cd1-72e7-468c-a5a3-277aa0ded0af,BLAN_032.basePlot.vst,2015-09-25,vst_BLAN_2015,D02,BLAN,BLAN_032,NEON.PLA.D02.BLAN.09925,sapling,1.1,10,1.6
46b03323-f810-4ef3-a396-009b3feeee0a,BLAN_032.basePlot.vst,2015-09-25,vst_BLAN_2015,D02,BLAN,BLAN_032,NEON.PLA.D02.BLAN.05247,single shrub,2.2,130,3.3
1ed68e47-2fdb-4b39-9aae-9076032e415a,BLAN_032.basePlot.vst,2015-09-25,vst_BLAN_2015,D02,BLAN,BLAN_032,NEON.PLA.D02.BLAN.05222,single shrub,1.3,130,2.2
e5ec4dec-75ec-437f-bb2e-ecb12eeb801d,BLAN_032.basePlot.vst,2015-09-25,vst_BLAN_2015,D02,BLAN,BLAN_032,NEON.PLA.D02.BLAN.05245,small shrub,1.9,10,2.2
6c10442c-86cd-4623-bfd6-13a407154adf,BLAN_032.basePlot.vst,2015-09-25,vst_BLAN_2015,D02,BLAN,BLAN_032,NEON.PLA.D02.BLAN.05229,small shrub,1.6,10,1.6
5639a5fb-da42-41f0-8693-9a2d7fc627b2,BLAN_032.basePlot.vst,2015-09-25,vst_BLAN_2015,D02,BLAN,BLAN_032,NEON.PLA.D02.BLAN.05236,single shrub,3.9,130,2.9
e98d5cc8-6cc9-418b-85d5-4ac4ee94bd17,BLAN_032.basePlot.vst,2015-09-25,vst_BLAN_2015,D02,BLAN,BLAN_032,NEON.PLA.D02.BLAN.05246,sapling,1.8,10,1.3
b4867d04-77a0-4fa3-a7b0-2ff7efe378fe,BLAN_032.basePlot.vst,2015-09-25,vst_BLAN_2015,D02,BLAN,BLAN_032,NEON.PLA.D02.BLAN.05235,single shrub,3.4,130,2.9
57d7ba48-4b81-49e4-9895-b39ad01f53ae,BLAN_032.basePlot.vst,2015-09-25,vst_BLAN_2015,D02,BLAN,BLAN_032,NEON.PLA.D02.BLAN.05238,small shrub,1.8,10,1.7
20759fc4-2d1c-4a52-8a17-0f11f40c6482,BLAN_032.basePlot.vst,2015-09-25,vst_BLAN_2015,D02,BLAN,BLAN_032,NEON.PLA.D02.BLAN.05244,single shrub,1.5,130,2.0
f59e0e1a-db7d-43af-b406-0bea0dada4a7,BLAN_032.basePlot.vst,2015-09-25,vst_BLAN_2015,D02,BLAN,BLAN_032,NEON.PLA.D02.BLAN.05234,single shrub,2.7,130,2.7
