uid,namedLocation,date,eventID,domainID,siteID,plotID,individualID,growthForm,stemDiameter,measurementHeight,height
4bd0bf00-d7db-4fe1-bd8b-bac56d1c0353,GRSM_051.basePlot.vst,2016-11-01,vst_GRSM_2016,D07,GRSM,GRSM_051,NEON.PLA.D07.GRSM.01999,multi-bole tree,10.0,130,9.2
7a7b93fb-030b-446e-96a0-7e198a8d6032,GRSM_051.basePlot.vst,2016-11-01,vst_GRSM_2016,D07,GRSM,GRSM_051,NEON.PLA.D07.GRSM.02044,single bole tree,34.3,130,15.8
0d5eb037-369b-4ee5-ad83-39fe37bf089d,GRSM_051.basePlot.vst,2016-11-01,vst_GRSM_2016,D07,GRSM,GRSM_051,NEON.PLA.D07.GRSM.02046,single bole tree,16.4,130,10.6
f9f9eee4-262b-454d-b481-082e4674af60,GRSM_051.basePlot.vst,2016-11-01,vst_GRSM_2016,D07,GRSM,GRSM_051,NEON.PLA.D07.GRSM.01997,single bole tree,12.9,130,9.5
89634ca6-cc37-48d3-ad4e-38d75523a8bd,GRSM_051.basePlot.vst,2016-11-01,vst_GRSM_2016,D07,GRSM,GRSM_051,NEON.PLA.D07.GRSM.02021,single bole tree,10.7,130,8.4
fdc6f9f3-63ed-4a4f-b97e-2579c236d6f8,GRSM_051.basePlot.vst,2016-11-01,vst_GRSM_2016,D07,GRSM,GRSM_051,NEON.PLA.D07.GRSM.02038,single bole tree,13.1,130,4.7
94eb1376-4964-4425-b428-20d1d4471bcd,GRSM_051.basePlot.vst,2016-11-01,vst_GRSM_2016,D07,GRSM,GRSM_051,NEON.PLA.D07.GRSM.02020,single bole tree,24.4,130,6.8
86e1b8fd-bbc0-4eb7-b41c-c5b90f54dac5,GRSM_051.basePlot.vst,2016-11-01,vst_GRSM_2016,D07,GRSM,GRSM_051,NEON.PLA.D07.GRSM.02063,single bole tree,20.8,130,3.2
cd9fc1d0-1aaf-4545-a756-26c1a2bcb2f2,GRSM_051.basePlot.vst,2016-11-01,vst_GRSM_2016,D07,GRSM,GRSM_051,NEON.PLA.D07.GRSM.01989,single bole tree,22.5,130,3.8
16e98a6b-e7a4-4ebf-9c32-8fc969403f2c,GRSM_051.basePlot.vst,2016-11-01,vst_GRSM_2016,D07,GRSM,GRSM_051,NEON.PLA.D07.GRSM.01994,single bole tree,13.7,130,10.7
887ed7d0-2bb2-4260-84c4-349d4187e001,GRSM_051.basePlot.vst,2016-11-01,vst_GRSM_2016,D07,GRSM,GRSM_051,NEON.PLA.D07.GRSM.02055,single bole tree,13.7,130,9.0
c368460a-05d7-4679-b2fe-bc65303da8e9,GRSM_051.basePlot.vst,2016-11-01,vst_GRSM_2016,D07,GRSM,GRSM_051,NEON.PLA.D07.GRSM.02017,multi-bole tree,15.8,130,11.3
1eb976f2-6d2d-4720-a8ce-e37c74bdd2f3,GRSM_051.basePlot.vst,2016-11-01,vst_GRSM_2016,D07,GRSM,GRSM_051,NEON.PLA.D07.GRSM.02035,single bole tree,28.0,130,9.8
197dd4fc-b13c-474e-b306-5841ce1134a7,GRSM_051.basePlot.vst,2016-11-01,vst_GRSM_2016,D07,GRSM,GRSM_051,NEON.PLA.D07.GRSM.02070,single bole tree,14.5,130,11.4
581af337-e6cf-4927-b138-8f5c9b2f524c,GRSM_051.basePlot.vst,2016-11-01,vst_GRSM_2016,D07,GRSM,GRSM_051,NEON.PLA.D07.GRSM.02004,multi-bole tree,12.0,130,10.6
2f657c34-87fb-403f-af78-609bb2360c63,GRSM_051.basePlot.vst,2016-11-01,vst_GRSM_2016,D07,GRSM,GRSM_051,NEON.PLA.D07.GRSM.02059,single bole tree,20.4,130,10.4
3e1d072e-02d3-430d-bdde-6054a44f21f7,GRSM_051.basePlot.vst,2016-11-01,vst_GRSM_2016,D07,GRSM,GRSM_051,NEON.PLA.D07.GRSM.02061,single bole tree,26.2,130,11.2
3d9b50f9-4eec-4304-a8a3-04a656225d5d,GRSM_051.basePlot.vst,2016-11-01,vst_GRSM_2016,D07,GRSM,GRSM_051,NEON.PLA.D07.GRSM.02016,single bole tree,30.0,130,15.7
a410e62e-2bea-47ba-b850-35050d04b585,GRSM_047.basePlot.vst,2016-11-01,vst_GRSM_2016,D07,GRSM,GRSM_047,NEON.PLA.D07.GRSM.01335,single bole tree,26.9,130,16.3
c8922b6e-8c0f-4285-946d-32e67d8bb718,GRSM_047.basePlot.vst,2016-11-01,vst_GRSM_2016,D07,GRSM,GRSM_047,NEON.PLA.D07.GRSM.01281,single bole tree,16.7,130,8.7
350d4723-bc18-4cd6-bad0-5b02077f8e52,GRSM_047.basePlot.vst,2016-11-01,vst_GRSM_2016,D07,GRSM,GRSM_047,NEON.PLA.D07.GRSM.01275,multi-bole tree,11.1,130,7.1
080d683d-ae75-4585-8489-e769bc58d936,GRSM_047.basePlot.vst,2016-11-01,vst_GRSM_2016,D07,GRSM,GRSM_047,NEON.PLA.D07.GRSM.01322,single bole tree,14.5,130,12.1
9dac7afd-ae72-45e7-ac6a-1111b968e802,GRSM_047.basePlot.vst,2016-11-01,vst_GRSM_2016,D07,GRSM,GRSM_047,NEON.PLA.D07.GRSM.01277,single bole tree,15.1,130,9.7
5b6826bf-7652-46ea-aa93-df90b16bb1c2,GRSM_047.basePlot.vst,2016-11-01,vst_GRSM_2016,D07,GRSM,GRSM_047,NEON.PLA.D07.GRSM.01251,single bole tree,10.8,130,5.6
6e34acf4-a312-43da-a6cd-d940b4a01a9d,GRSM_047.basePlot.vst,2016-11-01,vst_GRSM_2016,D07,GRSM,GRSM_047,NEON.PLA.D07.GRSM.01325,single bole tree,16.5,130,5.8
c36efdf2-135e-4334-ab21-26463a8c3678,GRSM_047.basePlot.vst,2016-11-01,vst_GRSM_2016,D07,GRSM,GRSM_047,NEON.PLA.D07.GRSM.01296,single bole tree,13.3,130,12.1
94878af5-d970-4756-9025-e8195d45ec2c,GRSM_047.basePlot.vst,2016-11-01,vst_GRSM_2016,D07,GRSM,GRSM_047,NEON.PLA.D07.GRSM.01270,single bole tree,32.5,130,14.0
6c5b3d43-4c6e-4305-ae86-fbaccdd92485,GRSM_047.basePlot.vst,2016-11-01,vst_GRSM_2016,D07,GRSM,GRSM_047,NEON.PLA.D07.GRSM.01332,single bole tree,15.4,130,11.1
9a40dc63-c2b2-4203-a109-ee2f56344a70,GRSM_047.basePlot.vst,2016-11-01,vst_GRSM_2016,D07,GRSM,GRSM_047,NEON.PLA.D07.GRSM.01290,single bole tree,23.0,130,2.8
327d2e5d-e4cf-40ba-9022-2de0c877df94,GRSM_047.basePlot.vst,2016-11-01,vst_GRSM_2016,D07,GRSM,GRSM_047,NEON.PLA.D07.GRSM.01323,single bole tree,14.6,130,10.0
5f2fd50a-4386-4183-a016-890f8c884c3d,GRSM_051.basePlot.vst,2016-11-01,vst_GRSM_2016,D07,GRSM,GRSM_051,NEON.PLA.D07.GRSM.01996,single bole tree,17.5,130,11.4
12e1ee74-f60f-4752-8ed9-f533f268ba48,GRSM_051.basePlot.vst,2016-11-01,vst_GRSM_2016,D07,GRSM,GRSM_051,NEON.PLA.D07.GRSM.02056,single bole tree,10.4,130,7.6
7476ebfc-c4ca-45ef-8d7b-ce869ea2e993,GRSM_051.basePlot.vst,2016-11-01,vst_GRSM_2016,D07,GRSM,GRSM_051,NEON.PLA.D07.GRSM.01998,single bole tree,14.4,130,2.3
8fa1d6b4-0431-487f-9431-071b06f9da05,GRSM_051.basePlot.vst,2016-11-01,vst_GRSM_2016,D07,GRSM,GRSM_051,NEON.PLA.D07.GRSM.02019,single bole tree,18.9,130,13.8
5b08c754-7363-45d3-b1d2-1edc05e3ca90,GRSM_051.basePlot.vst,2016-11-01,vst_GRSM_2016,D07,GRSM,GRSM_051,NEON.PLA.D07.GRSM.02002,single bole tree,19.8,130,2.2
87a386ec-1b0b-4479-904e-1368988157c6,GRSM_051.basePlot.vst,2016-11-01,vst_GRSM_2016,D07,GRSM,GRSM_051,NEON.PLA.D07.GRSM.02058,single bole tree,11.6,130,8.9
ad4c8334-ba60-4297-9850-e9fdf5812e31,GRSM_051.basePlot.vst,2016-11-01,vst_GRSM_2016,D07,GRSM,GRSM_051,NEON.PLA.D07.GRSM.02034,single bole tree,26.2,130,14.1
1045f291-ee1e-4942-98ba-499c208f0122,GRSM_051.basePlot.vst,2016-11-01,vst_GRSM_2016,D07,GRSM,GRSM_051,NEON.PLA.D07.GRSM.01991,single bole tree,23.9,120,12.3
a7710c1f-51fa-4060-8296-5d960f72334c,GRSM_051.basePlot.vst,2016-11-01,vst_GRSM_2016,D07,GRSM,GRSM_051,NEON.PLA.D07.GRSM.02000,single bole tree,21.6,130,4.1
b2eedad6-f231-478e-98f6-7c3a5b598859,GRSM_051.basePlot.vst,2016-11-01,vst_GRSM_2016,D07,GRSM,GRSM_051,NEON.PLA.D07.GRSM.01986,single bole tree,17.0,130,10.0
20f0fa6b-1f42-477d-a733-28b3b8d028e6,GRSM_051.basePlot.vst,2016-11-01,vst_GRSM_2016,D07,GRSM,GRSM_051,NEON.PLA.D07.GRSM.02040,single bole tree,33.7,130,14.7
b6baa497-5db1-4dcd-92d7-f74f9acd02a0,GRSM_051.basePlot.vst,2016-11-01,vst_GRSM_2016,D07,GRSM,GRSM_051,NEON.PLA.D07.GRSM.02060,multi-bole tree,10.7,130,9.1
5d47934b-3e18-4bb1-8688-ae5ef95d9fe8,GRSM_051.basePlot.vst,2016-11-01,vst_GRSM_2016,D07,GRSM,GRSM_051,NEON.PLA.D07.GRSM.02037,single shrub,10.3,130,4.1
6a2b8f2e-8803-4cd3-aead-38bf2e0dba87,GRSM_051.basePlot.vst,2016-11-01,vst_GRSM_2016,D07,GRSM,GRSM_051,NEON.PLA.D07.GRSM.02039,multi-bole tree,19.8,130,12.0
ae6422b1-6324-4d9b-b7cd-39b14e9372ed,GRSM_051.basePlot.vst,2016-11-01,vst_GRSM_2016,D07,GRSM,GRSM_051,NEON.PLA.D07.GRSM.02057,multi-bole tree,15.4,130,9.5
5e22c603-f16f-42fd-a3dd-34391b2672f1,GRSM_051.basePlot.vst,2016-11-01,vst_GRSM_2016,D07,GRSM,GRSM_051,NEON.PLA.D07.GRSM.02045,single bole tree,18.8,130,9.5
1f5497a8-f047-47b1-8244-1a2771fca0ad,GRSM_051.basePlot.vst,2016-11-01,vst_GRSM_2016,D07,GRSM,GRSM_051,NEON.PLA.D07.GRSM.02072,single bole tree,19.2,130,10.9
0064ebf5-cb5a-4b39-be1b-2df82b2368bf,GRSM_051.basePlot.vst,2016-11-01,vst_GRSM_2016,D07,GRSM,GRSM_051,NEON.PLA.D07.GRSM.01987,multi-bole tree,10.8,130,8.7
b11dc733-1420-4050-ad4f-11fa18c9da6e,GRSM_051.basePlot.vst,2016-11-01,vst_GRSM_2016,D07,GRSM,GRSM_051,NEON.PLA.D07.GRSM.02003,single bole tree,14.6,130,10.7
c67fcfc0-3ca3-406b-bcc8-cc84d22fa788,GRSM_051.basePlot.vst,2016-11-01,vst_GRSM_2016,D07,GRSM,GRSM_051,NEON.PLA.D07.GRSM.02041,single bole tree,43.7,130,15.2
15d9d342-5f42-4290-8819-cb8ed317ce35,GRSM_051.basePlot.vst,2016-11-01,vst_GRSM_2016,D07,GRSM,GRSM_051,NEON.PLA.D07.GRSM.02071,single bole tree,14.1,130,8.6
7033df1b-b1e3-4ab0-b5c5-9cbf32c4e310,GRSM_051.basePlot.vst,2016-11-01,vst_GRSM_2016,D07,GRSM,GRSM_051,NEON.PLA.D07.GRSM.02015,single bole tree,14.8,130,11.0
986010c6-939f-4112-a498-9fa7b2343214,GRSM_051.basePlot.vst,2016-11-01,vst_GRSM_2016,D07,GRSM,GRSM_051,NEON.PLA.D07.GRSM.02043,single bole tree,31.1,130,15.5
399458b8-f3ac-4216-9c33-38c7b125680e,GRSM_047.basePlot.vst,2016-11-01,vst_GRSM_2016,D07,GRSM,GRSM_047,NEON.PLA.D07.GRSM.01279,single bole tree,10.4,130,7.7
cad81384-f162-4df7-a313-6034a8066a77,GRSM_047.basePlot.vst,2016-11-01,vst_GRSM_2016,D07,GRSM,GRSM_047,NEON.PLA.D07.GRSM.01331,multi-bole tree,25.4,130,11.5
552ce1fa-3e71-402a-af76-52575614b100,GRSM_047.basePlot.vst,2016-11-01,vst_GRSM_2016,D07,GRSM,GRSM_047,NEON.PLA.D07.GRSM.01278,single bole tree,17.0,140,8.6
9a603214-75dc-4643-90d6-4f4aa5c65716,GRSM_047.basePlot.vst,2016-11-01,vst_GRSM_2016,D07,GRSM,GRSM_047,NEON.PLA.D07.GRSM.01269,single bole tree,34.5,130,13.2
db9869e4-02a6-409a-83d3-f6f2656c6c4f,GRSM_047.basePlot.vst,2016-11-01,vst_GRSM_2016,D07,GRSM,GRSM_047,NEON.PLA.D07.GRSM.01319,single bole tree,30.1,130,5.4
31339556-ca0e-46d6-a496-7fa0ba895644,GRSM_047.basePlot.vst,2016-11-01,vst_GRSM_2016,D07,GRSM,GRSM_047,NEON.PLA.D07.GRSM.01291,single bole tree,10.2,130,8.1
116abad6-ee9e-4027-aa02-91dcb3d107b0,GRSM_047.basePlot.vst,2016-11-01,vst_GRSM_2016,D07,GRSM,GRSM_047,NEON.PLA.D07.GRSM.01274,single bole tree,15.2,130,11.4
85eec226-eb0d-4564-88d7-6fa500ad7dde,GRSM_047.basePlot.vst,2016-11-01,vst_GRSM_2016,D07,GRSM,GRSM_047,NEON.PLA.D07.GRSM.01245,single bole tree,13.4,130,10.1
51a34b5f-30d4-4184-89b5-31b326475575,GRSM_047.basePlot.vst,2016-11-01,vst_GRSM_2016,D07,GRSM,GRSM_047,NEON.PLA.D07.GRSM.01293,single bole tree,10.3,130,4.8
a1826cd6-8040-4cfa-97cf-3496cc166336,GRSM_047.basePlot.vst,2016-11-01,vst_GRSM_2016,D07,GRSM,GRSM_047,NEON.PLA.D07.GRSM.01292,single bole tree,11.4,130,6.4
f6e58404-ae7d-4a73-96ac-f1c5ade22834,GRSM_047.basePlot.vst,2016-11-01,vst_GRSM_2016,D07,GRSM,GRSM_047,NEON.PLA.D07.GRSM.01273,single bole tree,10.8,130,6.6
7014cbe5-23c9-4124-bb68-b088b26302dd,GRSM_047.basePlot.vst,2016-11-01,vst_GRSM_2016,D07,GRSM,GRSM_047,NEON.PLA.D07.GRSM.01326,single bole tree,18.9,130,12.3
4d22223b-3341-4fac-b8f4-7237e7468a45,GRSM_047.basePlot.vst,2016-11-01,vst_GRSM_2016,D07,GRSM,GRSM_047,NEON.PLA.D07.GRSM.01307,single bole tree,27.8,130,12.3
1094ab79-595d-4ecd-8df6-743d09ea25ed,GRSM_051.basePlot.vst,2016-11-01,vst_GRSM_2016,D07,GRSM,GRSM_051,NEON.PLA.D07.GRSM.01979,single bole tree,32.6,130,10.8
d15bd8a3-92b0-4ccb-9b8a-543f7d6371b1,GRSM_051.basePlot.vst,2016-11-01,vst_GRSM_2016,D07,GRSM,GRSM_051,NEON.PLA.D07.GRSM.02022,single bole tree,18.8,130,13.2
5cd020d6-66dc-4456-8b25-0bfb7e73b680,GRSM_051.basePlot.vst,2016-11-01,vst_GRSM_2016,D07,GRSM,GRSM_051,NEON.PLA.D07.GRSM.02036,multi-bole tree,12.4,130,8.6
55e4020a-e6e1-48f9-bc02-1e48db2444a6,GRSM_051.basePlot.vst,2016-11-01,vst_GRSM_2016,D07,GRSM,GRSM_051,NEON.PLA.D07.GRSM.01993,single bole tree,41.5,130,16.6
937eaf45-7139-484b-b896-201a0f4cd516,GRSM_051.basePlot.vst,2016-11-01,vst_GRSM_2016,D07,GRSM,GRSM_051,NEON.PLA.D07.GRSM.01990,single bole tree,16.0,130,12.1
1ba559a7-f22a-43d3-85dc-45bd14122d7e,GRSM_051.basePlot.vst,2016-11-01,vst_GRSM_2016,D07,GRSM,GRSM_051,NEON.PLA.D07.GRSM.02065,single bole tree,13.8,130,7.7
306247ff-5a39-4cee-952e-47e3d72298f6,GRSM_051.basePlot.vst,2016-11-01,vst_GRSM_2016,D07,GRSM,GRSM_051,NEON.PLA.D07.GRSM.01981,single bole tree,38.5,130,17.0
cf120ae7-278b-44a4-96a2-8f82abf19342,GRSM_051.basePlot.vst,2016-11-01,vst_GRSM_2016,D07,GRSM,GRSM_051,NEON.PLA.D07.GRSM.01988,single bole tree,26.7,130,14.3
183bb05d-269e-4a75-a4d2-aa4279ca7c82,GRSM_051.basePlot.vst,2016-11-01,vst_GRSM_2016,D07,GRSM,GRSM_051,NEON.PLA.D07.GRSM.02062,single bole tree,15.5,130,10.0
a59ec4f8-9384-4162-bf84-f4b7bbd0c7cb,GRSM_051.basePlot.vst,2016-11-01,vst_GRSM_2016,D07,GRSM,GRSM_051,NEON.PLA.D07.GRSM.01980,single bole tree,19.4,130,12.1
87e116c9-364b-4be7-862a-c7fa87e9750a,GRSM_051.basePlot.vst,2016-11-01,vst_GRSM_2016,D07,GRSM,GRSM_051,NEON.PLA.D07.GRSM.02047,single bole tree,17.7,130,9.4
a0b12639-5a41-4e5a-9366-db10906ec82e,GRSM_051.basePlot.vst,2016-11-01,vst_GRSM_2016,D07,GRSM,GRSM_051,NEON.PLA.D07.GRSM.01995,single bole tree,10.4,130,9.1
d6f1a83c-9e11-4bbf-9178-0468b57d6bdc,GRSM_051.basePlot.vst,2016-11-01,vst_GRSM_2016,D07,GRSM,GRSM_051,NEON.PLA.D07.GRSM.02054,single bole tree,15.9,130,10.0
9573cba3-86d3-47e0-947f-8291612e3f99,GRSM_047.basePlot.vst,2016-11-01,vst_GRSM_2016,D07,GRSM,GRSM_047,NEON.PLA.D07.GRSM.01330,single bole tree,11.9,130,6.6
a353f7e5-e6ca-4e0d-8e25-cfb7b8928982,GRSM_047.basePlot.vst,2016-11-01,vst_GRSM_2016,D07,GRSM,GRSM_047,NEON.PLA.D07.GRSM.01334,single bole tree,15.8,130,8.2
22569c63-ffcf-4464-b1de-e536ea558fe8,GRSM_047.basePlot.vst,2016-11-01,vst_GRSM_2016,D07,GRSM,GRSM_047,NEON.PLA.D07.GRSM.01264,single bole tree,32.7,130,3.0
7931a0a6-99f0-4387-88aa-cfbbde95b820,GRSM_047.basePlot.vst,2016-11-01,vst_GRSM_2016,D07,GRSM,GRSM_047,NEON.PLA.D07.GRSM.01282,single bole tree,14.4,130,6.6
166f7ab1-35b5-4f39-8834-41b6d8976cb5,GRSM_047.basePlot.vst,2016-11-01,vst_GRSM_2016,D07,GRSM,GRSM_047,NEON.PLA.D07.GRSM.01289,single bole tree,44.9,130,12.6
df8a1c39-5a18-4931-ab3a-84c4c1bd7210,GRSM_047.basePlot.vst,2016-11-01,vst_GRSM_2016,D07,GRSM,GRSM_047,NEON.PLA.D07.GRSM.01336,multi-bole tree,38.2,130,14.3
c26bdc4a-bb09-4220-b431-53d61c8d8df0,GRSM_047.basePlot.vst,2016-11-01,vst_GRSM_2016,D07,GRSM,GRSM_047,NEON.PLA.D07.GRSM.01294,single bole tree,12.3,130,8.7
4b6766fb-51a6-47ae-8666-994b684192d5,GRSM_047.basePlot.vst,2016-11-01,vst_GRSM_2016,D07,GRSM,GRSM_047,NEON.PLA.D07.GRSM.01286,single bole tree,15.0,130,10.5
a5e0e1b9-02dc-4fbe-be32-32a31511867b,GRSM_047.basePlot.vst,2016-11-01,vst_GRSM_2016,D07,GRSM,GRSM_047,NEON.PLA.D07.GRSM.01250,single bole tree,41.6,130,20.4
34fdcb27-35a8-4b5f-b9d0-5f683049380a,GRSM_047.basePlot.vst,2016-11-01,vst_GRSM_2016,D07,GRSM,GRSM_047,NEON.PLA.D07.GRSM.01287,single bole tree,23.0,130,8.4
6416c4a7-ed34-4fa1-b18a-faaff4556998,GRSM_047.basePlot.vst,2016-11-01,vst_GRSM_2016,D07,GRSM,GRSM_047,NEON.PLA.D07.GRSM.01276,single bole tree,15.7,130,5.3
481c32c0-1bfd-4aa1-b1bd-4f4b788cc82a,GRSM_047.basePlot.vst,2016-11-01,vst_GRSM_2016,D07,GRSM,GRSM_047,NEON.PLA.D07.GRSM.01321,single bole tree,13.1,130,10.0
7726b624-a02a-4f33-86fe-e22091ebc7ae,GRSM_047.basePlot.vst,2016-11-01,vst_GRSM_2016,D07,GRSM,GRSM_047,NEON.PLA.D07.GRSM.01327,single bole tree,35.4,130,16.3
65ecb8c5-7ab3-48eb-8cad-fa4f78833640,GRSM_047.basePlot.vst,2016-11-01,vst_GRSM_2016,D07,GRSM,GRSM_047,NEON.PLA.D07.GRSM.01324,single bole tree,11.8,130,7.5
86df161b-8501-4858-917b-831a908542e2,GRSM_047.basePlot.vst,2016-11-01,vst_GRSM_2016,D07,GRSM,GRSM_047,NEON.PLA.D07.GRSM.01339,single bole tree,24.5,130,13.8
5670b378-ad9a-4837-bfc3-7dd13fa236fc,GRSM_047.basePlot.vst,2016-11-01,vst_GRSM_2016,D07,GRSM,GRSM_047,NEON.PLA.D07.GRSM.01271,single bole tree,13.1,130,8.1
09d42fc3-8b92-4512-b7a7-34faef800620,GRSM_047.basePlot.vst,2016-11-01,vst_GRSM_2016,D07,GRSM,GRSM_047,NEON.PLA.D07.GRSM.01341,multi-bole tree,11.2,130,10.0
1b154d91-6de0-4cbc-8605-2264fce051af,GRSM_047.basePlot.vst,2016-11-01,vst_GRSM_2016,D07,GRSM,GRSM_047,NEON.PLA.D07.GRSM.01333,single bole tree,24.5,130,15.9
1934b5cf-d69c-4e10-ac76-6fbc57d8419c,GRSM_047.basePlot.vst,2016-11-01,vst_GRSM_2016,D07,GRSM,GRSM_047,NEON.PLA.D07.GRSM.01283,multi-bole tree,11.8,130,7.8
9659711d-46f7-478f-a1fd-8708d4dae325,GRSM_047.basePlot.vst,2016-11-01,vst_GRSM_2016,D07,GRSM,GRSM_047,NEON.PLA.D07.GRSM.01329,single bole tree,14.9,130,13.2
6faa92cb-b33f-4dca-8772-24f88339dffa,GRSM_047.basePlot.vst,2016-11-01,vst_GRSM_2016,D07,GRSM,GRSM_047,NEON.PLA.D07.GRSM.01280,single bole tree,18.1,130,9.7
33a6f124-6081-4f43-94f9-9d286ea912f3,GRSM_047.basePlot.vst,2016-11-01,vst_GRSM_2016,D07,GRSM,GRSM_047,NEON.PLA.D07.GRSM.01295,single bole tree,14.0,130,10.7
227561bb-6fce-4673-afa1-577d685cce75,GRSM_047.basePlot.vst,2016-11-01,vst_GRSM_2016,D07,GRSM,GRSM_047,NEON.PLA.D07.GRSM.01268,single bole tree,15.2,130,6.3
a0cbd9ef-477c-4627-8040-90fd6105a498,GRSM_047.basePlot.vst,2016-11-01,vst_GRSM_2016,D07,GRSM,GRSM_047,NEON.PLA.D07.GRSM.01285,single bole tree,14.8,130,6.3
9437a191-405f-49f0-8829-2f9415d49d4e,GRSM_047.basePlot.vst,2016-11-01,vst_GRSM_2016,D07,GRSM,GRSM_047,NEON.PLA.D07.GRSM.01328,single bole tree,24.8,130,14.9
c828589c-6ab4-4d7e-a41e-e26e30ff6756,GRSM_053.basePlot.vst,2016-11-02,vst_GRSM_2016,D07,GRSM,GRSM_053,NEON.PLA.D07.GRSM.01597,single bole tree,56.3,130,39.8
bffd13dd-5dc5-40d7-b675-a0fa97304a26,GRSM_053.basePlot.vst,2016-11-02,vst_GRSM_2016,D07,GRSM,GRSM_053,NEON.PLA.D07.GRSM.01558,single bole tree,53.9,130,41.0
f7ab3fe3-ed92-4fad-937c-87729786e7bc,GRSM_053.basePlot.vst,2016-11-02,vst_GRSM_2016,D07,GRSM,GRSM_053,NEON.PLA.D07.GRSM.01500,single bole tree,52.7,130,39.0
1230dc41-355f-4e70-9b6a-7ca3677e1a10,GRSM_053.basePlot.vst,2016-11-02,vst_GRSM_2016,D07,GRSM,GRSM_053,NEON.PLA.D07.GRSM.01511,single bole tree,57.0,130,40.6
c333bdab-ea57-4977-b7eb-76fedef2ed5d,GRSM_053.basePlot.vst,2016-11-02,vst_GRSM_2016,D07,GRSM,GRSM_053,NEON.PLA.D07.GRSM.01526,single bole tree,24.0,130,21.7
404e30ff-43c4-4782-a1b8-2e45496fab52,GRSM_053.basePlot.vst,2016-11-02,vst_GRSM_2016,D07,GRSM,GRSM_053,NEON.PLA.D07.GRSM.01473,single bole tree,17.4,130,15.5
c2a50e89-baab-4ddb-8faa-b4354973f0cd,GRSM_053.basePlot.vst,2016-11-02,vst_GRSM_2016,D07,GRSM,GRSM_053,NEON.PLA.D07.GRSM.01572,single bole tree,14.8,130,10.9
7dfc47a4-5d6b-4605-a1ed-d0b2b133f033,GRSM_053.basePlot.vst,2016-11-02,vst_GRSM_2016,D07,GRSM,GRSM_053,NEON.PLA.D07.GRSM.01516,single bole tree,50.0,130,40.6
78fb0d51-c835-4d9d-b7b7-31a164156267,GRSM_053.basePlot.vst,2016-11-02,vst_GRSM_2016,D07,GRSM,GRSM_053,NEON.PLA.D07.GRSM.01512,single bole tree,13.7,130,9.7
5bae21f0-00d4-4d2a-a29c-84e04a181a91,GRSM_053.basePlot.vst,2016-11-02,vst_GRSM_2016,D07,GRSM,GRSM_053,NEON.PLA.D07.GRSM.01508,single bole tree,21.7,130,22.1
71735618-353a-4cc6-9769-125c06a4dc75,GRSM_053.basePlot.vst,2016-11-02,vst_GRSM_2016,D07,GRSM,GRSM_053,NEON.PLA.D07.GRSM.01567,single bole tree,47.6,130,41.3
5b890914-1b25-41c7-8190-a5e84bdd6ae6,GRSM_053.basePlot.vst,2016-11-02,vst_GRSM_2016,D07,GRSM,GRSM_053,NEON.PLA.D07.GRSM.01501,single bole tree,45.1,130,37.4
74a7e622-2759-438f-a168-324e6e6d25ef,GRSM_053.basePlot.vst,2016-11-02,vst_GRSM_2016,D07,GRSM,GRSM_053,NEON.PLA.D07.GRSM.01578,single bole tree,49.0,130,43.3
a1cb3554-1ea5-4e43-a902-64a94ba11969,GRSM_053.basePlot.vst,2016-11-02,vst_GRSM_2016,D07,GRSM,GRSM_053,NEON.PLA.D07.GRSM.01594,single bole tree,78.2,130,40.6
206bb77f-9fb1-45e4-95ec-3ff050b702de,GRSM_053.basePlot.vst,2016-11-02,vst_GRSM_2016,D07,GRSM,GRSM_053,NEON.PLA.D07.GRSM.01519,single bole tree,45.6,130,38.1
13612693-0d34-4ed9-94da-c5d0358d0e38,GRSM_053.basePlot.vst,2016-11-02,vst_GRSM_2016,D07,GRSM,GRSM_053,NEON.PLA.D07.GRSM.01470,single bole tree,29.7,130,31.4
71501894-ee74-435b-bcfd-1b036db1ec6c,GRSM_053.basePlot.vst,2016-11-02,vst_GRSM_2016,D07,GRSM,GRSM_053,NEON.PLA.D07.GRSM.01595,single bole tree,53.0,130,38.6
ce0c0624-be06-4baf-9253-ba478d0092b6,GRSM_053.basePlot.vst,2016-11-02,vst_GRSM_2016,D07,GRSM,GRSM_053,NEON.PLA.D07.GRSM.01509,single bole tree,34.0,130,34.1
63b71062-500f-4936-83d4-d2501ec05225,GRSM_053.basePlot.vst,2016-11-02,vst_GRSM_2016,D07,GRSM,GRSM_053,NEON.PLA.D07.GRSM.01515,single bole tree,13.8,130,11.1
a60119c4-9ec0-4025-84e4-d96b188fba1b,GRSM_053.basePlot.vst,2016-11-02,vst_GRSM_2016,D07,GRSM,GRSM_053,NEON.PLA.D07.GRSM.01475,single bole tree,55.9,130,40.0
fdf773cf-1adf-4ec6-b01d-5543b5120aff,GRSM_053.basePlot.vst,2016-11-02,vst_GRSM_2016,D07,GRSM,GRSM_053,NEON.PLA.D07.GRSM.01591,single bole tree,39.1,130,33.0
b2dd2267-87f4-4c06-a982-986c3294e354,GRSM_053.basePlot.vst,2016-11-02,vst_GRSM_2016,D07,GRSM,GRSM_053,NEON.PLA.D07.GRSM.01483,single bole tree,56.9,130,39.2
a00931b8-07ab-4539-89a7-e01d2661c787,GRSM_053.basePlot.vst,2016-11-02,vst_GRSM_2016,D07,GRSM,GRSM_053,NEON.PLA.D07.GRSM.01556,single bole tree,42.3,130,35.1
a042c720-0592-4687-bafc-2fc9ae91c788,GRSM_053.basePlot.vst,2016-11-02,vst_GRSM_2016,D07,GRSM,GRSM_053,NEON.PLA.D07.GRSM.01577,single bole tree,58.8,130,41.7
71902c19-5753-425e-8774-6886c3015a60,GRSM_053.basePlot.vst,2016-11-02,vst_GRSM_2016,D07,GRSM,GRSM_053,NEON.PLA.D07.GRSM.01514,single bole tree,28.9,130,15.2
91197b1c-245d-41b8-8cfb-184cdcd02d26,GRSM_053.basePlot.vst,2016-11-02,vst_GRSM_2016,D07,GRSM,GRSM_053,NEON.PLA.D07.GRSM.01465,single bole tree,51.9,130,37.3
927a09ad-0bef-4ba0-a430-a1a30b28bc0e,GRSM_053.basePlot.vst,2016-11-02,vst_GRSM_2016,D07,GRSM,GRSM_053,NEON.PLA.D07.GRSM.01518,single bole tree,33.5,130,36.6
5c5c62de-60ab-4440-b216-f76a2ec22d9c,GRSM_053.basePlot.vst,2016-11-02,vst_GRSM_2016,D07,GRSM,GRSM_053,NEON.PLA.D07.GRSM.01560,multi-bole tree,36.6,130,34.2
95524f71-b4de-4946-bd9a-c1203fffed3e,GRSM_053.basePlot.vst,2016-11-02,vst_GRSM_2016,D07,GRSM,GRSM_053,NEON.PLA.D07.GRSM.01593,single bole tree,27.3,130,23.6
9b9c068f-3ded-4785-8dc2-128364831d95,GRSM_053.basePlot.vst,2016-11-02,vst_GRSM_2016,D07,GRSM,GRSM_053,NEON.PLA.D07.GRSM.01513,single bole tree,46.8,130,39.8
33ce4f1b-77f3-4349-b79e-38c9a759d41f,GRSM_053.basePlot.vst,2016-11-02,vst_GRSM_2016,D07,GRSM,GRSM_053,NEON.PLA.D07.GRSM.01560A,multi-bole tree,31.3,130,34.2
adf947f6-8c1c-46ee-833f-01926ad0d316,GRSM_053.basePlot.vst,2016-11-02,vst_GRSM_2016,D07,GRSM,GRSM_053,NEON.PLA.D07.GRSM.01596,single bole tree,67.1,130,41.0
76efdf2e-fe2a-4374-80ea-192394755ade,GRSM_053.basePlot.vst,2016-11-02,vst_GRSM_2016,D07,GRSM,GRSM_053,NEON.PLA.D07.GRSM.01491,multi-bole tree,37.1,130,38.0
9e95e6c0-7d8a-41c4-a357-d3f639126da9,GRSM_053.basePlot.vst,2016-11-02,vst_GRSM_2016,D07,GRSM,GRSM_053,NEON.PLA.D07.GRSM.01517,single bole tree,34.0,130,5.2
9ab02593-b590-4ab9-a48b-0df2934d603b,GRSM_059.basePlot.vst,2016-11-03,vst_GRSM_2016,D07,GRSM,GRSM_059,NEON.PLA.D07.GRSM.00370,single bole tree,11.8,130,7.9
082542dd-8fd3-4b9c-a2cc-3fd59c453617,GRSM_059.basePlot.vst,2016-11-03,vst_GRSM_2016,D07,GRSM,GRSM_059,NEON.PLA.D07.GRSM.00366,single bole tree,24.3,130,17.5
dac2c32e-6851-44c2-b19e-92bc7f3e7aee,GRSM_059.basePlot.vst,2016-11-03,vst_GRSM_2016,D07,GRSM,GRSM_059,NEON.PLA.D07.GRSM.00406,single bole tree,24.7,130,13.0
d6c35194-12a6-4355-85b0-9b32e8fa0a78,GRSM_059.basePlot.vst,2016-11-03,vst_GRSM_2016,D07,GRSM,GRSM_059,NEON.PLA.D07.GRSM.00365,single bole tree,43.4,130,22.5
58e9a3e9-50f5-43bd-bea6-1dceac049c2d,GRSM_059.basePlot.vst,2016-11-03,vst_GRSM_2016,D07,GRSM,GRSM_059,NEON.PLA.D07.GRSM.00387,single bole tree,11.1,130,9.1
6ec6abfa-8dea-4af6-884a-5423c6b178dc,GRSM_059.basePlot.vst,2016-11-03,vst_GRSM_2016,D07,GRSM,GRSM_059,NEON.PLA.D07.GRSM.00359,single bole tree,13.2,130,9.4
90e95d00-725e-4e93-84c9-8308907fbc8f,GRSM_059.basePlot.vst,2016-11-03,vst_GRSM_2016,D07,GRSM,GRSM_059,NEON.PLA.D07.GRSM.00395,single bole tree,19.2,130,14.0
ff0f71df-3507-4b8f-ba7d-afef03c3e3bb,GRSM_059.basePlot.vst,2016-11-03,vst_GRSM_2016,D07,GRSM,GRSM_059,NEON.PLA.D07.GRSM.00413,single bole tree,46.8,130,20.5
ff556799-6a44-461c-a458-3b47fc3c84bc,GRSM_059.basePlot.vst,2016-11-03,vst_GRSM_2016,D07,GRSM,GRSM_059,NEON.PLA.D07.GRSM.00417,single bole tree,11.8,130,7.8
edd0912b-f8eb-4d07-9c31-f54f2b3afd01,GRSM_059.basePlot.vst,2016-11-03,vst_GRSM_2016,D07,GRSM,GRSM_059,NEON.PLA.D07.GRSM.00398,single bole tree,16.4,130,12.0
1465a7f8-d088-4f48-9063-c86ea9e76b43,GRSM_059.basePlot.vst,2016-11-03,vst_GRSM_2016,D07,GRSM,GRSM_059,NEON.PLA.D07.GRSM.00435,NA,NA,NA,NA
1928b4c0-d999-4156-8fe4-adbb3345e172,GRSM_059.basePlot.vst,2016-11-03,vst_GRSM_2016,D07,GRSM,GRSM_059,NEON.PLA.D07.GRSM.00378,single bole tree,12.6,130,10.2
4594b8ca-9373-409a-9135-826031a9c7c2,GRSM_059.basePlot.vst,2016-11-03,vst_GRSM_2016,D07,GRSM,GRSM_059,NEON.PLA.D07.GRSM.00351,single bole tree,13.5,130,12.0
f1b36ed1-12b4-465d-9650-c69dd574739d,GRSM_059.basePlot.vst,2016-11-03,vst_GRSM_2016,D07,GRSM,GRSM_059,NEON.PLA.D07.GRSM.00437,single bole tree,13.5,130,10.0
ef33a8fc-fce5-4ebd-b108-8952422d6e8b,GRSM_059.basePlot.vst,2016-11-03,vst_GRSM_2016,D07,GRSM,GRSM_059,NEON.PLA.D07.GRSM.00362,single bole tree,13.9,130,12.9
e7f70e34-6f7d-4146-be14-36b115941546,GRSM_059.basePlot.vst,2016-11-03,vst_GRSM_2016,D07,GRSM,GRSM_059,NEON.PLA.D07.GRSM.00374,multi-bole tree,45.6,130,22.5
fb7be01e-ed32-4a2e-96f0-17e3ec0cb971,GRSM_059.basePlot.vst,2016-11-03,vst_GRSM_2016,D07,GRSM,GRSM_059,NEON.PLA.D07.GRSM.00363,single bole tree,14.0,130,8.9
7012457a-fd1a-4e44-bbe7-19b5ad9cd767,GRSM_059.basePlot.vst,2016-11-03,vst_GRSM_2016,D07,GRSM,GRSM_059,NEON.PLA.D07.GRSM.00438,single bole tree,19.0,130,12.0
63ae12ae-c115-4f29-812b-ff81592208b2,GRSM_059.basePlot.vst,2016-11-03,vst_GRSM_2016,D07,GRSM,GRSM_059,NEON.PLA.D07.GRSM.00392,single bole tree,11.7,130,6.9
47b241bd-2e4c-40f0-834c-9c7cc5355aa4,GRSM_059.basePlot.vst,2016-11-03,vst_GRSM_2016,D07,GRSM,GRSM_059,NEON.PLA.D07.GRSM.00361,single bole tree,16.1,130,9.4
ba43d49a-f92c-4400-95f4-fb807f17c233,GRSM_059.basePlot.vst,2016-11-03,vst_GRSM_2016,D07,GRSM,GRSM_059,NEON.PLA.D07.GRSM.00348,single bole tree,24.3,130,15.4
774dfa85-9fc1-4831-b1f8-7700b5a2570a,GRSM_059.basePlot.vst,2016-11-03,vst_GRSM_2016,D07,GRSM,GRSM_059,NEON.PLA.D07.GRSM.00397,single bole tree,15.5,130,9.7
b2f16b06-28fc-450e-bba0-9ac39eb5e039,GRSM_059.basePlot.vst,2016-11-03,vst_GRSM_2016,D07,GRSM,GRSM_059,NEON.PLA.D07.GRSM.00377,single bole tree,23.8,130,14.4
a2b83718-9b99-409a-8cc3-b44342148fbf,GRSM_059.basePlot.vst,2016-11-03,vst_GRSM_2016,D07,GRSM,GRSM_059,NEON.PLA.D07.GRSM.00360,single bole tree,10.0,130,10.0
0b572b7b-6d17-4a0a-95bd-8f67f1507bf3,GRSM_059.basePlot.vst,2016-11-03,vst_GRSM_2016,D07,GRSM,GRSM_059,NEON.PLA.D07.GRSM.00368,single bole tree,17.2,130,12.9
ae9be77f-11cb-49b6-a603-b640eb6519b3,GRSM_059.basePlot.vst,2016-11-03,vst_GRSM_2016,D07,GRSM,GRSM_059,NEON.PLA.D07.GRSM.00372,single bole tree,20.5,130,16.6
f2fb9513-8207-48d0-845c-4917e5d8e137,GRSM_059.basePlot.vst,2016-11-03,vst_GRSM_2016,D07,GRSM,GRSM_059,NEON.PLA.D07.GRSM.00381,single bole tree,15.9,130,10.8
cbdf9249-a7eb-41ec-ac07-89089e51e7cc,GRSM_059.basePlot.vst,2016-11-03,vst_GRSM_2016,D07,GRSM,GRSM_059,NEON.PLA.D07.GRSM.00390,single bole tree,14.7,130,8.0
e2089335-42fb-4f48-981c-fc0c7d18c437,GRSM_059.basePlot.vst,2016-11-03,vst_GRSM_2016,D07,GRSM,GRSM_059,NEON.PLA.D07.GRSM.00418A,multi-bole tree,20.3,130,15.5
ec024eca-8b02-4ef4-864a-a9b8b483d3ad,GRSM_059.basePlot.vst,2016-11-03,vst_GRSM_2016,D07,GRSM,GRSM_059,NEON.PLA.D07.GRSM.00391,single bole tree,21.4,130,16.6
d3749414-07e4-4065-8a93-f5ab42114d82,GRSM_059.basePlot.vst,2016-11-03,vst_GRSM_2016,D07,GRSM,GRSM_059,NEON.PLA.D07.GRSM.00346,single bole tree,1.6,130,11.8
8375749f-6e2f-4e26-b127-6eb946dd890d,GRSM_059.basePlot.vst,2016-11-03,vst_GRSM_2016,D07,GRSM,GRSM_059,NEON.PLA.D07.GRSM.00375,single bole tree,12.2,130,6.9
8e15572d-1f5e-40e4-a2a1-d07773c29348,GRSM_059.basePlot.vst,2016-11-03,vst_GRSM_2016,D07,GRSM,GRSM_059,NEON.PLA.D07.GRSM.00388,single bole tree,57.8,130,19.0
6cf92b71-836e-456e-9730-c24cef251b12,GRSM_059.basePlot.vst,2016-11-03,vst_GRSM_2016,D07,GRSM,GRSM_059,NEON.PLA.D07.GRSM.00385,single bole tree,25.8,130,14.7
f0b5414b-adae-4b80-aaf0-4b41876d3fab,GRSM_059.basePlot.vst,2016-11-03,vst_GRSM_2016,D07,GRSM,GRSM_059,NEON.PLA.D07.GRSM.00382,single bole tree,12.6,130,10.4
d10c37d5-ab55-4e97-88f0-ca5ab78752b8,GRSM_059.basePlot.vst,2016-11-03,vst_GRSM_2016,D07,GRSM,GRSM_059,NEON.PLA.D07.GRSM.00379,single bole tree,16.7,130,12.0
509afa8b-b2c7-4aad-809a-6a6ab3ae27dd,GRSM_059.basePlot.vst,2016-11-03,vst_GRSM_2016,D07,GRSM,GRSM_059,NEON.PLA.D07.GRSM.00434,single bole tree,28.6,130,12.2
2bc7b6eb-49fe-4418-b6c2-00f386ea1366,GRSM_059.basePlot.vst,2016-11-03,vst_GRSM_2016,D07,GRSM,GRSM_059,NEON.PLA.D07.GRSM.00436,single bole tree,17.2,130,9.0
e62a54d7-4da0-4d83-9870-ffc852cd3cac,GRSM_059.basePlot.vst,2016-11-03,vst_GRSM_2016,D07,GRSM,GRSM_059,NEON.PLA.D07.GRSM.00386,single bole tree,20.2,130,14.4
a52800d8-3124-4fac-9e1a-7fbb43a5eb35,GRSM_059.basePlot.vst,2016-11-03,vst_GRSM_2016,D07,GRSM,GRSM_059,NEON.PLA.D07.GRSM.00389,single bole tree,17.9,130,9.9
2fc0cfd4-5efc-4e9b-aa89-444b942d635e,GRSM_059.basePlot.vst,2016-11-03,vst_GRSM_2016,D07,GRSM,GRSM_059,NEON.PLA.D07.GRSM.00416,single bole tree,25.8,130,19.0
e7f85c8b-f946-4bee-af9b-d1d3ed74bb8b,GRSM_059.basePlot.vst,2016-11-03,vst_GRSM_2016,D07,GRSM,GRSM_059,NEON.PLA.D07.GRSM.00418,multi-bole tree,21.4,130,15.5
997166b4-2e99-4cdc-9e24-becc2cc38640,GRSM_059.basePlot.vst,2016-11-03,vst_GRSM_2016,D07,GRSM,GRSM_059,NEON.PLA.D07.GRSM.00376,single bole tree,28.1,130,18.9
a4cf4c64-475d-4a12-9e2c-d33bac9854cf,GRSM_059.basePlot.vst,2016-11-03,vst_GRSM_2016,D07,GRSM,GRSM_059,NEON.PLA.D07.GRSM.00356,single bole tree,19.2,130,15.3
5463e1a5-bf43-4a9a-b50e-b559b84e3386,GRSM_059.basePlot.vst,2016-11-03,vst_GRSM_2016,D07,GRSM,GRSM_059,NEON.PLA.D07.GRSM.00369,single bole tree,27.3,130,17.0
2d66b990-ab03-4fbc-b5d6-da6f2157958f,GRSM_059.basePlot.vst,2016-11-03,vst_GRSM_2016,D07,GRSM,GRSM_059,NEON.PLA.D07.GRSM.00371,single bole tree,11.3,130,10.6
c6f0d33b-4066-46fb-b33e-e478a37b176b,GRSM_059.basePlot.vst,2016-11-03,vst_GRSM_2016,D07,GRSM,GRSM_059,NEON.PLA.D07.GRSM.00352,single bole tree,1.9,130,11.2
2fb67f25-41f1-4e0e-8ad6-d0629428b349,GRSM_059.basePlot.vst,2016-11-03,vst_GRSM_2016,D07,GRSM,GRSM_059,NEON.PLA.D07.GRSM.00336,single bole tree,20.4,130,15.6
56f9e047-3ba3-494c-824c-6dc7aba99e24,GRSM_059.basePlot.vst,2016-11-03,vst_GRSM_2016,D07,GRSM,GRSM_059,NEON.PLA.D07.GRSM.00374A,multi-bole tree,35.5,130,22.5
2d6a6fe4-1cfb-43fa-b897-dbf3ca1472fb,GRSM_059.basePlot.vst,2016-11-03,vst_GRSM_2016,D07,GRSM,GRSM_059,NEON.PLA.D07.GRSM.00373,single bole tree,20.3,130,18.0
dae65ce2-6112-470a-9a9d-738175d6e766,GRSM_060.basePlot.vst,2016-11-07,vst_GRSM_2016,D07,GRSM,GRSM_060,NEON.PLA.D07.GRSM.01809,single bole tree,15.8,130,2.2
9d159e31-2b7a-449d-a626-c5979e548682,GRSM_060.basePlot.vst,2016-11-07,vst_GRSM_2016,D07,GRSM,GRSM_060,NEON.PLA.D07.GRSM.01900,NA,NA,NA,NA
0bb55fe3-652d-406f-ac91-4b3845b94b3e,GRSM_060.basePlot.vst,2016-11-07,vst_GRSM_2016,D07,GRSM,GRSM_060,NEON.PLA.D07.GRSM.01828,single bole tree,11.1,130,5.1
9c11cc27-701f-407f-b4e0-52ecdf69ca3d,GRSM_060.basePlot.vst,2016-11-07,vst_GRSM_2016,D07,GRSM,GRSM_060,NEON.PLA.D07.GRSM.01901,single bole tree,15.5,130,11.8
978966b4-0846-4370-ba20-a22446792d34,GRSM_060.basePlot.vst,2016-11-07,vst_GRSM_2016,D07,GRSM,GRSM_060,NEON.PLA.D07.GRSM.01899,single bole tree,23.5,130,21.0
5aeb8d90-403f-44e7-a8c6-f3fe07380ca4,GRSM_060.basePlot.vst,2016-11-07,vst_GRSM_2016,D07,GRSM,GRSM_060,NEON.PLA.D07.GRSM.01903,single bole tree,17.3,130,13.6
ea0a1b36-c0e7-48f4-bc2d-a0b8e973dfe7,GRSM_060.basePlot.vst,2016-11-07,vst_GRSM_2016,D07,GRSM,GRSM_060,NEON.PLA.D07.GRSM.01836,single bole tree,14.5,130,6.8
36a1f6ee-fad1-484b-b842-40d7b25b2e69,GRSM_060.basePlot.vst,2016-11-07,vst_GRSM_2016,D07,GRSM,GRSM_060,NEON.PLA.D07.GRSM.01815,single bole tree,43.4,130,27.0
e176cca9-7501-47bd-9e30-321bb5d06dee,GRSM_060.basePlot.vst,2016-11-07,vst_GRSM_2016,D07,GRSM,GRSM_060,NEON.PLA.D07.GRSM.01842,single bole tree,14.5,130,2.6
1fe0302f-5686-462d-ac93-177c9368a2a7,GRSM_060.basePlot.vst,2016-11-07,vst_GRSM_2016,D07,GRSM,GRSM_060,NEON.PLA.D07.GRSM.01827,single bole tree,14.9,130,11.0
ed46c5ea-5883-4d01-9036-3257e9e73afe,GRSM_060.basePlot.vst,2016-11-07,vst_GRSM_2016,D07,GRSM,GRSM_060,NEON.PLA.D07.GRSM.01852,single bole tree,43.7,130,20.5
f2c3a274-0f52-4af7-baee-276c056ee104,GRSM_060.basePlot.vst,2016-11-07,vst_GRSM_2016,D07,GRSM,GRSM_060,NEON.PLA.D07.GRSM.01882,single bole tree,10.0,130,4.8
e72b446d-5258-4d95-9be3-48de192748bb,GRSM_060.basePlot.vst,2016-11-07,vst_GRSM_2016,D07,GRSM,GRSM_060,NEON.PLA.D07.GRSM.01767,single bole tree,21.4,130,8.1
25b97461-36da-4110-bed1-fb5a8bee2176,GRSM_060.basePlot.vst,2016-11-07,vst_GRSM_2016,D07,GRSM,GRSM_060,NEON.PLA.D07.GRSM.01835,single bole tree,13.1,130,3.4
6b51ea2d-ee0b-4442-9159-e4ba6cc7f67e,GRSM_060.basePlot.vst,2016-11-07,vst_GRSM_2016,D07,GRSM,GRSM_060,NEON.PLA.D07.GRSM.01843,single bole tree,35.9,130,28.6
2acfa14e-7663-4361-b848-c23e15344569,GRSM_060.basePlot.vst,2016-11-07,vst_GRSM_2016,D07,GRSM,GRSM_060,NEON.PLA.D07.GRSM.01877,single bole tree,22.5,130,21.0
31b564de-1898-43bd-aa3e-8c2d30e3c643,GRSM_060.basePlot.vst,2016-11-07,vst_GRSM_2016,D07,GRSM,GRSM_060,NEON.PLA.D07.GRSM.01851,NA,NA,NA,NA
946eb0f9-a364-4aca-980b-e416b135de89,GRSM_060.basePlot.vst,2016-11-07,vst_GRSM_2016,D07,GRSM,GRSM_060,NEON.PLA.D07.GRSM.01833,single bole tree,33.4,130,30.3
eb1a62a4-2486-4cd1-b530-3931a69a56c9,GRSM_060.basePlot.vst,2016-11-07,vst_GRSM_2016,D07,GRSM,GRSM_060,NEON.PLA.D07.GRSM.01864,single bole tree,13.4,130,5.7
9168a53f-7f99-4b34-b450-0081d4dee5eb,GRSM_060.basePlot.vst,2016-11-07,vst_GRSM_2016,D07,GRSM,GRSM_060,NEON.PLA.D07.GRSM.01871,single bole tree,15.3,130,8.5
c44a2700-c0bb-4bd2-9470-b5a2ae5b5f42,GRSM_060.basePlot.vst,2016-11-07,vst_GRSM_2016,D07,GRSM,GRSM_060,NEON.PLA.D07.GRSM.01816,single bole tree,11.1,130,9.9
5803c49f-c7aa-4ad7-9e01-bc6386595648,GRSM_060.basePlot.vst,2016-11-07,vst_GRSM_2016,D07,GRSM,GRSM_060,NEON.PLA.D07.GRSM.01893,single bole tree,34.0,130,21.6
fb7c96e4-2d1d-478a-a275-1b6ff204b068,GRSM_060.basePlot.vst,2016-11-07,vst_GRSM_2016,D07,GRSM,GRSM_060,NEON.PLA.D07.GRSM.01876,multi-bole tree,18.0,130,17.0
4fa58035-f538-4d01-a000-90c358514318,GRSM_060.basePlot.vst,2016-11-07,vst_GRSM_2016,D07,GRSM,GRSM_060,NEON.PLA.D07.GRSM.01840,single bole tree,44.4,130,25.0
f2d0abe8-404b-463b-a102-19fd8bbfed84,GRSM_060.basePlot.vst,2016-11-07,vst_GRSM_2016,D07,GRSM,GRSM_060,NEON.PLA.D07.GRSM.01782,NA,NA,NA,NA
5cce3bcd-387b-4a9e-84d9-cde95ed5c60f,GRSM_060.basePlot.vst,2016-11-07,vst_GRSM_2016,D07,GRSM,GRSM_060,NEON.PLA.D07.GRSM.01837,NA,NA,NA,NA
99352ab9-de1d-4fd5-b1c9-bec4ccca2d7e,GRSM_060.basePlot.vst,2016-11-07,vst_GRSM_2016,D07,GRSM,GRSM_060,NEON.PLA.D07.GRSM.01791,single bole tree,43.4,130,29.9
b30f670c-6a43-4a78-bab4-87567fe4cac1,GRSM_060.basePlot.vst,2016-11-07,vst_GRSM_2016,D07,GRSM,GRSM_060,NEON.PLA.D07.GRSM.01896,small tree,8.8,130,8.4
133ab2a0-aa81-4351-b155-cfd2b1fc91f9,GRSM_060.basePlot.vst,2016-11-07,vst_GRSM_2016,D07,GRSM,GRSM_060,NEON.PLA.D07.GRSM.01844,single bole tree,43.1,130,26.0
739bc8ef-d7ec-4bc7-8b7e-4052fb9fd3e5,GRSM_060.basePlot.vst,2016-11-07,vst_GRSM_2016,D07,GRSM,GRSM_060,NEON.PLA.D07.GRSM.01902,single bole tree,27.3,130,26.0
3a174239-7258-4113-8b7a-a1e24e7c2e2a,GRSM_060.basePlot.vst,2016-11-07,vst_GRSM_2016,D07,GRSM,GRSM_060,NEON.PLA.D07.GRSM.01823,single bole tree,29.5,130,18.0
c775965a-be20-4d3c-8085-092e9c9e8bc1,GRSM_060.basePlot.vst,2016-11-07,vst_GRSM_2016,D07,GRSM,GRSM_060,NEON.PLA.D07.GRSM.01905,single bole tree,11.7,130,7.3
2899f2fc-621f-4fec-9b5a-ce0c875ad758,GRSM_060.basePlot.vst,2016-11-07,vst_GRSM_2016,D07,GRSM,GRSM_060,NEON.PLA.D07.GRSM.01821,single bole tree,54.0,130,29.0
74264e01-c86d-4a19-9e3b-1fd2ffe0e2b6,GRSM_060.basePlot.vst,2016-11-07,vst_GRSM_2016,D07,GRSM,GRSM_060,NEON.PLA.D07.GRSM.01825,NA,NA,NA,NA
7d20ba96-3c8a-4f7a-be2f-cb48027c9129,GRSM_060.basePlot.vst,2016-11-07,vst_GRSM_2016,D07,GRSM,GRSM_060,NEON.PLA.D07.GRSM.01781,single bole tree,16.9,130,11.0
16ca82f4-085e-41f8-b9b0-435ca71a5965,GRSM_060.basePlot.vst,2016-11-07,vst_GRSM_2016,D07,GRSM,GRSM_060,NEON.PLA.D07.GRSM.01841,single bole tree,14.3,130,6.0
8acd244f-ad49-444a-a95e-49f576928b35,GRSM_060.basePlot.vst,2016-11-07,vst_GRSM_2016,D07,GRSM,GRSM_060,NEON.PLA.D07.GRSM.01885,single bole tree,11.9,130,6.1
865922e5-bb92-428e-ad31-e9cf7603453a,GRSM_060.basePlot.vst,2016-11-07,vst_GRSM_2016,D07,GRSM,GRSM_060,NEON.PLA.D07.GRSM.01830,single bole tree,11.1,130,10.2
b14086d3-fbda-4e58-84ba-d0b3125a630c,GRSM_060.basePlot.vst,2016-11-07,vst_GRSM_2016,D07,GRSM,GRSM_060,NEON.PLA.D07.GRSM.01860,single bole tree,10.7,130,7.0
edb96773-f13c-4a57-97ed-9f48be990b96,GRSM_060.basePlot.vst,2016-11-07,vst_GRSM_2016,D07,GRSM,GRSM_060,NEON.PLA.D07.GRSM.01847,single bole tree,14.7,130,4.4
afefbd3f-132e-420a-aa46-09ecd23450e2,GRSM_060.basePlot.vst,2016-11-07,vst_GRSM_2016,D07,GRSM,GRSM_060,NEON.PLA.D07.GRSM.01863,single bole tree,17.6,130,4.5
c35ae640-7846-4459-ae54-1f3b677d88a2,GRSM_060.basePlot.vst,2016-11-07,vst_GRSM_2016,D07,GRSM,GRSM_060,NEON.PLA.D07.GRSM.01888,single bole tree,43.7,130,24.8
099dd5c1-7976-4893-8681-d3bc59958c7f,GRSM_060.basePlot.vst,2016-11-07,vst_GRSM_2016,D07,GRSM,GRSM_060,NEON.PLA.D07.GRSM.01898,single bole tree,36.8,130,23.9
71997045-43f0-42db-84c8-056ebb5a45d5,GRSM_060.basePlot.vst,2016-11-07,vst_GRSM_2016,D07,GRSM,GRSM_060,NEON.PLA.D07.GRSM.01904,single bole tree,30.5,130,15.0
75ccb670-bf70-45e5-8e5a-6b6e48996836,GRSM_060.basePlot.vst,2016-11-07,vst_GRSM_2016,D07,GRSM,GRSM_060,NEON.PLA.D07.GRSM.01824,single bole tree,28.7,130,29.5
a0f509d0-d292-4059-9d6a-f41011417788,GRSM_060.basePlot.vst,2016-11-07,vst_GRSM_2016,D07,GRSM,GRSM_060,NEON.PLA.D07.GRSM.01822,single bole tree,18.7,130,4.3
dce7662c-67ef-46ab-8e85-034d4e2aa6fa,GRSM_060.basePlot.vst,2016-11-07,vst_GRSM_2016,D07,GRSM,GRSM_060,NEON.PLA.D07.GRSM.01862,single bole tree,10.9,130,12.6
11445078-7214-45e1-9aaf-b4bcde3deede,GRSM_060.basePlot.vst,2016-11-07,vst_GRSM_2016,D07,GRSM,GRSM_060,NEON.PLA.D07.GRSM.01880,single bole tree,19.8,130,12.6
6ab6eb20-e65d-4b4a-8c8a-c2e47769eb12,GRSM_060.basePlot.vst,2016-11-07,vst_GRSM_2016,D07,GRSM,GRSM_060,NEON.PLA.D07.GRSM.01768,single bole tree,26.8,130,3.4
887dbd99-b480-4f6d-abdf-01533d28ec64,GRSM_060.basePlot.vst,2016-11-07,vst_GRSM_2016,D07,GRSM,GRSM_060,NEON.PLA.D07.GRSM.01834,single bole tree,14.1,130,3.4
2bd15580-e7be-4353-ae94-0d46ce2f54f9,GRSM_060.basePlot.vst,2016-11-07,vst_GRSM_2016,D07,GRSM,GRSM_060,NEON.PLA.D07.GRSM.01892,single bole tree,11.2,130,8.2
363eb0f0-3420-4053-a7c3-4e305090ea2e,GRSM_060.basePlot.vst,2016-11-07,vst_GRSM_2016,D07,GRSM,GRSM_060,NEON.PLA.D07.GRSM.01772,single bole tree,33.7,130,26.0
7b82be34-ff6e-45c3-9122-ef5ceb1181b3,GRSM_060.basePlot.vst,2016-11-07,vst_GRSM_2016,D07,GRSM,GRSM_060,NEON.PLA.D07.GRSM.01832,single bole tree,16.0,130,3.1
adf10b21-906d-44a0-b9c2-edf887939159,GRSM_060.basePlot.vst,2016-11-07,vst_GRSM_2016,D07,GRSM,GRSM_060,NEON.PLA.D07.GRSM.01831,single bole tree,37.9,130,6.9
a71df79a-06fe-4e68-9caf-b8da17c97840,GRSM_060.basePlot.vst,2016-11-07,vst_GRSM_2016,D07,GRSM,GRSM_060,NEON.PLA.D07.GRSM.01870,single bole tree,21.2,130,21.0
280ef1b3-a789-4a2f-a26c-63729e77137b,GRSM_060.basePlot.vst,2016-11-07,vst_GRSM_2016,D07,GRSM,GRSM_060,NEON.PLA.D07.GRSM.01773,NA,NA,NA,NA
ae414a3c-e828-44f4-8c7b-a569896c7b05,GRSM_060.basePlot.vst,2016-11-07,vst_GRSM_2016,D07,GRSM,GRSM_060,NEON.PLA.D07.GRSM.01780,single bole tree,31.2,130,28.3
ab04a292-9fed-4dd5-b936-6efbec4dfb5c,GRSM_060.basePlot.vst,2016-11-07,vst_GRSM_2016,D07,GRSM,GRSM_060,NEON.PLA.D07.GRSM.01826,NA,NA,NA,NA
bd3e36d7-dc99-4fc1-b2d9-33dd8d463457,GRSM_060.basePlot.vst,2016-11-07,vst_GRSM_2016,D07,GRSM,GRSM_060,NEON.PLA.D07.GRSM.01861,single bole tree,12.0,130,8.0
90843c9e-f047-425e-bf7b-dc06019f0acd,GRSM_062.basePlot.vst,2016-11-08,vst_GRSM_2016,D07,GRSM,GRSM_062,NEON.PLA.D07.GRSM.01667,single bole tree,18.1,130,10.0
76b19075-d4ca-48b0-bc97-fa2cf1626319,GRSM_062.basePlot.vst,2016-11-08,vst_GRSM_2016,D07,GRSM,GRSM_062,NEON.PLA.D07.GRSM.01679,single bole tree,10.9,130,7.9
015cbedd-ec04-4ac4-b27c-5501c208fa7c,GRSM_062.basePlot.vst,2016-11-08,vst_GRSM_2016,D07,GRSM,GRSM_062,NEON.PLA.D07.GRSM.01747,single bole tree,33.8,130,17.2
5f7fbaf5-d016-43ca-a085-59ebde92fc50,GRSM_054.basePlot.vst,2016-11-08,vst_GRSM_2016,D07,GRSM,GRSM_054,NEON.PLA.D07.GRSM.00503,single bole tree,20.7,130,8.9
36d7d83d-e87a-4e14-b6ab-8cf3c4c4d1a1,GRSM_062.basePlot.vst,2016-11-08,vst_GRSM_2016,D07,GRSM,GRSM_062,NEON.PLA.D07.GRSM.01677,single bole tree,19.0,130,10.0
c204a761-0575-4926-91ee-736fc95182b6,GRSM_062.basePlot.vst,2016-11-08,vst_GRSM_2016,D07,GRSM,GRSM_062,NEON.PLA.D07.GRSM.01664,single bole tree,11.4,130,4.6
cc91ae4e-7dcd-41c8-a241-2cba1397dece,GRSM_062.basePlot.vst,2016-11-08,vst_GRSM_2016,D07,GRSM,GRSM_062,NEON.PLA.D07.GRSM.01746,single bole tree,38.3,130,17.8
c8f7e5f2-5a30-4b43-a810-aebb1ddaf80a,GRSM_062.basePlot.vst,2016-11-08,vst_GRSM_2016,D07,GRSM,GRSM_062,NEON.PLA.D07.GRSM.01739,single bole tree,29.9,130,14.9
b35b2652-813c-4564-bb1c-a2216bd02d32,GRSM_062.basePlot.vst,2016-11-08,vst_GRSM_2016,D07,GRSM,GRSM_062,NEON.PLA.D07.GRSM.01740,single bole tree,47.0,130,3.5
4af52b8c-728d-4f6c-bc62-c21baa7d6788,GRSM_054.basePlot.vst,2016-11-08,vst_GRSM_2016,D07,GRSM,GRSM_054,NEON.PLA.D07.GRSM.00470,single bole tree,67.6,130,30.0
2ae0ddf6-132b-40a0-985f-17a72ba0512c,GRSM_062.basePlot.vst,2016-11-08,vst_GRSM_2016,D07,GRSM,GRSM_062,NEON.PLA.D07.GRSM.01676,multi-bole tree,21.0,130,12.2
328388aa-d175-4c4b-9035-4210f2fd460f,GRSM_062.basePlot.vst,2016-11-08,vst_GRSM_2016,D07,GRSM,GRSM_062,NEON.PLA.D07.GRSM.01672,single bole tree,10.9,130,6.4
33b6aa0b-7500-456d-b98a-9727208b011a,GRSM_054.basePlot.vst,2016-11-08,vst_GRSM_2016,D07,GRSM,GRSM_054,NEON.PLA.D07.GRSM.00502,single bole tree,15.0,130,13.4
4058ef7b-04cd-4615-885f-aed23c2668bd,GRSM_062.basePlot.vst,2016-11-08,vst_GRSM_2016,D07,GRSM,GRSM_062,NEON.PLA.D07.GRSM.01728,single bole tree,17.9,130,12.6
25858df2-726d-43c0-a122-63258d793cb8,GRSM_054.basePlot.vst,2016-11-08,vst_GRSM_2016,D07,GRSM,GRSM_054,NEON.PLA.D07.GRSM.00483,single bole tree,40.5,130,24.5
390b5ff7-7842-424f-b722-293073ce7485,GRSM_062.basePlot.vst,2016-11-08,vst_GRSM_2016,D07,GRSM,GRSM_062,NEON.PLA.D07.GRSM.01642,single bole tree,16.3,130,10.7
e177cefe-c9f0-423a-8cdc-641af1e5bde7,GRSM_054.basePlot.vst,2016-11-08,vst_GRSM_2016,D07,GRSM,GRSM_054,NEON.PLA.D07.GRSM.00433,single bole tree,42.9,130,28.1
162e59b2-267c-454e-956e-44b270e8a1d0,GRSM_062.basePlot.vst,2016-11-08,vst_GRSM_2016,D07,GRSM,GRSM_062,NEON.PLA.D07.GRSM.01723,single bole tree,10.7,130,8.0
515d8b31-0b4c-4b08-abe1-6693d0fc6a77,GRSM_054.basePlot.vst,2016-11-08,vst_GRSM_2016,D07,GRSM,GRSM_054,NEON.PLA.D07.GRSM.00450,single bole tree,42.4,130,27.6
b3f10e7c-9453-46a0-9e07-4ce9b5c36f83,GRSM_062.basePlot.vst,2016-11-08,vst_GRSM_2016,D07,GRSM,GRSM_062,NEON.PLA.D07.GRSM.01742,single bole tree,20.9,130,11.4
c97ac560-e3a2-4594-8d7d-9a1d87dcd907,GRSM_062.basePlot.vst,2016-11-08,vst_GRSM_2016,D07,GRSM,GRSM_062,NEON.PLA.D07.GRSM.01726,single bole tree,11.8,130,7.1
92ad2275-7bf4-49c7-b48a-ce4ea959aeb5,GRSM_054.basePlot.vst,2016-11-08,vst_GRSM_2016,D07,GRSM,GRSM_054,NEON.PLA.D07.GRSM.00501,single bole tree,18.3,130,9.2
57ffc716-0645-4de3-8b0d-b9f61fa713d3,GRSM_062.basePlot.vst,2016-11-08,vst_GRSM_2016,D07,GRSM,GRSM_062,NEON.PLA.D07.GRSM.01733,single bole tree,15.4,130,9.0
0b9f8c75-ef27-40b0-83c4-c32c7b8c8651,GRSM_054.basePlot.vst,2016-11-08,vst_GRSM_2016,D07,GRSM,GRSM_054,NEON.PLA.D07.GRSM.00447,single bole tree,28.1,130,27.3
5765bba6-4c96-4130-be7b-f67bde16eda2,GRSM_054.basePlot.vst,2016-11-08,vst_GRSM_2016,D07,GRSM,GRSM_054,NEON.PLA.D07.GRSM.00448,single bole tree,43.1,130,29.7
f3f5a325-3f54-48ea-9617-ed77f3302649,GRSM_062.basePlot.vst,2016-11-08,vst_GRSM_2016,D07,GRSM,GRSM_062,NEON.PLA.D07.GRSM.01743,single bole tree,16.1,130,11.1
4d001ae5-efcc-49cc-a09b-41ea30d3a4be,GRSM_062.basePlot.vst,2016-11-08,vst_GRSM_2016,D07,GRSM,GRSM_062,NEON.PLA.D07.GRSM.01674A,multi-bole tree,9.7,130,9.2
18be93ce-a051-44c6-afb2-59e868f1c10d,GRSM_062.basePlot.vst,2016-11-08,vst_GRSM_2016,D07,GRSM,GRSM_062,NEON.PLA.D07.GRSM.01663,single bole tree,13.1,130,11.5
652b07b8-64c2-4e81-971c-20f63e77e43f,GRSM_062.basePlot.vst,2016-11-08,vst_GRSM_2016,D07,GRSM,GRSM_062,NEON.PLA.D07.GRSM.01681,single bole tree,11.3,130,7.6
c2f14b82-b6d0-4f51-8ac5-5257b71109ce,GRSM_054.basePlot.vst,2016-11-08,vst_GRSM_2016,D07,GRSM,GRSM_054,NEON.PLA.D07.GRSM.00478,single bole tree,24.0,130,17.6
d9db77a1-6c49-4e5a-91a0-d27f14f6c396,GRSM_062.basePlot.vst,2016-11-08,vst_GRSM_2016,D07,GRSM,GRSM_062,NEON.PLA.D07.GRSM.01674,multi-bole tree,14.7,130,9.2
f497f598-2ca2-4292-b75b-c2e4088da835,GRSM_054.basePlot.vst,2016-11-08,vst_GRSM_2016,D07,GRSM,GRSM_054,NEON.PLA.D07.GRSM.00452,single bole tree,12.9,130,13.5
8a1ce81e-a5b1-4743-91a1-cd0ec3b7f040,GRSM_054.basePlot.vst,2016-11-08,vst_GRSM_2016,D07,GRSM,GRSM_054,NEON.PLA.D07.GRSM.00491,single bole tree,NA,NA,NA
2b7abf61-83f6-4d76-88fb-d109b6110816,GRSM_062.basePlot.vst,2016-11-08,vst_GRSM_2016,D07,GRSM,GRSM_062,NEON.PLA.D07.GRSM.01724,single bole tree,13.4,130,7.6
6640990c-d9e0-4762-b3e3-891f7aa740d5,GRSM_062.basePlot.vst,2016-11-08,vst_GRSM_2016,D07,GRSM,GRSM_062,NEON.PLA.D07.GRSM.01676A,multi-bole tree,15.5,130,12.2
40213c67-37f0-45e5-b9e0-a39a2a557079,GRSM_062.basePlot.vst,2016-11-08,vst_GRSM_2016,D07,GRSM,GRSM_062,NEON.PLA.D07.GRSM.01732,single bole tree,12.4,130,9.2
c29293dc-aaf1-4df4-9de9-19d57855827d,GRSM_054.basePlot.vst,2016-11-08,vst_GRSM_2016,D07,GRSM,GRSM_054,NEON.PLA.D07.GRSM.00460,single bole tree,NA,NA,NA
dcf1f0bb-a1f7-4e55-bc10-fe7656c24e03,GRSM_062.basePlot.vst,2016-11-08,vst_GRSM_2016,D07,GRSM,GRSM_062,NEON.PLA.D07.GRSM.01680,single bole tree,21.4,130,4.7
a016c92d-ad19-405f-86a5-5ff018de93fb,GRSM_062.basePlot.vst,2016-11-08,vst_GRSM_2016,D07,GRSM,GRSM_062,NEON.PLA.D07.GRSM.01741A,multi-bole tree,12.2,130,12.9
1c715788-e234-4d20-9e05-0e2a39724a5c,GRSM_054.basePlot.vst,2016-11-08,vst_GRSM_2016,D07,GRSM,GRSM_054,NEON.PLA.D07.GRSM.00444,single bole tree,14.1,130,11.9
102454bd-e775-439e-87a3-ad6d83cb5468,GRSM_054.basePlot.vst,2016-11-08,vst_GRSM_2016,D07,GRSM,GRSM_054,NEON.PLA.D07.GRSM.00462A,multi-bole tree,NA,NA,NA
a46ef63c-72c8-4c16-9b44-7c66e0e4bb03,GRSM_062.basePlot.vst,2016-11-08,vst_GRSM_2016,D07,GRSM,GRSM_062,NEON.PLA.D07.GRSM.01722,single bole tree,16.9,130,10.7
4b4c88cb-f827-4664-bbb1-9bca3395f4ac,GRSM_054.basePlot.vst,2016-11-08,vst_GRSM_2016,D07,GRSM,GRSM_054,NEON.PLA.D07.GRSM.00506,single bole tree,37.6,130,24.6
6857d5f6-a49b-43f9-a65a-46779ac44674,GRSM_062.basePlot.vst,2016-11-08,vst_GRSM_2016,D07,GRSM,GRSM_062,NEON.PLA.D07.GRSM.01741,multi-bole tree,15.6,130,12.9
7641719f-0b73-4e48-a513-8fbbcc97bb21,GRSM_054.basePlot.vst,2016-11-08,vst_GRSM_2016,D07,GRSM,GRSM_054,NEON.PLA.D07.GRSM.00446,single bole tree,16.2,130,13.5
e8f72a97-9524-44f1-83cc-2f2a664ac2c2,GRSM_062.basePlot.vst,2016-11-08,vst_GRSM_2016,D07,GRSM,GRSM_062,NEON.PLA.D07.GRSM.01745,single bole tree,20.4,130,14.2
978cd437-011e-4552-892a-5301e466a059,GRSM_062.basePlot.vst,2016-11-08,vst_GRSM_2016,D07,GRSM,GRSM_062,NEON.PLA.D07.GRSM.01738,single bole tree,15.2,130,10.3
74580629-aba8-429b-abb7-a1a4947d31f6,GRSM_054.basePlot.vst,2016-11-08,vst_GRSM_2016,D07,GRSM,GRSM_054,NEON.PLA.D07.GRSM.00445,single bole tree,15.6,130,13.9
73f3ccc4-96c3-4e2e-9ade-36f2e63c4f77,GRSM_062.basePlot.vst,2016-11-08,vst_GRSM_2016,D07,GRSM,GRSM_062,NEON.PLA.D07.GRSM.01671,single bole tree,26.8,130,1.4
27dd6732-9c29-4439-9bf8-7316997a898d,GRSM_062.basePlot.vst,2016-11-08,vst_GRSM_2016,D07,GRSM,GRSM_062,NEON.PLA.D07.GRSM.01737,single bole tree,21.2,130,9.8
06af9273-5f18-4b10-8b86-da95fd240c6b,GRSM_062.basePlot.vst,2016-11-08,vst_GRSM_2016,D07,GRSM,GRSM_062,NEON.PLA.D07.GRSM.01725,NA,NA,NA,NA
c746a6ae-de8b-4131-bda7-f2ca0b720eae,GRSM_062.basePlot.vst,2016-11-08,vst_GRSM_2016,D07,GRSM,GRSM_062,NEON.PLA.D07.GRSM.01721,single bole tree,13.0,150,5.6
ba9f5193-ae2e-4180-9628-ae1eac61a0aa,GRSM_062.basePlot.vst,2016-11-08,vst_GRSM_2016,D07,GRSM,GRSM_062,NEON.PLA.D07.GRSM.01734,single bole tree,11.4,130,5.0
eecfdae6-6b3d-4f36-b96a-c248bc4f75dc,GRSM_062.basePlot.vst,2016-11-08,vst_GRSM_2016,D07,GRSM,GRSM_062,NEON.PLA.D07.GRSM.01665,single bole tree,11.0,130,7.7
a4e32c03-e1e5-4927-ba07-a587ae7a5948,GRSM_062.basePlot.vst,2016-11-08,vst_GRSM_2016,D07,GRSM,GRSM_062,NEON.PLA.D07.GRSM.01668,single bole tree,31.5,130,18.5
eeb0f138-2109-45ca-8c64-e22a5ef01c90,GRSM_054.basePlot.vst,2016-11-08,vst_GRSM_2016,D07,GRSM,GRSM_054,NEON.PLA.D07.GRSM.00443,single bole tree,14.5,130,11.3
e11cd6ca-3113-4bbc-bf41-ce44e18cd7de,GRSM_062.basePlot.vst,2016-11-08,vst_GRSM_2016,D07,GRSM,GRSM_062,NEON.PLA.D07.GRSM.01675,single bole tree,51.2,130,17.8
e3ef7d58-4641-419b-9c29-0a26e949fcf1,GRSM_062.basePlot.vst,2016-11-08,vst_GRSM_2016,D07,GRSM,GRSM_062,NEON.PLA.D07.GRSM.01744,single bole tree,11.3,130,6.0
f2a93b9c-ffcf-4d2e-9fc0-d88c3b816f7d,GRSM_062.basePlot.vst,2016-11-08,vst_GRSM_2016,D07,GRSM,GRSM_062,NEON.PLA.D07.GRSM.01690,single bole tree,11.9,130,6.1
31eeea8f-3312-4267-8b76-795331eb8c4d,GRSM_054.basePlot.vst,2016-11-08,vst_GRSM_2016,D07,GRSM,GRSM_054,NEON.PLA.D07.GRSM.00458,single bole tree,49.7,130,25.6
fea4eacb-8190-485b-8183-cba253176f5b,GRSM_062.basePlot.vst,2016-11-08,vst_GRSM_2016,D07,GRSM,GRSM_062,NEON.PLA.D07.GRSM.01673,single bole tree,14.2,130,7.0
5824be77-b7a8-497a-be4a-e527512ed962,GRSM_062.basePlot.vst,2016-11-08,vst_GRSM_2016,D07,GRSM,GRSM_062,NEON.PLA.D07.GRSM.01727,single bole tree,15.0,130,8.6
8fec1282-88a8-4fcb-a5e8-15a57f0f43f0,GRSM_054.basePlot.vst,2016-11-08,vst_GRSM_2016,D07,GRSM,GRSM_054,NEON.PLA.D07.GRSM.00428,single bole tree,19.9,130,15.5
7f6a2fac-8f6c-4cd8-9c23-a8f7bc5533e3,GRSM_054.basePlot.vst,2016-11-08,vst_GRSM_2016,D07,GRSM,GRSM_054,NEON.PLA.D07.GRSM.00461,single bole tree,22.8,130,1.7
c900c7e8-7e54-457d-b704-c5d7017c010f,GRSM_062.basePlot.vst,2016-11-08,vst_GRSM_2016,D07,GRSM,GRSM_062,NEON.PLA.D07.GRSM.01669,single bole tree,19.9,130,11.2
56e3d9d5-aca3-45bb-bbdd-e0917a769ae2,GRSM_054.basePlot.vst,2016-11-08,vst_GRSM_2016,D07,GRSM,GRSM_054,NEON.PLA.D07.GRSM.00457,single bole tree,22.2,130,18.2
d4ffd423-5d28-4860-9b20-0aa342e9d9d0,GRSM_062.basePlot.vst,2016-11-08,vst_GRSM_2016,D07,GRSM,GRSM_062,NEON.PLA.D07.GRSM.01684,single bole tree,11.2,130,5.0
edd551c4-2c12-46ba-bbc3-c95fd7ec6560,GRSM_062.basePlot.vst,2016-11-08,vst_GRSM_2016,D07,GRSM,GRSM_062,NEON.PLA.D07.GRSM.01729,single bole tree,15.2,130,9.8
b13d7ec5-c205-4c37-af98-f8a17628fddb,GRSM_054.basePlot.vst,2016-11-08,vst_GRSM_2016,D07,GRSM,GRSM_054,NEON.PLA.D07.GRSM.00451,single bole tree,52.0,130,29.8
0bce3029-beac-43bc-a1e7-74e48d39b5e4,GRSM_054.basePlot.vst,2016-11-08,vst_GRSM_2016,D07,GRSM,GRSM_054,NEON.PLA.D07.GRSM.00453,single bole tree,70.0,130,29.0
2ff15d38-3bfe-44b1-8ef7-7e96caadb70f,GRSM_054.basePlot.vst,2016-11-08,vst_GRSM_2016,D07,GRSM,GRSM_054,NEON.PLA.D07.GRSM.00463,single bole tree,20.7,130,17.3
81aea2a9-723d-42a5-85fa-2ef5962a0914,GRSM_054.basePlot.vst,2016-11-08,vst_GRSM_2016,D07,GRSM,GRSM_054,NEON.PLA.D07.GRSM.00442,multi-bole tree,10.9,130,9.8
f8b7c6de-9a1c-4b23-89b0-672ec076437d,GRSM_062.basePlot.vst,2016-11-08,vst_GRSM_2016,D07,GRSM,GRSM_062,NEON.PLA.D07.GRSM.01736,single bole tree,16.7,130,8.0
b6a6b2da-621e-4d25-a985-15649e07d2a2,GRSM_054.basePlot.vst,2016-11-08,vst_GRSM_2016,D07,GRSM,GRSM_054,NEON.PLA.D07.GRSM.00462,single bole tree,56.6,130,25.7
2e1083a6-6c7f-4a03-81f4-9c6128ab593e,GRSM_062.basePlot.vst,2016-11-08,vst_GRSM_2016,D07,GRSM,GRSM_062,NEON.PLA.D07.GRSM.01720,single bole tree,13.9,130,5.3
c78cda00-856a-4ac0-9d4d-eac94a9f4ceb,GRSM_062.basePlot.vst,2016-11-08,vst_GRSM_2016,D07,GRSM,GRSM_062,NEON.PLA.D07.GRSM.01682,single bole tree,13.2,130,11.0
d8eabcd3-d154-4299-b395-32d05319f3e3,GRSM_062.basePlot.vst,2016-11-08,vst_GRSM_2016,D07,GRSM,GRSM_062,NEON.PLA.D07.GRSM.01731,single bole tree,21.9,130,12.0
93ad7b1e-6310-404e-9e49-25025de05c8b,GRSM_062.basePlot.vst,2016-11-08,vst_GRSM_2016,D07,GRSM,GRSM_062,NEON.PLA.D07.GRSM.01735,NA,NA,NA,NA
7344038e-a99f-49b9-b7cd-2b8dd09ba4b3,GRSM_054.basePlot.vst,2016-11-08,vst_GRSM_2016,D07,GRSM,GRSM_054,NEON.PLA.D07.GRSM.00500,single bole tree,39.2,130,7.7
f6b7558e-bdc8-4ee1-a97e-09327b579983,GRSM_062.basePlot.vst,2016-11-08,vst_GRSM_2016,D07,GRSM,GRSM_062,NEON.PLA.D07.GRSM.01730,single bole tree,16.4,130,10.3
e5506aa8-5069-43c6-a05a-95f30903c4c5,GRSM_062.basePlot.vst,2016-11-08,vst_GRSM_2016,D07,GRSM,GRSM_062,NEON.PLA.D07.GRSM.01683,single bole tree,17.5,130,11.2
e5b66925-cec6-4964-9bd3-8bc15a380168,GRSM_062.basePlot.vst,2016-11-08,vst_GRSM_2016,D07,GRSM,GRSM_062,NEON.PLA.D07.GRSM.01666,single bole tree,12.0,130,10.4
11794909-e50a-4a5e-a644-86d744d00aa6,GRSM_054.basePlot.vst,2016-11-08,vst_GRSM_2016,D07,GRSM,GRSM_054,NEON.PLA.D07.GRSM.00464,single bole tree,16.7,130,14.3
fee8ac74-928e-489b-a5f3-4c9d17ebfc83,GRSM_054.basePlot.vst,2016-11-08,vst_GRSM_2016,D07,GRSM,GRSM_054,NEON.PLA.D07.GRSM.00504,single bole tree,33.4,130,26.2
9644b5db-8ac5-4b93-8612-785c16b88866,GRSM_057.basePlot.vst,2016-11-14,vst_GRSM_2016,D07,GRSM,GRSM_057,NEON.PLA.D07.GRSM.00044,single bole tree,16.8,130,13.0
596dd638-8594-4f3a-985c-12e164436bd9,GRSM_057.basePlot.vst,2016-11-14,vst_GRSM_2016,D07,GRSM,GRSM_057,NEON.PLA.D07.GRSM.00041,single bole tree,11.6,130,7.6
4a18e37e-951e-49f3-be93-85d80b83e4d1,GRSM_057.basePlot.vst,2016-11-14,vst_GRSM_2016,D07,GRSM,GRSM_057,NEON.PLA.D07.GRSM.00045,single bole tree,32.8,130,34.2
8f40e6b6-2dd4-49b4-aa36-638cf5c8e686,GRSM_057.basePlot.vst,2016-11-14,vst_GRSM_2016,D07,GRSM,GRSM_057,NEON.PLA.D07.GRSM.00074,single bole tree,17.6,130,11.1
9ade7c12-5b0f-4ca1-9b87-7666989e6769,GRSM_057.basePlot.vst,2016-11-14,vst_GRSM_2016,D07,GRSM,GRSM_057,NEON.PLA.D07.GRSM.00076,single bole tree,37.5,130,30.8
8590fb57-b22f-477a-a6f1-ba53114b6b1c,GRSM_057.basePlot.vst,2016-11-14,vst_GRSM_2016,D07,GRSM,GRSM_057,NEON.PLA.D07.GRSM.00010,single bole tree,16.6,130,9.5
4afd9273-b31a-41ca-a218-863ef33a8bd4,GRSM_057.basePlot.vst,2016-11-14,vst_GRSM_2016,D07,GRSM,GRSM_057,NEON.PLA.D07.GRSM.00073,single bole tree,70.2,130,32.2
2aa6a17b-7034-4d8d-8644-d477bd994d6d,GRSM_057.basePlot.vst,2016-11-14,vst_GRSM_2016,D07,GRSM,GRSM_057,NEON.PLA.D07.GRSM.00031,multi-bole tree,29.4,130,19.6
a9753d23-73af-4fc4-9a4a-23f803e49cec,GRSM_057.basePlot.vst,2016-11-14,vst_GRSM_2016,D07,GRSM,GRSM_057,NEON.PLA.D07.GRSM.00075,single bole tree,31.8,130,7.0
b98264e3-0093-4336-8c79-49803d5b4cf2,GRSM_057.basePlot.vst,2016-11-14,vst_GRSM_2016,D07,GRSM,GRSM_057,NEON.PLA.D07.GRSM.00040,single bole tree,52.6,130,38.2
d27c69f1-2a90-4de4-89e8-a6ed49674052,GRSM_057.basePlot.vst,2016-11-14,vst_GRSM_2016,D07,GRSM,GRSM_057,NEON.PLA.D07.GRSM.00001,single bole tree,13.6,130,4.6
c75fbf09-93e6-4174-9b48-98d1de78b641,GRSM_057.basePlot.vst,2016-11-14,vst_GRSM_2016,D07,GRSM,GRSM_057,NEON.PLA.D07.GRSM.00034,single bole tree,62.5,130,34.3
7d2f1a36-f7a2-435e-aff8-5b8c41729609,GRSM_057.basePlot.vst,2016-11-14,vst_GRSM_2016,D07,GRSM,GRSM_057,NEON.PLA.D07.GRSM.00048,single bole tree,44.1,130,34.6
b56d6f46-3b97-4f37-9125-095473ab1466,GRSM_057.basePlot.vst,2016-11-14,vst_GRSM_2016,D07,GRSM,GRSM_057,NEON.PLA.D07.GRSM.00072,single bole tree,27.6,130,17.0
06bbb2ab-7b8f-4b35-8618-1599834f43a2,GRSM_057.basePlot.vst,2016-11-14,vst_GRSM_2016,D07,GRSM,GRSM_057,NEON.PLA.D07.GRSM.00079,single bole tree,66.8,130,35.0
65edaacb-06e4-40a1-a027-d012ea10ee65,GRSM_057.basePlot.vst,2016-11-14,vst_GRSM_2016,D07,GRSM,GRSM_057,NEON.PLA.D07.GRSM.00043,single bole tree,55.6,130,35.9
e1014e3c-2d51-4c83-b5fa-d4ba9a7b82e6,GRSM_057.basePlot.vst,2016-11-14,vst_GRSM_2016,D07,GRSM,GRSM_057,NEON.PLA.D07.GRSM.00071,single bole tree,15.8,130,6.4
03c03dae-dacb-4245-8da2-45621b54a0a4,GRSM_057.basePlot.vst,2016-11-14,vst_GRSM_2016,D07,GRSM,GRSM_057,NEON.PLA.D07.GRSM.00002,single bole tree,23.9,130,17.2
02dee9b2-c968-46e6-b576-1f12b55009e7,GRSM_057.basePlot.vst,2016-11-14,vst_GRSM_2016,D07,GRSM,GRSM_057,NEON.PLA.D07.GRSM.00095,single bole tree,10.3,130,7.0
f7e65d6d-8c61-4195-85a7-2c98acd3e5cb,GRSM_057.basePlot.vst,2016-11-14,vst_GRSM_2016,D07,GRSM,GRSM_057,NEON.PLA.D07.GRSM.00077,single bole tree,10.9,130,10.1
ddccdb9e-7a1e-47e5-b6bb-50280a8ee01b,GRSM_057.basePlot.vst,2016-11-14,vst_GRSM_2016,D07,GRSM,GRSM_057,NEON.PLA.D07.GRSM.00078,single bole tree,44.0,130,30.0
f2a0b274-60e2-4b31-8e52-c7bad1913532,GRSM_057.basePlot.vst,2016-11-14,vst_GRSM_2016,D07,GRSM,GRSM_057,NEON.PLA.D07.GRSM.00099,single bole tree,26.3,130,17.7
3b452035-c3f7-4f6d-b6c5-73a83aa315b6,GRSM_057.basePlot.vst,2016-11-14,vst_GRSM_2016,D07,GRSM,GRSM_057,NEON.PLA.D07.GRSM.00105,single bole tree,11.4,130,12.4
ee1544fd-f3d7-4b06-a524-27fc6fb219b3,GRSM_057.basePlot.vst,2016-11-14,vst_GRSM_2016,D07,GRSM,GRSM_057,NEON.PLA.D07.GRSM.00082,single bole tree,15.2,130,18.8
2a014aa5-345e-49a1-85d3-003ed2f9a326,GRSM_057.basePlot.vst,2016-11-14,vst_GRSM_2016,D07,GRSM,GRSM_057,NEON.PLA.D07.GRSM.00070,multi-bole tree,64.4,130,32.2
078e42a0-1612-4abd-954f-3b0284989dfb,GRSM_057.basePlot.vst,2016-11-14,vst_GRSM_2016,D07,GRSM,GRSM_057,NEON.PLA.D07.GRSM.00024,single bole tree,22.8,130,13.1
79b8049d-309f-42b5-aef5-282fc07c7dd5,GRSM_057.basePlot.vst,2016-11-14,vst_GRSM_2016,D07,GRSM,GRSM_057,NEON.PLA.D07.GRSM.00047,single bole tree,59.8,130,38.6
0fc9e43b-10d1-438d-9e45-dbdc122c9d5b,GRSM_057.basePlot.vst,2016-11-14,vst_GRSM_2016,D07,GRSM,GRSM_057,NEON.PLA.D07.GRSM.00032,single bole tree,43.0,130,19.2
fbbc230b-806d-4743-9d8d-2250d1843bf9,GRSM_057.basePlot.vst,2016-11-14,vst_GRSM_2016,D07,GRSM,GRSM_057,NEON.PLA.D07.GRSM.00046,single bole tree,36.3,130,34.0
8e461d3a-ac99-44b7-802d-8f0df7d0be0c,GRSM_057.basePlot.vst,2016-11-14,vst_GRSM_2016,D07,GRSM,GRSM_057,NEON.PLA.D07.GRSM.00091,single bole tree,41.7,130,30.2
b528a767-112e-43a6-a226-3d663fd29741,GRSM_057.basePlot.vst,2016-11-14,vst_GRSM_2016,D07,GRSM,GRSM_057,NEON.PLA.D07.GRSM.00042,single bole tree,16.2,130,18.6
690566bd-df15-4c46-a269-2cb9a0dba67c,GRSM_057.basePlot.vst,2016-11-14,vst_GRSM_2016,D07,GRSM,GRSM_057,NEON.PLA.D07.GRSM.00029,single bole tree,59.7,130,33.2
d8abcdc3-e903-4e54-b68a-6300abf03e62,GRSM_063.basePlot.vst,2016-11-15,vst_GRSM_2016,D07,GRSM,GRSM_063,NEON.PLA.D07.GRSM.01456,single bole tree,22.8,130,15.4
7a5e6cb1-21f6-40de-9afa-9f8a77642687,GRSM_063.basePlot.vst,2016-11-15,vst_GRSM_2016,D07,GRSM,GRSM_063,NEON.PLA.D07.GRSM.01427,single bole tree,43.2,130,38.8
2aed1b7d-20a4-40bf-a9c0-9bb5caa9521d,GRSM_063.basePlot.vst,2016-11-15,vst_GRSM_2016,D07,GRSM,GRSM_063,NEON.PLA.D07.GRSM.01384,single bole tree,50.0,130,32.4
288fb9d6-4aab-4224-8449-15caed3e3aec,GRSM_063.basePlot.vst,2016-11-15,vst_GRSM_2016,D07,GRSM,GRSM_063,NEON.PLA.D07.GRSM.01457,single bole tree,62.0,130,38.0
1874547a-9ddf-4c84-a941-add8960e5b3f,GRSM_063.basePlot.vst,2016-11-15,vst_GRSM_2016,D07,GRSM,GRSM_063,NEON.PLA.D07.GRSM.01354,single bole tree,59.9,140,27.1
85c61a70-5d11-4bcf-8ba7-f2484fa26875,GRSM_063.basePlot.vst,2016-11-15,vst_GRSM_2016,D07,GRSM,GRSM_063,NEON.PLA.D07.GRSM.01394,single bole tree,51.4,130,26.6
8a7cab47-5417-4ab1-affb-002eefc2b469,GRSM_063.basePlot.vst,2016-11-15,vst_GRSM_2016,D07,GRSM,GRSM_063,NEON.PLA.D07.GRSM.01386,single bole tree,22.6,130,13.7
56ff5668-7724-498a-958c-717734c6449f,GRSM_063.basePlot.vst,2016-11-15,vst_GRSM_2016,D07,GRSM,GRSM_063,NEON.PLA.D07.GRSM.01431A,multi-bole tree,38.8,130,40.6
e8b92e6d-6f3b-4b6e-a4a0-e632d45954f9,GRSM_063.basePlot.vst,2016-11-15,vst_GRSM_2016,D07,GRSM,GRSM_063,NEON.PLA.D07.GRSM.01376,single bole tree,28.3,130,20.6
78b156ad-7750-4324-ba60-bcfb480b7e9b,GRSM_063.basePlot.vst,2016-11-15,vst_GRSM_2016,D07,GRSM,GRSM_063,NEON.PLA.D07.GRSM.01419,single bole tree,22.3,130,15.0
54ea5192-42a6-49e3-904b-ccf065232004,GRSM_063.basePlot.vst,2016-11-15,vst_GRSM_2016,D07,GRSM,GRSM_063,NEON.PLA.D07.GRSM.01428,single bole tree,15.1,130,11.1
e46538e1-6c40-4cd9-9fad-a6e1d75d527c,GRSM_063.basePlot.vst,2016-11-15,vst_GRSM_2016,D07,GRSM,GRSM_063,NEON.PLA.D07.GRSM.01381,single bole tree,59.4,130,37.3
db251600-d1ef-4255-97e2-cee4c257316c,GRSM_063.basePlot.vst,2016-11-15,vst_GRSM_2016,D07,GRSM,GRSM_063,NEON.PLA.D07.GRSM.01356,single bole tree,41.9,130,24.5
31819edc-9ebd-4554-a90c-c0fa77827557,GRSM_063.basePlot.vst,2016-11-15,vst_GRSM_2016,D07,GRSM,GRSM_063,NEON.PLA.D07.GRSM.01453,single bole tree,58.4,130,37.3
affc6974-851e-4af9-a72d-527074cdcb4a,GRSM_063.basePlot.vst,2016-11-15,vst_GRSM_2016,D07,GRSM,GRSM_063,NEON.PLA.D07.GRSM.01422,single bole tree,55.9,130,25.0
9a87c46e-ccb5-49e6-af9f-0c7a65d850f4,GRSM_063.basePlot.vst,2016-11-15,vst_GRSM_2016,D07,GRSM,GRSM_063,NEON.PLA.D07.GRSM.01392,multi-bole tree,49.4,180,34.5
95967e52-937c-4c24-a65f-949b679fe043,GRSM_063.basePlot.vst,2016-11-15,vst_GRSM_2016,D07,GRSM,GRSM_063,NEON.PLA.D07.GRSM.01395,single bole tree,48.4,130,37.7
3f0614b4-f3aa-410a-903a-b2da0a885dc9,GRSM_063.basePlot.vst,2016-11-15,vst_GRSM_2016,D07,GRSM,GRSM_063,NEON.PLA.D07.GRSM.01438,single bole tree,45.3,130,39.3
1331390c-0730-4cf6-bdc9-6ab21aa2add7,GRSM_063.basePlot.vst,2016-11-15,vst_GRSM_2016,D07,GRSM,GRSM_063,NEON.PLA.D07.GRSM.01454,single bole tree,20.1,130,17.4
8c52aa97-b86a-4bea-941d-3027e656dd87,GRSM_063.basePlot.vst,2016-11-15,vst_GRSM_2016,D07,GRSM,GRSM_063,NEON.PLA.D07.GRSM.01350,single bole tree,28.7,130,29.3
80defbc5-19f2-46f6-9ba0-14728aff8e22,GRSM_063.basePlot.vst,2016-11-15,vst_GRSM_2016,D07,GRSM,GRSM_063,NEON.PLA.D07.GRSM.01389,single bole tree,15.4,130,15.0
6bd833c5-8efc-4604-80e0-ddc619cb5880,GRSM_063.basePlot.vst,2016-11-15,vst_GRSM_2016,D07,GRSM,GRSM_063,NEON.PLA.D07.GRSM.01380,single bole tree,14.4,130,11.2
a9bb394e-b6d1-436d-bb8e-d0e118f419e7,GRSM_065.basePlot.vst,2016-11-15,vst_GRSM_2016,D07,GRSM,GRSM_065,NEON.PLA.D07.GRSM.00891,single bole tree,11.4,130,5.5
06beeb45-f467-4866-bd9b-97962a53444f,GRSM_065.basePlot.vst,2016-11-15,vst_GRSM_2016,D07,GRSM,GRSM_065,NEON.PLA.D07.GRSM.00927,single bole tree,10.5,130,6.0
59e24c1a-71cb-406e-a946-da1598b3f96d,GRSM_065.basePlot.vst,2016-11-15,vst_GRSM_2016,D07,GRSM,GRSM_065,NEON.PLA.D07.GRSM.00926,single bole tree,12.9,130,6.6
1c48e441-206b-4396-b147-c6aabe5e872a,GRSM_065.basePlot.vst,2016-11-15,vst_GRSM_2016,D07,GRSM,GRSM_065,NEON.PLA.D07.GRSM.00928,single bole tree,27.9,130,21.9
059f697a-b641-48c5-b7ee-3a912bf03e7b,GRSM_065.basePlot.vst,2016-11-15,vst_GRSM_2016,D07,GRSM,GRSM_065,NEON.PLA.D07.GRSM.00895,multi-bole tree,31.4,130,27.2
6a4f2d19-3aba-4c64-b13e-e11c88046243,GRSM_065.basePlot.vst,2016-11-15,vst_GRSM_2016,D07,GRSM,GRSM_065,NEON.PLA.D07.GRSM.00897,single bole tree,41.2,130,26.1
47465dc3-88f2-4442-9a90-bd1efdd53eb5,GRSM_065.basePlot.vst,2016-11-15,vst_GRSM_2016,D07,GRSM,GRSM_065,NEON.PLA.D07.GRSM.00940,single bole tree,41.1,130,20.3
fb6c5745-4a3f-4ef6-bcaf-eb9e3fb81af5,GRSM_065.basePlot.vst,2016-11-15,vst_GRSM_2016,D07,GRSM,GRSM_065,NEON.PLA.D07.GRSM.00902,single bole tree,42.9,130,27.5
4c6f5105-1297-46ac-9e31-706b914c98a8,GRSM_065.basePlot.vst,2016-11-15,vst_GRSM_2016,D07,GRSM,GRSM_065,NEON.PLA.D07.GRSM.00923,multi-bole tree,22.7,130,18.7
1c220bd8-5eca-42e4-a238-7954829b31a0,GRSM_065.basePlot.vst,2016-11-15,vst_GRSM_2016,D07,GRSM,GRSM_065,NEON.PLA.D07.GRSM.00889,single bole tree,51.7,130,27.9
d6177184-e650-4922-a765-ef7870585f59,GRSM_065.basePlot.vst,2016-11-15,vst_GRSM_2016,D07,GRSM,GRSM_065,NEON.PLA.D07.GRSM.00931,multi-bole tree,23.7,130,24.0
747e1b81-7ebc-4b40-a60c-44f03c4ed45e,GRSM_065.basePlot.vst,2016-11-15,vst_GRSM_2016,D07,GRSM,GRSM_065,NEON.PLA.D07.GRSM.00895A,multi-bole tree,17.4,130,27.2
9d5805a3-af8e-4bae-beeb-fb5fc95ec6a6,GRSM_065.basePlot.vst,2016-11-15,vst_GRSM_2016,D07,GRSM,GRSM_065,NEON.PLA.D07.GRSM.00932,single bole tree,15.4,130,6.0
21058c14-dc43-4079-b191-7bc67faca40a,GRSM_065.basePlot.vst,2016-11-15,vst_GRSM_2016,D07,GRSM,GRSM_065,NEON.PLA.D07.GRSM.00922,single bole tree,26.4,130,23.4
02dde55f-d7b6-46c8-b619-93b815a2d79b,GRSM_063.basePlot.vst,2016-11-15,vst_GRSM_2016,D07,GRSM,GRSM_063,NEON.PLA.D07.GRSM.01390,single bole tree,10.1,130,7.8
02a08c12-4a56-4f47-a9fb-1487de582135,GRSM_063.basePlot.vst,2016-11-15,vst_GRSM_2016,D07,GRSM,GRSM_063,NEON.PLA.D07.GRSM.01400,single bole tree,43.6,130,36.8
1d3cc289-8196-4988-b607-6c50471307d7,GRSM_063.basePlot.vst,2016-11-15,vst_GRSM_2016,D07,GRSM,GRSM_063,NEON.PLA.D07.GRSM.01455,single bole tree,41.7,130,36.0
6d3121fd-306c-4ee5-87df-ab62be7d313f,GRSM_063.basePlot.vst,2016-11-15,vst_GRSM_2016,D07,GRSM,GRSM_063,NEON.PLA.D07.GRSM.01387,single bole tree,22.5,130,13.0
e0895a44-a56a-472b-982f-57924ff7eee3,GRSM_063.basePlot.vst,2016-11-15,vst_GRSM_2016,D07,GRSM,GRSM_063,NEON.PLA.D07.GRSM.01373,NA,NA,NA,NA
f260e4dd-a386-432f-be16-965489ef0301,GRSM_063.basePlot.vst,2016-11-15,vst_GRSM_2016,D07,GRSM,GRSM_063,NEON.PLA.D07.GRSM.01391,single bole tree,72.7,130,38.5
03bc6dee-f0ca-4bcd-bf1c-3abd341a3f17,GRSM_063.basePlot.vst,2016-11-15,vst_GRSM_2016,D07,GRSM,GRSM_063,NEON.PLA.D07.GRSM.01393,single bole tree,11.8,130,9.7
fb3bc353-5fce-4c4b-8475-54144abb78b0,GRSM_063.basePlot.vst,2016-11-15,vst_GRSM_2016,D07,GRSM,GRSM_063,NEON.PLA.D07.GRSM.01402,single bole tree,41.6,130,38.2
ac2a9ce3-ca7f-43ff-b0af-2763cd064e86,GRSM_063.basePlot.vst,2016-11-15,vst_GRSM_2016,D07,GRSM,GRSM_063,NEON.PLA.D07.GRSM.01388,single bole tree,23.1,130,1.9
6dbe293a-8527-47fc-9ddd-0491493698ae,GRSM_063.basePlot.vst,2016-11-15,vst_GRSM_2016,D07,GRSM,GRSM_063,NEON.PLA.D07.GRSM.01385,single bole tree,21.3,130,13.1
c985484d-30c8-497c-9c63-55232ab7691b,GRSM_063.basePlot.vst,2016-11-15,vst_GRSM_2016,D07,GRSM,GRSM_063,NEON.PLA.D07.GRSM.01352,single bole tree,12.7,130,5.4
c4fc1642-9ab6-47ef-87b7-0526441b9f1b,GRSM_063.basePlot.vst,2016-11-15,vst_GRSM_2016,D07,GRSM,GRSM_063,NEON.PLA.D07.GRSM.01431,multi-bole tree,48.1,130,40.6
d69719c5-f9a0-43b1-a47b-62f43369d36a,GRSM_063.basePlot.vst,2016-11-15,vst_GRSM_2016,D07,GRSM,GRSM_063,NEON.PLA.D07.GRSM.01383,single bole tree,24.2,130,23.4
3c242083-5519-445c-970d-ed36311aec52,GRSM_065.basePlot.vst,2016-11-15,vst_GRSM_2016,D07,GRSM,GRSM_065,NEON.PLA.D07.GRSM.00925,single bole tree,44.3,130,27.2
e5d2ea78-d09e-4e1f-b507-13c80578524e,GRSM_065.basePlot.vst,2016-11-15,vst_GRSM_2016,D07,GRSM,GRSM_065,NEON.PLA.D07.GRSM.00882,single bole tree,18.4,130,18.2
fa0a0798-da34-4702-a6df-c293ceb6d282,GRSM_065.basePlot.vst,2016-11-15,vst_GRSM_2016,D07,GRSM,GRSM_065,NEON.PLA.D07.GRSM.00901,single bole tree,10.7,130,13.8
38291d40-98b2-44de-bc71-5fff776439c4,GRSM_065.basePlot.vst,2016-11-15,vst_GRSM_2016,D07,GRSM,GRSM_065,NEON.PLA.D07.GRSM.00938,single bole tree,39.6,130,27.1
9568a673-79e8-4a35-ab27-ce43896b4fe4,GRSM_065.basePlot.vst,2016-11-15,vst_GRSM_2016,D07,GRSM,GRSM_065,NEON.PLA.D07.GRSM.00930,single bole tree,16.7,130,8.6
13bfa4c9-7492-4f27-b492-b41b56e2b197,GRSM_065.basePlot.vst,2016-11-15,vst_GRSM_2016,D07,GRSM,GRSM_065,NEON.PLA.D07.GRSM.00898,NA,NA,NA,NA
dba63510-8e1e-49e3-80be-e5a7fb0769da,GRSM_065.basePlot.vst,2016-11-15,vst_GRSM_2016,D07,GRSM,GRSM_065,NEON.PLA.D07.GRSM.00900,single bole tree,28.2,130,24.6
12e0f90f-a4c8-4ca6-a664-a82dd21243c8,GRSM_065.basePlot.vst,2016-11-15,vst_GRSM_2016,D07,GRSM,GRSM_065,NEON.PLA.D07.GRSM.00883,single bole tree,32.1,130,15.8
d59db7b6-5099-4c10-894f-acc2c838cd63,GRSM_065.basePlot.vst,2016-11-15,vst_GRSM_2016,D07,GRSM,GRSM_065,NEON.PLA.D07.GRSM.00935,single bole tree,13.7,130,10.7
96f747f0-dbe3-4cb0-beb2-584964d87baf,GRSM_065.basePlot.vst,2016-11-15,vst_GRSM_2016,D07,GRSM,GRSM_065,NEON.PLA.D07.GRSM.00933,single bole tree,16.7,130,2.9
44ef9988-db60-46a0-8ba7-8760723cd0da,GRSM_065.basePlot.vst,2016-11-15,vst_GRSM_2016,D07,GRSM,GRSM_065,NEON.PLA.D07.GRSM.00937,single bole tree,13.6,130,12.9
9a414f33-fbe5-4e1d-9b50-a2b972064e9c,GRSM_065.basePlot.vst,2016-11-15,vst_GRSM_2016,D07,GRSM,GRSM_065,NEON.PLA.D07.GRSM.00888,single bole tree,28.1,130,22.4
2a8473e5-5188-413b-973f-77c0caa7aa26,GRSM_065.basePlot.vst,2016-11-15,vst_GRSM_2016,D07,GRSM,GRSM_065,NEON.PLA.D07.GRSM.00929,single bole tree,38.9,130,25.4
b8d5c605-4be7-4029-a8e3-1471310e913a,GRSM_065.basePlot.vst,2016-11-15,vst_GRSM_2016,D07,GRSM,GRSM_065,NEON.PLA.D07.GRSM.00924,single bole tree,33.6,130,11.6
4d1a4cfe-2ca5-427b-8927-34e6f5c7734a,GRSM_065.basePlot.vst,2016-11-15,vst_GRSM_2016,D07,GRSM,GRSM_065,NEON.PLA.D07.GRSM.00907,single bole tree,18.3,130,3.1
b9381ddd-83e8-4c9c-802a-7b8218c4856c,GRSM_065.basePlot.vst,2016-11-15,vst_GRSM_2016,D07,GRSM,GRSM_065,NEON.PLA.D07.GRSM.00886,single bole tree,18.3,130,20.1
242cefd1-9e39-43a6-855a-9d226491be4e,GRSM_065.basePlot.vst,2016-11-15,vst_GRSM_2016,D07,GRSM,GRSM_065,NEON.PLA.D07.GRSM.00893,single bole tree,18.1,130,17.3
512cc600-a6a1-4d22-8c9c-443bd47a1a74,GRSM_065.basePlot.vst,2016-11-15,vst_GRSM_2016,D07,GRSM,GRSM_065,NEON.PLA.D07.GRSM.00904,single bole tree,30.5,130,21.5
e6db40be-d25b-4074-a79a-0362dc3e7afc,GRSM_065.basePlot.vst,2016-11-15,vst_GRSM_2016,D07,GRSM,GRSM_065,NEON.PLA.D07.GRSM.00885,single bole tree,10.3,130,7.3
0b98ae1c-29c1-4f3a-9824-2a8ee1f2b22d,GRSM_065.basePlot.vst,2016-11-15,vst_GRSM_2016,D07,GRSM,GRSM_065,NEON.PLA.D07.GRSM.00887,single bole tree,16.2,130,9.8
f51c6dbd-b44c-436e-a332-a136d130a936,GRSM_065.basePlot.vst,2016-11-15,vst_GRSM_2016,D07,GRSM,GRSM_065,NEON.PLA.D07.GRSM.00936,single bole tree,15.4,130,14.0
26784574-ad9c-4046-8b4c-5b211a784849,GRSM_065.basePlot.vst,2016-11-15,vst_GRSM_2016,D07,GRSM,GRSM_065,NEON.PLA.D07.GRSM.00892,single bole tree,14.4,130,4.4
0ac7a611-f9e5-4d33-bb70-42f4f269e48d,GRSM_065.basePlot.vst,2016-11-15,vst_GRSM_2016,D07,GRSM,GRSM_065,NEON.PLA.D07.GRSM.00894,single bole tree,35.9,130,25.8
06afa22a-e338-4556-923f-e07470edcfa8,GRSM_065.basePlot.vst,2016-11-15,vst_GRSM_2016,D07,GRSM,GRSM_065,NEON.PLA.D07.GRSM.00934,multi-bole tree,25.2,130,18.0
e35353d8-900a-42ac-ab56-7c351f50e6de,GRSM_065.basePlot.vst,2016-11-15,vst_GRSM_2016,D07,GRSM,GRSM_065,NEON.PLA.D07.GRSM.00896,single bole tree,43.9,130,12.0
a908d791-f3b4-43c2-aa05-c2e836a96603,GRSM_065.basePlot.vst,2016-11-15,vst_GRSM_2016,D07,GRSM,GRSM_065,NEON.PLA.D07.GRSM.00884,single bole tree,38.9,130,30.5
bb212f29-e25f-4627-9d01-6b4913e40d35,GRSM_065.basePlot.vst,2016-11-15,vst_GRSM_2016,D07,GRSM,GRSM_065,NEON.PLA.D07.GRSM.00921,single bole tree,16.6,130,16.4
06c863d8-f016-49b1-8e0e-4f31e23cd4e9,GRSM_065.basePlot.vst,2016-11-15,vst_GRSM_2016,D07,GRSM,GRSM_065,NEON.PLA.D07.GRSM.00920,single bole tree,14.1,130,14.3
8ccc0ef6-bde9-4dcf-9bc1-5d76bb697017,GRSM_065.basePlot.vst,2016-11-15,vst_GRSM_2016,D07,GRSM,GRSM_065,NEON.PLA.D07.GRSM.00905,multi-bole tree,12.3,130,20.6
5d339a4a-9b13-44c5-b3d9-bb06795400ae,GRSM_064.basePlot.vst,2016-11-16,vst_GRSM_2016,D07,GRSM,GRSM_064,NEON.PLA.D07.GRSM.01038,single bole tree,36.8,130,29.0
9ab88bb7-9507-484d-a23c-d43172dd1102,GRSM_064.basePlot.vst,2016-11-16,vst_GRSM_2016,D07,GRSM,GRSM_064,NEON.PLA.D07.GRSM.01022,multi-bole tree,34.4,150,20.5
4ccce195-ba5c-4b08-90b9-0ff6752b3143,GRSM_064.basePlot.vst,2016-11-16,vst_GRSM_2016,D07,GRSM,GRSM_064,NEON.PLA.D07.GRSM.01050,single bole tree,15.5,130,16.7
f130e21e-0c34-4844-abf1-16864b89b92e,GRSM_064.basePlot.vst,2016-11-16,vst_GRSM_2016,D07,GRSM,GRSM_064,NEON.PLA.D07.GRSM.01039,NA,NA,NA,NA
d171b958-4cbd-4651-91ff-09acbc8d75a0,GRSM_064.basePlot.vst,2016-11-16,vst_GRSM_2016,D07,GRSM,GRSM_064,NEON.PLA.D07.GRSM.01017,single bole tree,14.9,130,5.4
072738ea-cf07-45d4-815d-f618dea30b68,GRSM_064.basePlot.vst,2016-11-16,vst_GRSM_2016,D07,GRSM,GRSM_064,NEON.PLA.D07.GRSM.01044,single bole tree,32.3,130,24.7
43a091f0-9aa4-4de6-afbe-7b12a597cbdf,GRSM_064.basePlot.vst,2016-11-16,vst_GRSM_2016,D07,GRSM,GRSM_064,NEON.PLA.D07.GRSM.00963,single bole tree,37.7,130,27.8
52194c52-93be-4f68-aef0-9722a8b328e7,GRSM_064.basePlot.vst,2016-11-16,vst_GRSM_2016,D07,GRSM,GRSM_064,NEON.PLA.D07.GRSM.01042,small tree,9.9,130,1.9
8978084e-9189-4d9b-9917-e4019262cfb3,GRSM_064.basePlot.vst,2016-11-16,vst_GRSM_2016,D07,GRSM,GRSM_064,NEON.PLA.D07.GRSM.01025,single bole tree,10.7,130,15.8
bf4598bc-fdf4-4e0e-988d-8f98fabdb06f,GRSM_064.basePlot.vst,2016-11-16,vst_GRSM_2016,D07,GRSM,GRSM_064,NEON.PLA.D07.GRSM.00997,single bole tree,1.8,130,3.6
f47df751-9486-4e7e-8a21-aef706bfa706,GRSM_064.basePlot.vst,2016-11-16,vst_GRSM_2016,D07,GRSM,GRSM_064,NEON.PLA.D07.GRSM.01021,single bole tree,15.8,130,17.3
20ab0ab5-4b6d-43cf-b27d-b96c94fcfc04,GRSM_064.basePlot.vst,2016-11-16,vst_GRSM_2016,D07,GRSM,GRSM_064,NEON.PLA.D07.GRSM.01024,multi-bole tree,33.6,180,27.2
8f92167f-dcba-40b1-b09f-9f24b9618138,GRSM_064.basePlot.vst,2016-11-16,vst_GRSM_2016,D07,GRSM,GRSM_064,NEON.PLA.D07.GRSM.01057,single bole tree,46.3,130,33.8
c57197e8-f7ec-4515-b0b0-3c72da4e0e72,GRSM_064.basePlot.vst,2016-11-16,vst_GRSM_2016,D07,GRSM,GRSM_064,NEON.PLA.D07.GRSM.01030,single bole tree,42.7,130,33.4
6552f70c-6658-4457-b14e-23cd806dcbe9,GRSM_064.basePlot.vst,2016-11-16,vst_GRSM_2016,D07,GRSM,GRSM_064,NEON.PLA.D07.GRSM.01055,single bole tree,21.0,130,21.5
0a77c397-107c-46f3-ba71-445374aeab77,GRSM_064.basePlot.vst,2016-11-16,vst_GRSM_2016,D07,GRSM,GRSM_064,NEON.PLA.D07.GRSM.00995,single bole tree,31.8,130,29.2
93919452-92d7-4fed-b4a1-83f40700870c,GRSM_064.basePlot.vst,2016-11-16,vst_GRSM_2016,D07,GRSM,GRSM_064,NEON.PLA.D07.GRSM.01052,single bole tree,34.4,130,24.5
7622ac9f-df1d-4942-8af3-3959e5125360,GRSM_064.basePlot.vst,2016-11-16,vst_GRSM_2016,D07,GRSM,GRSM_064,NEON.PLA.D07.GRSM.00958,small tree,9.9,130,7.2
164eea45-a327-4b4a-a480-41d15ef2ceea,GRSM_064.basePlot.vst,2016-11-16,vst_GRSM_2016,D07,GRSM,GRSM_064,NEON.PLA.D07.GRSM.01059,single bole tree,17.0,130,2.7
489114b3-0d12-4aad-b74b-4a8e75f43608,GRSM_064.basePlot.vst,2016-11-16,vst_GRSM_2016,D07,GRSM,GRSM_064,NEON.PLA.D07.GRSM.01035,single bole tree,36.3,130,28.8
1ebc4ba3-6448-419a-b241-5735e7c410d6,GRSM_064.basePlot.vst,2016-11-16,vst_GRSM_2016,D07,GRSM,GRSM_064,NEON.PLA.D07.GRSM.01060,single bole tree,30.4,130,11.4
37ae4801-3cdf-43fc-afde-a2d0b35f46a7,GRSM_064.basePlot.vst,2016-11-16,vst_GRSM_2016,D07,GRSM,GRSM_064,NEON.PLA.D07.GRSM.00987,single bole tree,18.8,130,7.1
5e2b0b7c-c7cb-470f-94a2-d3c7b7079c27,GRSM_064.basePlot.vst,2016-11-16,vst_GRSM_2016,D07,GRSM,GRSM_064,NEON.PLA.D07.GRSM.01033,multi-bole tree,11.8,130,13.7
cf2c8889-9037-4cf9-8cd3-65c0b4d53a3f,GRSM_064.basePlot.vst,2016-11-16,vst_GRSM_2016,D07,GRSM,GRSM_064,NEON.PLA.D07.GRSM.01051,single bole tree,29.0,130,25.0
3e76ac05-eca0-43bc-b92c-90c9b68a0fa0,GRSM_064.basePlot.vst,2016-11-16,vst_GRSM_2016,D07,GRSM,GRSM_064,NEON.PLA.D07.GRSM.01034,NA,NA,NA,NA
19212b50-3bdf-487b-a820-8cb76ba6a595,GRSM_064.basePlot.vst,2016-11-16,vst_GRSM_2016,D07,GRSM,GRSM_064,NEON.PLA.D07.GRSM.00959,single bole tree,29.2,130,30.8
eb15ac18-ab77-46b8-8c7b-e286d833f83e,GRSM_064.basePlot.vst,2016-11-16,vst_GRSM_2016,D07,GRSM,GRSM_064,NEON.PLA.D07.GRSM.01048,single bole tree,11.5,130,2.6
de351765-fc1d-4b10-a88c-ff0a670e295f,GRSM_064.basePlot.vst,2016-11-16,vst_GRSM_2016,D07,GRSM,GRSM_064,NEON.PLA.D07.GRSM.01023,single bole tree,12.1,130,9.6
a63b5d11-30b1-48d5-bcea-fe1b3f9413c6,GRSM_064.basePlot.vst,2016-11-16,vst_GRSM_2016,D07,GRSM,GRSM_064,NEON.PLA.D07.GRSM.01056,single bole tree,21.8,130,21.9
434f08eb-3c13-4651-86c8-9ec3aeb48349,GRSM_064.basePlot.vst,2016-11-16,vst_GRSM_2016,D07,GRSM,GRSM_064,NEON.PLA.D07.GRSM.01054,single bole tree,46.6,130,34.0
8a2d7bee-cb52-4c64-9f54-fb191a28877e,GRSM_064.basePlot.vst,2016-11-16,vst_GRSM_2016,D07,GRSM,GRSM_064,NEON.PLA.D07.GRSM.00984,single bole tree,12.1,130,13.8
e04bf202-23d7-46d3-9e74-5b29cfdfc932,GRSM_064.basePlot.vst,2016-11-16,vst_GRSM_2016,D07,GRSM,GRSM_064,NEON.PLA.D07.GRSM.01016,single bole tree,55.6,130,32.5
80f11884-93b3-42ba-a109-f50e793b85f1,GRSM_064.basePlot.vst,2016-11-16,vst_GRSM_2016,D07,GRSM,GRSM_064,NEON.PLA.D07.GRSM.01018,single bole tree,19.7,130,14.7
8f57eecf-809c-4bba-94d8-9b657fcaaa64,GRSM_064.basePlot.vst,2016-11-16,vst_GRSM_2016,D07,GRSM,GRSM_064,NEON.PLA.D07.GRSM.01019,single bole tree,47.7,130,31.9
c75db405-1df8-4dab-b017-83c6d0ab6f5f,GRSM_064.basePlot.vst,2016-11-16,vst_GRSM_2016,D07,GRSM,GRSM_064,NEON.PLA.D07.GRSM.01020,single bole tree,35.2,130,31.2
69a5b361-2bc6-417a-a30b-0332d77716c8,GRSM_064.basePlot.vst,2016-11-16,vst_GRSM_2016,D07,GRSM,GRSM_064,NEON.PLA.D07.GRSM.01027,single bole tree,56.7,130,29.7
9a0dae00-a8df-4243-b9a9-23dce60799f9,GRSM_064.basePlot.vst,2016-11-16,vst_GRSM_2016,D07,GRSM,GRSM_064,NEON.PLA.D07.GRSM.01031,single bole tree,14.9,130,4.9
322c012c-18f3-4f38-9ab9-a1ffa85d9ee8,GRSM_064.basePlot.vst,2016-11-16,vst_GRSM_2016,D07,GRSM,GRSM_064,NEON.PLA.D07.GRSM.00975,single bole tree,58.2,130,31.9
d94137b4-943e-4657-ad53-cfb3b05543ab,GRSM_064.basePlot.vst,2016-11-16,vst_GRSM_2016,D07,GRSM,GRSM_064,NEON.PLA.D07.GRSM.01043,multi-bole tree,33.0,130,24.5
11efaecd-9794-4a83-bb61-10abb984556c,GRSM_064.basePlot.vst,2016-11-16,vst_GRSM_2016,D07,GRSM,GRSM_064,NEON.PLA.D07.GRSM.01049,single bole tree,55.2,130,32.0
7cfb0d5c-30ee-4407-a032-5365a07e0c82,GRSM_064.basePlot.vst,2016-11-16,vst_GRSM_2016,D07,GRSM,GRSM_064,NEON.PLA.D07.GRSM.01047,single bole tree,12.5,130,2.7
5106b0ec-9026-43e5-abef-8750c39b0019,GRSM_064.basePlot.vst,2016-11-16,vst_GRSM_2016,D07,GRSM,GRSM_064,NEON.PLA.D07.GRSM.01014,single bole tree,34.0,130,19.0
ca238fa1-e7a1-4ba7-a561-1e4f56948205,GRSM_064.basePlot.vst,2016-11-16,vst_GRSM_2016,D07,GRSM,GRSM_064,NEON.PLA.D07.GRSM.01058,NA,NA,NA,NA
653985a9-1502-452a-a0f4-24d353255573,GRSM_066.basePlot.vst,2016-11-17,vst_GRSM_2016,D07,GRSM,GRSM_066,NEON.PLA.D07.GRSM.01071,single bole tree,24.5,130,11.9
0151ca2d-3538-4026-9237-fd9e98938d82,GRSM_066.basePlot.vst,2016-11-17,vst_GRSM_2016,D07,GRSM,GRSM_066,NEON.PLA.D07.GRSM.01075,single bole tree,20.1,130,20.9
5d68f47d-20f7-405f-acc8-499675e5259d,GRSM_066.basePlot.vst,2016-11-17,vst_GRSM_2016,D07,GRSM,GRSM_066,NEON.PLA.D07.GRSM.01078,single bole tree,12.9,130,8.5
89ccaf0b-008f-4fa8-b0e3-1bb0f0502e30,GRSM_066.basePlot.vst,2016-11-17,vst_GRSM_2016,D07,GRSM,GRSM_066,NEON.PLA.D07.GRSM.01063,single bole tree,60.6,130,25.9
5d130273-5cb9-4f07-9e6b-57fcc0135331,GRSM_066.basePlot.vst,2016-11-17,vst_GRSM_2016,D07,GRSM,GRSM_066,NEON.PLA.D07.GRSM.01099,single bole tree,11.5,130,12.9
31c9d818-ffc2-435a-b393-883ae3225e8e,GRSM_066.basePlot.vst,2016-11-17,vst_GRSM_2016,D07,GRSM,GRSM_066,NEON.PLA.D07.GRSM.01064,single bole tree,38.6,130,31.5
a7724d42-09f4-456a-9627-ad0dfb973977,GRSM_066.basePlot.vst,2016-11-17,vst_GRSM_2016,D07,GRSM,GRSM_066,NEON.PLA.D07.GRSM.01077,single bole tree,16.2,130,17.1
1be1623b-a126-4a0c-86ac-81da22fd411c,GRSM_066.basePlot.vst,2016-11-17,vst_GRSM_2016,D07,GRSM,GRSM_066,NEON.PLA.D07.GRSM.01094,single bole tree,70.2,130,32.0
883d7591-25fb-4e78-bebb-feb7e1c62d89,GRSM_066.basePlot.vst,2016-11-17,vst_GRSM_2016,D07,GRSM,GRSM_066,NEON.PLA.D07.GRSM.01097,single bole tree,14.1,130,6.3
e04847b7-27c4-4e67-a459-f09d6de8d674,GRSM_066.basePlot.vst,2016-11-17,vst_GRSM_2016,D07,GRSM,GRSM_066,NEON.PLA.D07.GRSM.01070,multi-bole tree,58.5,130,30.0
08aa9924-212f-4a34-aede-a8ffbe47e676,GRSM_066.basePlot.vst,2016-11-17,vst_GRSM_2016,D07,GRSM,GRSM_066,NEON.PLA.D07.GRSM.01096,single bole tree,43.9,130,25.0
0cb28088-8905-4ad5-a523-8ff9d6760d70,GRSM_066.basePlot.vst,2016-11-17,vst_GRSM_2016,D07,GRSM,GRSM_066,NEON.PLA.D07.GRSM.01074,single bole tree,59.0,130,31.5
e9be0d24-71d0-4fa7-b184-013e8d25545f,GRSM_066.basePlot.vst,2016-11-17,vst_GRSM_2016,D07,GRSM,GRSM_066,NEON.PLA.D07.GRSM.01081,single bole tree,35.9,130,23.6
432dec31-4d71-4a30-966e-c3482f4aa3d1,GRSM_066.basePlot.vst,2016-11-17,vst_GRSM_2016,D07,GRSM,GRSM_066,NEON.PLA.D07.GRSM.01100,single bole tree,21.2,130,16.3
6f240942-1b52-48ae-ad10-7fb19b641935,GRSM_066.basePlot.vst,2016-11-17,vst_GRSM_2016,D07,GRSM,GRSM_066,NEON.PLA.D07.GRSM.01076,single bole tree,14.0,130,8.2
6a7c48bf-b826-4694-bd8a-a458c94d976b,GRSM_066.basePlot.vst,2016-11-17,vst_GRSM_2016,D07,GRSM,GRSM_066,NEON.PLA.D07.GRSM.01101,single bole tree,28.9,130,17.0
75eb6df5-b748-4850-841f-217ae6f67f77,GRSM_066.basePlot.vst,2016-11-17,vst_GRSM_2016,D07,GRSM,GRSM_066,NEON.PLA.D07.GRSM.01109,single bole tree,50.2,130,33.8
6321ec0f-b9f6-4f3d-b567-4a2bda298d5b,GRSM_066.basePlot.vst,2016-11-17,vst_GRSM_2016,D07,GRSM,GRSM_066,NEON.PLA.D07.GRSM.01072,single bole tree,16.5,130,12.5
