uid,namedLocation,date,eventID,domainID,siteID,plotID,individualID,growthForm,stemDiameter,measurementHeight,height
b3bbcc65-84c1-433e-80a4-6c7076071d51,DELA_046.basePlot.vst,2015-09-14,vst_DELA_2015,D08,DELA,DELA_046,NEON.PLA.D08.DELA.04047,single bole tree,38.2,130,20.4
9f13cfdb-3f1f-4dc6-afaf-fc90ed22a2dc,DELA_046.basePlot.vst,2015-09-14,vst_DELA_2015,D08,DELA,DELA_046,NEON.PLA.D08.DELA.04034,single bole tree,14.2,130,14.6
a33dcc68-93eb-4b09-a899-4c8697687794,DELA_046.basePlot.vst,2015-09-14,vst_DELA_2015,D08,DELA,DELA_046,NEON.PLA.D08.DELA.04031,single bole tree,12.0,130,12.5
1d1eb69e-4858-4138-af1a-4a30eba6c10a,DELA_046.basePlot.vst,2015-09-14,vst_DELA_2015,D08,DELA,DELA_046,NEON.PLA.D08.DELA.04069,single bole tree,21.7,130,18.8
b20fa13b-3432-4c53-9824-4511956b1ff3,DELA_046.basePlot.vst,2015-09-14,vst_DELA_2015,D08,DELA,DELA_046,NEON.PLA.D08.DELA.04054,single bole tree,22.0,130,17.8
368bf42f-585e-4029-95d1-0464b7e3483e,DELA_046.basePlot.vst,2015-09-14,vst_DELA_2015,D08,DELA,DELA_046,NEON.PLA.D08.DELA.04005,single bole tree,11.3,130,10.2
56aeee09-3071-44a1-ae65-06c19bbed50f,DELA_046.basePlot.vst,2015-09-14,vst_DELA_2015,D08,DELA,DELA_046,NEON.PLA.D08.DELA.04018,single bole tree,46.5,130,23.3
9ed4b5b6-394e-44df-8699-dcbd7b04d02d,DELA_046.basePlot.vst,2015-09-14,vst_DELA_2015,D08,DELA,DELA_046,NEON.PLA.D08.DELA.04048,single bole tree,46.6,130,22.2
646ae972-b4ea-475a-8460-0ffcdf27cd7f,DELA_046.basePlot.vst,2015-09-14,vst_DELA_2015,D08,DELA,DELA_046,NEON.PLA.D08.DELA.04049,single bole tree,10.9,130,7.4
f7339442-3f02-4ff1-a7a0-de18b54490f8,DELA_046.basePlot.vst,2015-09-14,vst_DELA_2015,D08,DELA,DELA_046,NEON.PLA.D08.DELA.04068,single bole tree,19.2,130,16.7
7dffc052-9190-41f9-8c91-587e2069ea75,DELA_046.basePlot.vst,2015-09-14,vst_DELA_2015,D08,DELA,DELA_046,NEON.PLA.D08.DELA.04055,single bole tree,10.2,130,9.4
71fdf5ab-b1f0-4851-87e1-b806841d702d,DELA_046.basePlot.vst,2015-09-14,vst_DELA_2015,D08,DELA,DELA_046,NEON.PLA.D08.DELA.04026,single bole tree,30.0,130,22.5
6435289e-d0f9-4a52-b7c4-afcf20a631b6,DELA_046.basePlot.vst,2015-09-14,vst_DELA_2015,D08,DELA,DELA_046,NEON.PLA.D08.DELA.04044,single bole tree,17.5,130,18.2
d52cc795-de4e-4e4b-b0b6-c5a0ef212f9e,DELA_046.basePlot.vst,2015-09-14,vst_DELA_2015,D08,DELA,DELA_046,NEON.PLA.D08.DELA.04060,multi-bole tree,35.7,130,21.9
5ff23eaf-4ddf-46fc-8c73-211c891e961f,DELA_046.basePlot.vst,2015-09-14,vst_DELA_2015,D08,DELA,DELA_046,NEON.PLA.D08.DELA.04062,single bole tree,13.4,130,4.6
d1009ef2-d19e-4e61-abad-1a38bfd8dd58,DELA_046.basePlot.vst,2015-09-14,vst_DELA_2015,D08,DELA,DELA_046,NEON.PLA.D08.DELA.05670,multi-bole tree,14.8,130,NA
c793d509-a674-46fb-83c2-f5e1f3db6ee8,DELA_046.basePlot.vst,2015-09-14,vst_DELA_2015,D08,DELA,DELA_046,NEON.PLA.D08.DELA.04067,single bole tree,14.7,130,13.6
39a22408-9cb4-4986-b9eb-4579de13da64,DELA_046.basePlot.vst,2015-09-14,vst_DELA_2015,D08,DELA,DELA_046,NEON.PLA.D08.DELA.04059,single bole tree,11.8,130,14.8
563fd9f5-d86c-4687-9e96-a7d8c3411cc7,DELA_046.basePlot.vst,2015-09-14,vst_DELA_2015,D08,DELA,DELA_046,NEON.PLA.D08.DELA.04065,single bole tree,15.6,130,17.4
8396743b-74de-454b-93e9-25f0fb730e45,DELA_046.basePlot.vst,2015-09-14,vst_DELA_2015,D08,DELA,DELA_046,NEON.PLA.D08.DELA.04057,single bole tree,33.2,130,23.2
6b95abe6-d37b-40d6-86a3-61876ccd1e62,DELA_046.basePlot.vst,2015-09-14,vst_DELA_2015,D08,DELA,DELA_046,NEON.PLA.D08.DELA.04008,single bole tree,17.6,130,9.4
eca60d8a-b4fa-4b5d-a984-b81c7503f293,DELA_046.basePlot.vst,2015-09-14,vst_DELA_2015,D08,DELA,DELA_046,NEON.PLA.D08.DELA.04046,single bole tree,28.0,130,18.1
3bcead39-1752-4235-9e71-1b171462300e,DELA_046.basePlot.vst,2015-09-14,vst_DELA_2015,D08,DELA,DELA_046,NEON.PLA.D08.DELA.04028,single bole tree,22.1,130,14.1
7f14b463-99f2-44e4-95cd-132c32b9e6ae,DELA_046.basePlot.vst,2015-09-14,vst_DELA_2015,D08,DELA,DELA_046,NEON.PLA.D08.DELA.04056,single bole tree,11.9,130,10.2
bab72bb7-77c7-432e-bb3f-31a4acfebc20,DELA_046.basePlot.vst,2015-09-14,vst_DELA_2015,D08,DELA,DELA_046,NEON.PLA.D08.DELA.04029,single bole tree,20.0,130,19.2
62c8853a-d5ad-4964-9d96-e6646441d329,DELA_046.basePlot.vst,2015-09-14,vst_DELA_2015,D08,DELA,DELA_046,NEON.PLA.D08.DELA.04042,single bole tree,16.5,130,17.8
6415e6fc-ade4-43cb-b23b-be46c7d3cb37,DELA_046.basePlot.vst,2015-09-14,vst_DELA_2015,D08,DELA,DELA_046,NEON.PLA.D08.DELA.04070,single bole tree,48.8,130,21.3
ce6950a7-c79b-4a00-8a41-173786b9d6ca,DELA_046.basePlot.vst,2015-09-14,vst_DELA_2015,D08,DELA,DELA_046,NEON.PLA.D08.DELA.04063,single bole tree,12.7,130,9.4
a1221cd7-fdf0-461c-8009-051b409ffe17,DELA_046.basePlot.vst,2015-09-14,vst_DELA_2015,D08,DELA,DELA_046,NEON.PLA.D08.DELA.04071,single bole tree,21.2,130,20.5
60a62faa-5d4d-49a6-ab3e-2d1f95779828,DELA_046.basePlot.vst,2015-09-14,vst_DELA_2015,D08,DELA,DELA_046,NEON.PLA.D08.DELA.04006,single bole tree,19.7,130,12.1
79b3b4b8-3633-4e54-828e-8e923dbd28e8,DELA_046.basePlot.vst,2015-09-14,vst_DELA_2015,D08,DELA,DELA_046,NEON.PLA.D08.DELA.04050,single bole tree,38.5,130,23.3
299b5b38-6521-43b6-8a5f-1c816fda03b6,DELA_046.basePlot.vst,2015-09-14,vst_DELA_2015,D08,DELA,DELA_046,NEON.PLA.D08.DELA.04016,single bole tree,10.5,130,5.4
3f5fcf7c-27a2-44bb-8cf6-c3010b53723d,DELA_046.basePlot.vst,2015-09-14,vst_DELA_2015,D08,DELA,DELA_046,NEON.PLA.D08.DELA.04066,single bole tree,23.2,130,21.3
a72688ca-2c4f-4c2e-af05-24d17c662773,DELA_046.basePlot.vst,2015-09-14,vst_DELA_2015,D08,DELA,DELA_046,NEON.PLA.D08.DELA.04061,single bole tree,22.5,130,15.3
7d84fe88-8a38-4dce-847c-62ce9ea0875e,DELA_046.basePlot.vst,2015-09-14,vst_DELA_2015,D08,DELA,DELA_046,NEON.PLA.D08.DELA.04023,single bole tree,59.5,130,21.2
fb770952-1c1e-4df0-9941-6d6af236f69c,DELA_046.basePlot.vst,2015-09-14,vst_DELA_2015,D08,DELA,DELA_046,NEON.PLA.D08.DELA.04038,single bole tree,10.3,130,11.5
d8125b46-17cc-4d2c-aaf8-5723f3d60e72,DELA_046.basePlot.vst,2015-09-14,vst_DELA_2015,D08,DELA,DELA_046,NEON.PLA.D08.DELA.04058,single bole tree,22.0,130,19.7
fb1539e1-5c3a-4e57-a84d-8b9612b4800a,DELA_046.basePlot.vst,2015-09-14,vst_DELA_2015,D08,DELA,DELA_046,NEON.PLA.D08.DELA.04036,single bole tree,20.3,130,20.2
95c24896-038a-4c93-9a3e-796e2f948fa1,DELA_053.basePlot.vst,2015-09-15,vst_DELA_2015,D08,DELA,DELA_053,NEON.PLA.D08.DELA.04280,single bole tree,17.9,130,16.1
bbc77c28-8b27-4e9d-8de6-7db205bbf888,DELA_053.basePlot.vst,2015-09-15,vst_DELA_2015,D08,DELA,DELA_053,NEON.PLA.D08.DELA.04261,single bole tree,14.3,130,17.5
ca07b366-4377-436b-a7f8-03137252ed83,DELA_053.basePlot.vst,2015-09-15,vst_DELA_2015,D08,DELA,DELA_053,NEON.PLA.D08.DELA.04205,single bole tree,11.2,130,13.2
53f62fbd-9154-4a7b-abd0-d35999e07bd2,DELA_053.basePlot.vst,2015-09-15,vst_DELA_2015,D08,DELA,DELA_053,NEON.PLA.D08.DELA.04283,single bole tree,14.8,130,14.3
72779558-c724-43d1-b669-2758c02bb5dd,DELA_053.basePlot.vst,2015-09-15,vst_DELA_2015,D08,DELA,DELA_053,NEON.PLA.D08.DELA.04270,single bole tree,32.7,130,23.0
d0836065-8b0a-4df6-be3c-bc37f3803ae6,DELA_051.basePlot.vst,2015-09-15,vst_DELA_2015,D08,DELA,DELA_051,NEON.PLA.D08.DELA.04086,single bole tree,26.1,130,15.4
2f83dfb3-4c73-4a70-a301-69c20bc1e385,DELA_053.basePlot.vst,2015-09-15,vst_DELA_2015,D08,DELA,DELA_053,NEON.PLA.D08.DELA.04213,single bole tree,14.7,130,9.5
bf8c62a1-15e4-4f80-bb64-ebb93bf52a96,DELA_053.basePlot.vst,2015-09-15,vst_DELA_2015,D08,DELA,DELA_053,NEON.PLA.D08.DELA.04247,single bole tree,14.7,130,14.4
7c9c7e26-1eea-4907-8927-e2edaaa3f598,DELA_051.basePlot.vst,2015-09-15,vst_DELA_2015,D08,DELA,DELA_051,NEON.PLA.D08.DELA.09158,single bole tree,25.1,130,10.5
e92d4a62-c831-4126-8385-fef4eda5b152,DELA_053.basePlot.vst,2015-09-15,vst_DELA_2015,D08,DELA,DELA_053,NEON.PLA.D08.DELA.04207,single bole tree,30.8,130,16.8
205dde66-68af-4585-89f3-f55eddd98ee7,DELA_051.basePlot.vst,2015-09-15,vst_DELA_2015,D08,DELA,DELA_051,NEON.PLA.D08.DELA.04073,multi-bole tree,60.1,50,17.4
72f53c89-bd68-4e38-9055-bcad0393c16e,DELA_051.basePlot.vst,2015-09-15,vst_DELA_2015,D08,DELA,DELA_051,NEON.PLA.D08.DELA.04085,multi-bole tree,52.8,85,18.7
b6218e7f-b156-4753-a16c-58aac1285ec7,DELA_051.basePlot.vst,2015-09-15,vst_DELA_2015,D08,DELA,DELA_051,NEON.PLA.D08.DELA.09160,single bole tree,33.0,130,11.0
a362b9e6-f516-40df-a5f5-bb71ec2d3457,DELA_051.basePlot.vst,2015-09-15,vst_DELA_2015,D08,DELA,DELA_051,NEON.PLA.D08.DELA.04082,single bole tree,11.8,130,11.4
aea397d4-fae8-42ab-83e2-d45363dfebde,DELA_051.basePlot.vst,2015-09-15,vst_DELA_2015,D08,DELA,DELA_051,NEON.PLA.D08.DELA.04111,single bole tree,12.5,130,11.8
b29de420-82ac-4af6-bd54-515fbb83e4bb,DELA_051.basePlot.vst,2015-09-15,vst_DELA_2015,D08,DELA,DELA_051,NEON.PLA.D08.DELA.04078,single bole tree,13.7,130,3.3
f0cb47c6-ee10-4f43-91ed-0c9d42658743,DELA_051.basePlot.vst,2015-09-15,vst_DELA_2015,D08,DELA,DELA_051,NEON.PLA.D08.DELA.04074,single bole tree,11.2,130,8.2
eca55d61-e449-4ecf-80b7-e662bcaad7fd,DELA_051.basePlot.vst,2015-09-15,vst_DELA_2015,D08,DELA,DELA_051,NEON.PLA.D08.DELA.04089,multi-bole tree,35.8,60,15.2
06f68f93-080c-4bc5-80c2-4e529055576f,DELA_053.basePlot.vst,2015-09-15,vst_DELA_2015,D08,DELA,DELA_053,NEON.PLA.D08.DELA.04223,single bole tree,19.6,130,19.1
62ef179c-86fb-437f-aabd-cf653eddc12d,DELA_051.basePlot.vst,2015-09-15,vst_DELA_2015,D08,DELA,DELA_051,NEON.PLA.D08.DELA.09146,single bole tree,15.7,130,14.3
5236fccf-b95c-4bdd-b767-e9d7720cb207,DELA_053.basePlot.vst,2015-09-15,vst_DELA_2015,D08,DELA,DELA_053,NEON.PLA.D08.DELA.04276,single bole tree,14.6,130,14.0
7699febc-e63d-4b21-bf4c-26192e0cfa5a,DELA_051.basePlot.vst,2015-09-15,vst_DELA_2015,D08,DELA,DELA_051,NEON.PLA.D08.DELA.04079,multi-bole tree,43.8,35,13.2
d3c6c450-2c02-4ffc-a1b8-a8348bbdd51b,DELA_051.basePlot.vst,2015-09-15,vst_DELA_2015,D08,DELA,DELA_051,NEON.PLA.D08.DELA.09162,single bole tree,29.0,130,14.2
8cb74ee3-92f4-4e90-b088-682f9f8ff01f,DELA_053.basePlot.vst,2015-09-15,vst_DELA_2015,D08,DELA,DELA_053,NEON.PLA.D08.DELA.04252,single bole tree,29.2,130,22.5
290de129-0835-46be-81bd-a8c02b3901ed,DELA_053.basePlot.vst,2015-09-15,vst_DELA_2015,D08,DELA,DELA_053,NEON.PLA.D08.DELA.04277,single bole tree,10.5,130,13.3
866cc49c-5802-4b7a-9b3d-55a0d8bed044,DELA_051.basePlot.vst,2015-09-15,vst_DELA_2015,D08,DELA,DELA_051,NEON.PLA.D08.DELA.09159,single bole tree,16.3,130,12.3
37ca163e-b146-4ee9-a8d4-717b691dc364,DELA_053.basePlot.vst,2015-09-15,vst_DELA_2015,D08,DELA,DELA_053,NEON.PLA.D08.DELA.04243,single bole tree,14.7,130,12.3
b3bd6a6e-0027-4a2a-83ac-7ac7e95d0b7b,DELA_051.basePlot.vst,2015-09-15,vst_DELA_2015,D08,DELA,DELA_051,NEON.PLA.D08.DELA.04137,single bole tree,19.1,130,13.3
96092f69-f55e-4b65-b2c8-55e96ff4d6fa,DELA_053.basePlot.vst,2015-09-15,vst_DELA_2015,D08,DELA,DELA_053,NEON.PLA.D08.DELA.04285,single bole tree,20.4,130,17.1
ccbedb00-fda6-4235-ba07-38e741f6a1b5,DELA_053.basePlot.vst,2015-09-15,vst_DELA_2015,D08,DELA,DELA_053,NEON.PLA.D08.DELA.04241,single bole tree,11.5,130,13.9
f58d2101-2a6a-4329-8d16-fbe478de278d,DELA_051.basePlot.vst,2015-09-15,vst_DELA_2015,D08,DELA,DELA_051,NEON.PLA.D08.DELA.04095,single bole tree,27.4,130,15.5
d52309d5-1613-4c95-876f-d8003569807b,DELA_051.basePlot.vst,2015-09-15,vst_DELA_2015,D08,DELA,DELA_051,NEON.PLA.D08.DELA.04116,single bole tree,10.7,130,6.4
75795ff2-8c25-43f4-b6c2-a12addd78c70,DELA_053.basePlot.vst,2015-09-15,vst_DELA_2015,D08,DELA,DELA_053,NEON.PLA.D08.DELA.04220,single bole tree,69.4,130,25.2
956fc9ea-2377-4bdb-9573-7f45af39ae12,DELA_051.basePlot.vst,2015-09-15,vst_DELA_2015,D08,DELA,DELA_051,NEON.PLA.D08.DELA.04087,single bole tree,28.3,130,14.3
7ac0f184-600f-49a9-9cda-b75c10a49f65,DELA_053.basePlot.vst,2015-09-15,vst_DELA_2015,D08,DELA,DELA_053,NEON.PLA.D08.DELA.04211,multi-bole tree,26.9,130,19.8
0d3398a7-0b88-40f7-a614-db9eca158edb,DELA_053.basePlot.vst,2015-09-15,vst_DELA_2015,D08,DELA,DELA_053,NEON.PLA.D08.DELA.04268,single bole tree,13.5,130,9.6
64671155-77e6-41a7-9190-a3dfef5056d4,DELA_051.basePlot.vst,2015-09-15,vst_DELA_2015,D08,DELA,DELA_051,NEON.PLA.D08.DELA.04081,single bole tree,13.5,130,7.8
639c5b8f-c493-4128-8316-639a6561b125,DELA_053.basePlot.vst,2015-09-15,vst_DELA_2015,D08,DELA,DELA_053,NEON.PLA.D08.DELA.04263,single bole tree,43.2,130,19.5
e14d6d9a-0868-4e79-b851-1cade4849088,DELA_051.basePlot.vst,2015-09-15,vst_DELA_2015,D08,DELA,DELA_051,NEON.PLA.D08.DELA.04119,multi-bole tree,38.7,27,16.4
64a31675-df97-4aaa-bc5c-81d54de4ef7e,DELA_053.basePlot.vst,2015-09-15,vst_DELA_2015,D08,DELA,DELA_053,NEON.PLA.D08.DELA.04278,single bole tree,19.2,130,14.7
2eb43fc9-9254-4595-aa2f-d27e4e77308b,DELA_053.basePlot.vst,2015-09-15,vst_DELA_2015,D08,DELA,DELA_053,NEON.PLA.D08.DELA.04246,single bole tree,10.9,130,12.2
f922a7e0-8090-47a6-8832-660a420ba523,DELA_051.basePlot.vst,2015-09-15,vst_DELA_2015,D08,DELA,DELA_051,NEON.PLA.D08.DELA.04136,single bole tree,24.6,130,17.1
1e81eabe-1e6e-4502-9ffc-27ecd09bc72e,DELA_051.basePlot.vst,2015-09-15,vst_DELA_2015,D08,DELA,DELA_051,NEON.PLA.D08.DELA.04099,single bole tree,20.3,130,15.2
275b5f0b-6bfc-44a7-b269-933af434899c,DELA_051.basePlot.vst,2015-09-15,vst_DELA_2015,D08,DELA,DELA_051,NEON.PLA.D08.DELA.04141,single bole tree,11.2,130,7.8
8d11baa8-c2fb-46fb-9eaf-1b256c8677ef,DELA_053.basePlot.vst,2015-09-15,vst_DELA_2015,D08,DELA,DELA_053,NEON.PLA.D08.DELA.04209,single bole tree,16.1,130,13.4
8bf6d77e-8f97-41e0-a6ac-aac1ef3ec311,DELA_053.basePlot.vst,2015-09-15,vst_DELA_2015,D08,DELA,DELA_053,NEON.PLA.D08.DELA.04284,single bole tree,12.0,130,14.5
429fdaba-d48c-4496-9c18-643cc33413f6,DELA_051.basePlot.vst,2015-09-15,vst_DELA_2015,D08,DELA,DELA_051,NEON.PLA.D08.DELA.04109,single bole tree,10.0,130,9.2
1d437cb5-1fc9-4a74-80d2-52e9abeb1e3e,DELA_051.basePlot.vst,2015-09-15,vst_DELA_2015,D08,DELA,DELA_051,NEON.PLA.D08.DELA.04131,single bole tree,14.5,130,13.4
8e9b7f23-6d04-4c03-8137-7dbd50f6d62a,DELA_051.basePlot.vst,2015-09-15,vst_DELA_2015,D08,DELA,DELA_051,NEON.PLA.D08.DELA.04112,single bole tree,46.0,130,20.8
bb7592f3-e987-42f7-b294-3b12aa356a6c,DELA_053.basePlot.vst,2015-09-15,vst_DELA_2015,D08,DELA,DELA_053,NEON.PLA.D08.DELA.04255,single bole tree,29.8,130,20.8
af475664-e353-47f3-8e99-ce7ccec9e9c0,DELA_053.basePlot.vst,2015-09-15,vst_DELA_2015,D08,DELA,DELA_053,NEON.PLA.D08.DELA.04279,single bole tree,15.3,130,14.1
5ae6e12e-ecec-4cb1-953f-814cbed6f775,DELA_053.basePlot.vst,2015-09-15,vst_DELA_2015,D08,DELA,DELA_053,NEON.PLA.D08.DELA.04240,single bole tree,20.7,130,18.1
97b84ec4-d0bb-47ee-8394-e5a6028a2fb3,DELA_051.basePlot.vst,2015-09-15,vst_DELA_2015,D08,DELA,DELA_051,NEON.PLA.D08.DELA.04072,single bole tree,13.7,130,12.2
fb3a86fb-00f6-4349-8eda-23d690938ae0,DELA_053.basePlot.vst,2015-09-15,vst_DELA_2015,D08,DELA,DELA_053,NEON.PLA.D08.DELA.04230,single bole tree,32.6,130,23.0
e309bf26-e4d6-488b-b147-a3fdb3af6218,DELA_051.basePlot.vst,2015-09-15,vst_DELA_2015,D08,DELA,DELA_051,NEON.PLA.D08.DELA.04088,multi-bole tree,39.4,60,15.3
1ccc24ac-c287-4945-b878-cd757686f62c,DELA_051.basePlot.vst,2015-09-15,vst_DELA_2015,D08,DELA,DELA_051,NEON.PLA.D08.DELA.04135,single bole tree,15.2,130,13.9
3c64e7e0-2900-405e-bf9c-e585413f062b,DELA_053.basePlot.vst,2015-09-15,vst_DELA_2015,D08,DELA,DELA_053,NEON.PLA.D08.DELA.04281,multi-bole tree,27.6,130,23.5
d6a69e51-f4aa-4883-96dc-2e6f81606d98,DELA_053.basePlot.vst,2015-09-15,vst_DELA_2015,D08,DELA,DELA_053,NEON.PLA.D08.DELA.04224,single bole tree,22.7,130,15.2
8556f199-bc42-45be-bd9c-256ef683c93b,DELA_053.basePlot.vst,2015-09-15,vst_DELA_2015,D08,DELA,DELA_053,NEON.PLA.D08.DELA.04274,single bole tree,11.8,130,13.4
ecc62c31-d33d-4a11-953b-51b81d9d8077,DELA_051.basePlot.vst,2015-09-15,vst_DELA_2015,D08,DELA,DELA_051,NEON.PLA.D08.DELA.04138,single bole tree,16.0,130,8.8
ff8995a9-70bd-4297-810d-dd38b34e2a82,DELA_053.basePlot.vst,2015-09-15,vst_DELA_2015,D08,DELA,DELA_053,NEON.PLA.D08.DELA.04256,single bole tree,17.8,130,14.9
33cb7571-64f4-4e33-8fcd-09caa95ba497,DELA_051.basePlot.vst,2015-09-15,vst_DELA_2015,D08,DELA,DELA_051,NEON.PLA.D08.DELA.09156,single bole tree,16.0,130,3.8
fa7ab275-4088-419f-849f-e49854d04a04,DELA_053.basePlot.vst,2015-09-15,vst_DELA_2015,D08,DELA,DELA_053,NEON.PLA.D08.DELA.04259,single bole tree,26.4,130,19.5
aab908ac-2984-4526-8657-05c8146c48ca,DELA_053.basePlot.vst,2015-09-15,vst_DELA_2015,D08,DELA,DELA_053,NEON.PLA.D08.DELA.04208,single bole tree,14.2,130,10.8
805b94fd-833d-4bef-a350-3fa03922a763,DELA_053.basePlot.vst,2015-09-15,vst_DELA_2015,D08,DELA,DELA_053,NEON.PLA.D08.DELA.04238,single bole tree,19.2,130,16.6
cf3d0f98-e546-47d9-b7d6-893ec0e64065,DELA_051.basePlot.vst,2015-09-15,vst_DELA_2015,D08,DELA,DELA_051,NEON.PLA.D08.DELA.09163,single bole tree,19.7,130,17.4
1c3d0687-2cb8-4064-9eb1-0fadc23e1091,DELA_051.basePlot.vst,2015-09-15,vst_DELA_2015,D08,DELA,DELA_051,NEON.PLA.D08.DELA.04139,single bole tree,43.2,130,17.8
5de0dc01-6bf0-481e-aa1a-625aff678480,DELA_053.basePlot.vst,2015-09-15,vst_DELA_2015,D08,DELA,DELA_053,NEON.PLA.D08.DELA.04282,single bole tree,26.5,130,15.3
4f6b2769-7137-4135-8781-c6b149c93cfd,DELA_051.basePlot.vst,2015-09-15,vst_DELA_2015,D08,DELA,DELA_051,NEON.PLA.D08.DELA.09161,single bole tree,10.5,130,9.2
047bc43f-6156-4b21-b335-9c022cb54ab2,DELA_051.basePlot.vst,2015-09-15,vst_DELA_2015,D08,DELA,DELA_051,NEON.PLA.D08.DELA.04108,single bole tree,24.7,130,16.1
08a0729b-5a06-4cfc-a5a2-c718fe321db5,DELA_051.basePlot.vst,2015-09-15,vst_DELA_2015,D08,DELA,DELA_051,NEON.PLA.D08.DELA.04142,single bole tree,16.0,130,15.3
0cbe857d-e1c8-4cdc-ba57-e4b7ecb68720,DELA_051.basePlot.vst,2015-09-15,vst_DELA_2015,D08,DELA,DELA_051,NEON.PLA.D08.DELA.04140,single bole tree,11.4,130,8.5
dadf348d-2a88-47fe-8ea4-5e348bc1f2b1,DELA_051.basePlot.vst,2015-09-15,vst_DELA_2015,D08,DELA,DELA_051,NEON.PLA.D08.DELA.09147,single bole tree,13.0,130,2.1
6357f060-1e96-44cb-8f82-79d8240f51e6,DELA_051.basePlot.vst,2015-09-15,vst_DELA_2015,D08,DELA,DELA_051,NEON.PLA.D08.DELA.09164,multi-bole tree,19.5,20,8.3
ea43f95d-5b1e-4e31-95e2-a58cdffdd19d,DELA_051.basePlot.vst,2015-09-15,vst_DELA_2015,D08,DELA,DELA_051,NEON.PLA.D08.DELA.09157,single bole tree,11.2,130,8.8
28ddaa37-7d41-4f77-abcd-f314596727f0,DELA_053.basePlot.vst,2015-09-15,vst_DELA_2015,D08,DELA,DELA_053,NEON.PLA.D08.DELA.04286,single bole tree,22.8,130,22.8
4cdbe513-23c9-445e-afae-61ef3e1f7f07,DELA_053.basePlot.vst,2015-09-15,vst_DELA_2015,D08,DELA,DELA_053,NEON.PLA.D08.DELA.04248,single bole tree,24.4,130,17.2
ae3e9c83-a5ab-4f38-9245-ac5c78f33059,DELA_051.basePlot.vst,2015-09-15,vst_DELA_2015,D08,DELA,DELA_051,NEON.PLA.D08.DELA.04132,multi-bole tree,38.6,130,20.4
97c7e148-c868-46db-a06e-144304a0c9e0,DELA_051.basePlot.vst,2015-09-15,vst_DELA_2015,D08,DELA,DELA_051,NEON.PLA.D08.DELA.04117,single bole tree,22.4,130,14.3
b4cc188d-9a46-4f1a-bb4b-4039517c7bde,DELA_040.basePlot.vst,2015-09-16,vst_DELA_2015,D08,DELA,DELA_040,NEON.PLA.D08.DELA.04184,multi-bole tree,23.4,130,19.6
fa9ca726-5b6b-4a1d-a28b-731fa859a046,DELA_043.basePlot.vst,2015-09-16,vst_DELA_2015,D08,DELA,DELA_043,NEON.PLA.D08.DELA.04661,single bole tree,19.7,130,8.0
0323dd89-7e4d-48a9-9dc8-d95ad7e0013c,DELA_040.basePlot.vst,2015-09-16,vst_DELA_2015,D08,DELA,DELA_040,NEON.PLA.D08.DELA.04167,single bole tree,12.5,130,13.8
b08b8bd1-1ecc-40d7-8673-c2644efb44d8,DELA_043.basePlot.vst,2015-09-16,vst_DELA_2015,D08,DELA,DELA_043,NEON.PLA.D08.DELA.04666,single bole tree,13.2,130,7.5
2164fdc3-5fd6-4673-888b-de7c43841267,DELA_040.basePlot.vst,2015-09-16,vst_DELA_2015,D08,DELA,DELA_040,NEON.PLA.D08.DELA.04194,single bole tree,15.7,120,9.1
c384b889-006b-41b3-a06f-b6d1f1969e32,DELA_040.basePlot.vst,2015-09-16,vst_DELA_2015,D08,DELA,DELA_040,NEON.PLA.D08.DELA.04147,single bole tree,44.3,130,18.1
56c1485d-6358-4508-86d5-635e5ab3f3a5,DELA_043.basePlot.vst,2015-09-16,vst_DELA_2015,D08,DELA,DELA_043,NEON.PLA.D08.DELA.04657,single bole tree,29.7,100,12.3
08e764e5-5edc-42bf-b15d-daa017d2a0cf,DELA_040.basePlot.vst,2015-09-16,vst_DELA_2015,D08,DELA,DELA_040,NEON.PLA.D08.DELA.04198,single bole tree,13.6,115,9.2
dac563c5-b3db-4ced-a426-16ba3c3dc49a,DELA_043.basePlot.vst,2015-09-16,vst_DELA_2015,D08,DELA,DELA_043,NEON.PLA.D08.DELA.04641,single bole tree,23.4,130,9.2
9d91491b-9bd8-4395-ad68-bec82baa6a27,DELA_043.basePlot.vst,2015-09-16,vst_DELA_2015,D08,DELA,DELA_043,NEON.PLA.D08.DELA.04665,single bole tree,49.0,130,13.6
f4e9ca96-6e4b-4ecb-984e-baad736de775,DELA_040.basePlot.vst,2015-09-16,vst_DELA_2015,D08,DELA,DELA_040,NEON.PLA.D08.DELA.04169,single bole tree,31.8,130,18.6
ec4da163-aa24-49bd-948e-e472ce47ccf5,DELA_040.basePlot.vst,2015-09-16,vst_DELA_2015,D08,DELA,DELA_040,NEON.PLA.D08.DELA.04150,single bole tree,24.5,130,19.9
32b22c8b-64fd-438e-8f10-53a0444081ad,DELA_043.basePlot.vst,2015-09-16,vst_DELA_2015,D08,DELA,DELA_043,NEON.PLA.D08.DELA.04653,small tree,9.6,130,8.9
71899a9d-f79b-4bc4-b7b4-08e65f0c70d3,DELA_040.basePlot.vst,2015-09-16,vst_DELA_2015,D08,DELA,DELA_040,NEON.PLA.D08.DELA.04182,single bole tree,16.4,130,6.3
53fef38a-32e4-416e-8678-a974e91aaf2a,DELA_040.basePlot.vst,2015-09-16,vst_DELA_2015,D08,DELA,DELA_040,NEON.PLA.D08.DELA.04181,single bole tree,12.0,130,14.7
7b653847-4c24-47f0-8cce-1c24f7b3edf9,DELA_043.basePlot.vst,2015-09-16,vst_DELA_2015,D08,DELA,DELA_043,NEON.PLA.D08.DELA.04662,single bole tree,32.7,130,15.0
a5fc713c-629f-457a-895f-0896a4606ab5,DELA_040.basePlot.vst,2015-09-16,vst_DELA_2015,D08,DELA,DELA_040,NEON.PLA.D08.DELA.04159,single bole tree,15.8,130,11.0
f22286ad-192a-45bb-94cd-cd2cb5c5ac3b,DELA_043.basePlot.vst,2015-09-16,vst_DELA_2015,D08,DELA,DELA_043,NEON.PLA.D08.DELA.04660,single bole tree,21.1,130,13.8
d47d021d-4504-40b6-8e7d-2929802c51bb,DELA_043.basePlot.vst,2015-09-16,vst_DELA_2015,D08,DELA,DELA_043,NEON.PLA.D08.DELA.04647,single bole tree,16.5,130,7.4
b78c078f-8b8b-433f-9175-4ba73909eb53,DELA_040.basePlot.vst,2015-09-16,vst_DELA_2015,D08,DELA,DELA_040,NEON.PLA.D08.DELA.04151,single bole tree,17.9,130,16.2
4b37ba35-2e99-444b-85e9-32dc68cafd66,DELA_040.basePlot.vst,2015-09-16,vst_DELA_2015,D08,DELA,DELA_040,NEON.PLA.D08.DELA.04197,single bole tree,20.0,130,20.2
dc729075-8d61-4ba5-8595-429850a34895,DELA_043.basePlot.vst,2015-09-16,vst_DELA_2015,D08,DELA,DELA_043,NEON.PLA.D08.DELA.04667,single bole tree,38.3,130,13.3
98ce9e6c-6794-4595-b1db-95dd3a612648,DELA_040.basePlot.vst,2015-09-16,vst_DELA_2015,D08,DELA,DELA_040,NEON.PLA.D08.DELA.04149,single bole tree,16.9,130,11.5
c00ace6f-cba6-402a-822b-d5a71c67e8bb,DELA_043.basePlot.vst,2015-09-16,vst_DELA_2015,D08,DELA,DELA_043,NEON.PLA.D08.DELA.04663,single bole tree,28.2,130,13.1
9d8b47e8-cee4-4ea8-81ec-85d9daf1de0d,DELA_040.basePlot.vst,2015-09-16,vst_DELA_2015,D08,DELA,DELA_040,NEON.PLA.D08.DELA.04202,single bole tree,16.9,130,18.7
fc7de50e-1d69-4702-bdb0-ed05d4767650,DELA_040.basePlot.vst,2015-09-16,vst_DELA_2015,D08,DELA,DELA_040,NEON.PLA.D08.DELA.04176,single bole tree,10.8,130,13.3
4b13262d-fdb9-4081-9c50-83e25d8bd0d6,DELA_040.basePlot.vst,2015-09-16,vst_DELA_2015,D08,DELA,DELA_040,NEON.PLA.D08.DELA.04180,single bole tree,10.2,130,NA
600770ce-4f49-48f7-b452-eb02e7f6610d,DELA_040.basePlot.vst,2015-09-16,vst_DELA_2015,D08,DELA,DELA_040,NEON.PLA.D08.DELA.04174,small tree,9.4,130,10.4
06222a48-5a14-491b-8677-afb67b583b29,DELA_043.basePlot.vst,2015-09-16,vst_DELA_2015,D08,DELA,DELA_043,NEON.PLA.D08.DELA.04650,single bole tree,34.1,130,9.2
b088f4e1-c998-4b4f-bffa-fbc19221e865,DELA_043.basePlot.vst,2015-09-16,vst_DELA_2015,D08,DELA,DELA_043,NEON.PLA.D08.DELA.04649,single bole tree,14.1,120,4.0
d76ef0d7-2d40-46b0-a47b-817b66771d58,DELA_040.basePlot.vst,2015-09-16,vst_DELA_2015,D08,DELA,DELA_040,NEON.PLA.D08.DELA.04145,single bole tree,11.2,130,10.4
d1e2017e-3d27-46b2-a70e-2f16697701c7,DELA_043.basePlot.vst,2015-09-16,vst_DELA_2015,D08,DELA,DELA_043,NEON.PLA.D08.DELA.04645,single bole tree,26.8,130,8.6
12c145e4-eea1-41c8-937c-62c3554ae734,DELA_043.basePlot.vst,2015-09-16,vst_DELA_2015,D08,DELA,DELA_043,NEON.PLA.D08.DELA.04644,multi-bole tree,20.5,130,8.0
1a73865b-0d03-441c-bab8-8b61f029985d,DELA_040.basePlot.vst,2015-09-16,vst_DELA_2015,D08,DELA,DELA_040,NEON.PLA.D08.DELA.04166,single bole tree,13.8,127,10.7
1f6534e7-4059-4139-bf09-9607bc9ded75,DELA_040.basePlot.vst,2015-09-16,vst_DELA_2015,D08,DELA,DELA_040,NEON.PLA.D08.DELA.04177,single bole tree,11.8,130,12.4
789b62a4-2e5c-4c67-806e-ffe02e60064d,DELA_040.basePlot.vst,2015-09-16,vst_DELA_2015,D08,DELA,DELA_040,NEON.PLA.D08.DELA.04200,single bole tree,36.0,130,21.7
b3cf3fee-2f2b-46b9-a183-7a52ff29c953,DELA_040.basePlot.vst,2015-09-16,vst_DELA_2015,D08,DELA,DELA_040,NEON.PLA.D08.DELA.04164,single bole tree,25.1,130,18.2
255f37d6-1fa8-4f6f-83d8-9a65f74347a6,DELA_040.basePlot.vst,2015-09-16,vst_DELA_2015,D08,DELA,DELA_040,NEON.PLA.D08.DELA.04162,single bole tree,31.8,130,20.6
84b912f2-2246-4bea-93ee-bee9f661c805,DELA_040.basePlot.vst,2015-09-16,vst_DELA_2015,D08,DELA,DELA_040,NEON.PLA.D08.DELA.04163,single bole tree,18.3,130,15.3
a243ebb0-cfdd-40d3-8c19-c02551122675,DELA_043.basePlot.vst,2015-09-16,vst_DELA_2015,D08,DELA,DELA_043,NEON.PLA.D08.DELA.09178,single bole tree,20.6,130,3.6
ab944096-8061-4778-858c-41e0ab0da64f,DELA_040.basePlot.vst,2015-09-16,vst_DELA_2015,D08,DELA,DELA_040,NEON.PLA.D08.DELA.04161,single bole tree,30.2,130,18.7
34a5143f-9b1d-428d-a960-181ed1031cd0,DELA_040.basePlot.vst,2015-09-16,vst_DELA_2015,D08,DELA,DELA_040,NEON.PLA.D08.DELA.04188,single bole tree,29.8,130,17.5
b7de1e8d-7217-4feb-afb9-60b3548598cd,DELA_040.basePlot.vst,2015-09-16,vst_DELA_2015,D08,DELA,DELA_040,NEON.PLA.D08.DELA.04144,single bole tree,34.7,130,21.7
aa1dfc3e-6919-436f-861c-fecbf4ee4f5c,DELA_040.basePlot.vst,2015-09-16,vst_DELA_2015,D08,DELA,DELA_040,NEON.PLA.D08.DELA.04155,single bole tree,13.9,130,11.3
0715c13a-442d-458e-a88f-b6de4023bece,DELA_040.basePlot.vst,2015-09-16,vst_DELA_2015,D08,DELA,DELA_040,NEON.PLA.D08.DELA.04186,single bole tree,11.9,130,11.2
bc6b119e-8eb8-4c83-ba89-e5fbe56f9b38,DELA_043.basePlot.vst,2015-09-16,vst_DELA_2015,D08,DELA,DELA_043,NEON.PLA.D08.DELA.04639,single bole tree,15.1,130,8.3
7c6e9fff-c5fa-4953-ae57-8f40070331f2,DELA_040.basePlot.vst,2015-09-16,vst_DELA_2015,D08,DELA,DELA_040,NEON.PLA.D08.DELA.09516,single bole tree,12.0,130,14.5
21a9beac-537f-4bcf-b50b-efd823efe6a1,DELA_043.basePlot.vst,2015-09-16,vst_DELA_2015,D08,DELA,DELA_043,NEON.PLA.D08.DELA.04643,single bole tree,23.0,130,9.3
d8a28feb-f3d3-4ebe-833a-0e13fdeab9e3,DELA_043.basePlot.vst,2015-09-16,vst_DELA_2015,D08,DELA,DELA_043,NEON.PLA.D08.DELA.04648,single bole tree,15.6,130,7.3
89361eef-c7ae-4fea-a613-8b16a3fd07b0,DELA_040.basePlot.vst,2015-09-16,vst_DELA_2015,D08,DELA,DELA_040,NEON.PLA.D08.DELA.04146,single bole tree,15.2,130,14.7
d2415c8c-ff22-4f87-865a-d648a07a5331,DELA_040.basePlot.vst,2015-09-16,vst_DELA_2015,D08,DELA,DELA_040,NEON.PLA.D08.DELA.04199,single bole tree,26.4,130,21.6
603f6a47-f4eb-4006-8978-781f1981d985,DELA_040.basePlot.vst,2015-09-16,vst_DELA_2015,D08,DELA,DELA_040,NEON.PLA.D08.DELA.04171,multi-bole tree,12.6,130,9.7
b90a0d28-960f-43bf-b140-ce1e6d36de2e,DELA_040.basePlot.vst,2015-09-16,vst_DELA_2015,D08,DELA,DELA_040,NEON.PLA.D08.DELA.04196,single bole tree,22.9,130,21.6
05daf8a3-6853-4414-a5d2-d1449761d019,DELA_040.basePlot.vst,2015-09-16,vst_DELA_2015,D08,DELA,DELA_040,NEON.PLA.D08.DELA.04179,single bole tree,14.2,130,13.5
8d28e58e-2e34-4deb-9206-284b28479ba6,DELA_043.basePlot.vst,2015-09-16,vst_DELA_2015,D08,DELA,DELA_043,NEON.PLA.D08.DELA.04646,single bole tree,28.0,130,9.1
f110b468-2743-47b3-98c9-e6aa7369b1ec,DELA_043.basePlot.vst,2015-09-16,vst_DELA_2015,D08,DELA,DELA_043,NEON.PLA.D08.DELA.04640,single bole tree,17.1,130,6.5
839b6725-295a-45fa-a9b5-65a8fc9d1bd8,DELA_040.basePlot.vst,2015-09-16,vst_DELA_2015,D08,DELA,DELA_040,NEON.PLA.D08.DELA.04183,single bole tree,13.3,130,9.1
8583bf69-dc5f-4141-8407-10bb913c3602,DELA_040.basePlot.vst,2015-09-16,vst_DELA_2015,D08,DELA,DELA_040,NEON.PLA.D08.DELA.04195,single bole tree,24.6,130,19.2
3b4db855-865f-44fc-a515-654cf7d47f52,DELA_040.basePlot.vst,2015-09-16,vst_DELA_2015,D08,DELA,DELA_040,NEON.PLA.D08.DELA.04178,single bole tree,13.8,130,12.9
fed314f7-e5fc-420d-a5b6-0d498305b686,DELA_043.basePlot.vst,2015-09-16,vst_DELA_2015,D08,DELA,DELA_043,NEON.PLA.D08.DELA.04655,single bole tree,42.5,130,15.5
126556f7-da1f-4d6c-961d-986a8cb62d56,DELA_040.basePlot.vst,2015-09-16,vst_DELA_2015,D08,DELA,DELA_040,NEON.PLA.D08.DELA.04143,single bole tree,11.2,130,10.6
3ea151bb-6514-4adb-8f20-f5c2afb16fbb,DELA_040.basePlot.vst,2015-09-16,vst_DELA_2015,D08,DELA,DELA_040,NEON.PLA.D08.DELA.04172,single bole tree,28.1,130,17.9
d9aacb65-9657-462a-85bc-df0b06af96bb,DELA_040.basePlot.vst,2015-09-16,vst_DELA_2015,D08,DELA,DELA_040,NEON.PLA.D08.DELA.04060,small tree,9.4,115,5.7
2a19862c-5f43-4477-8bfc-341f713df8e4,DELA_040.basePlot.vst,2015-09-16,vst_DELA_2015,D08,DELA,DELA_040,NEON.PLA.D08.DELA.04152,single bole tree,15.0,130,16.1
c59d7c2f-7eaa-4c33-843a-16fda6376f52,DELA_043.basePlot.vst,2015-09-16,vst_DELA_2015,D08,DELA,DELA_043,NEON.PLA.D08.DELA.04664,single bole tree,16.4,110,7.4
394ed41f-44c3-48fb-a32a-594c8ac03d63,DELA_043.basePlot.vst,2015-09-16,vst_DELA_2015,D08,DELA,DELA_043,NEON.PLA.D08.DELA.04656,single bole tree,35.6,130,16.7
da722e98-132f-4ae6-931c-da0a58d03c0f,DELA_040.basePlot.vst,2015-09-16,vst_DELA_2015,D08,DELA,DELA_040,NEON.PLA.D08.DELA.04168,single bole tree,16.3,130,16.8
d87cbcf0-168a-486b-a26f-bbe4b11f7abd,DELA_052.basePlot.vst,2015-09-17,vst_DELA_2015,D08,DELA,DELA_052,NEON.PLA.D08.DELA.04582,single bole tree,28.4,130,16.7
4a0570e4-c33b-4cf8-8acd-aa7c40501e75,DELA_041.basePlot.vst,2015-09-17,vst_DELA_2015,D08,DELA,DELA_041,NEON.PLA.D08.DELA.04529,single bole tree,30.4,130,14.4
6d234f03-ad0b-4006-b383-946221122649,DELA_041.basePlot.vst,2015-09-17,vst_DELA_2015,D08,DELA,DELA_041,NEON.PLA.D08.DELA.04547,single bole tree,12.0,130,10.3
32925413-c32d-46b5-8ae9-cafae716f1a9,DELA_041.basePlot.vst,2015-09-17,vst_DELA_2015,D08,DELA,DELA_041,NEON.PLA.D08.DELA.04532,single bole tree,55.2,130,21.2
63210ef9-a666-413a-bffb-3647f32ec16d,DELA_041.basePlot.vst,2015-09-17,vst_DELA_2015,D08,DELA,DELA_041,NEON.PLA.D08.DELA.04551,single bole tree,24.8,130,16.4
d6fb63c5-7dad-4fad-b0ff-6e2fd6681983,DELA_052.basePlot.vst,2015-09-17,vst_DELA_2015,D08,DELA,DELA_052,NEON.PLA.D08.DELA.04575,single bole tree,16.9,130,10.3
83bf80da-e20d-4ca8-a9d5-53d8ea8bcb7a,DELA_041.basePlot.vst,2015-09-17,vst_DELA_2015,D08,DELA,DELA_041,NEON.PLA.D08.DELA.04552,single bole tree,18.8,130,16.9
2fc852f1-5a48-49ec-95b5-a3ca7bb5bde2,DELA_052.basePlot.vst,2015-09-17,vst_DELA_2015,D08,DELA,DELA_052,NEON.PLA.D08.DELA.04576,single bole tree,36.2,130,20.2
12ec89ab-55c1-42d7-83ca-648948b513d8,DELA_052.basePlot.vst,2015-09-17,vst_DELA_2015,D08,DELA,DELA_052,NEON.PLA.D08.DELA.04570,single bole tree,10.3,130,9.7
1f14a5b3-d0ea-4b99-879e-d10ffd28388a,DELA_052.basePlot.vst,2015-09-17,vst_DELA_2015,D08,DELA,DELA_052,NEON.PLA.D08.DELA.04574,single bole tree,12.8,130,11.9
47934f02-ee51-411d-a612-15c0aa37d3e9,DELA_041.basePlot.vst,2015-09-17,vst_DELA_2015,D08,DELA,DELA_041,NEON.PLA.D08.DELA.04550,single bole tree,20.0,130,15.2
45d1211c-8fd2-44c7-b3ee-166a02d8eec8,DELA_052.basePlot.vst,2015-09-17,vst_DELA_2015,D08,DELA,DELA_052,NEON.PLA.D08.DELA.04617,single bole tree,63.4,130,22.7
d9d7892e-2f35-43e9-92ff-1940abb7bf1b,DELA_052.basePlot.vst,2015-09-17,vst_DELA_2015,D08,DELA,DELA_052,NEON.PLA.D08.DELA.04581,single bole tree,22.5,130,14.3
8a2ad7c2-68ad-45e0-9b37-ce2642bfca81,DELA_041.basePlot.vst,2015-09-17,vst_DELA_2015,D08,DELA,DELA_041,NEON.PLA.D08.DELA.04527,single bole tree,16.8,130,12.2
d24efffc-4dea-4049-89f2-1de9da9cc941,DELA_052.basePlot.vst,2015-09-17,vst_DELA_2015,D08,DELA,DELA_052,NEON.PLA.D08.DELA.04619,single bole tree,13.2,130,19.1
ca9d67dc-d432-4f1d-963b-480c6052beb6,DELA_052.basePlot.vst,2015-09-17,vst_DELA_2015,D08,DELA,DELA_052,NEON.PLA.D08.DELA.09543,single bole tree,14.5,130,2.2
62c82255-3121-42bf-a831-1129329d14e8,DELA_052.basePlot.vst,2015-09-17,vst_DELA_2015,D08,DELA,DELA_052,NEON.PLA.D08.DELA.04611,single bole tree,26.8,130,8.4
88a89b66-9585-4cb8-b5bc-923229f4c033,DELA_052.basePlot.vst,2015-09-17,vst_DELA_2015,D08,DELA,DELA_052,NEON.PLA.D08.DELA.04572,single bole tree,21.1,130,11.4
95c6dd1b-9ee7-42b4-a618-a1fe7f197cfb,DELA_041.basePlot.vst,2015-09-17,vst_DELA_2015,D08,DELA,DELA_041,NEON.PLA.D08.DELA.04555,single bole tree,43.4,130,16.1
d7700355-57ef-47e1-ac30-121a074dd779,DELA_052.basePlot.vst,2015-09-17,vst_DELA_2015,D08,DELA,DELA_052,NEON.PLA.D08.DELA.04573,single bole tree,32.4,130,18.2
9ba93c3f-46c5-495a-b202-4d84ee8e87f6,DELA_052.basePlot.vst,2015-09-17,vst_DELA_2015,D08,DELA,DELA_052,NEON.PLA.D08.DELA.04583,single bole tree,23.8,130,13.1
93e86f5c-5f71-4687-8484-e767f83a1b78,DELA_052.basePlot.vst,2015-09-17,vst_DELA_2015,D08,DELA,DELA_052,NEON.PLA.D08.DELA.04612,single bole tree,10.6,130,7.5
08f3a1c1-4263-44e8-b917-689c62954513,DELA_052.basePlot.vst,2015-09-17,vst_DELA_2015,D08,DELA,DELA_052,NEON.PLA.D08.DELA.04615,single bole tree,13.2,130,12.0
1249d10b-29e6-495b-bf41-4fc2b42aca03,DELA_041.basePlot.vst,2015-09-17,vst_DELA_2015,D08,DELA,DELA_041,NEON.PLA.D08.DELA.04544,single bole tree,20.1,130,16.3
aff95091-81f6-47c8-ac8b-1dafe1b59be1,DELA_052.basePlot.vst,2015-09-17,vst_DELA_2015,D08,DELA,DELA_052,NEON.PLA.D08.DELA.04560,single bole tree,45.5,130,15.5
3a36fd3c-8b67-4745-8469-4911beb38669,DELA_052.basePlot.vst,2015-09-17,vst_DELA_2015,D08,DELA,DELA_052,NEON.PLA.D08.DELA.04559,single bole tree,64.0,130,17.1
78a56086-9953-4746-8aa3-490e1d385ca5,DELA_052.basePlot.vst,2015-09-17,vst_DELA_2015,D08,DELA,DELA_052,NEON.PLA.D08.DELA.04580,single bole tree,10.2,130,8.8
51107f05-a672-4bcd-906c-8d0ec197736d,DELA_052.basePlot.vst,2015-09-17,vst_DELA_2015,D08,DELA,DELA_052,NEON.PLA.D08.DELA.04579,single bole tree,20.0,130,5.2
64b59d2b-d70f-491f-8711-98e3136236a0,DELA_052.basePlot.vst,2015-09-17,vst_DELA_2015,D08,DELA,DELA_052,NEON.PLA.D08.DELA.04618,single bole tree,62.1,130,26.8
7c4d4c53-d9d5-44bd-8692-be71bad97abc,DELA_052.basePlot.vst,2015-09-17,vst_DELA_2015,D08,DELA,DELA_052,NEON.PLA.D08.DELA.04585,single bole tree,31.3,130,19.2
228c02d4-c42f-4451-bfb6-9e9aca7665a6,DELA_041.basePlot.vst,2015-09-17,vst_DELA_2015,D08,DELA,DELA_041,NEON.PLA.D08.DELA.04540,single bole tree,27.3,120,17.1
4d190f7c-134b-42df-9805-35b4bc5e6343,DELA_052.basePlot.vst,2015-09-17,vst_DELA_2015,D08,DELA,DELA_052,NEON.PLA.D08.DELA.04614,single bole tree,25.5,130,20.8
07922712-dbb9-477c-a5b4-7046eb339fa6,DELA_041.basePlot.vst,2015-09-17,vst_DELA_2015,D08,DELA,DELA_041,NEON.PLA.D08.DELA.04528,single bole tree,19.4,130,17.3
15eeec95-2cd0-45a4-9d17-e0dc81923155,DELA_052.basePlot.vst,2015-09-17,vst_DELA_2015,D08,DELA,DELA_052,NEON.PLA.D08.DELA.04562,single bole tree,11.3,130,6.5
33db9a04-1afb-41cc-af89-96e6ccb5ecf9,DELA_052.basePlot.vst,2015-09-17,vst_DELA_2015,D08,DELA,DELA_052,NEON.PLA.D08.DELA.04587,single bole tree,30.7,130,17.4
b1a36a37-dd7e-4b6d-9b52-465d0ab1b964,DELA_041.basePlot.vst,2015-09-17,vst_DELA_2015,D08,DELA,DELA_041,NEON.PLA.D08.DELA.04557,single bole tree,30.4,130,17.5
1687b17f-076c-4090-b006-3ef6a27f386e,DELA_052.basePlot.vst,2015-09-17,vst_DELA_2015,D08,DELA,DELA_052,NEON.PLA.D08.DELA.04565,single bole tree,12.7,130,8.1
d463b020-b577-4373-bcde-d8f839e37b62,DELA_052.basePlot.vst,2015-09-17,vst_DELA_2015,D08,DELA,DELA_052,NEON.PLA.D08.DELA.04584,single bole tree,22.4,130,14.8
877af17b-6129-40f2-9513-b2815ffc2b66,DELA_041.basePlot.vst,2015-09-17,vst_DELA_2015,D08,DELA,DELA_041,NEON.PLA.D08.DELA.04549,single bole tree,47.4,130,21.8
0341ed33-de4e-4df9-8508-395ecb79735a,DELA_052.basePlot.vst,2015-09-17,vst_DELA_2015,D08,DELA,DELA_052,NEON.PLA.D08.DELA.04613,single bole tree,27.4,130,14.1
7f72c851-d119-497d-8c62-4902c2ededdf,DELA_041.basePlot.vst,2015-09-17,vst_DELA_2015,D08,DELA,DELA_041,NEON.PLA.D08.DELA.04548,single bole tree,11.4,130,9.9
c0ed47a0-ef79-422f-aa18-ecd798bc2959,DELA_052.basePlot.vst,2015-09-17,vst_DELA_2015,D08,DELA,DELA_052,NEON.PLA.D08.DELA.04620,single bole tree,16.0,130,8.1
b50984c0-dafa-4b5d-92dc-b4ed1d68d4a8,DELA_041.basePlot.vst,2015-09-17,vst_DELA_2015,D08,DELA,DELA_041,NEON.PLA.D08.DELA.04542,single bole tree,14.9,130,16.2
35237b64-02c6-4a05-b983-9ff2f0b1f287,DELA_052.basePlot.vst,2015-09-17,vst_DELA_2015,D08,DELA,DELA_052,NEON.PLA.D08.DELA.04616,single bole tree,29.8,130,10.5
528ed419-7da2-4321-9ff8-a96f09956983,DELA_041.basePlot.vst,2015-09-17,vst_DELA_2015,D08,DELA,DELA_041,NEON.PLA.D08.DELA.04533,single bole tree,12.2,110,7.7
00026a72-f4cd-4534-9e00-7fc99edfa773,DELA_041.basePlot.vst,2015-09-17,vst_DELA_2015,D08,DELA,DELA_041,NEON.PLA.D08.DELA.04545,single bole tree,18.2,130,17.8
2e8b0161-d77f-42ff-8b02-966d70260397,DELA_041.basePlot.vst,2015-09-17,vst_DELA_2015,D08,DELA,DELA_041,NEON.PLA.D08.DELA.04543,single bole tree,28.0,130,17.6
38fe32db-b55b-44ea-ae5c-128c4d07d725,DELA_052.basePlot.vst,2015-09-17,vst_DELA_2015,D08,DELA,DELA_052,NEON.PLA.D08.DELA.04586,single bole tree,26.3,130,17.4
8ee24b27-b631-4c63-b7b6-c1f113a26909,DELA_052.basePlot.vst,2015-09-17,vst_DELA_2015,D08,DELA,DELA_052,NEON.PLA.D08.DELA.04577,single bole tree,18.8,130,12.3
4a42b01c-a130-43e2-8de7-80127c9aa616,DELA_041.basePlot.vst,2015-09-17,vst_DELA_2015,D08,DELA,DELA_041,NEON.PLA.D08.DELA.04553,single bole tree,12.2,130,12.2
e4105fdd-48d8-489b-9c34-6b6d55980e81,DELA_041.basePlot.vst,2015-09-17,vst_DELA_2015,D08,DELA,DELA_041,NEON.PLA.D08.DELA.04554,single bole tree,24.1,130,19.3
03c314d9-28fe-4a67-9008-64638d063b25,DELA_041.basePlot.vst,2015-09-17,vst_DELA_2015,D08,DELA,DELA_041,NEON.PLA.D08.DELA.04541,single bole tree,15.7,130,17.2
600cc239-a381-4b8a-859f-0e4d2baa16f5,DELA_041.basePlot.vst,2015-09-17,vst_DELA_2015,D08,DELA,DELA_041,NEON.PLA.D08.DELA.04546,single bole tree,12.3,130,16.1
853607fe-21c3-4ec9-8f49-2564615fc886,DELA_041.basePlot.vst,2015-09-17,vst_DELA_2015,D08,DELA,DELA_041,NEON.PLA.D08.DELA.04558,single bole tree,10.5,130,10.0
70f561d2-275c-427c-bc23-8ec92705a048,DELA_041.basePlot.vst,2015-09-17,vst_DELA_2015,D08,DELA,DELA_041,NEON.PLA.D08.DELA.04556,single bole tree,45.5,130,21.6
d6a99ea0-476e-4d0c-b494-fa33b3718cbb,DELA_044.basePlot.vst,2015-09-18,vst_DELA_2015,D08,DELA,DELA_044,NEON.PLA.D08.DELA.04441,single bole tree,11.4,130,10.6
295f1650-4d1a-4eda-896e-7a41f7165274,DELA_044.basePlot.vst,2015-09-18,vst_DELA_2015,D08,DELA,DELA_044,NEON.PLA.D08.DELA.04442,single bole tree,25.0,130,10.7
9f17e62f-e27d-45f7-ab72-0f947b9a0f65,DELA_044.basePlot.vst,2015-09-18,vst_DELA_2015,D08,DELA,DELA_044,NEON.PLA.D08.DELA.04421,single bole tree,16.7,130,14.9
3059f58f-3498-44a7-a5a2-2e4e4d185bf3,DELA_041.basePlot.vst,2015-09-18,vst_DELA_2015,D08,DELA,DELA_041,NEON.PLA.D08.DELA.04518,single bole tree,35.3,130,16.6
e5739d4f-6e13-4c93-ad67-85cf2b53bcf8,DELA_041.basePlot.vst,2015-09-18,vst_DELA_2015,D08,DELA,DELA_041,NEON.PLA.D08.DELA.04522,single bole tree,23.2,130,13.5
0f09ced4-8946-4cd1-906c-5926d4871bdf,DELA_044.basePlot.vst,2015-09-18,vst_DELA_2015,D08,DELA,DELA_044,NEON.PLA.D08.DELA.04472,single bole tree,11.6,130,8.9
299c6bf8-c836-4483-86df-171092c34847,DELA_044.basePlot.vst,2015-09-18,vst_DELA_2015,D08,DELA,DELA_044,NEON.PLA.D08.DELA.04434,single bole tree,22.2,130,15.2
98db231c-75cd-49d4-b517-943085fd195f,DELA_044.basePlot.vst,2015-09-18,vst_DELA_2015,D08,DELA,DELA_044,NEON.PLA.D08.DELA.04430,single bole tree,16.0,130,13.4
60bffe95-6054-48c2-9d3f-79dca6d9bbc0,DELA_041.basePlot.vst,2015-09-18,vst_DELA_2015,D08,DELA,DELA_041,NEON.PLA.D08.DELA.04515,single bole tree,15.7,125,13.4
d60ce756-b2c0-43d2-a185-8bcfa4c1d9f4,DELA_044.basePlot.vst,2015-09-18,vst_DELA_2015,D08,DELA,DELA_044,NEON.PLA.D08.DELA.04445,single bole tree,13.6,130,7.0
16eb2d7c-e459-4356-aebf-43612eb12066,DELA_041.basePlot.vst,2015-09-18,vst_DELA_2015,D08,DELA,DELA_041,NEON.PLA.D08.DELA.04517,single bole tree,10.2,130,8.4
9631ed72-1393-4ea1-9fa8-904326ca262c,DELA_041.basePlot.vst,2015-09-18,vst_DELA_2015,D08,DELA,DELA_041,NEON.PLA.D08.DELA.04521,single bole tree,12.6,130,12.2
82781a24-838d-4c59-9e0a-1b34b12ece39,DELA_044.basePlot.vst,2015-09-18,vst_DELA_2015,D08,DELA,DELA_044,NEON.PLA.D08.DELA.04440,single bole tree,105.7,130,29.3
3df7dbff-a840-4164-a7ee-f3ed44cf6743,DELA_044.basePlot.vst,2015-09-18,vst_DELA_2015,D08,DELA,DELA_044,NEON.PLA.D08.DELA.04432,single bole tree,22.7,130,20.9
f56e344b-9713-4be5-95de-078a2b312758,DELA_044.basePlot.vst,2015-09-18,vst_DELA_2015,D08,DELA,DELA_044,NEON.PLA.D08.DELA.04433,single bole tree,19.2,130,14.9
09ab335c-852e-4138-abd2-c0702c2244b9,DELA_041.basePlot.vst,2015-09-18,vst_DELA_2015,D08,DELA,DELA_041,NEON.PLA.D08.DELA.04506,single bole tree,22.8,130,15.5
3df873e2-9ae3-4cec-b36d-9086e76e0e02,DELA_044.basePlot.vst,2015-09-18,vst_DELA_2015,D08,DELA,DELA_044,NEON.PLA.D08.DELA.04484,single bole tree,45.5,130,24.0
44447694-6acf-4088-8baf-0d104fca310d,DELA_041.basePlot.vst,2015-09-18,vst_DELA_2015,D08,DELA,DELA_041,NEON.PLA.D08.DELA.04513,single bole tree,51.9,130,19.4
3aa6f20f-bc73-4a97-a99f-3ece7d9d825c,DELA_044.basePlot.vst,2015-09-18,vst_DELA_2015,D08,DELA,DELA_044,NEON.PLA.D08.DELA.04490,single bole tree,29.9,130,13.7
536769f1-9006-4730-97e9-baeafba7a9b6,DELA_041.basePlot.vst,2015-09-18,vst_DELA_2015,D08,DELA,DELA_041,NEON.PLA.D08.DELA.04512,multi-bole tree,27.2,130,15.5
8171c80d-01c5-44a8-8288-7746ce260d63,DELA_044.basePlot.vst,2015-09-18,vst_DELA_2015,D08,DELA,DELA_044,NEON.PLA.D08.DELA.04404,single bole tree,12.7,130,9.1
fe5574f1-f10c-4622-adae-1e498750ff56,DELA_041.basePlot.vst,2015-09-18,vst_DELA_2015,D08,DELA,DELA_041,NEON.PLA.D08.DELA.04508,single bole tree,20.5,130,14.2
bc98caec-c863-4c7e-bf6c-0f21cb85adbd,DELA_044.basePlot.vst,2015-09-18,vst_DELA_2015,D08,DELA,DELA_044,NEON.PLA.D08.DELA.09656,single bole tree,20.7,130,16.4
1cb6e703-c46c-4af5-a0d1-b2e36a569d10,DELA_044.basePlot.vst,2015-09-18,vst_DELA_2015,D08,DELA,DELA_044,NEON.PLA.D08.DELA.09655,single bole tree,20.5,130,2.5
b0dbd099-33a4-4021-b525-2d1f2e46fc75,DELA_044.basePlot.vst,2015-09-18,vst_DELA_2015,D08,DELA,DELA_044,NEON.PLA.D08.DELA.04446,single bole tree,23.5,130,14.3
04fe70b7-9297-4454-9b4d-e2e0f67e266c,DELA_044.basePlot.vst,2015-09-18,vst_DELA_2015,D08,DELA,DELA_044,NEON.PLA.D08.DELA.09657,single bole tree,13.6,130,10.3
be493d71-c6cb-4cd7-bfd0-b6e68bc32d10,DELA_041.basePlot.vst,2015-09-18,vst_DELA_2015,D08,DELA,DELA_041,NEON.PLA.D08.DELA.09722,single bole tree,12.1,130,7.7
c0e8ca65-0621-4942-a49b-e01f603df71d,DELA_044.basePlot.vst,2015-09-18,vst_DELA_2015,D08,DELA,DELA_044,NEON.PLA.D08.DELA.04450,single bole tree,24.6,130,11.8
c98c50e1-cea7-47d9-b2e3-a2a3e16dae1f,DELA_041.basePlot.vst,2015-09-18,vst_DELA_2015,D08,DELA,DELA_041,NEON.PLA.D08.DELA.04523,single bole tree,12.1,130,12.5
31d2e0ff-6f2b-465b-9c41-42072f20e4da,DELA_044.basePlot.vst,2015-09-18,vst_DELA_2015,D08,DELA,DELA_044,NEON.PLA.D08.DELA.04423,single bole tree,10.0,130,8.4
21291a5c-0f45-4409-a447-1b00e4afa137,DELA_044.basePlot.vst,2015-09-18,vst_DELA_2015,D08,DELA,DELA_044,NEON.PLA.D08.DELA.04495,single bole tree,14.9,130,6.0
253eeeb4-e27a-43b5-af88-c8a820fa32c4,DELA_044.basePlot.vst,2015-09-18,vst_DELA_2015,D08,DELA,DELA_044,NEON.PLA.D08.DELA.04470,single bole tree,10.7,130,7.8
85a774fb-cc50-4fe0-83b7-905b9ec7b353,DELA_041.basePlot.vst,2015-09-18,vst_DELA_2015,D08,DELA,DELA_041,NEON.PLA.D08.DELA.04516,single bole tree,13.3,125,9.7
129f7d96-4e5d-4ff7-a0be-84787e80c3c7,DELA_041.basePlot.vst,2015-09-18,vst_DELA_2015,D08,DELA,DELA_041,NEON.PLA.D08.DELA.04501,single bole tree,33.7,130,15.1
40c3d83f-3dc4-4b78-b227-971da2a912b0,DELA_044.basePlot.vst,2015-09-18,vst_DELA_2015,D08,DELA,DELA_044,NEON.PLA.D08.DELA.04492,single bole tree,13.4,130,12.4
05aac4b4-8740-4e5e-b962-2d05dc505b42,DELA_044.basePlot.vst,2015-09-18,vst_DELA_2015,D08,DELA,DELA_044,NEON.PLA.D08.DELA.04464,single bole tree,24.4,130,11.9
e7781b78-9404-4bd8-a616-84e69f17edab,DELA_044.basePlot.vst,2015-09-18,vst_DELA_2015,D08,DELA,DELA_044,NEON.PLA.D08.DELA.04489,single bole tree,16.7,130,10.7
b4dcb241-28fb-49f7-90a2-44f2cfed659b,DELA_044.basePlot.vst,2015-09-18,vst_DELA_2015,D08,DELA,DELA_044,NEON.PLA.D08.DELA.04462,single bole tree,12.0,130,11.9
144e0e91-10e5-4ef4-96c5-f42d40fcfe8a,DELA_041.basePlot.vst,2015-09-18,vst_DELA_2015,D08,DELA,DELA_041,NEON.PLA.D08.DELA.04503,multi-bole tree,37.0,130,19.8
32e7fa66-87ea-4718-a41f-d6337a28480a,DELA_044.basePlot.vst,2015-09-18,vst_DELA_2015,D08,DELA,DELA_044,NEON.PLA.D08.DELA.04496,single bole tree,13.6,113,7.9
4d59876d-8f87-4efa-aa4b-f797a5510981,DELA_044.basePlot.vst,2015-09-18,vst_DELA_2015,D08,DELA,DELA_044,NEON.PLA.D08.DELA.04491,single bole tree,16.8,130,11.2
b7a8e1f5-24d9-451d-8492-7c61d85d585c,DELA_044.basePlot.vst,2015-09-18,vst_DELA_2015,D08,DELA,DELA_044,NEON.PLA.D08.DELA.04443,single bole tree,19.8,130,15.6
8349f97d-5184-4148-98cd-40e8c326b927,DELA_041.basePlot.vst,2015-09-18,vst_DELA_2015,D08,DELA,DELA_041,NEON.PLA.D08.DELA.04524,single bole tree,22.1,130,15.1
2cbc9099-9507-489b-8d4d-7c176f845bb3,DELA_041.basePlot.vst,2015-09-18,vst_DELA_2015,D08,DELA,DELA_041,NEON.PLA.D08.DELA.04499,multi-bole tree,19.7,130,11.1
e649838c-24ed-4441-8189-c33c90b9e070,DELA_044.basePlot.vst,2015-09-18,vst_DELA_2015,D08,DELA,DELA_044,NEON.PLA.D08.DELA.04402,single bole tree,15.4,130,13.0
a5d76f5d-aaa7-477c-a1c5-70c1e61b42ee,DELA_044.basePlot.vst,2015-09-18,vst_DELA_2015,D08,DELA,DELA_044,NEON.PLA.D08.DELA.04494,single bole tree,18.7,130,11.9
e6c83fc5-bb0b-408d-912b-f2b5bcfe545b,DELA_044.basePlot.vst,2015-09-18,vst_DELA_2015,D08,DELA,DELA_044,NEON.PLA.D08.DELA.04425,single bole tree,10.9,130,7.3
2f75b900-df2d-4f29-becc-8e6248c79ef0,DELA_041.basePlot.vst,2015-09-18,vst_DELA_2015,D08,DELA,DELA_041,NEON.PLA.D08.DELA.04507,single bole tree,23.5,130,17.3
5c45b370-5af0-4b96-932a-6f32eddfb72d,DELA_044.basePlot.vst,2015-09-18,vst_DELA_2015,D08,DELA,DELA_044,NEON.PLA.D08.DELA.04444,single bole tree,13.7,130,13.6
e797909b-fd81-4198-ab21-44c454b92a05,DELA_044.basePlot.vst,2015-09-18,vst_DELA_2015,D08,DELA,DELA_044,NEON.PLA.D08.DELA.04406,single bole tree,12.6,130,8.8
f4996c0d-0a75-49ac-9d09-d094701cdb73,DELA_041.basePlot.vst,2015-09-18,vst_DELA_2015,D08,DELA,DELA_041,NEON.PLA.D08.DELA.04504,single bole tree,43.4,130,23.3
c8f6029c-23f1-4bc6-9f43-a4bc41081627,DELA_041.basePlot.vst,2015-09-18,vst_DELA_2015,D08,DELA,DELA_041,NEON.PLA.D08.DELA.04514,single bole tree,16.6,130,15.3
eb1865cc-12a7-4a44-860e-482395cfb0f3,DELA_044.basePlot.vst,2015-09-18,vst_DELA_2015,D08,DELA,DELA_044,NEON.PLA.D08.DELA.04493,single bole tree,80.6,130,22.7
911f9ea4-1f11-4778-a985-bcecdc87af06,DELA_044.basePlot.vst,2015-09-18,vst_DELA_2015,D08,DELA,DELA_044,NEON.PLA.D08.DELA.09663,single bole tree,10.3,130,8.5
d4ab5754-b086-4e34-b443-f19547a8a59c,DELA_041.basePlot.vst,2015-09-18,vst_DELA_2015,D08,DELA,DELA_041,NEON.PLA.D08.DELA.04519,single bole tree,16.8,130,13.8
3cb1516c-59bf-4d87-ad00-bcfb2e2a7e4c,DELA_041.basePlot.vst,2015-09-18,vst_DELA_2015,D08,DELA,DELA_041,NEON.PLA.D08.DELA.04520,single bole tree,18.9,130,16.2
a9549268-99bf-4d1b-a215-6e48345f32ba,DELA_041.basePlot.vst,2015-09-18,vst_DELA_2015,D08,DELA,DELA_041,NEON.PLA.D08.DELA.04500,multi-bole tree,41.4,110,15.5
4ebd2860-4f16-46cb-9d92-25bfb8ee7e2e,DELA_039.basePlot.vst,2015-09-21,vst_DELA_2015,D08,DELA,DELA_039,NEON.PLA.D08.DELA.03922,single bole tree,13.1,130,11.7
9b68cad2-5967-43cb-b45f-44a17f380169,DELA_039.basePlot.vst,2015-09-21,vst_DELA_2015,D08,DELA,DELA_039,NEON.PLA.D08.DELA.03976,single bole tree,12.1,130,6.1
eae35fdf-6730-4c36-b365-6faf2ac5ce95,DELA_039.basePlot.vst,2015-09-21,vst_DELA_2015,D08,DELA,DELA_039,NEON.PLA.D08.DELA.09669,single bole tree,10.2,130,10.6
d94ed3f3-9455-41a8-af7c-a78590e9c323,DELA_039.basePlot.vst,2015-09-21,vst_DELA_2015,D08,DELA,DELA_039,NEON.PLA.D08.DELA.03929,single bole tree,17.3,130,12.9
5ef81dcb-72bb-4817-9ceb-3c08bffc92a0,DELA_039.basePlot.vst,2015-09-21,vst_DELA_2015,D08,DELA,DELA_039,NEON.PLA.D08.DELA.03977,single bole tree,13.3,130,12.0
a8a545c6-02c1-48c2-8a64-09fe83f8b2d9,DELA_039.basePlot.vst,2015-09-21,vst_DELA_2015,D08,DELA,DELA_039,NEON.PLA.D08.DELA.03940,single bole tree,25.2,130,15.2
674207df-718a-494c-ae5d-725841178bb9,DELA_039.basePlot.vst,2015-09-21,vst_DELA_2015,D08,DELA,DELA_039,NEON.PLA.D08.DELA.03923,single bole tree,11.0,130,9.4
c03a1c8e-e22f-4fd1-8a92-a41d89c89e32,DELA_039.basePlot.vst,2015-09-21,vst_DELA_2015,D08,DELA,DELA_039,NEON.PLA.D08.DELA.03980,single bole tree,36.5,130,26.2
bab27894-db30-4b27-9cb1-11445697500d,DELA_039.basePlot.vst,2015-09-21,vst_DELA_2015,D08,DELA,DELA_039,NEON.PLA.D08.DELA.03939,single bole tree,21.1,130,14.6
a785c74e-f4f5-4277-81fd-1b694e81c644,DELA_039.basePlot.vst,2015-09-21,vst_DELA_2015,D08,DELA,DELA_039,NEON.PLA.D08.DELA.03964,single bole tree,14.7,130,10.6
ab196825-211b-483e-a6dd-cfc0ee850c50,DELA_039.basePlot.vst,2015-09-21,vst_DELA_2015,D08,DELA,DELA_039,NEON.PLA.D08.DELA.03921,single bole tree,10.2,130,12.2
87ee4e08-b08c-4328-bd00-b3f329c3c3c4,DELA_039.basePlot.vst,2015-09-21,vst_DELA_2015,D08,DELA,DELA_039,NEON.PLA.D08.DELA.03965,single bole tree,17.7,130,15.2
bd6f6942-1f6f-40c8-9c86-3a6ad85e7f7d,DELA_039.basePlot.vst,2015-09-21,vst_DELA_2015,D08,DELA,DELA_039,NEON.PLA.D08.DELA.03945,single bole tree,12.9,130,13.5
a61cf836-a570-41c9-85a6-784db64e62eb,DELA_039.basePlot.vst,2015-09-21,vst_DELA_2015,D08,DELA,DELA_039,NEON.PLA.D08.DELA.03938,single bole tree,13.4,130,12.1
7be246d0-772c-496a-b78e-2ec53deb77f8,DELA_039.basePlot.vst,2015-09-21,vst_DELA_2015,D08,DELA,DELA_039,NEON.PLA.D08.DELA.09664,single bole tree,29.3,130,2.8
dd5e96f3-76ae-4bee-988f-e43c40bff394,DELA_039.basePlot.vst,2015-09-21,vst_DELA_2015,D08,DELA,DELA_039,NEON.PLA.D08.DELA.03966,single bole tree,77.1,130,24.0
02eacea0-165a-49e6-9304-3d98f5236f55,DELA_039.basePlot.vst,2015-09-21,vst_DELA_2015,D08,DELA,DELA_039,NEON.PLA.D08.DELA.03941,single bole tree,10.9,130,10.8
e5245377-e2fe-40f8-ab95-4d4fc9c208e4,DELA_039.basePlot.vst,2015-09-21,vst_DELA_2015,D08,DELA,DELA_039,NEON.PLA.D08.DELA.03942,single bole tree,21.7,130,13.0
94431f59-54ff-446c-9d13-7695312c75f2,DELA_039.basePlot.vst,2015-09-21,vst_DELA_2015,D08,DELA,DELA_039,NEON.PLA.D08.DELA.03949,single bole tree,28.6,130,17.9
d11a2bb5-5f56-4b28-9878-9fb9ea52590f,DELA_039.basePlot.vst,2015-09-21,vst_DELA_2015,D08,DELA,DELA_039,NEON.PLA.D08.DELA.03943,single bole tree,26.9,130,14.0
6d2cc925-5eff-4883-accb-b3c55bbe99e6,DELA_039.basePlot.vst,2015-09-21,vst_DELA_2015,D08,DELA,DELA_039,NEON.PLA.D08.DELA.03984,single bole tree,34.7,130,13.4
6c2a0c7f-ab13-4ccb-a9c1-82513beb9325,DELA_039.basePlot.vst,2015-09-21,vst_DELA_2015,D08,DELA,DELA_039,NEON.PLA.D08.DELA.03920,single bole tree,23.6,130,12.3
f4088fb2-0549-4f2b-9390-a454719de2ba,DELA_039.basePlot.vst,2015-09-21,vst_DELA_2015,D08,DELA,DELA_039,NEON.PLA.D08.DELA.03947,single bole tree,14.2,130,9.6
e3d4113f-4b20-4d6f-84b4-318681ff8d8c,DELA_039.basePlot.vst,2015-09-21,vst_DELA_2015,D08,DELA,DELA_039,NEON.PLA.D08.DELA.03948,single bole tree,14.7,130,13.9
4beae074-e440-4f9d-bfcf-af70105c7bb9,DELA_039.basePlot.vst,2015-09-21,vst_DELA_2015,D08,DELA,DELA_039,NEON.PLA.D08.DELA.03986,single bole tree,26.4,130,15.0
ef92f505-a077-410f-8ec7-a9c673d40de5,DELA_039.basePlot.vst,2015-09-21,vst_DELA_2015,D08,DELA,DELA_039,NEON.PLA.D08.DELA.03981,single bole tree,25.4,130,16.6
bcdb3308-202a-4b6b-bfa8-751021e1b1bc,DELA_039.basePlot.vst,2015-09-21,vst_DELA_2015,D08,DELA,DELA_039,NEON.PLA.D08.DELA.03970,single bole tree,20.6,130,13.5
97a2818e-71bf-4da4-8cfa-8d9c3600582c,DELA_039.basePlot.vst,2015-09-21,vst_DELA_2015,D08,DELA,DELA_039,NEON.PLA.D08.DELA.03960,single bole tree,22.9,130,15.2
2f45e53b-8510-42a0-bb91-ff6b3f0473ba,DELA_039.basePlot.vst,2015-09-21,vst_DELA_2015,D08,DELA,DELA_039,NEON.PLA.D08.DELA.03968,single bole tree,44.3,130,28.3
c9b8fcff-769c-4f3a-80dc-9ee4bad5281e,DELA_039.basePlot.vst,2015-09-21,vst_DELA_2015,D08,DELA,DELA_039,NEON.PLA.D08.DELA.03979,single bole tree,37.1,130,21.9
76ff3580-12d1-46db-a622-a5f899156b0d,DELA_039.basePlot.vst,2015-09-21,vst_DELA_2015,D08,DELA,DELA_039,NEON.PLA.D08.DELA.03946,single bole tree,16.5,120,10.1
922fab6a-ef3d-4d40-a82a-01a9f41e3045,DELA_039.basePlot.vst,2015-09-21,vst_DELA_2015,D08,DELA,DELA_039,NEON.PLA.D08.DELA.03967,single bole tree,13.8,130,10.7
b898f92c-e2e2-4dd6-a4be-49db42926638,DELA_039.basePlot.vst,2015-09-21,vst_DELA_2015,D08,DELA,DELA_039,NEON.PLA.D08.DELA.03975,single bole tree,20.7,130,16.0
b55ee4cb-8ded-4d54-bb3a-51c7f462a871,DELA_039.basePlot.vst,2015-09-21,vst_DELA_2015,D08,DELA,DELA_039,NEON.PLA.D08.DELA.03936,single bole tree,16.2,130,11.6
0d9f0966-f888-44f6-97ef-a239e9f5b0e9,DELA_039.basePlot.vst,2015-09-21,vst_DELA_2015,D08,DELA,DELA_039,NEON.PLA.D08.DELA.03982,single bole tree,30.0,130,15.6
8a16a449-be3a-444c-b1d4-2598dd4649a6,DELA_039.basePlot.vst,2015-09-21,vst_DELA_2015,D08,DELA,DELA_039,NEON.PLA.D08.DELA.03983,single bole tree,11.4,130,4.5
f2efe5eb-9f67-4e4e-b896-d64755852c63,DELA_039.basePlot.vst,2015-09-21,vst_DELA_2015,D08,DELA,DELA_039,NEON.PLA.D08.DELA.03985,single bole tree,56.1,130,23.8
09861696-b090-47b1-a03e-69c726da413f,DELA_054.basePlot.vst,2015-09-22,vst_DELA_2015,D08,DELA,DELA_054,NEON.PLA.D08.DELA.04741,single bole tree,16.0,130,4.6
57c17267-91ad-47ee-8461-6b9a05549e4b,DELA_054.basePlot.vst,2015-09-22,vst_DELA_2015,D08,DELA,DELA_054,NEON.PLA.D08.DELA.04730,single bole tree,26.9,130,18.9
8609e7ce-6977-4892-a956-501f2ef87749,DELA_045.basePlot.vst,2015-09-22,vst_DELA_2015,D08,DELA,DELA_045,NEON.PLA.D08.DELA.04873,single bole tree,31.1,130,24.2
607f320f-79e7-4e60-b768-6de14fe3bb25,DELA_045.basePlot.vst,2015-09-22,vst_DELA_2015,D08,DELA,DELA_045,NEON.PLA.D08.DELA.04878,single bole tree,24.3,130,22.9
88782f49-ae75-4514-aced-3dd508c0c891,DELA_045.basePlot.vst,2015-09-22,vst_DELA_2015,D08,DELA,DELA_045,NEON.PLA.D08.DELA.04859,single bole tree,37.7,130,23.3
6442f5d7-2ef6-4a35-ad60-331f486a8e91,DELA_045.basePlot.vst,2015-09-22,vst_DELA_2015,D08,DELA,DELA_045,NEON.PLA.D08.DELA.04870,single bole tree,31.5,130,22.6
68fd9f56-2ebf-42a8-b5b8-15812ea7ffe8,DELA_045.basePlot.vst,2015-09-22,vst_DELA_2015,D08,DELA,DELA_045,NEON.PLA.D08.DELA.04862,single bole tree,14.1,130,18.4
f13eb199-4d00-46b0-9d0a-03f8c9017a72,DELA_054.basePlot.vst,2015-09-22,vst_DELA_2015,D08,DELA,DELA_054,NEON.PLA.D08.DELA.04732,single bole tree,39.0,130,21.5
fc74d7d1-d237-4db9-8a36-10f346fb3423,DELA_054.basePlot.vst,2015-09-22,vst_DELA_2015,D08,DELA,DELA_054,NEON.PLA.D08.DELA.04734,single bole tree,19.1,130,14.2
8dad2a88-2b44-45f8-8556-f08b93b92475,DELA_054.basePlot.vst,2015-09-22,vst_DELA_2015,D08,DELA,DELA_054,NEON.PLA.D08.DELA.04751,single bole tree,64.4,130,29.7
0001d49b-ec17-4e99-b89f-263f02f8652f,DELA_045.basePlot.vst,2015-09-22,vst_DELA_2015,D08,DELA,DELA_045,NEON.PLA.D08.DELA.04882,single bole tree,38.5,130,23.9
61255065-2ac0-4763-b2e2-7704f3198b0f,DELA_054.basePlot.vst,2015-09-22,vst_DELA_2015,D08,DELA,DELA_054,NEON.PLA.D08.DELA.04897,single bole tree,12.3,130,12.9
160336e6-bdb1-4770-af48-b5bbfe50a323,DELA_054.basePlot.vst,2015-09-22,vst_DELA_2015,D08,DELA,DELA_054,NEON.PLA.D08.DELA.04755,single bole tree,60.1,130,30.7
dd09c1df-5459-4ecd-bf9d-aa65c60c05c3,DELA_054.basePlot.vst,2015-09-22,vst_DELA_2015,D08,DELA,DELA_054,NEON.PLA.D08.DELA.04900,single bole tree,56.8,130,24.2
93eafd6a-c7a4-4deb-8283-bf10afbfe1e6,DELA_054.basePlot.vst,2015-09-22,vst_DELA_2015,D08,DELA,DELA_054,NEON.PLA.D08.DELA.09796,single bole tree,14.9,130,3.0
ed65a6d1-9588-4077-854d-b54bd29e0af2,DELA_045.basePlot.vst,2015-09-22,vst_DELA_2015,D08,DELA,DELA_045,NEON.PLA.D08.DELA.04876,single bole tree,15.4,130,6.2
00db9b1e-df13-4dce-9847-efa55890fb86,DELA_054.basePlot.vst,2015-09-22,vst_DELA_2015,D08,DELA,DELA_054,NEON.PLA.D08.DELA.04894,single bole tree,10.9,130,6.9
f76fa7f3-35b5-4fd1-b74b-2a417d027122,DELA_045.basePlot.vst,2015-09-22,vst_DELA_2015,D08,DELA,DELA_045,NEON.PLA.D08.DELA.09803,single bole tree,16.5,130,2.5
8e01ef8e-0fcc-4a32-90c4-f33db2c0e2e5,DELA_054.basePlot.vst,2015-09-22,vst_DELA_2015,D08,DELA,DELA_054,NEON.PLA.D08.DELA.09795,single bole tree,36.2,130,17.4
ce784fd8-aef1-442c-8120-7be26b749f46,DELA_045.basePlot.vst,2015-09-22,vst_DELA_2015,D08,DELA,DELA_045,NEON.PLA.D08.DELA.04872,single bole tree,23.8,130,20.3
d0e1548c-3ee7-4d3c-8d00-2e8898b0bdf2,DELA_045.basePlot.vst,2015-09-22,vst_DELA_2015,D08,DELA,DELA_045,NEON.PLA.D08.DELA.04830,single bole tree,37.8,130,23.4
9eb2fe57-3e31-4bf8-bfbd-b20aea0162fd,DELA_054.basePlot.vst,2015-09-22,vst_DELA_2015,D08,DELA,DELA_054,NEON.PLA.D08.DELA.04750,single bole tree,13.1,130,11.0
39a7ad5d-1dbf-4bfb-93b3-7c78799a174b,DELA_054.basePlot.vst,2015-09-22,vst_DELA_2015,D08,DELA,DELA_054,NEON.PLA.D08.DELA.04723,single bole tree,19.1,130,5.6
f85bdf78-3490-4f75-b272-026e8ef15e75,DELA_054.basePlot.vst,2015-09-22,vst_DELA_2015,D08,DELA,DELA_054,NEON.PLA.D08.DELA.04752,single bole tree,22.2,130,14.4
0a9dde30-398b-4f37-9528-f4300fd8c29e,DELA_045.basePlot.vst,2015-09-22,vst_DELA_2015,D08,DELA,DELA_045,NEON.PLA.D08.DELA.04880,single bole tree,33.7,130,25.5
9c3c7551-45ea-4f8e-a92f-c1b1db0c0568,DELA_054.basePlot.vst,2015-09-22,vst_DELA_2015,D08,DELA,DELA_054,NEON.PLA.D08.DELA.04733,single bole tree,11.0,130,10.3
6050d1a0-f8b1-4dd1-96eb-a226d9f80efb,DELA_045.basePlot.vst,2015-09-22,vst_DELA_2015,D08,DELA,DELA_045,NEON.PLA.D08.DELA.04853,single bole tree,57.8,130,26.8
7e6cb447-b4e7-4ba1-84c9-a741467c245e,DELA_045.basePlot.vst,2015-09-22,vst_DELA_2015,D08,DELA,DELA_045,NEON.PLA.D08.DELA.04863,single bole tree,23.2,130,17.2
d282fd38-93ff-4428-845e-3286e548a0a8,DELA_045.basePlot.vst,2015-09-22,vst_DELA_2015,D08,DELA,DELA_045,NEON.PLA.D08.DELA.04860,single bole tree,19.3,130,16.7
f1759414-ec10-4140-bee9-aad47d970e46,DELA_045.basePlot.vst,2015-09-22,vst_DELA_2015,D08,DELA,DELA_045,NEON.PLA.D08.DELA.09802,single bole tree,49.5,130,1.9
6c9aa281-25a9-466c-ae11-0fda2eef1cf7,DELA_045.basePlot.vst,2015-09-22,vst_DELA_2015,D08,DELA,DELA_045,NEON.PLA.D08.DELA.04871,single bole tree,28.5,130,15.3
e9dc2135-8c70-46f7-b7f6-2b76f96d15b1,DELA_045.basePlot.vst,2015-09-22,vst_DELA_2015,D08,DELA,DELA_045,NEON.PLA.D08.DELA.04877,single bole tree,14.2,130,16.3
1da2e307-eb7b-40d3-8ff0-e943c1977d5d,DELA_045.basePlot.vst,2015-09-22,vst_DELA_2015,D08,DELA,DELA_045,NEON.PLA.D08.DELA.09801,single bole tree,16.1,130,13.9
a82c76f8-5cb9-45fa-ac3d-b901d7ee3f46,DELA_054.basePlot.vst,2015-09-22,vst_DELA_2015,D08,DELA,DELA_054,NEON.PLA.D08.DELA.04890,single bole tree,91.2,130,32.6
2edfd9c2-ca48-4f4e-9ff9-1675e4c3d12c,DELA_054.basePlot.vst,2015-09-22,vst_DELA_2015,D08,DELA,DELA_054,NEON.PLA.D08.DELA.04728,single bole tree,13.0,130,9.0
c4edd7e9-bca7-49cc-8960-c0d2dd296b4a,DELA_045.basePlot.vst,2015-09-22,vst_DELA_2015,D08,DELA,DELA_045,NEON.PLA.D08.DELA.04855,single bole tree,16.1,130,7.1
ef9c9946-e794-4044-84a3-b1f30035fbb4,DELA_045.basePlot.vst,2015-09-22,vst_DELA_2015,D08,DELA,DELA_045,NEON.PLA.D08.DELA.04881,single bole tree,17.2,130,13.9
2b99b05f-c862-464d-9939-cc9fb2930fdd,DELA_045.basePlot.vst,2015-09-22,vst_DELA_2015,D08,DELA,DELA_045,NEON.PLA.D08.DELA.04885,single bole tree,63.1,130,13.8
03a672d6-f645-4719-bdfa-a74c0cf1a67b,DELA_045.basePlot.vst,2015-09-22,vst_DELA_2015,D08,DELA,DELA_045,NEON.PLA.D08.DELA.04861,single bole tree,17.4,130,14.6
4fd54a92-dea5-421e-b853-c4b3d998ac19,DELA_045.basePlot.vst,2015-09-22,vst_DELA_2015,D08,DELA,DELA_045,NEON.PLA.D08.DELA.04864,single bole tree,63.0,130,23.0
e2743704-22c0-4a83-b201-ce26078d173e,DELA_045.basePlot.vst,2015-09-22,vst_DELA_2015,D08,DELA,DELA_045,NEON.PLA.D08.DELA.04856,single bole tree,21.5,130,16.6
ab689011-fa74-4987-a917-c90cfe23530f,DELA_054.basePlot.vst,2015-09-22,vst_DELA_2015,D08,DELA,DELA_054,NEON.PLA.D08.DELA.04887,single bole tree,11.0,130,12.3
f313de71-4f3b-4a37-94da-30b427ca600d,DELA_054.basePlot.vst,2015-09-22,vst_DELA_2015,D08,DELA,DELA_054,NEON.PLA.D08.DELA.04727,single bole tree,14.2,130,11.7
1ca73bac-10bb-41f8-b9f2-acd6b8128c5c,DELA_045.basePlot.vst,2015-09-22,vst_DELA_2015,D08,DELA,DELA_045,NEON.PLA.D08.DELA.04886,single bole tree,26.1,130,14.0
8233e274-4ee1-45da-80fd-b95d1bd496bc,DELA_045.basePlot.vst,2015-09-22,vst_DELA_2015,D08,DELA,DELA_045,NEON.PLA.D08.DELA.04854,single bole tree,13.3,130,11.1
70d31841-f661-4dae-854d-ae44dc602e8a,DELA_054.basePlot.vst,2015-09-22,vst_DELA_2015,D08,DELA,DELA_054,NEON.PLA.D08.DELA.04754,single bole tree,10.2,130,10.5
4227d19a-0f74-4860-beb1-0b5dd9195051,DELA_054.basePlot.vst,2015-09-22,vst_DELA_2015,D08,DELA,DELA_054,NEON.PLA.D08.DELA.04729,single bole tree,14.6,110,9.4
920ce0c8-0f99-47ec-932f-1618556f4d3a,DELA_045.basePlot.vst,2015-09-22,vst_DELA_2015,D08,DELA,DELA_045,NEON.PLA.D08.DELA.04831,single bole tree,21.8,130,16.1
47c8a640-6266-418b-b625-fba630017210,DELA_045.basePlot.vst,2015-09-22,vst_DELA_2015,D08,DELA,DELA_045,NEON.PLA.D08.DELA.04858,single bole tree,17.2,130,15.4
f3854e6c-a405-49eb-b679-f593167acccf,DELA_045.basePlot.vst,2015-09-22,vst_DELA_2015,D08,DELA,DELA_045,NEON.PLA.D08.DELA.04865,single bole tree,28.0,130,23.8
dcf6c4c5-6ebf-4ffd-acd7-089d7806e0ba,DELA_054.basePlot.vst,2015-09-22,vst_DELA_2015,D08,DELA,DELA_054,NEON.PLA.D08.DELA.09915,single bole tree,13.2,120,6.2
f81c6522-3921-4a08-88c2-76b69b948ce4,DELA_045.basePlot.vst,2015-09-22,vst_DELA_2015,D08,DELA,DELA_045,NEON.PLA.D08.DELA.04883,single bole tree,21.2,130,18.4
31224ffd-acbd-475f-bd41-e6e2aa8b90db,DELA_054.basePlot.vst,2015-09-22,vst_DELA_2015,D08,DELA,DELA_054,NEON.PLA.D08.DELA.04891,single bole tree,24.3,130,16.9
acaacbd3-c14f-4a1f-9257-69768c22884f,DELA_045.basePlot.vst,2015-09-22,vst_DELA_2015,D08,DELA,DELA_045,NEON.PLA.D08.DELA.04875,single bole tree,28.5,130,18.2
65e5d8c8-235f-435f-9626-e9c1378f960e,DELA_054.basePlot.vst,2015-09-22,vst_DELA_2015,D08,DELA,DELA_054,NEON.PLA.D08.DELA.04746,single bole tree,70.4,130,26.1
58288366-b863-4af2-a64d-2b619c7d8084,DELA_042.basePlot.vst,2015-09-23,vst_DELA_2015,D08,DELA,DELA_042,NEON.PLA.D08.DELA.04691,single bole tree,11.0,130,8.6
73327d33-8632-416f-9124-73fc901af203,DELA_055.basePlot.vst,2015-09-23,vst_DELA_2015,D08,DELA,DELA_055,NEON.PLA.D08.DELA.03670,single bole tree,34.5,130,15.3
70cdb213-8a7f-48f9-8b00-16173e5d1e46,DELA_055.basePlot.vst,2015-09-23,vst_DELA_2015,D08,DELA,DELA_055,NEON.PLA.D08.DELA.03627,single bole tree,11.3,130,8.5
77df6847-38c1-4c77-bf2d-fb4a72918550,DELA_042.basePlot.vst,2015-09-23,vst_DELA_2015,D08,DELA,DELA_042,NEON.PLA.D08.DELA.04817,single bole tree,46.2,130,28.9
7a357b88-d7ad-43ce-b9b1-40aeefb51919,DELA_055.basePlot.vst,2015-09-23,vst_DELA_2015,D08,DELA,DELA_055,NEON.PLA.D08.DELA.03693,single bole tree,14.5,130,7.1
4183f9fb-8ec8-4571-a46e-907e78683543,DELA_042.basePlot.vst,2015-09-23,vst_DELA_2015,D08,DELA,DELA_042,NEON.PLA.D08.DELA.04803,single bole tree,19.1,130,11.2
75822e76-010f-4721-8d90-caeb9414247b,DELA_055.basePlot.vst,2015-09-23,vst_DELA_2015,D08,DELA,DELA_055,NEON.PLA.D08.DELA.03626,single bole tree,26.5,130,8.3
cb4f2d54-2617-4ae8-bb8e-0ce9ace7fbf7,DELA_055.basePlot.vst,2015-09-23,vst_DELA_2015,D08,DELA,DELA_055,NEON.PLA.D08.DELA.03653,single bole tree,13.8,130,7.2
8d721f5d-7cf3-41ce-ae09-65cf51989ced,DELA_055.basePlot.vst,2015-09-23,vst_DELA_2015,D08,DELA,DELA_055,NEON.PLA.D08.DELA.03661,single bole tree,19.8,130,9.4
43d342c4-3426-46e9-a747-42a194fddf78,DELA_042.basePlot.vst,2015-09-23,vst_DELA_2015,D08,DELA,DELA_042,NEON.PLA.D08.DELA.04683,small tree,9.9,130,9.3
fe61a06d-1c18-4166-ba86-5bef9312812c,DELA_042.basePlot.vst,2015-09-23,vst_DELA_2015,D08,DELA,DELA_042,NEON.PLA.D08.DELA.04699,single bole tree,18.5,130,15.3
5445d4ab-48a7-48b1-86dd-9237b2497b03,DELA_042.basePlot.vst,2015-09-23,vst_DELA_2015,D08,DELA,DELA_042,NEON.PLA.D08.DELA.04819,single bole tree,20.5,130,19.0
14ae2859-984c-4931-a623-6c2be0dbcda6,DELA_055.basePlot.vst,2015-09-23,vst_DELA_2015,D08,DELA,DELA_055,NEON.PLA.D08.DELA.03665,single bole tree,19.3,120,8.2
af5cbb39-0dc4-48fd-a556-8947c65e07a1,DELA_042.basePlot.vst,2015-09-23,vst_DELA_2015,D08,DELA,DELA_042,NEON.PLA.D08.DELA.04821,single bole tree,16.9,130,15.1
6db0f20d-f574-4891-97e2-74cdb0148771,DELA_042.basePlot.vst,2015-09-23,vst_DELA_2015,D08,DELA,DELA_042,NEON.PLA.D08.DELA.04690,single bole tree,23.4,130,13.3
7cf4cf4e-5d23-4bdd-a229-c07f85889fe0,DELA_055.basePlot.vst,2015-09-23,vst_DELA_2015,D08,DELA,DELA_055,NEON.PLA.D08.DELA.03656,single bole tree,13.0,130,8.0
15bcb8d9-f71b-4078-81f8-3425b73b3659,DELA_042.basePlot.vst,2015-09-23,vst_DELA_2015,D08,DELA,DELA_042,NEON.PLA.D08.DELA.04815,single bole tree,31.1,130,22.3
08ceb1bb-2552-46f0-bd64-0fd213de73be,DELA_055.basePlot.vst,2015-09-23,vst_DELA_2015,D08,DELA,DELA_055,NEON.PLA.D08.DELA.03655,single bole tree,31.3,130,9.2
15f8786c-9c2a-4216-9dc5-8cfef05b5490,DELA_042.basePlot.vst,2015-09-23,vst_DELA_2015,D08,DELA,DELA_042,NEON.PLA.D08.DELA.04696,single bole tree,35.7,130,22.2
322bad94-8be3-45bc-96b8-d875c693f210,DELA_042.basePlot.vst,2015-09-23,vst_DELA_2015,D08,DELA,DELA_042,NEON.PLA.D08.DELA.04400,single bole tree,40.2,130,29.1
ce60d33a-c193-4a83-be3c-a78d9623301c,DELA_055.basePlot.vst,2015-09-23,vst_DELA_2015,D08,DELA,DELA_055,NEON.PLA.D08.DELA.03682,single bole tree,10.6,130,9.3
cebf2de4-fcb7-4cb5-8bf9-59cdd94a3f28,DELA_055.basePlot.vst,2015-09-23,vst_DELA_2015,D08,DELA,DELA_055,NEON.PLA.D08.DELA.03664,single bole tree,20.7,120,5.3
71a21303-1d68-4cd0-8ff0-7c41e35b3cb5,DELA_055.basePlot.vst,2015-09-23,vst_DELA_2015,D08,DELA,DELA_055,NEON.PLA.D08.DELA.03650,single bole tree,15.8,130,7.9
3b010b95-3d02-40b8-a997-403369699a99,DELA_055.basePlot.vst,2015-09-23,vst_DELA_2015,D08,DELA,DELA_055,NEON.PLA.D08.DELA.03657,single bole tree,19.7,130,6.0
ce703e4d-3a3a-4509-8f34-dbbc27710f4a,DELA_055.basePlot.vst,2015-09-23,vst_DELA_2015,D08,DELA,DELA_055,NEON.PLA.D08.DELA.03651,single bole tree,20.0,130,7.2
9dc21ecf-a017-48f6-a257-ae7afdf16df5,DELA_042.basePlot.vst,2015-09-23,vst_DELA_2015,D08,DELA,DELA_042,NEON.PLA.D08.DELA.09690,single bole tree,79.3,130,25.9
fab52785-2f76-400b-9c0a-e45a9a62e8a6,DELA_055.basePlot.vst,2015-09-23,vst_DELA_2015,D08,DELA,DELA_055,NEON.PLA.D08.DELA.03644,single bole tree,11.7,130,8.4
797b254e-779d-44dc-9422-3a6d81769126,DELA_055.basePlot.vst,2015-09-23,vst_DELA_2015,D08,DELA,DELA_055,NEON.PLA.D08.DELA.09950,single bole tree,11.1,110,7.3
f3e4fc83-4fad-43b5-8db1-348e4732dff9,DELA_055.basePlot.vst,2015-09-23,vst_DELA_2015,D08,DELA,DELA_055,NEON.PLA.D08.DELA.03652,single bole tree,14.9,130,6.2
02368d21-f263-4e00-95f7-26eae3e31005,DELA_055.basePlot.vst,2015-09-23,vst_DELA_2015,D08,DELA,DELA_055,NEON.PLA.D08.DELA.03674,single bole tree,26.5,130,11.9
c1013ba2-bd50-4033-8bc6-9249c75500c4,DELA_055.basePlot.vst,2015-09-23,vst_DELA_2015,D08,DELA,DELA_055,NEON.PLA.D08.DELA.03662,single bole tree,31.5,130,10.0
c2c50e41-dd05-429b-ad10-8d773706a483,DELA_055.basePlot.vst,2015-09-23,vst_DELA_2015,D08,DELA,DELA_055,NEON.PLA.D08.DELA.03649,single bole tree,33.5,130,13.7
00c501e0-9653-42fe-a74b-5cd4e4ac9e10,DELA_042.basePlot.vst,2015-09-23,vst_DELA_2015,D08,DELA,DELA_042,NEON.PLA.D08.DELA.04802,single bole tree,14.9,130,5.4
3e71cbe7-d41a-47f4-9e4b-2b2ff39079ca,DELA_055.basePlot.vst,2015-09-23,vst_DELA_2015,D08,DELA,DELA_055,NEON.PLA.D08.DELA.03672,single bole tree,17.0,130,8.9
1d519b52-e4d4-43ef-b738-f93e8c2a4c5e,DELA_055.basePlot.vst,2015-09-23,vst_DELA_2015,D08,DELA,DELA_055,NEON.PLA.D08.DELA.03675,single bole tree,25.2,130,12.3
83842a3b-f588-4bae-9022-962004d55f30,DELA_055.basePlot.vst,2015-09-23,vst_DELA_2015,D08,DELA,DELA_055,NEON.PLA.D08.DELA.03659,single bole tree,12.2,130,8.1
f1546fe0-2ad8-43f4-8caf-3731ba673c67,DELA_042.basePlot.vst,2015-09-23,vst_DELA_2015,D08,DELA,DELA_042,NEON.PLA.D08.DELA.04804,single bole tree,20.7,130,16.4
e98c41b5-4033-4b7f-853e-753d4e6042af,DELA_055.basePlot.vst,2015-09-23,vst_DELA_2015,D08,DELA,DELA_055,NEON.PLA.D08.DELA.03667,single bole tree,20.8,130,10.5
2e55734f-aa7b-43f8-8ee7-827ae586b2b9,DELA_055.basePlot.vst,2015-09-23,vst_DELA_2015,D08,DELA,DELA_055,NEON.PLA.D08.DELA.03677,single bole tree,21.3,130,10.6
4f60ca95-cc9a-4c66-a219-f61f6faa32e4,DELA_055.basePlot.vst,2015-09-23,vst_DELA_2015,D08,DELA,DELA_055,NEON.PLA.D08.DELA.03669,single bole tree,12.6,130,6.5
0581a29a-7164-41ca-81f2-5aceb10ba804,DELA_055.basePlot.vst,2015-09-23,vst_DELA_2015,D08,DELA,DELA_055,NEON.PLA.D08.DELA.03671,single bole tree,11.2,130,4.9
59125d66-f242-425a-9a36-3c8890fc72f8,DELA_042.basePlot.vst,2015-09-23,vst_DELA_2015,D08,DELA,DELA_042,NEON.PLA.D08.DELA.04697,single bole tree,28.4,130,24.0
434d22b3-5d83-4a21-a396-8789c8ce066d,DELA_055.basePlot.vst,2015-09-23,vst_DELA_2015,D08,DELA,DELA_055,NEON.PLA.D08.DELA.03666,single bole tree,53.1,130,16.4
d1173bc0-bd8f-45cd-9947-018e42e704d8,DELA_042.basePlot.vst,2015-09-23,vst_DELA_2015,D08,DELA,DELA_042,NEON.PLA.D08.DELA.04692,single bole tree,24.2,130,13.3
7cf54b8c-013a-4e04-9de9-e37238838ceb,DELA_042.basePlot.vst,2015-09-23,vst_DELA_2015,D08,DELA,DELA_042,NEON.PLA.D08.DELA.04698,single bole tree,21.6,130,17.6
aa631d49-2068-485d-8d48-a2e9ca36cad9,DELA_042.basePlot.vst,2015-09-23,vst_DELA_2015,D08,DELA,DELA_042,NEON.PLA.D08.DELA.04677,single bole tree,14.2,130,9.1
798ae1fd-bf49-4d69-be70-675789cf0236,DELA_042.basePlot.vst,2015-09-23,vst_DELA_2015,D08,DELA,DELA_042,NEON.PLA.D08.DELA.04816,single bole tree,46.4,130,27.2
9334c851-6f42-4460-86a7-31b9be28689c,DELA_055.basePlot.vst,2015-09-23,vst_DELA_2015,D08,DELA,DELA_055,NEON.PLA.D08.DELA.03680,single bole tree,10.9,130,6.3
e59dbbfd-3520-4f3b-b3a8-4eb924f25f9d,DELA_042.basePlot.vst,2015-09-23,vst_DELA_2015,D08,DELA,DELA_042,NEON.PLA.D08.DELA.04695,single bole tree,21.4,130,17.0
4b4636fe-4871-4d66-ba0a-c6515c65b73f,DELA_055.basePlot.vst,2015-09-23,vst_DELA_2015,D08,DELA,DELA_055,NEON.PLA.D08.DELA.03654,single bole tree,20.7,130,10.8
e189759f-fdc1-4381-87cc-d3bdff1c2827,DELA_042.basePlot.vst,2015-09-23,vst_DELA_2015,D08,DELA,DELA_042,NEON.PLA.D08.DELA.04693,single bole tree,21.0,130,20.4
c2001b1e-53b1-46e3-9d0c-e72ec6bb182d,DELA_042.basePlot.vst,2015-09-23,vst_DELA_2015,D08,DELA,DELA_042,NEON.PLA.D08.DELA.04820,single bole tree,18.1,130,15.9
fc76a70f-0297-44fd-ad7f-af7ad41aceb4,DELA_055.basePlot.vst,2015-09-23,vst_DELA_2015,D08,DELA,DELA_055,NEON.PLA.D08.DELA.03673,single bole tree,10.4,130,7.1
7a875e16-c47e-4af6-92a4-e83e0bc1b3dd,DELA_050.basePlot.vst,2015-09-24,vst_DELA_2015,D08,DELA,DELA_050,NEON.PLA.D08.DELA.04322,single bole tree,41.0,130,22.6
2b80e7ad-9476-41b6-bb0b-a4b8e5318121,DELA_050.basePlot.vst,2015-09-24,vst_DELA_2015,D08,DELA,DELA_050,NEON.PLA.D08.DELA.09953,single bole tree,14.4,130,11.7
4992c16c-0644-481a-bd85-15b29dff0031,DELA_037.basePlot.vst,2015-09-24,vst_DELA_2015,D08,DELA,DELA_037,NEON.PLA.D08.DELA.04953,single bole tree,31.1,130,16.3
3794afa9-b472-4045-873c-ad7c49127a46,DELA_050.basePlot.vst,2015-09-24,vst_DELA_2015,D08,DELA,DELA_050,NEON.PLA.D08.DELA.04329,single bole tree,40.5,130,20.6
b0da93fe-dd12-4666-9fd3-d7779de85c61,DELA_050.basePlot.vst,2015-09-24,vst_DELA_2015,D08,DELA,DELA_050,NEON.PLA.D08.DELA.04388,single bole tree,12.1,130,11.4
2e9117c2-7e43-4ddc-8e5e-21e33807fcba,DELA_037.basePlot.vst,2015-09-24,vst_DELA_2015,D08,DELA,DELA_037,NEON.PLA.D08.DELA.04981,single bole tree,26.7,130,11.4
c02cf365-54b1-4205-a1a2-40898bc26eb4,DELA_050.basePlot.vst,2015-09-24,vst_DELA_2015,D08,DELA,DELA_050,NEON.PLA.D08.DELA.04331,single bole tree,12.2,130,13.1
ed28e25e-d966-4f41-a497-cc49ae20ad85,DELA_037.basePlot.vst,2015-09-24,vst_DELA_2015,D08,DELA,DELA_037,NEON.PLA.D08.DELA.04948,single bole tree,22.0,130,17.8
c404df03-1f2a-4c0a-bf62-a48de90abeed,DELA_037.basePlot.vst,2015-09-24,vst_DELA_2015,D08,DELA,DELA_037,NEON.PLA.D08.DELA.04982,single bole tree,39.6,130,18.3
aa2d01ba-67e5-4e43-8a3e-3074558349ae,DELA_050.basePlot.vst,2015-09-24,vst_DELA_2015,D08,DELA,DELA_050,NEON.PLA.D08.DELA.04332,single bole tree,45.5,130,24.7
ee8228cf-f648-44e7-b10c-76d197cc0361,DELA_037.basePlot.vst,2015-09-24,vst_DELA_2015,D08,DELA,DELA_037,NEON.PLA.D08.DELA.04901,single bole tree,25.1,130,10.4
98906cb8-ee3e-40c9-89af-ff593236ca34,DELA_037.basePlot.vst,2015-09-24,vst_DELA_2015,D08,DELA,DELA_037,NEON.PLA.D08.DELA.04989,single bole tree,25.8,130,8.6
91f39d87-d3fe-4b27-a9b5-8a0b2f4d9c30,DELA_050.basePlot.vst,2015-09-24,vst_DELA_2015,D08,DELA,DELA_050,NEON.PLA.D08.DELA.04391,single bole tree,10.9,130,12.7
71ab0005-06d1-49c0-b468-9380a7429c3c,DELA_050.basePlot.vst,2015-09-24,vst_DELA_2015,D08,DELA,DELA_050,NEON.PLA.D08.DELA.04392,single bole tree,16.2,130,15.8
e868ce5e-4b0e-4ad5-aba2-431b9587cf62,DELA_037.basePlot.vst,2015-09-24,vst_DELA_2015,D08,DELA,DELA_037,NEON.PLA.D08.DELA.04916,single bole tree,26.0,130,16.8
9e12e03f-806a-44d5-90f5-fa93cbf8558f,DELA_050.basePlot.vst,2015-09-24,vst_DELA_2015,D08,DELA,DELA_050,NEON.PLA.D08.DELA.04396,single bole tree,11.7,130,11.4
3ccdde60-6bd9-4532-b2c7-0edc367b1683,DELA_050.basePlot.vst,2015-09-24,vst_DELA_2015,D08,DELA,DELA_050,NEON.PLA.D08.DELA.04333,single bole tree,13.1,130,6.0
bc8e2c11-0653-48ae-9319-481a5c7fd96d,DELA_050.basePlot.vst,2015-09-24,vst_DELA_2015,D08,DELA,DELA_050,NEON.PLA.D08.DELA.04384,single bole tree,16.6,130,14.5
d3cb0c8a-0989-4a6d-900d-dcaa235b9385,DELA_037.basePlot.vst,2015-09-24,vst_DELA_2015,D08,DELA,DELA_037,NEON.PLA.D08.DELA.04984,single bole tree,11.3,130,7.8
d5e85004-f163-4e77-852f-5d4d11a64086,DELA_050.basePlot.vst,2015-09-24,vst_DELA_2015,D08,DELA,DELA_050,NEON.PLA.D08.DELA.04308,single bole tree,21.8,130,14.2
76763687-5af8-4c61-a6f1-396723f90cdb,DELA_050.basePlot.vst,2015-09-24,vst_DELA_2015,D08,DELA,DELA_050,NEON.PLA.D08.DELA.04312,single bole tree,15.0,130,13.5
c167cdb1-cf48-4d4c-a02d-b59c43e9ba36,DELA_050.basePlot.vst,2015-09-24,vst_DELA_2015,D08,DELA,DELA_050,NEON.PLA.D08.DELA.04327,single bole tree,23.6,130,12.4
83bac82a-e7a1-47ca-9410-8c5d14423b8b,DELA_037.basePlot.vst,2015-09-24,vst_DELA_2015,D08,DELA,DELA_037,NEON.PLA.D08.DELA.03557,single bole tree,25.1,130,18.9
357c5579-13ae-4860-9fb7-7ece07a44d32,DELA_037.basePlot.vst,2015-09-24,vst_DELA_2015,D08,DELA,DELA_037,NEON.PLA.D08.DELA.04947,single bole tree,62.1,130,18.8
53306fdd-13b4-405b-9d5d-8b40ae2624c0,DELA_050.basePlot.vst,2015-09-24,vst_DELA_2015,D08,DELA,DELA_050,NEON.PLA.D08.DELA.04330,single bole tree,14.4,130,9.3
faf530cf-1c4c-4f24-a6f0-23489f1705eb,DELA_037.basePlot.vst,2015-09-24,vst_DELA_2015,D08,DELA,DELA_037,NEON.PLA.D08.DELA.04943,single bole tree,48.6,130,18.5
8f080fe2-ec38-4c18-8b9d-58a0f15e061d,DELA_050.basePlot.vst,2015-09-24,vst_DELA_2015,D08,DELA,DELA_050,NEON.PLA.D08.DELA.04395,single bole tree,13.3,130,12.8
563b6594-353d-4646-b2cd-8b9163449df1,DELA_050.basePlot.vst,2015-09-24,vst_DELA_2015,D08,DELA,DELA_050,NEON.PLA.D08.DELA.04338,small tree,9.7,130,8.8
d2bfdf6b-7675-444c-86cb-5c116a6fbae1,DELA_037.basePlot.vst,2015-09-24,vst_DELA_2015,D08,DELA,DELA_037,NEON.PLA.D08.DELA.04950,multi-bole tree,14.8,130,8.7
647d308c-893d-453a-9022-ae634f8223f1,DELA_050.basePlot.vst,2015-09-24,vst_DELA_2015,D08,DELA,DELA_050,NEON.PLA.D08.DELA.04304,single bole tree,15.5,130,12.1
e1d1d640-a6bd-4769-be1c-045e2f63ca43,DELA_037.basePlot.vst,2015-09-24,vst_DELA_2015,D08,DELA,DELA_037,NEON.PLA.D08.DELA.04976,single bole tree,11.4,130,8.7
d12c864a-b561-44a1-9174-53010b81e993,DELA_050.basePlot.vst,2015-09-24,vst_DELA_2015,D08,DELA,DELA_050,NEON.PLA.D08.DELA.04394,single bole tree,43.0,130,20.1
adef6358-25f0-48c0-a06e-d1460e60ae89,DELA_050.basePlot.vst,2015-09-24,vst_DELA_2015,D08,DELA,DELA_050,NEON.PLA.D08.DELA.04380,single bole tree,10.2,130,7.3
bc4a3368-b256-4ee6-a7bd-552f6fc26c84,DELA_037.basePlot.vst,2015-09-24,vst_DELA_2015,D08,DELA,DELA_037,NEON.PLA.D08.DELA.03535,single bole tree,22.4,130,1.4
8586de01-ab61-4878-ace2-339411a3d88a,DELA_037.basePlot.vst,2015-09-24,vst_DELA_2015,D08,DELA,DELA_037,NEON.PLA.D08.DELA.04949,single bole tree,16.6,130,11.8
50d8f1c0-9708-482f-b515-0a794437e0d6,DELA_050.basePlot.vst,2015-09-24,vst_DELA_2015,D08,DELA,DELA_050,NEON.PLA.D08.DELA.04302,single bole tree,13.1,130,8.9
6c0391a6-152a-4d10-80c5-25478c2a04b7,DELA_050.basePlot.vst,2015-09-24,vst_DELA_2015,D08,DELA,DELA_050,NEON.PLA.D08.DELA.04398,single bole tree,12.5,130,14.0
290428ca-e857-423b-9cc4-14b2764a70ed,DELA_037.basePlot.vst,2015-09-24,vst_DELA_2015,D08,DELA,DELA_037,NEON.PLA.D08.DELA.09881,single bole tree,10.2,130,5.5
a4552cde-a850-4c17-b3cd-25365e272da1,DELA_050.basePlot.vst,2015-09-24,vst_DELA_2015,D08,DELA,DELA_050,NEON.PLA.D08.DELA.04288,single bole tree,37.3,130,19.8
e72c3985-8ef3-4567-9581-c504f3f97853,DELA_037.basePlot.vst,2015-09-24,vst_DELA_2015,D08,DELA,DELA_037,NEON.PLA.D08.DELA.04917,single bole tree,47.5,130,17.4
44de2de4-1086-4a25-8884-1be125dc86d8,DELA_056.basePlot.vst,2015-09-25,vst_DELA_2015,D08,DELA,DELA_056,NEON.PLA.D08.DELA.04769,single bole tree,12.6,130,12.4
4b1dd0ca-cf13-4a6c-835b-e1059b2f2527,DELA_056.basePlot.vst,2015-09-25,vst_DELA_2015,D08,DELA,DELA_056,NEON.PLA.D08.DELA.03581,single bole tree,10.8,130,8.4
07753606-5b4f-4471-9af0-1be419c7394d,DELA_056.basePlot.vst,2015-09-25,vst_DELA_2015,D08,DELA,DELA_056,NEON.PLA.D08.DELA.03586,single bole tree,84.8,130,30.8
71fbf40d-8ea2-473f-bea1-69bb81457ec8,DELA_056.basePlot.vst,2015-09-25,vst_DELA_2015,D08,DELA,DELA_056,NEON.PLA.D08.DELA.03590,single bole tree,45.7,130,5.0
4385eb18-157f-464d-84f2-e5e7fc6ce86c,DELA_056.basePlot.vst,2015-09-25,vst_DELA_2015,D08,DELA,DELA_056,NEON.PLA.D08.DELA.03602,single bole tree,27.7,130,17.6
bf168c0f-f00c-4894-bf19-7fee1b95e96f,DELA_056.basePlot.vst,2015-09-25,vst_DELA_2015,D08,DELA,DELA_056,NEON.PLA.D08.DELA.03592,single bole tree,12.2,130,9.1
dfd7bc19-640c-40d6-b1f3-811ceee5dbe6,DELA_056.basePlot.vst,2015-09-25,vst_DELA_2015,D08,DELA,DELA_056,NEON.PLA.D08.DELA.03596,single bole tree,12.7,130,10.9
0261d27d-c23c-4f63-b008-6c64fe9f3b07,DELA_056.basePlot.vst,2015-09-25,vst_DELA_2015,D08,DELA,DELA_056,NEON.PLA.D08.DELA.03573,single bole tree,33.4,130,20.4
a86a9b26-432b-4723-9f91-c2af2a38bbed,DELA_056.basePlot.vst,2015-09-25,vst_DELA_2015,D08,DELA,DELA_056,NEON.PLA.D08.DELA.03578,single bole tree,27.1,130,14.7
3325765d-f811-447c-b394-d39361e304bb,DELA_056.basePlot.vst,2015-09-25,vst_DELA_2015,D08,DELA,DELA_056,NEON.PLA.D08.DELA.04775,single bole tree,17.5,130,11.7
6311b2c2-bc5a-4319-bce0-dadb026e869c,DELA_056.basePlot.vst,2015-09-25,vst_DELA_2015,D08,DELA,DELA_056,NEON.PLA.D08.DELA.03575,single bole tree,11.0,130,10.4
9750d292-f01f-4cf8-8114-134cf43cc45d,DELA_056.basePlot.vst,2015-09-25,vst_DELA_2015,D08,DELA,DELA_056,NEON.PLA.D08.DELA.04768,single bole tree,26.2,130,14.5
9cdb3d6c-688c-4157-b6f0-3d7dba971589,DELA_056.basePlot.vst,2015-09-25,vst_DELA_2015,D08,DELA,DELA_056,NEON.PLA.D08.DELA.04759,single bole tree,29.6,130,16.3
c79f07f0-0947-49c4-b185-cce726b402cc,DELA_056.basePlot.vst,2015-09-25,vst_DELA_2015,D08,DELA,DELA_056,NEON.PLA.D08.DELA.04774,single bole tree,15.7,130,15.6
ae0c4014-a312-47c6-9dc1-63cda2cd17d8,DELA_056.basePlot.vst,2015-09-25,vst_DELA_2015,D08,DELA,DELA_056,NEON.PLA.D08.DELA.03580,single bole tree,12.0,130,6.0
533b40be-296b-4087-b219-7679e33bac07,DELA_056.basePlot.vst,2015-09-25,vst_DELA_2015,D08,DELA,DELA_056,NEON.PLA.D08.DELA.04756,single bole tree,34.7,130,16.1
3518e47a-6305-4ce0-9a1a-706869b2cfdf,DELA_056.basePlot.vst,2015-09-25,vst_DELA_2015,D08,DELA,DELA_056,NEON.PLA.D08.DELA.03572,single bole tree,10.6,130,5.1
8714a01a-8ff7-4d1c-b935-1f36a126fccb,DELA_056.basePlot.vst,2015-09-25,vst_DELA_2015,D08,DELA,DELA_056,NEON.PLA.D08.DELA.03591,single bole tree,27.1,130,13.8
61bc5e77-def6-4481-b05c-d6827f233f79,DELA_056.basePlot.vst,2015-09-25,vst_DELA_2015,D08,DELA,DELA_056,NEON.PLA.D08.DELA.03577,single bole tree,38.7,130,22.1
5df1b6a0-e777-474b-9441-16f5db97410c,DELA_056.basePlot.vst,2015-09-25,vst_DELA_2015,D08,DELA,DELA_056,NEON.PLA.D08.DELA.03574,single bole tree,12.3,130,6.3
93e74523-ff95-48b9-9e53-da555b9cc315,DELA_056.basePlot.vst,2015-09-25,vst_DELA_2015,D08,DELA,DELA_056,NEON.PLA.D08.DELA.03601,single bole tree,12.0,130,10.5
832a8536-02f0-4936-b8b0-49a98fefd12d,DELA_056.basePlot.vst,2015-09-25,vst_DELA_2015,D08,DELA,DELA_056,NEON.PLA.D08.DELA.03571,single bole tree,43.2,130,24.4
43622c9a-ec66-40f1-8da6-a6c75929a9de,DELA_056.basePlot.vst,2015-09-25,vst_DELA_2015,D08,DELA,DELA_056,NEON.PLA.D08.DELA.04776,single bole tree,36.5,130,19.3
1be3fb9f-e942-4838-8340-dbe621c56af6,DELA_056.basePlot.vst,2015-09-25,vst_DELA_2015,D08,DELA,DELA_056,NEON.PLA.D08.DELA.04765,single bole tree,25.6,130,15.6
15a32e1d-e985-4925-8ca7-c5912c61d393,DELA_056.basePlot.vst,2015-09-25,vst_DELA_2015,D08,DELA,DELA_056,NEON.PLA.D08.DELA.04773,single bole tree,46.6,130,25.6
2029fa4c-20de-44e6-a9c4-986829e5d064,DELA_056.basePlot.vst,2015-09-25,vst_DELA_2015,D08,DELA,DELA_056,NEON.PLA.D08.DELA.03603,single bole tree,30.0,130,21.6
dda94d5d-71aa-42a2-afa0-e66656ab02b8,DELA_056.basePlot.vst,2015-09-25,vst_DELA_2015,D08,DELA,DELA_056,NEON.PLA.D08.DELA.03576,single bole tree,14.2,130,8.8
50da3076-4c14-4b23-a2b0-643569fb3928,DELA_047.basePlot.vst,2015-09-28,vst_DELA_2015,D08,DELA,DELA_047,NEON.PLA.D08.DELA.10051,single bole tree,37.2,130,14.2
e011ddb0-7a93-4b9e-b996-ef437c019261,DELA_047.basePlot.vst,2015-09-28,vst_DELA_2015,D08,DELA,DELA_047,NEON.PLA.D08.DELA.10052,single bole tree,12.4,130,10.7
dc5a103b-dd68-4331-953a-5e68774871c5,DELA_048.basePlot.vst,2015-09-28,vst_DELA_2015,D08,DELA,DELA_048,NEON.PLA.D08.DELA.03769,single bole tree,28.4,130,15.2
15ee6ffa-af55-4c77-b9a6-6681c4f4c9b5,DELA_048.basePlot.vst,2015-09-28,vst_DELA_2015,D08,DELA,DELA_048,NEON.PLA.D08.DELA.03751,single bole tree,17.6,130,10.3
82c8168c-3b4b-411d-a44b-2ae64f83e401,DELA_048.basePlot.vst,2015-09-28,vst_DELA_2015,D08,DELA,DELA_048,NEON.PLA.D08.DELA.03773,single bole tree,63.0,130,25.3
e534a5f2-12b4-47c0-9d71-84f17cfe3c0e,DELA_048.basePlot.vst,2015-09-28,vst_DELA_2015,D08,DELA,DELA_048,NEON.PLA.D08.DELA.03753,single bole tree,15.3,130,11.7
445c31df-21cc-4e14-8948-c27df1104e80,DELA_047.basePlot.vst,2015-09-28,vst_DELA_2015,D08,DELA,DELA_047,NEON.PLA.D08.DELA.03831,single bole tree,17.8,130,8.1
5c4f5ec5-2072-4311-b94e-c4e6f03148ee,DELA_047.basePlot.vst,2015-09-28,vst_DELA_2015,D08,DELA,DELA_047,NEON.PLA.D08.DELA.10058,single bole tree,13.6,130,6.3
a846d1c9-c6f3-4a88-8e46-424cea28af41,DELA_048.basePlot.vst,2015-09-28,vst_DELA_2015,D08,DELA,DELA_048,NEON.PLA.D08.DELA.03696,single bole tree,14.4,130,7.9
3251610e-2ef8-457f-8296-14dc1359e5cb,DELA_047.basePlot.vst,2015-09-28,vst_DELA_2015,D08,DELA,DELA_047,NEON.PLA.D08.DELA.03841,single bole tree,13.8,130,12.0
639a3cf9-32d1-4b24-95db-59e13db5f540,DELA_047.basePlot.vst,2015-09-28,vst_DELA_2015,D08,DELA,DELA_047,NEON.PLA.D08.DELA.03900,single bole tree,13.5,130,10.4
70e0fb30-f606-46c6-b4f8-92f7c4f4697d,DELA_048.basePlot.vst,2015-09-28,vst_DELA_2015,D08,DELA,DELA_048,NEON.PLA.D08.DELA.03715,multi-bole tree,22.2,105,14.0
f5afcf50-c9a0-464c-a299-72a825079ac9,DELA_048.basePlot.vst,2015-09-28,vst_DELA_2015,D08,DELA,DELA_048,NEON.PLA.D08.DELA.03775,single bole tree,12.0,130,11.0
e0fea8dc-f1aa-465f-be81-d48bfb3e1f07,DELA_047.basePlot.vst,2015-09-28,vst_DELA_2015,D08,DELA,DELA_047,NEON.PLA.D08.DELA.03802,single shrub,7.0,130,3.9
e4cbeb6f-01c6-4cc3-9c72-473f080039e0,DELA_047.basePlot.vst,2015-09-28,vst_DELA_2015,D08,DELA,DELA_047,NEON.PLA.D08.DELA.03834,multi-bole tree,20.4,130,9.5
b7e5a1ba-65b1-4eb9-b92f-5af8521e4dc8,DELA_048.basePlot.vst,2015-09-28,vst_DELA_2015,D08,DELA,DELA_048,NEON.PLA.D08.DELA.03757,single bole tree,21.9,130,8.8
3555c2cf-4ae5-46b9-b71e-06299128684a,DELA_048.basePlot.vst,2015-09-28,vst_DELA_2015,D08,DELA,DELA_048,NEON.PLA.D08.DELA.03765,single bole tree,25.7,130,4.4
72da5ec1-8831-4966-9de4-713d1af78095,DELA_048.basePlot.vst,2015-09-28,vst_DELA_2015,D08,DELA,DELA_048,NEON.PLA.D08.DELA.03774,single bole tree,26.3,130,16.5
5bed1142-bdc0-4609-82d9-44b27196552e,DELA_047.basePlot.vst,2015-09-28,vst_DELA_2015,D08,DELA,DELA_047,NEON.PLA.D08.DELA.03873,single bole tree,12.1,130,10.5
4a7fdf72-fc98-4caa-b53e-40f7a6db8514,DELA_048.basePlot.vst,2015-09-28,vst_DELA_2015,D08,DELA,DELA_048,NEON.PLA.D08.DELA.03766,single bole tree,13.1,130,8.9
db7b2d03-e5bd-45d4-9767-c8e4fa0f5696,DELA_048.basePlot.vst,2015-09-28,vst_DELA_2015,D08,DELA,DELA_048,NEON.PLA.D08.DELA.03747,single bole tree,80.5,130,26.2
e722618d-0619-493a-9ddb-03739acc432c,DELA_047.basePlot.vst,2015-09-28,vst_DELA_2015,D08,DELA,DELA_047,NEON.PLA.D08.DELA.03826,single bole tree,18.4,130,15.8
88afe799-01b8-42d1-b303-a559aeff9572,DELA_047.basePlot.vst,2015-09-28,vst_DELA_2015,D08,DELA,DELA_047,NEON.PLA.D08.DELA.03793,single bole tree,18.5,130,13.3
de528ebc-8257-4faa-911f-b391f688f71a,DELA_048.basePlot.vst,2015-09-28,vst_DELA_2015,D08,DELA,DELA_048,NEON.PLA.D08.DELA.03772,single bole tree,11.2,130,8.0
0dde04b0-0c72-4901-9190-626fc050d38e,DELA_047.basePlot.vst,2015-09-28,vst_DELA_2015,D08,DELA,DELA_047,NEON.PLA.D08.DELA.03888,single bole tree,12.3,130,9.7
2bc8825a-b943-4391-abf2-67538ffccb2b,DELA_047.basePlot.vst,2015-09-28,vst_DELA_2015,D08,DELA,DELA_047,NEON.PLA.D08.DELA.10054,single bole tree,14.3,130,7.7
a56bdac3-4b1e-41e8-b0d2-323959efaaa4,DELA_047.basePlot.vst,2015-09-28,vst_DELA_2015,D08,DELA,DELA_047,NEON.PLA.D08.DELA.03788,single bole tree,17.0,130,11.4
b569a1d7-987f-45ed-901b-3e7337ec2529,DELA_048.basePlot.vst,2015-09-28,vst_DELA_2015,D08,DELA,DELA_048,NEON.PLA.D08.DELA.03768,single bole tree,10.2,130,9.1
03eac4da-bf33-464e-8f5a-616134d3e326,DELA_047.basePlot.vst,2015-09-28,vst_DELA_2015,D08,DELA,DELA_047,NEON.PLA.D08.DELA.03860,single bole tree,12.0,130,8.0
907f4414-7aa1-4a4d-b25a-9c41f6fbdd82,DELA_048.basePlot.vst,2015-09-28,vst_DELA_2015,D08,DELA,DELA_048,NEON.PLA.D08.DELA.10322,single bole tree,11.4,130,8.7
b9b4556d-30ae-436a-b2ee-d52fd426fa8d,DELA_047.basePlot.vst,2015-09-28,vst_DELA_2015,D08,DELA,DELA_047,NEON.PLA.D08.DELA.03885,single bole tree,13.3,130,8.9
f80fc1fc-e45f-401c-ad5d-7f5c4f457bfe,DELA_048.basePlot.vst,2015-09-28,vst_DELA_2015,D08,DELA,DELA_048,NEON.PLA.D08.DELA.03719,single bole tree,37.5,130,16.9
ae499f19-1a98-4aa6-b07a-5f85b2379d9c,DELA_047.basePlot.vst,2015-09-28,vst_DELA_2015,D08,DELA,DELA_047,NEON.PLA.D08.DELA.03859,single bole tree,45.8,130,31.6
978210f6-ef87-4f19-8668-831dc32c20f3,DELA_047.basePlot.vst,2015-09-28,vst_DELA_2015,D08,DELA,DELA_047,NEON.PLA.D08.DELA.03835,single bole tree,11.0,130,5.8
5b521dd7-f2af-4a03-8249-3fa5b43e25d5,DELA_048.basePlot.vst,2015-09-28,vst_DELA_2015,D08,DELA,DELA_048,NEON.PLA.D08.DELA.03780,single bole tree,37.5,130,17.5
e69c2341-2b4e-4e37-8bde-71bcfb2d9772,DELA_048.basePlot.vst,2015-09-28,vst_DELA_2015,D08,DELA,DELA_048,NEON.PLA.D08.DELA.03718,single bole tree,14.2,130,6.9
fb4cd27e-20fe-44d6-a67b-53aa1504f1e9,DELA_047.basePlot.vst,2015-09-28,vst_DELA_2015,D08,DELA,DELA_047,NEON.PLA.D08.DELA.03898,single bole tree,19.8,130,13.5
0a9de07e-4934-4bc6-83e7-c20d3e2e797b,DELA_047.basePlot.vst,2015-09-28,vst_DELA_2015,D08,DELA,DELA_047,NEON.PLA.D08.DELA.03901,single bole tree,14.6,130,9.0
08fbc0d7-d9cf-49ab-a4e3-190e6343cae1,DELA_048.basePlot.vst,2015-09-28,vst_DELA_2015,D08,DELA,DELA_048,NEON.PLA.D08.DELA.03776,single bole tree,34.7,130,15.0
e5317c7b-ab22-4211-bdb3-11ee8904e7b6,DELA_048.basePlot.vst,2015-09-28,vst_DELA_2015,D08,DELA,DELA_048,NEON.PLA.D08.DELA.03679,small tree,5.9,130,4.7
58a4561f-6137-4346-9dd6-b440a962f672,DELA_048.basePlot.vst,2015-09-28,vst_DELA_2015,D08,DELA,DELA_048,NEON.PLA.D08.DELA.03711,single bole tree,12.1,130,6.6
0addeccd-fd35-446c-9764-9a8a9105e0c8,DELA_048.basePlot.vst,2015-09-28,vst_DELA_2015,D08,DELA,DELA_048,NEON.PLA.D08.DELA.03713,single bole tree,18.8,130,10.3
d18e92b6-fc03-470f-b02e-3110d9c0f527,DELA_047.basePlot.vst,2015-09-28,vst_DELA_2015,D08,DELA,DELA_047,NEON.PLA.D08.DELA.03830,single bole tree,16.6,130,11.1
347893af-ec25-4636-978f-db920f811508,DELA_048.basePlot.vst,2015-09-28,vst_DELA_2015,D08,DELA,DELA_048,NEON.PLA.D08.DELA.10321,single bole tree,10.3,130,5.4
45533014-c5b1-4c93-83b4-192e9767989b,DELA_048.basePlot.vst,2015-09-28,vst_DELA_2015,D08,DELA,DELA_048,NEON.PLA.D08.DELA.03752,single bole tree,20.9,130,12.5
66f18987-7052-4a15-ae83-3adbb8f699d1,DELA_047.basePlot.vst,2015-09-28,vst_DELA_2015,D08,DELA,DELA_047,NEON.PLA.D08.DELA.03903,single bole tree,13.2,130,5.1
2b6ac49b-6afb-4127-bb9e-de9b49ffa3fd,DELA_047.basePlot.vst,2015-09-28,vst_DELA_2015,D08,DELA,DELA_047,NEON.PLA.D08.DELA.03857,single bole tree,26.7,130,17.6
97f4aa57-db69-437b-a1d6-b69119ece0b0,DELA_048.basePlot.vst,2015-09-28,vst_DELA_2015,D08,DELA,DELA_048,NEON.PLA.D08.DELA.03717,single bole tree,54.0,130,13.9
9f73d10c-0d0d-470a-8e70-b77bccb7b7a6,DELA_047.basePlot.vst,2015-09-28,vst_DELA_2015,D08,DELA,DELA_047,NEON.PLA.D08.DELA.03836,single bole tree,13.7,130,10.8
3f265830-b57a-4785-aaae-4f75659fcbe9,DELA_047.basePlot.vst,2015-09-28,vst_DELA_2015,D08,DELA,DELA_047,NEON.PLA.D08.DELA.03782,single bole tree,17.3,130,8.3
c804455e-6493-458b-8e9c-46c75ea968b3,DELA_047.basePlot.vst,2015-09-28,vst_DELA_2015,D08,DELA,DELA_047,NEON.PLA.D08.DELA.03829,single bole tree,18.7,130,13.9
d648e37e-d414-43c7-860b-1584c4cc7821,DELA_047.basePlot.vst,2015-09-28,vst_DELA_2015,D08,DELA,DELA_047,NEON.PLA.D08.DELA.03842,single bole tree,17.0,130,6.7
595b5421-ce73-41ec-94bb-8c7ede120c90,DELA_047.basePlot.vst,2015-09-28,vst_DELA_2015,D08,DELA,DELA_047,NEON.PLA.D08.DELA.03833,single bole tree,36.8,130,11.9
b9caa380-c944-445b-8c0e-b1e658c24fe2,DELA_048.basePlot.vst,2015-09-28,vst_DELA_2015,D08,DELA,DELA_048,NEON.PLA.D08.DELA.03778,single bole tree,12.3,130,8.7
155d8f7c-09e9-484e-b762-38314a28f7b8,DELA_048.basePlot.vst,2015-09-28,vst_DELA_2015,D08,DELA,DELA_048,NEON.PLA.D08.DELA.03712,single bole tree,49.9,130,21.2
4e86a4f2-b55f-4a31-9a45-3d5058ac89de,DELA_048.basePlot.vst,2015-09-28,vst_DELA_2015,D08,DELA,DELA_048,NEON.PLA.D08.DELA.03714,single bole tree,25.5,130,12.1
8c4ce0bd-9039-489a-9591-6f176924d77a,DELA_047.basePlot.vst,2015-09-28,vst_DELA_2015,D08,DELA,DELA_047,NEON.PLA.D08.DELA.03869,single bole tree,13.6,130,9.0
608607c4-d4cb-4d2a-89e6-83d382907547,DELA_048.basePlot.vst,2015-09-28,vst_DELA_2015,D08,DELA,DELA_048,NEON.PLA.D08.DELA.03777,single bole tree,25.6,130,8.9
b0e93d19-5711-4564-bc2d-43c5928bb445,DELA_047.basePlot.vst,2015-09-28,vst_DELA_2015,D08,DELA,DELA_047,NEON.PLA.D08.DELA.03902,single bole tree,47.2,130,18.6
371de877-de53-4b51-ba43-d69cd3e71d95,DELA_047.basePlot.vst,2015-09-28,vst_DELA_2015,D08,DELA,DELA_047,NEON.PLA.D08.DELA.10053,single bole tree,10.6,130,13.9
e749085a-eb29-4f76-90e8-c20c2016a8c0,DELA_047.basePlot.vst,2015-09-28,vst_DELA_2015,D08,DELA,DELA_047,NEON.PLA.D08.DELA.03899,single bole tree,16.2,130,11.0
bda3bf2e-bfb2-4466-807d-ce4f1e818319,DELA_047.basePlot.vst,2015-09-28,vst_DELA_2015,D08,DELA,DELA_047,NEON.PLA.D08.DELA.03891,single bole tree,15.3,130,8.3
70e3caaf-9ea5-4895-a738-d82fb6d348ce,DELA_047.basePlot.vst,2015-09-28,vst_DELA_2015,D08,DELA,DELA_047,NEON.PLA.D08.DELA.10050,single bole tree,21.3,130,10.5
e5ed89df-a996-436a-a132-406b4c077017,DELA_038.basePlot.vst,2015-09-29,vst_DELA_2015,D08,DELA,DELA_038,NEON.PLA.D08.DELA.05070,single bole tree,14.0,130,5.1
368093e7-c18d-431e-8aa9-4993d0ef0345,DELA_038.basePlot.vst,2015-09-29,vst_DELA_2015,D08,DELA,DELA_038,NEON.PLA.D08.DELA.05024,single bole tree,14.5,130,8.2
edba2397-02d9-424e-bc14-e235338964f8,DELA_038.basePlot.vst,2015-09-29,vst_DELA_2015,D08,DELA,DELA_038,NEON.PLA.D08.DELA.10180,single bole tree,10.1,130,12.3
c141523a-7483-471c-b137-ddc1d1b207f6,DELA_038.basePlot.vst,2015-09-29,vst_DELA_2015,D08,DELA,DELA_038,NEON.PLA.D08.DELA.05042,single bole tree,20.1,130,8.1
3843d2f8-663b-4ca6-a09e-7b286e54d4fc,DELA_038.basePlot.vst,2015-09-29,vst_DELA_2015,D08,DELA,DELA_038,NEON.PLA.D08.DELA.05063,single bole tree,21.5,130,6.6
b561e370-11f4-4e5d-9c37-f52c9eb63e9c,DELA_038.basePlot.vst,2015-09-29,vst_DELA_2015,D08,DELA,DELA_038,NEON.PLA.D08.DELA.10149,single bole tree,16.5,130,8.2
ae9b6f6a-9f80-4f77-9e63-35fb65cbd2bd,DELA_038.basePlot.vst,2015-09-29,vst_DELA_2015,D08,DELA,DELA_038,NEON.PLA.D08.DELA.05017,single bole tree,21.9,130,6.4
73021ee2-b784-4404-9ed7-318e68500a1e,DELA_038.basePlot.vst,2015-09-29,vst_DELA_2015,D08,DELA,DELA_038,NEON.PLA.D08.DELA.05062,single bole tree,17.2,130,6.6
113dc3bb-b05c-4696-b108-acfebb425615,DELA_038.basePlot.vst,2015-09-29,vst_DELA_2015,D08,DELA,DELA_038,NEON.PLA.D08.DELA.05026,single bole tree,16.4,130,7.2
378e336b-c819-4d33-9403-7c93d1e2cf67,DELA_038.basePlot.vst,2015-09-29,vst_DELA_2015,D08,DELA,DELA_038,NEON.PLA.D08.DELA.05009,single bole tree,10.6,130,6.2
6469a8a5-6d6d-4cbc-9b43-c259f6a3e1c0,DELA_038.basePlot.vst,2015-09-29,vst_DELA_2015,D08,DELA,DELA_038,NEON.PLA.D08.DELA.05018,single bole tree,45.6,130,42.2
c9fee666-515d-408e-924a-a79796f543aa,DELA_038.basePlot.vst,2015-09-29,vst_DELA_2015,D08,DELA,DELA_038,NEON.PLA.D08.DELA.10181,single bole tree,12.1,130,8.2
5f888295-dc11-43f6-8952-d3b1916dc049,DELA_049.basePlot.vst,2015-09-29,vst_DELA_2015,D08,DELA,DELA_049,NEON.PLA.D08.DELA.10336,single bole tree,85.8,155,22.4
a40d11c0-efb7-407e-a20b-e966d21171ab,DELA_038.basePlot.vst,2015-09-29,vst_DELA_2015,D08,DELA,DELA_038,NEON.PLA.D08.DELA.05012,single bole tree,10.8,130,7.3
91f0f823-d600-4454-b368-576bee298579,DELA_049.basePlot.vst,2015-09-29,vst_DELA_2015,D08,DELA,DELA_049,NEON.PLA.D08.DELA.10337,single bole tree,54.5,130,11.9
d44c9dd1-3ed8-4726-9512-57c93acbc897,DELA_038.basePlot.vst,2015-09-29,vst_DELA_2015,D08,DELA,DELA_038,NEON.PLA.D08.DELA.05003,single bole tree,30.4,130,10.2
1bc0031d-7b6e-4b29-ae6c-743258bc877d,DELA_049.basePlot.vst,2015-09-29,vst_DELA_2015,D08,DELA,DELA_049,NEON.PLA.D08.DELA.10338,single bole tree,57.2,130,16.5
2e4bd103-ef02-4ec6-bc66-0a329e435547,DELA_038.basePlot.vst,2015-09-29,vst_DELA_2015,D08,DELA,DELA_038,NEON.PLA.D08.DELA.05011,single bole tree,13.3,130,10.3
094e2c56-a3de-4818-bfa9-ba1c3a42472d,DELA_038.basePlot.vst,2015-09-29,vst_DELA_2015,D08,DELA,DELA_038,NEON.PLA.D08.DELA.10189,single shrub,9.9,130,6.2
df58743f-070d-40c6-90f0-76a5c428c26f,DELA_038.basePlot.vst,2015-09-29,vst_DELA_2015,D08,DELA,DELA_038,NEON.PLA.D08.DELA.10173,small tree,9.9,130,7.2
38217cc4-ec27-4cd5-be8f-1dd310f7e1f9,DELA_049.basePlot.vst,2015-09-29,vst_DELA_2015,D08,DELA,DELA_049,NEON.PLA.D08.DELA.10339,single bole tree,28.2,130,11.2
2b479b43-0fb5-4d63-9f3a-1dda93394af8,DELA_038.basePlot.vst,2015-09-29,vst_DELA_2015,D08,DELA,DELA_038,NEON.PLA.D08.DELA.03988,single bole tree,10.2,135,6.3
c10c9d9e-1b3a-48d1-8441-9af3d323e217,DELA_038.basePlot.vst,2015-09-29,vst_DELA_2015,D08,DELA,DELA_038,NEON.PLA.D08.DELA.05021,single bole tree,12.5,130,8.2
6e285bdd-659a-42d3-beed-6f7607eda49b,DELA_038.basePlot.vst,2015-09-29,vst_DELA_2015,D08,DELA,DELA_038,NEON.PLA.D08.DELA.05020,single bole tree,17.7,130,6.6
693fd18d-fa29-4063-9c34-64cb57e5a56f,DELA_038.basePlot.vst,2015-09-29,vst_DELA_2015,D08,DELA,DELA_038,NEON.PLA.D08.DELA.05071,single bole tree,17.7,130,5.3
3110dff6-bc0a-49e0-9602-65defecf5961,DELA_038.basePlot.vst,2015-09-29,vst_DELA_2015,D08,DELA,DELA_038,NEON.PLA.D08.DELA.05043,single bole tree,19.6,130,8.2
f5484794-f2dd-44d3-91bd-6249d2282963,DELA_038.basePlot.vst,2015-09-29,vst_DELA_2015,D08,DELA,DELA_038,NEON.PLA.D08.DELA.05068,single bole tree,17.8,130,6.2
87ef420f-9cab-45ba-8902-4c21a5d031ce,DELA_049.basePlot.vst,2015-09-29,vst_DELA_2015,D08,DELA,DELA_049,NEON.PLA.D08.DELA.10329,single bole tree,119.0,NA,20.6
79678205-c377-43d6-bbfd-be806e7eb296,DELA_038.basePlot.vst,2015-09-29,vst_DELA_2015,D08,DELA,DELA_038,NEON.PLA.D08.DELA.05022,single bole tree,17.8,130,10.3
b392c8eb-3971-488b-8076-958e39ad3b54,DELA_038.basePlot.vst,2015-09-29,vst_DELA_2015,D08,DELA,DELA_038,NEON.PLA.D08.DELA.05072,single bole tree,17.0,130,4.1
97c422af-ba84-4c8d-8ef3-f3a588a729b3,DELA_038.basePlot.vst,2015-09-29,vst_DELA_2015,D08,DELA,DELA_038,NEON.PLA.D08.DELA.05054,single bole tree,22.9,130,6.1
d17869f8-4be3-42a8-a788-0ebec5866f44,DELA_049.basePlot.vst,2015-09-29,vst_DELA_2015,D08,DELA,DELA_049,NEON.PLA.D08.DELA.10335,single bole tree,20.0,130,15.5
c87ddc2c-dc0b-4212-aaef-70c25546f28c,DELA_038.basePlot.vst,2015-09-29,vst_DELA_2015,D08,DELA,DELA_038,NEON.PLA.D08.DELA.05069,single bole tree,13.1,130,5.0
a01d0fd6-21e6-4eb6-a347-700275069885,DELA_038.basePlot.vst,2015-09-29,vst_DELA_2015,D08,DELA,DELA_038,NEON.PLA.D08.DELA.10142,single bole tree,17.7,130,7.7
c71f86d9-b3e4-4b90-b802-7edf99405c76,DELA_049.basePlot.vst,2015-09-29,vst_DELA_2015,D08,DELA,DELA_049,NEON.PLA.D08.DELA.10332,single bole tree,65.7,130,24.9
f3d335bd-07a3-4572-92de-5cae87aefb71,DELA_038.basePlot.vst,2015-09-29,vst_DELA_2015,D08,DELA,DELA_038,NEON.PLA.D08.DELA.05028,single bole tree,18.2,130,8.3
ccc1d3bb-bb91-48a6-b4c8-36c4acf2fd4e,DELA_038.basePlot.vst,2015-09-29,vst_DELA_2015,D08,DELA,DELA_038,NEON.PLA.D08.DELA.10150,single bole tree,10.6,130,5.6
7de830c4-79b0-42f7-a262-bc101ac5bf04,DELA_049.basePlot.vst,2015-09-29,vst_DELA_2015,D08,DELA,DELA_049,NEON.PLA.D08.DELA.10331,single bole tree,89.0,200,25.2
1cc4f5b5-b4a0-4d1d-82da-7ec953831a43,DELA_049.basePlot.vst,2015-09-29,vst_DELA_2015,D08,DELA,DELA_049,NEON.PLA.D08.DELA.10330,single bole tree,31.1,130,9.0
