uid,namedLocation,date,eventID,domainID,siteID,plotID,individualID,growthForm,stemDiameter,measurementHeight,height
e0afb671-4d6f-4d7f-943c-a6776314d7d4,GUAN_061.basePlot.vst,2016-11-10,vst_GUAN_2016,D04,GUAN,GUAN_061,NEON.PLA.D04.GUAN.00943,single bole tree,16.8,130,5.2
76acba67-58fe-429f-b50d-fe9288be618a,GUAN_061.basePlot.vst,2016-11-10,vst_GUAN_2016,D04,GUAN,GUAN_061,NEON.PLA.D04.GUAN.00901C,multi-bole tree,11.0,130,6.1
5325c25e-34f6-4d8b-9e70-1749934818ae,GUAN_061.basePlot.vst,2016-11-10,vst_GUAN_2016,D04,GUAN,GUAN_061,NEON.PLA.D04.GUAN.00927,single bole tree,12.7,130,5.1
aec66797-1d4d-4842-9e28-aa1cbab450e5,GUAN_061.basePlot.vst,2016-11-10,vst_GUAN_2016,D04,GUAN,GUAN_061,NEON.PLA.D04.GUAN.00902,NA,15.0,130,3.9
c37edc62-6e05-404a-ba05-a390cc3d6bad,GUAN_061.basePlot.vst,2016-11-10,vst_GUAN_2016,D04,GUAN,GUAN_061,NEON.PLA.D04.GUAN.00926,NA,10.0,140,5.0
cda747f8-3711-49d3-97da-316274f3612a,GUAN_061.basePlot.vst,2016-11-10,vst_GUAN_2016,D04,GUAN,GUAN_061,NEON.PLA.D04.GUAN.00901C,NA,11.0,130,6.1
28595764-a369-4874-904f-89b982587044,GUAN_061.basePlot.vst,2016-11-10,vst_GUAN_2016,D04,GUAN,GUAN_061,NEON.PLA.D04.GUAN.00943,NA,16.8,130,5.2
36a3a3a9-17d1-4bb1-aac3-b56c72b5c164,GUAN_061.basePlot.vst,2016-11-10,vst_GUAN_2016,D04,GUAN,GUAN_061,NEON.PLA.D04.GUAN.00927,NA,12.7,130,5.1
a2830a1a-ed17-414a-aabe-dfc190933317,GUAN_061.basePlot.vst,2016-11-10,vst_GUAN_2016,D04,GUAN,GUAN_061,NEON.PLA.D04.GUAN.00901,NA,18.8,130,6.1
ac11b1b5-954c-444c-8ff3-2ca2bab0d84f,GUAN_061.basePlot.vst,2016-11-10,vst_GUAN_2016,D04,GUAN,GUAN_061,NEON.PLA.D04.GUAN.00901A,NA,17.4,NA,6.1
55c6ba1c-4fde-4e56-9341-b14e9028a119,GUAN_061.basePlot.vst,2016-11-10,vst_GUAN_2016,D04,GUAN,GUAN_061,NEON.PLA.D04.GUAN.00901B,NA,11.4,130,6.1
48e1d05b-65d3-4bc4-bc73-6e2cab182ae8,GUAN_061.basePlot.vst,2016-11-10,vst_GUAN_2016,D04,GUAN,GUAN_061,NEON.PLA.D04.GUAN.00903,NA,26.8,140,9.8
87c0c3a6-71bd-4246-a95c-c6343d6f8f80,GUAN_061.basePlot.vst,2016-11-10,vst_GUAN_2016,D04,GUAN,GUAN_061,NEON.PLA.D04.GUAN.00901,multi-bole tree,18.8,130,6.1
eed03e29-23d4-4256-b949-17c9e5c57465,GUAN_061.basePlot.vst,2016-11-10,vst_GUAN_2016,D04,GUAN,GUAN_061,NEON.PLA.D04.GUAN.00926,single bole tree,10.0,140,5.0
a0e12eef-15ae-4db4-8653-1114122bd6ad,GUAN_061.basePlot.vst,2016-11-10,vst_GUAN_2016,D04,GUAN,GUAN_061,NEON.PLA.D04.GUAN.00902,single bole tree,15.0,130,3.9
73474046-6098-4f8a-902d-1d0df2f579db,GUAN_061.basePlot.vst,2016-11-10,vst_GUAN_2016,D04,GUAN,GUAN_061,NEON.PLA.D04.GUAN.00901A,multi-bole tree,17.4,NA,6.1
d143f6f1-b842-4974-8787-a3fe760e6058,GUAN_061.basePlot.vst,2016-11-10,vst_GUAN_2016,D04,GUAN,GUAN_061,NEON.PLA.D04.GUAN.00903,multi-bole tree,26.8,140,9.8
05d4259d-ef40-40a2-8d82-9a2a4a489969,GUAN_061.basePlot.vst,2016-11-10,vst_GUAN_2016,D04,GUAN,GUAN_061,NEON.PLA.D04.GUAN.00901B,multi-bole tree,11.4,130,6.1
83cc118a-a36e-4626-ad3e-2dea11f49e3e,GUAN_060.basePlot.vst,2016-11-11,vst_GUAN_2016,D04,GUAN,GUAN_060,NEON.PLA.D04.GUAN.03756B,NA,24.0,150,8.7
b85cd4a7-bf10-48c9-8df0-34e1eb893367,GUAN_060.basePlot.vst,2016-11-11,vst_GUAN_2016,D04,GUAN,GUAN_060,NEON.PLA.D04.GUAN.03771A,NA,15.6,130,5.9
a5d77aee-3ff0-4b9b-911e-fdb73de566b8,GUAN_060.basePlot.vst,2016-11-11,vst_GUAN_2016,D04,GUAN,GUAN_060,NEON.PLA.D04.GUAN.03756D,multi-bole tree,11.2,130,8.7
ff88496e-1cd5-489d-af8d-3294afd27574,GUAN_060.basePlot.vst,2016-11-11,vst_GUAN_2016,D04,GUAN,GUAN_060,NEON.PLA.D04.GUAN.03748,single bole tree,13.8,130,4.6
4b4bab22-fa22-448a-8ba8-d3ac786f9b61,GUAN_060.basePlot.vst,2016-11-11,vst_GUAN_2016,D04,GUAN,GUAN_060,NEON.PLA.D04.GUAN.03756,multi-bole tree,25.9,150,8.7
f7a1d917-7edb-4e26-b948-35b2f11a7a06,GUAN_060.basePlot.vst,2016-11-11,vst_GUAN_2016,D04,GUAN,GUAN_060,NEON.PLA.D04.GUAN.03756C,multi-bole tree,22.0,160,8.7
04835809-7967-42a4-9803-569d1d5b6e73,GUAN_060.basePlot.vst,2016-11-11,vst_GUAN_2016,D04,GUAN,GUAN_060,NEON.PLA.D04.GUAN.03756A,multi-bole tree,24.2,160,8.7
083b1a97-3097-432f-b8c8-87e9de386f09,GUAN_060.basePlot.vst,2016-11-11,vst_GUAN_2016,D04,GUAN,GUAN_060,NEON.PLA.D04.GUAN.03757,NA,NA,NA,NA
a1049aa1-18cb-44eb-a02a-2d0f4bc419da,GUAN_060.basePlot.vst,2016-11-11,vst_GUAN_2016,D04,GUAN,GUAN_060,NEON.PLA.D04.GUAN.03748,NA,13.8,130,4.6
622afd00-406b-4a32-8631-1a08f0b3e3f9,GUAN_060.basePlot.vst,2016-11-11,vst_GUAN_2016,D04,GUAN,GUAN_060,NEON.PLA.D04.GUAN.03771,NA,21.0,130,5.9
2bc4bcb7-1fd5-4fb1-a77c-e1db17fdfc0f,GUAN_060.basePlot.vst,2016-11-11,vst_GUAN_2016,D04,GUAN,GUAN_060,NEON.PLA.D04.GUAN.03756C,NA,22.0,160,8.7
4347be9f-ace7-4cbf-996a-588548768c49,GUAN_060.basePlot.vst,2016-11-11,vst_GUAN_2016,D04,GUAN,GUAN_060,NEON.PLA.D04.GUAN.03771B,multi-bole tree,8.1,130,5.9
49a9e7d9-86c5-4587-821c-d31bff3b7147,GUAN_060.basePlot.vst,2016-11-11,vst_GUAN_2016,D04,GUAN,GUAN_060,NEON.PLA.D04.GUAN.03771A,multi-bole tree,15.6,130,5.9
b8de73aa-0286-40fa-b734-97f2b0916e49,GUAN_060.basePlot.vst,2016-11-11,vst_GUAN_2016,D04,GUAN,GUAN_060,NEON.PLA.D04.GUAN.03771,multi-bole tree,21.0,130,5.9
4eeb8f72-6530-4116-a339-28055bb52f43,GUAN_060.basePlot.vst,2016-11-11,vst_GUAN_2016,D04,GUAN,GUAN_060,NEON.PLA.D04.GUAN.03756B,multi-bole tree,24.0,150,8.7
555d7451-0f38-452d-954a-441c9081d746,GUAN_060.basePlot.vst,2016-11-11,vst_GUAN_2016,D04,GUAN,GUAN_060,NEON.PLA.D04.GUAN.03765,NA,24.8,130,6.0
bb08f547-29ac-4f0f-a89c-84db1a30aefc,GUAN_060.basePlot.vst,2016-11-11,vst_GUAN_2016,D04,GUAN,GUAN_060,NEON.PLA.D04.GUAN.03756A,NA,24.2,160,8.7
421174ee-f014-4b5c-baba-5992fed8e1cc,GUAN_060.basePlot.vst,2016-11-11,vst_GUAN_2016,D04,GUAN,GUAN_060,NEON.PLA.D04.GUAN.03756D,NA,11.2,130,8.7
bf155221-bdf6-45f6-8c1e-00ec8a56e344,GUAN_060.basePlot.vst,2016-11-11,vst_GUAN_2016,D04,GUAN,GUAN_060,NEON.PLA.D04.GUAN.03771B,NA,8.1,130,5.9
6b457714-8150-4320-a57c-37bdedf3857f,GUAN_060.basePlot.vst,2016-11-11,vst_GUAN_2016,D04,GUAN,GUAN_060,NEON.PLA.D04.GUAN.03756,NA,25.9,150,8.7
0babbc09-56e4-4d48-9c0a-09e44e94a9ad,GUAN_060.basePlot.vst,2016-11-11,vst_GUAN_2016,D04,GUAN,GUAN_060,NEON.PLA.D04.GUAN.03749,NA,31.1,130,5.9
810538f2-7ff7-494d-9b9e-96170440d9ad,GUAN_060.basePlot.vst,2016-11-11,vst_GUAN_2016,D04,GUAN,GUAN_060,NEON.PLA.D04.GUAN.03749,single bole tree,31.1,130,5.9
d12f3a0e-75df-4c41-95bd-6efd764f084f,GUAN_060.basePlot.vst,2016-11-11,vst_GUAN_2016,D04,GUAN,GUAN_060,NEON.PLA.D04.GUAN.03765,single bole tree,24.8,130,6.0
ee94aec0-a774-4b6d-a45d-57919cf8fc3e,GUAN_060.basePlot.vst,2016-11-15,vst_GUAN_2016,D04,GUAN,GUAN_060,NEON.PLA.D04.GUAN.03754,single bole tree,15.0,130,6.2
f9339f6f-f6aa-4c99-8ea8-6cb98f7a8de8,GUAN_060.basePlot.vst,2016-11-15,vst_GUAN_2016,D04,GUAN,GUAN_060,NEON.PLA.D04.GUAN.03755A,multi-bole tree,16.3,170,6.6
58b782b2-6d56-4223-b3ec-fa54b5b8102d,GUAN_060.basePlot.vst,2016-11-15,vst_GUAN_2016,D04,GUAN,GUAN_060,NEON.PLA.D04.GUAN.08171B,multi-bole tree,7.9,130,4.6
f73b8bec-6229-4e7d-844b-2fec0d6b26bb,GUAN_060.basePlot.vst,2016-11-15,vst_GUAN_2016,D04,GUAN,GUAN_060,NEON.PLA.D04.GUAN.03755,multi-bole tree,17.5,170,6.6
41b7666d-c3a7-4f97-b765-6a2f9379f11a,GUAN_060.basePlot.vst,2016-11-15,vst_GUAN_2016,D04,GUAN,GUAN_060,NEON.PLA.D04.GUAN.03757,NA,11.7,130,7.9
d5a9a566-d4ac-49f9-b5f9-f06f6324226d,GUAN_060.basePlot.vst,2016-11-15,vst_GUAN_2016,D04,GUAN,GUAN_060,NEON.PLA.D04.GUAN.08171A,NA,8.3,130,4.6
474e2064-a50a-4050-b875-37b483c8b0d7,GUAN_060.basePlot.vst,2016-11-15,vst_GUAN_2016,D04,GUAN,GUAN_060,NEON.PLA.D04.GUAN.08171A,multi-bole tree,8.3,130,4.6
dd095e1e-e546-4b51-abe3-84b0823b2092,GUAN_060.basePlot.vst,2016-11-15,vst_GUAN_2016,D04,GUAN,GUAN_060,NEON.PLA.D04.GUAN.08171,multi-bole tree,11.0,130,4.6
5bd6e54e-2b7e-4dbc-9618-96fbda18c2ca,GUAN_060.basePlot.vst,2016-11-15,vst_GUAN_2016,D04,GUAN,GUAN_060,NEON.PLA.D04.GUAN.03757,single bole tree,11.7,130,7.9
695abe2e-733c-43b0-9b20-66e783649a54,GUAN_060.basePlot.vst,2016-11-15,vst_GUAN_2016,D04,GUAN,GUAN_060,NEON.PLA.D04.GUAN.03755,NA,17.5,170,6.6
a067fe1d-0828-4e37-b143-ad154822c9a0,GUAN_060.basePlot.vst,2016-11-15,vst_GUAN_2016,D04,GUAN,GUAN_060,NEON.PLA.D04.GUAN.08171,NA,11.0,130,4.6
0ce25301-646b-4d4e-8719-38b02625925b,GUAN_060.basePlot.vst,2016-11-15,vst_GUAN_2016,D04,GUAN,GUAN_060,NEON.PLA.D04.GUAN.03755A,NA,16.3,170,6.6
98147d7f-c2b9-4486-9491-4320e9b1b17a,GUAN_060.basePlot.vst,2016-11-15,vst_GUAN_2016,D04,GUAN,GUAN_060,NEON.PLA.D04.GUAN.03754,NA,15.0,130,6.2
df7b7db9-0e66-4c21-9aa1-a0c1649df12d,GUAN_060.basePlot.vst,2016-11-15,vst_GUAN_2016,D04,GUAN,GUAN_060,NEON.PLA.D04.GUAN.08171B,NA,7.9,130,4.6
08b05ecd-c4cb-4faf-af5a-d7f9c0435ca8,GUAN_060.basePlot.vst,2016-11-16,vst_GUAN_2016,D04,GUAN,GUAN_060,NEON.PLA.D04.GUAN.03747,single bole tree,30.4,130,9.6
1dab1196-ff29-4645-8208-af0136d57af1,GUAN_048.basePlot.vst,2016-11-16,vst_GUAN_2016,D04,GUAN,GUAN_048,NEON.PLA.D04.GUAN.03369D,multi-bole tree,20.0,150,9.0
e8519288-4690-40cc-9b76-b1dd98a881aa,GUAN_060.basePlot.vst,2016-11-16,vst_GUAN_2016,D04,GUAN,GUAN_060,NEON.PLA.D04.GUAN.03750B,multi-bole tree,13.8,130,9.0
d1af312d-91b3-4df3-851e-9ff0b61c7890,GUAN_048.basePlot.vst,2016-11-16,vst_GUAN_2016,D04,GUAN,GUAN_048,NEON.PLA.D04.GUAN.03369,multi-bole tree,22.5,130,9.0
f20e8ba2-a3f6-4a7b-bf51-46e8f3d4af17,GUAN_048.basePlot.vst,2016-11-16,vst_GUAN_2016,D04,GUAN,GUAN_048,NEON.PLA.D04.GUAN.03369H,multi-bole tree,15.5,130,9.0
28c7f6fa-ec1c-4829-90ee-e1dd3dc63183,GUAN_060.basePlot.vst,2016-11-16,vst_GUAN_2016,D04,GUAN,GUAN_060,NEON.PLA.D04.GUAN.03768,single bole tree,16.5,130,7.9
54a81515-50ac-413f-9b56-17057296cd77,GUAN_048.basePlot.vst,2016-11-16,vst_GUAN_2016,D04,GUAN,GUAN_048,NEON.PLA.D04.GUAN.03369E,multi-bole tree,19.2,170,9.0
40e15d62-6fad-4022-91ec-563b92a99509,GUAN_060.basePlot.vst,2016-11-16,vst_GUAN_2016,D04,GUAN,GUAN_060,NEON.PLA.D04.GUAN.03750,multi-bole tree,17.0,130,9.0
8734be19-4476-4fdd-a460-109a13f73dfb,GUAN_060.basePlot.vst,2016-11-16,vst_GUAN_2016,D04,GUAN,GUAN_060,NEON.PLA.D04.GUAN.03769A,multi-bole tree,11.6,130,6.3
1458358a-1946-4546-8ca6-b067df1c9fc1,GUAN_060.basePlot.vst,2016-11-16,vst_GUAN_2016,D04,GUAN,GUAN_060,NEON.PLA.D04.GUAN.03775A,multi-bole tree,18.9,140,8.1
cc128fc2-e044-4743-ba66-0db08a9758d2,GUAN_060.basePlot.vst,2016-11-16,vst_GUAN_2016,D04,GUAN,GUAN_060,NEON.PLA.D04.GUAN.03775D,multi-bole tree,11.9,190,8.1
e964d43d-c8ea-4af0-b141-e58586e1a14d,GUAN_060.basePlot.vst,2016-11-16,vst_GUAN_2016,D04,GUAN,GUAN_060,NEON.PLA.D04.GUAN.03775E,multi-bole tree,9.0,190,18.1
ba8d691a-9bab-4701-bdb6-9405e9814752,GUAN_048.basePlot.vst,2016-11-16,vst_GUAN_2016,D04,GUAN,GUAN_048,NEON.PLA.D04.GUAN.03369I,multi-bole tree,14.5,130,9.0
a8ff0069-b06d-4ff5-a0e2-7eb324e71a10,GUAN_060.basePlot.vst,2016-11-16,vst_GUAN_2016,D04,GUAN,GUAN_060,NEON.PLA.D04.GUAN.03774,single bole tree,12.4,130,7.1
04d22f4c-64fa-4547-9bfc-225c3c0a8686,GUAN_048.basePlot.vst,2016-11-16,vst_GUAN_2016,D04,GUAN,GUAN_048,NEON.PLA.D04.GUAN.03369C,multi-bole tree,20.2,170,9.0
74af689f-5a7b-406f-b148-106d94ae9218,GUAN_060.basePlot.vst,2016-11-16,vst_GUAN_2016,D04,GUAN,GUAN_060,NEON.PLA.D04.GUAN.03769,multi-bole tree,15.5,130,6.3
e17f15a5-c01e-4d41-9011-b07b4ff2519a,GUAN_060.basePlot.vst,2016-11-16,vst_GUAN_2016,D04,GUAN,GUAN_060,NEON.PLA.D04.GUAN.03750F,multi-bole tree,10.8,130,9.0
f5367021-9c28-4721-97dd-f3ae495451fe,GUAN_048.basePlot.vst,2016-11-16,vst_GUAN_2016,D04,GUAN,GUAN_048,NEON.PLA.D04.GUAN.03369A,multi-bole tree,22.7,130,9.0
dc5c7d73-6ab7-4f15-8f09-6ec12e349694,GUAN_060.basePlot.vst,2016-11-16,vst_GUAN_2016,D04,GUAN,GUAN_060,NEON.PLA.D04.GUAN.03762,single bole tree,12.1,130,7.5
ac2412cd-dd29-47fc-b757-872ce4fa3992,GUAN_060.basePlot.vst,2016-11-16,vst_GUAN_2016,D04,GUAN,GUAN_060,NEON.PLA.D04.GUAN.03775B,multi-bole tree,12.5,130,8.1
98296dd2-f32a-4cec-9097-83d1dd89d28b,GUAN_060.basePlot.vst,2016-11-16,vst_GUAN_2016,D04,GUAN,GUAN_060,NEON.PLA.D04.GUAN.03758,multi-bole tree,13.5,130,8.4
44d28cdd-5b2b-4190-b98b-dfa31bd58c93,GUAN_060.basePlot.vst,2016-11-16,vst_GUAN_2016,D04,GUAN,GUAN_060,NEON.PLA.D04.GUAN.03750C,multi-bole tree,12.3,130,9.0
4f0149d2-ddb9-4b54-9742-847f0599a163,GUAN_048.basePlot.vst,2016-11-16,vst_GUAN_2016,D04,GUAN,GUAN_048,NEON.PLA.D04.GUAN.03369J,multi-bole tree,14.5,130,9.0
7df05550-284e-4bcc-845e-af6ddb748a81,GUAN_048.basePlot.vst,2016-11-16,vst_GUAN_2016,D04,GUAN,GUAN_048,NEON.PLA.D04.GUAN.03369F,multi-bole tree,17.5,130,9.0
bc731ab9-20fe-4418-9708-5a8e0787e702,GUAN_048.basePlot.vst,2016-11-16,vst_GUAN_2016,D04,GUAN,GUAN_048,NEON.PLA.D04.GUAN.03369B,multi-bole tree,20.5,130,9.0
e01fd1a2-06e8-438f-92c8-75d7c6631e6f,GUAN_048.basePlot.vst,2016-11-16,vst_GUAN_2016,D04,GUAN,GUAN_048,NEON.PLA.D04.GUAN.03369L,multi-bole tree,8.9,130,9.0
bb9ff94a-1dca-4ed1-acdf-a010d23771e6,GUAN_060.basePlot.vst,2016-11-16,vst_GUAN_2016,D04,GUAN,GUAN_060,NEON.PLA.D04.GUAN.03750A,multi-bole tree,15.0,130,9.0
a2ecb8da-4999-4df7-ac97-432bec047d6d,GUAN_048.basePlot.vst,2016-11-16,vst_GUAN_2016,D04,GUAN,GUAN_048,NEON.PLA.D04.GUAN.03369G,multi-bole tree,17.0,130,9.0
084cec30-0a76-4776-803f-139b1c491510,GUAN_048.basePlot.vst,2016-11-16,vst_GUAN_2016,D04,GUAN,GUAN_048,NEON.PLA.D04.GUAN.03369K,multi-bole tree,14.2,150,9.0
c2389fe6-01f5-4db6-ba69-51e8693dcfde,GUAN_060.basePlot.vst,2016-11-16,vst_GUAN_2016,D04,GUAN,GUAN_060,NEON.PLA.D04.GUAN.03750H,multi-bole tree,9.1,130,9.0
51aff715-a0fa-489b-b27e-c0e13aeed2c2,GUAN_060.basePlot.vst,2016-11-16,vst_GUAN_2016,D04,GUAN,GUAN_060,NEON.PLA.D04.GUAN.03769B,multi-bole tree,8.2,130,6.3
df260d1e-dcd7-4f6f-a50c-b92de42e387c,GUAN_060.basePlot.vst,2016-11-16,vst_GUAN_2016,D04,GUAN,GUAN_060,NEON.PLA.D04.GUAN.03758A,multi-bole tree,12.8,130,8.4
33b0eb59-903c-4ea5-aa8c-4eb4d3496d58,GUAN_060.basePlot.vst,2016-11-16,vst_GUAN_2016,D04,GUAN,GUAN_060,NEON.PLA.D04.GUAN.03750D,multi-bole tree,12.0,130,9.0
8cb33511-7122-4ffd-936a-4feb899fd1b1,GUAN_060.basePlot.vst,2016-11-16,vst_GUAN_2016,D04,GUAN,GUAN_060,NEON.PLA.D04.GUAN.03750I,multi-bole tree,7.3,130,9.0
2c754a41-8b76-486c-b1f9-80f362b5ae20,GUAN_060.basePlot.vst,2016-11-16,vst_GUAN_2016,D04,GUAN,GUAN_060,NEON.PLA.D04.GUAN.03750E,multi-bole tree,11.4,130,9.0
db44fb34-06a1-4819-814d-8ff2b6e47ec0,GUAN_060.basePlot.vst,2016-11-16,vst_GUAN_2016,D04,GUAN,GUAN_060,NEON.PLA.D04.GUAN.03750G,multi-bole tree,10.2,130,9.0
2b5c2174-1357-46ea-a094-904c421c57b6,GUAN_060.basePlot.vst,2016-11-16,vst_GUAN_2016,D04,GUAN,GUAN_060,NEON.PLA.D04.GUAN.03750E,NA,11.4,130,9.0
d86c4f47-59e1-4bde-8fde-63848402f2ae,GUAN_060.basePlot.vst,2016-11-16,vst_GUAN_2016,D04,GUAN,GUAN_060,NEON.PLA.D04.GUAN.03774,NA,12.4,130,7.1
15c2937c-3f19-4716-8db7-dbd5fb99802b,GUAN_060.basePlot.vst,2016-11-16,vst_GUAN_2016,D04,GUAN,GUAN_060,NEON.PLA.D04.GUAN.03775A,NA,18.9,140,8.1
9cff2c96-4899-4513-b7ee-1eb5bbf9abde,GUAN_060.basePlot.vst,2016-11-16,vst_GUAN_2016,D04,GUAN,GUAN_060,NEON.PLA.D04.GUAN.03758,NA,13.5,130,8.4
3021537d-e20f-4e24-b7b2-ae8b646f5922,GUAN_060.basePlot.vst,2016-11-16,vst_GUAN_2016,D04,GUAN,GUAN_060,NEON.PLA.D04.GUAN.03775D,NA,11.9,190,8.1
01b44a1a-8d7a-4f3b-aea4-dd4beba8831d,GUAN_060.basePlot.vst,2016-11-16,vst_GUAN_2016,D04,GUAN,GUAN_060,NEON.PLA.D04.GUAN.03762,NA,12.1,130,7.5
9cb868e8-d867-4120-a5d4-7b1d32249f43,GUAN_060.basePlot.vst,2016-11-16,vst_GUAN_2016,D04,GUAN,GUAN_060,NEON.PLA.D04.GUAN.03768,NA,16.5,130,7.9
1952564a-13b9-4134-8906-737c61c1cda5,GUAN_048.basePlot.vst,2016-11-16,vst_GUAN_2016,D04,GUAN,GUAN_048,NEON.PLA.D04.GUAN.03369F,NA,17.5,130,9.0
9a401da6-83a9-437c-af96-9da9d38c605f,GUAN_060.basePlot.vst,2016-11-16,vst_GUAN_2016,D04,GUAN,GUAN_060,NEON.PLA.D04.GUAN.03750I,NA,7.3,130,9.0
107a1ef7-128e-4efe-879d-ac219df630a4,GUAN_060.basePlot.vst,2016-11-16,vst_GUAN_2016,D04,GUAN,GUAN_060,NEON.PLA.D04.GUAN.03750F,NA,10.8,130,9.0
c270ca04-f504-45e7-a851-78d80143f7a8,GUAN_060.basePlot.vst,2016-11-16,vst_GUAN_2016,D04,GUAN,GUAN_060,NEON.PLA.D04.GUAN.03758A,NA,12.8,130,8.4
8c2f6c31-3a9f-46d6-82f9-3c65f570cfd1,GUAN_060.basePlot.vst,2016-11-16,vst_GUAN_2016,D04,GUAN,GUAN_060,NEON.PLA.D04.GUAN.03769A,NA,11.6,130,6.3
246e7691-ade0-4ed7-b901-776586d9f9bc,GUAN_060.basePlot.vst,2016-11-16,vst_GUAN_2016,D04,GUAN,GUAN_060,NEON.PLA.D04.GUAN.03750D,NA,12.0,130,9.0
914cfd7b-3449-4dec-99e0-416d70073db4,GUAN_048.basePlot.vst,2016-11-16,vst_GUAN_2016,D04,GUAN,GUAN_048,NEON.PLA.D04.GUAN.03369G,NA,17.0,130,9.0
f4959fee-fb3b-4348-a74a-72aa1b8b5318,GUAN_048.basePlot.vst,2016-11-16,vst_GUAN_2016,D04,GUAN,GUAN_048,NEON.PLA.D04.GUAN.03369J,NA,14.5,130,9.0
6163b455-8a7a-4c9b-9c59-a1a069d05692,GUAN_060.basePlot.vst,2016-11-16,vst_GUAN_2016,D04,GUAN,GUAN_060,NEON.PLA.D04.GUAN.03750,NA,17.0,130,9.0
7572b42a-ad36-4788-b1cb-4981693a186a,GUAN_060.basePlot.vst,2016-11-16,vst_GUAN_2016,D04,GUAN,GUAN_060,NEON.PLA.D04.GUAN.03750G,NA,10.2,130,9.0
fcb216a9-9d99-4918-b4d7-2ead626ba8df,GUAN_048.basePlot.vst,2016-11-16,vst_GUAN_2016,D04,GUAN,GUAN_048,NEON.PLA.D04.GUAN.03369K,NA,14.2,150,9.0
105533f6-73e3-4a1e-a993-d1ab0c3933b9,GUAN_060.basePlot.vst,2016-11-16,vst_GUAN_2016,D04,GUAN,GUAN_060,NEON.PLA.D04.GUAN.03750B,NA,13.8,130,9.0
23058067-c4c6-43a4-9181-a23ca1e1cb11,GUAN_048.basePlot.vst,2016-11-16,vst_GUAN_2016,D04,GUAN,GUAN_048,NEON.PLA.D04.GUAN.03369E,NA,19.2,170,9.0
0769acf2-46ad-4b29-9727-d418d35844ff,GUAN_060.basePlot.vst,2016-11-16,vst_GUAN_2016,D04,GUAN,GUAN_060,NEON.PLA.D04.GUAN.03750C,NA,12.3,130,9.0
0a0969e6-6676-4ad0-aff0-9ce455958df5,GUAN_048.basePlot.vst,2016-11-16,vst_GUAN_2016,D04,GUAN,GUAN_048,NEON.PLA.D04.GUAN.03369L,NA,8.9,130,9.0
22466f05-5826-427a-bbb4-e545045a90e8,GUAN_048.basePlot.vst,2016-11-16,vst_GUAN_2016,D04,GUAN,GUAN_048,NEON.PLA.D04.GUAN.03369H,NA,15.5,130,9.0
a04c8f04-ddce-40bf-a329-78d034984095,GUAN_048.basePlot.vst,2016-11-16,vst_GUAN_2016,D04,GUAN,GUAN_048,NEON.PLA.D04.GUAN.03369A,NA,22.7,130,9.0
e1a61b09-1115-4f03-ad62-ce829c92502b,GUAN_048.basePlot.vst,2016-11-16,vst_GUAN_2016,D04,GUAN,GUAN_048,NEON.PLA.D04.GUAN.03369I,NA,14.5,130,9.0
edee3a53-9d2e-4f94-8546-e80700dc4b6b,GUAN_060.basePlot.vst,2016-11-16,vst_GUAN_2016,D04,GUAN,GUAN_060,NEON.PLA.D04.GUAN.03775E,NA,9.0,190,18.1
b9e7d24e-025a-452e-a1c9-8044afecc0f6,GUAN_060.basePlot.vst,2016-11-16,vst_GUAN_2016,D04,GUAN,GUAN_060,NEON.PLA.D04.GUAN.03750A,NA,15.0,130,9.0
f1843dbe-ba41-4784-8b43-d482f001a5d7,GUAN_060.basePlot.vst,2016-11-16,vst_GUAN_2016,D04,GUAN,GUAN_060,NEON.PLA.D04.GUAN.03769B,NA,8.2,130,6.3
5bcfd812-5a10-4acb-a2f8-f5d3d8e23527,GUAN_048.basePlot.vst,2016-11-16,vst_GUAN_2016,D04,GUAN,GUAN_048,NEON.PLA.D04.GUAN.03369C,NA,20.2,170,9.0
a4d197c7-de3e-4218-a57f-5794b83852ba,GUAN_060.basePlot.vst,2016-11-16,vst_GUAN_2016,D04,GUAN,GUAN_060,NEON.PLA.D04.GUAN.03775B,NA,12.5,130,8.1
ad247121-26e5-4571-a299-5d5eb32ea0f7,GUAN_048.basePlot.vst,2016-11-16,vst_GUAN_2016,D04,GUAN,GUAN_048,NEON.PLA.D04.GUAN.03369,NA,22.5,130,9.0
da52ee28-2ab9-411b-851c-290b134e250b,GUAN_060.basePlot.vst,2016-11-16,vst_GUAN_2016,D04,GUAN,GUAN_060,NEON.PLA.D04.GUAN.03750H,NA,9.1,130,9.0
449aca1c-1bef-4c8b-8878-1e0b63e5345a,GUAN_048.basePlot.vst,2016-11-16,vst_GUAN_2016,D04,GUAN,GUAN_048,NEON.PLA.D04.GUAN.03369B,NA,20.5,130,9.0
f2086d84-4bd3-4fc0-929e-06eccef71ff7,GUAN_060.basePlot.vst,2016-11-16,vst_GUAN_2016,D04,GUAN,GUAN_060,NEON.PLA.D04.GUAN.03747,NA,30.4,130,9.6
dbab182a-a030-4ecb-b148-acac979daaad,GUAN_060.basePlot.vst,2016-11-16,vst_GUAN_2016,D04,GUAN,GUAN_060,NEON.PLA.D04.GUAN.03769,NA,15.5,130,6.3
cbbb6e17-c8be-4e04-ae3a-151a51cc931f,GUAN_048.basePlot.vst,2016-11-16,vst_GUAN_2016,D04,GUAN,GUAN_048,NEON.PLA.D04.GUAN.03369D,NA,20.0,150,9.0
8cfeace1-36ba-4664-9ec4-da253f7ab1be,GUAN_048.basePlot.vst,2016-11-17,vst_GUAN_2016,D04,GUAN,GUAN_048,NEON.PLA.D04.GUAN.03122D,NA,9.1,130,4.3
d266b71a-b6e8-45da-9934-6bea32d2ab55,GUAN_048.basePlot.vst,2016-11-17,vst_GUAN_2016,D04,GUAN,GUAN_048,NEON.PLA.D04.GUAN.05594C,NA,8.0,130,5.4
2ed5ddaa-a794-4a09-b962-42aba66d47ec,GUAN_048.basePlot.vst,2016-11-17,vst_GUAN_2016,D04,GUAN,GUAN_048,NEON.PLA.D04.GUAN.03120A,NA,11.6,130,4.9
caa1dd1b-630f-484b-a0f1-51f0ce3dc129,GUAN_048.basePlot.vst,2016-11-17,vst_GUAN_2016,D04,GUAN,GUAN_048,NEON.PLA.D04.GUAN.03365A,NA,14.3,130,6.1
76341de3-3a49-4746-b31e-fb8e0a54e665,GUAN_048.basePlot.vst,2016-11-17,vst_GUAN_2016,D04,GUAN,GUAN_048,NEON.PLA.D04.GUAN.03120B,NA,10.1,130,4.9
6b33821e-d96c-4d79-a17f-f34af54509eb,GUAN_048.basePlot.vst,2016-11-17,vst_GUAN_2016,D04,GUAN,GUAN_048,NEON.PLA.D04.GUAN.03122E,NA,6.6,130,4.3
6057fc9a-7b7e-426a-8309-142966dcea75,GUAN_048.basePlot.vst,2016-11-17,vst_GUAN_2016,D04,GUAN,GUAN_048,NEON.PLA.D04.GUAN.03362,NA,10.8,130,6.1
f529ea81-86fb-4c18-9128-c3e5b07d7a9f,GUAN_048.basePlot.vst,2016-11-17,vst_GUAN_2016,D04,GUAN,GUAN_048,NEON.PLA.D04.GUAN.03122,NA,12.1,130,4.3
83a2debb-f223-42bc-9a84-fde8c65927ef,GUAN_048.basePlot.vst,2016-11-17,vst_GUAN_2016,D04,GUAN,GUAN_048,NEON.PLA.D04.GUAN.03367,NA,11.1,130,5.3
5acd1b85-59fd-4a80-a856-1ddc04f3b2f3,GUAN_048.basePlot.vst,2016-11-17,vst_GUAN_2016,D04,GUAN,GUAN_048,NEON.PLA.D04.GUAN.03122G,NA,6.1,130,4.3
6a884ee9-cadf-4e2c-bf4b-7e34b878ad26,GUAN_048.basePlot.vst,2016-11-17,vst_GUAN_2016,D04,GUAN,GUAN_048,NEON.PLA.D04.GUAN.03366A,NA,13.9,130,9.2
391cd906-d95b-4f16-8422-3778aa45d727,GUAN_048.basePlot.vst,2016-11-17,vst_GUAN_2016,D04,GUAN,GUAN_048,NEON.PLA.D04.GUAN.03122B,NA,9.5,150,4.3
64c95eaa-7b27-46d1-a3a1-85f9047c77a1,GUAN_048.basePlot.vst,2016-11-17,vst_GUAN_2016,D04,GUAN,GUAN_048,NEON.PLA.D04.GUAN.03365,NA,17.7,130,6.1
cea928e0-08ec-4b9d-a1d2-67ee2a53a672,GUAN_048.basePlot.vst,2016-11-17,vst_GUAN_2016,D04,GUAN,GUAN_048,NEON.PLA.D04.GUAN.05592,NA,27.5,150,9.6
2ec8030f-b201-41b4-8670-7fd3096b1436,GUAN_048.basePlot.vst,2016-11-17,vst_GUAN_2016,D04,GUAN,GUAN_048,NEON.PLA.D04.GUAN.03365B,NA,9.3,130,6.1
26dbe380-94a9-41ca-97dd-04f8e18ea8f3,GUAN_048.basePlot.vst,2016-11-17,vst_GUAN_2016,D04,GUAN,GUAN_048,NEON.PLA.D04.GUAN.05594D,NA,6.0,130,5.4
dd5150e5-973e-4a00-99e4-3c9ecbd5810e,GUAN_048.basePlot.vst,2016-11-17,vst_GUAN_2016,D04,GUAN,GUAN_048,NEON.PLA.D04.GUAN.05594,NA,10.6,130,5.4
45a4dcd9-d616-4826-9dea-a6b6fedc8655,GUAN_048.basePlot.vst,2016-11-17,vst_GUAN_2016,D04,GUAN,GUAN_048,NEON.PLA.D04.GUAN.05594A,NA,9.4,130,5.4
5de2bd7b-487e-4bdc-9f6d-3e76d0e49a0b,GUAN_048.basePlot.vst,2016-11-17,vst_GUAN_2016,D04,GUAN,GUAN_048,NEON.PLA.D04.GUAN.03120,NA,14.5,130,4.9
3bd2975c-1fe8-47bb-99ab-543ad609565c,GUAN_048.basePlot.vst,2016-11-17,vst_GUAN_2016,D04,GUAN,GUAN_048,NEON.PLA.D04.GUAN.03368,NA,42.8,130,9.8
65f6d969-11d6-4420-ae70-d9f9d9e2055e,GUAN_048.basePlot.vst,2016-11-17,vst_GUAN_2016,D04,GUAN,GUAN_048,NEON.PLA.D04.GUAN.05592B,NA,22.5,150,9.6
3c484383-d728-479f-8857-dd33e0f2f4de,GUAN_048.basePlot.vst,2016-11-17,vst_GUAN_2016,D04,GUAN,GUAN_048,NEON.PLA.D04.GUAN.03122F,NA,6.3,130,4.3
d9304522-768d-4b43-857c-d6d57844263e,GUAN_048.basePlot.vst,2016-11-17,vst_GUAN_2016,D04,GUAN,GUAN_048,NEON.PLA.D04.GUAN.03365C,NA,9.0,130,6.1
d410c584-5707-402d-8f7c-30367c3c46b3,GUAN_048.basePlot.vst,2016-11-17,vst_GUAN_2016,D04,GUAN,GUAN_048,NEON.PLA.D04.GUAN.03122A,NA,10.6,130,4.3
3f7cbfd9-ae4c-401d-90c2-803ad2efe665,GUAN_048.basePlot.vst,2016-11-17,vst_GUAN_2016,D04,GUAN,GUAN_048,NEON.PLA.D04.GUAN.05593,NA,12.1,130,5.8
994ea402-d0e9-469e-96cb-3e78c1771fd7,GUAN_048.basePlot.vst,2016-11-17,vst_GUAN_2016,D04,GUAN,GUAN_048,NEON.PLA.D04.GUAN.05594C,multi-bole tree,8.0,130,5.4
98f3630f-9b71-4166-8964-92d5355ff600,GUAN_048.basePlot.vst,2016-11-17,vst_GUAN_2016,D04,GUAN,GUAN_048,NEON.PLA.D04.GUAN.03365C,multi-bole tree,9.0,130,6.1
dd672fec-a510-4da4-bd19-4c97764491ff,GUAN_048.basePlot.vst,2016-11-17,vst_GUAN_2016,D04,GUAN,GUAN_048,NEON.PLA.D04.GUAN.03122F,multi-bole tree,6.3,130,4.3
e3b4958a-9d88-4a89-aa43-fab0ca715858,GUAN_048.basePlot.vst,2016-11-17,vst_GUAN_2016,D04,GUAN,GUAN_048,NEON.PLA.D04.GUAN.03120,multi-bole tree,14.5,130,4.9
3b57203b-f688-4f55-b38c-e8e9cd05ffd9,GUAN_048.basePlot.vst,2016-11-17,vst_GUAN_2016,D04,GUAN,GUAN_048,NEON.PLA.D04.GUAN.03367,single bole tree,11.1,130,5.3
8bccdaab-53e0-4ade-8f3c-0988ccf77e69,GUAN_048.basePlot.vst,2016-11-17,vst_GUAN_2016,D04,GUAN,GUAN_048,NEON.PLA.D04.GUAN.05593,single bole tree,12.1,130,5.8
b202688c-4e5d-4353-be9f-c428fb9a742d,GUAN_048.basePlot.vst,2016-11-17,vst_GUAN_2016,D04,GUAN,GUAN_048,NEON.PLA.D04.GUAN.03365,multi-bole tree,17.7,130,6.1
3e14d90d-abfa-41d9-b9ce-252a2424c6a6,GUAN_048.basePlot.vst,2016-11-17,vst_GUAN_2016,D04,GUAN,GUAN_048,NEON.PLA.D04.GUAN.03365A,multi-bole tree,14.3,130,6.1
bfec6706-cbc6-4b70-8ae1-a63189c0f507,GUAN_048.basePlot.vst,2016-11-17,vst_GUAN_2016,D04,GUAN,GUAN_048,NEON.PLA.D04.GUAN.03368,single bole tree,42.8,130,9.8
164e1b1b-32e6-4e29-b3c8-1fb427802660,GUAN_048.basePlot.vst,2016-11-17,vst_GUAN_2016,D04,GUAN,GUAN_048,NEON.PLA.D04.GUAN.03120B,multi-bole tree,10.1,130,4.9
fbb13957-9399-4660-aaf2-7cccd8405b30,GUAN_048.basePlot.vst,2016-11-17,vst_GUAN_2016,D04,GUAN,GUAN_048,NEON.PLA.D04.GUAN.03122G,multi-bole tree,6.1,130,4.3
1e9e8463-5371-4b42-aa5a-a90d8cb06dcb,GUAN_048.basePlot.vst,2016-11-17,vst_GUAN_2016,D04,GUAN,GUAN_048,NEON.PLA.D04.GUAN.03122B,multi-bole tree,9.5,150,4.3
e5227142-4ca6-4b2c-8e2e-8637e036774b,GUAN_048.basePlot.vst,2016-11-17,vst_GUAN_2016,D04,GUAN,GUAN_048,NEON.PLA.D04.GUAN.05592B,multi-bole tree,22.5,150,9.6
4ffdb1a6-93f0-49fb-8fe7-244d4a7b5122,GUAN_048.basePlot.vst,2016-11-17,vst_GUAN_2016,D04,GUAN,GUAN_048,NEON.PLA.D04.GUAN.05592,multi-bole tree,27.5,150,9.6
814af24a-4b46-4da3-bdca-946912278938,GUAN_048.basePlot.vst,2016-11-17,vst_GUAN_2016,D04,GUAN,GUAN_048,NEON.PLA.D04.GUAN.05594A,multi-bole tree,9.4,130,5.4
879857e9-5243-4e7d-9327-8f6736a80813,GUAN_048.basePlot.vst,2016-11-17,vst_GUAN_2016,D04,GUAN,GUAN_048,NEON.PLA.D04.GUAN.05594D,multi-bole tree,6.0,130,5.4
450684de-00aa-4366-9ebf-00ec696e59dd,GUAN_048.basePlot.vst,2016-11-17,vst_GUAN_2016,D04,GUAN,GUAN_048,NEON.PLA.D04.GUAN.03366,NA,30.5,130,9.2
47d67964-0d44-455e-8392-3c32412ba3c9,GUAN_048.basePlot.vst,2016-11-17,vst_GUAN_2016,D04,GUAN,GUAN_048,NEON.PLA.D04.GUAN.03122,multi-bole tree,12.1,130,4.3
6bbc84b9-434b-4f9a-8bbe-939b625ebea1,GUAN_048.basePlot.vst,2016-11-17,vst_GUAN_2016,D04,GUAN,GUAN_048,NEON.PLA.D04.GUAN.03366,multi-bole tree,30.5,130,9.2
7f625567-9202-4713-8361-1046b1efb625,GUAN_048.basePlot.vst,2016-11-17,vst_GUAN_2016,D04,GUAN,GUAN_048,NEON.PLA.D04.GUAN.03366A,multi-bole tree,13.9,130,9.2
0096b5f7-480e-4fe7-9f0b-05bce0474e5a,GUAN_048.basePlot.vst,2016-11-17,vst_GUAN_2016,D04,GUAN,GUAN_048,NEON.PLA.D04.GUAN.05594,multi-bole tree,10.6,130,5.4
5c6d1ea4-6c0a-4cb4-bc6f-991325d932ec,GUAN_048.basePlot.vst,2016-11-17,vst_GUAN_2016,D04,GUAN,GUAN_048,NEON.PLA.D04.GUAN.03365B,multi-bole tree,9.3,130,6.1
18da0e31-3b6e-47e5-8858-a6837996e819,GUAN_048.basePlot.vst,2016-11-17,vst_GUAN_2016,D04,GUAN,GUAN_048,NEON.PLA.D04.GUAN.03122E,multi-bole tree,6.6,130,4.3
85fd6cd4-3df0-4c8b-95c1-10c4b3491c36,GUAN_048.basePlot.vst,2016-11-17,vst_GUAN_2016,D04,GUAN,GUAN_048,NEON.PLA.D04.GUAN.03120A,multi-bole tree,11.6,130,4.9
4855c0e9-887f-42ac-9932-d5109bf0bbf5,GUAN_048.basePlot.vst,2016-11-17,vst_GUAN_2016,D04,GUAN,GUAN_048,NEON.PLA.D04.GUAN.03122D,multi-bole tree,9.1,130,4.3
9ddae584-a9a6-4f66-8195-f78253b0bfc1,GUAN_048.basePlot.vst,2016-11-17,vst_GUAN_2016,D04,GUAN,GUAN_048,NEON.PLA.D04.GUAN.03362,single bole tree,10.8,130,6.1
a95e1cc8-66f2-47ad-b3e6-ac96c88735c5,GUAN_048.basePlot.vst,2016-11-17,vst_GUAN_2016,D04,GUAN,GUAN_048,NEON.PLA.D04.GUAN.03122A,multi-bole tree,10.6,130,4.3
5d7383fa-abcc-45ba-a5d7-b84bb98167ad,GUAN_045.basePlot.vst,2016-11-21,vst_GUAN_2016,D04,GUAN,GUAN_045,NEON.PLA.D04.GUAN.03679,NA,16.0,130,8.6
325ced4d-7f64-43e0-9b3f-715a7a51205c,GUAN_045.basePlot.vst,2016-11-21,vst_GUAN_2016,D04,GUAN,GUAN_045,NEON.PLA.D04.GUAN.03700,NA,12.2,130,5.6
4bdc7304-86e4-462d-87f8-54aa2ffebb7a,GUAN_045.basePlot.vst,2016-11-21,vst_GUAN_2016,D04,GUAN,GUAN_045,NEON.PLA.D04.GUAN.03697A,multi-bole tree,13.6,130,5.5
0b262e8e-03ee-4532-b9bb-a1b904be1237,GUAN_045.basePlot.vst,2016-11-21,vst_GUAN_2016,D04,GUAN,GUAN_045,NEON.PLA.D04.GUAN.03697B,multi-bole tree,13.2,130,5.5
2c901347-cd10-414f-b430-b029a34cc406,GUAN_045.basePlot.vst,2016-11-21,vst_GUAN_2016,D04,GUAN,GUAN_045,NEON.PLA.D04.GUAN.03668C,multi-bole tree,6.7,130,8.5
6261fac1-59ea-408d-bbce-27a6e122e0a0,GUAN_045.basePlot.vst,2016-11-21,vst_GUAN_2016,D04,GUAN,GUAN_045,NEON.PLA.D04.GUAN.03679C,multi-bole tree,12.5,130,8.6
53ad9143-f410-40ff-8b08-c3c15b0a8a38,GUAN_045.basePlot.vst,2016-11-21,vst_GUAN_2016,D04,GUAN,GUAN_045,NEON.PLA.D04.GUAN.03681A,multi-bole tree,30.6,150,8.0
6215880e-f1fb-4aca-be12-74837958b2e6,GUAN_045.basePlot.vst,2016-11-21,vst_GUAN_2016,D04,GUAN,GUAN_045,NEON.PLA.D04.GUAN.03692,NA,14.5,130,5.4
01ee3ac5-76fb-4cef-893d-bf8d64c37a90,GUAN_045.basePlot.vst,2016-11-21,vst_GUAN_2016,D04,GUAN,GUAN_045,NEON.PLA.D04.GUAN.03697D,NA,6.8,130,5.5
e07fcacd-b158-4f66-a090-ba80ff7028bf,GUAN_045.basePlot.vst,2016-11-21,vst_GUAN_2016,D04,GUAN,GUAN_045,NEON.PLA.D04.GUAN.09466,NA,11.5,130,7.6
7324c5bf-4ebe-4ddf-bf8a-d48a166eb041,GUAN_045.basePlot.vst,2016-11-21,vst_GUAN_2016,D04,GUAN,GUAN_045,NEON.PLA.D04.GUAN.03668B,NA,8.5,130,8.5
ce5c27a0-c1ca-4382-984f-dfe13401d4d3,GUAN_045.basePlot.vst,2016-11-21,vst_GUAN_2016,D04,GUAN,GUAN_045,NEON.PLA.D04.GUAN.03687D,NA,5.4,140,8.7
dd53a1c9-17ed-49bd-9606-823e3521fc5e,GUAN_045.basePlot.vst,2016-11-21,vst_GUAN_2016,D04,GUAN,GUAN_045,NEON.PLA.D04.GUAN.03681A,NA,30.6,150,8.0
5dec0ce8-9fef-4978-927d-558ef677330f,GUAN_045.basePlot.vst,2016-11-21,vst_GUAN_2016,D04,GUAN,GUAN_045,NEON.PLA.D04.GUAN.03666,NA,10.6,140,7.8
ff45b330-946b-4d25-8396-59e3da63a6d1,GUAN_045.basePlot.vst,2016-11-21,vst_GUAN_2016,D04,GUAN,GUAN_045,NEON.PLA.D04.GUAN.03687B,NA,6.1,140,8.7
2bb32bea-138c-46b7-9fbd-0fde298e321d,GUAN_045.basePlot.vst,2016-11-21,vst_GUAN_2016,D04,GUAN,GUAN_045,NEON.PLA.D04.GUAN.03698,NA,12.1,130,5.1
21cfa15c-b492-4543-945d-47a993e47aa8,GUAN_045.basePlot.vst,2016-11-21,vst_GUAN_2016,D04,GUAN,GUAN_045,NEON.PLA.D04.GUAN.03668C,NA,6.7,130,8.5
2200b629-983e-42ba-9e2d-fbacbbda82f9,GUAN_045.basePlot.vst,2016-11-21,vst_GUAN_2016,D04,GUAN,GUAN_045,NEON.PLA.D04.GUAN.03697C,NA,10.2,130,5.5
e57fb060-41e9-473b-bf10-478888de84d0,GUAN_045.basePlot.vst,2016-11-21,vst_GUAN_2016,D04,GUAN,GUAN_045,NEON.PLA.D04.GUAN.03679A,NA,14.5,130,8.6
f3b852f5-bbe4-41c7-b7dc-c01c89bbf9be,GUAN_045.basePlot.vst,2016-11-21,vst_GUAN_2016,D04,GUAN,GUAN_045,NEON.PLA.D04.GUAN.03679A,multi-bole tree,14.5,130,8.6
d7914c92-dba7-4d47-8c51-28dd6fdc5d94,GUAN_045.basePlot.vst,2016-11-21,vst_GUAN_2016,D04,GUAN,GUAN_045,NEON.PLA.D04.GUAN.03687D,multi-bole tree,5.4,140,8.7
ec44fe2d-8ea6-4820-8999-d7c790cee6d7,GUAN_045.basePlot.vst,2016-11-21,vst_GUAN_2016,D04,GUAN,GUAN_045,NEON.PLA.D04.GUAN.03687C,multi-bole tree,9.4,130,8.7
edd43f85-1279-4bd3-a81a-60f519de20ca,GUAN_045.basePlot.vst,2016-11-21,vst_GUAN_2016,D04,GUAN,GUAN_045,NEON.PLA.D04.GUAN.03680,single bole tree,10.5,130,6.9
7f17e997-6e78-4c6c-bd2d-99d94e430725,GUAN_045.basePlot.vst,2016-11-21,vst_GUAN_2016,D04,GUAN,GUAN_045,NEON.PLA.D04.GUAN.03667,single bole tree,12.5,130,9.1
759c2513-5140-4680-b577-6e9a9b094212,GUAN_045.basePlot.vst,2016-11-21,vst_GUAN_2016,D04,GUAN,GUAN_045,NEON.PLA.D04.GUAN.03687B,multi-bole tree,6.1,140,8.7
2a50177f-b950-41fa-badb-7311bb33cd66,GUAN_045.basePlot.vst,2016-11-21,vst_GUAN_2016,D04,GUAN,GUAN_045,NEON.PLA.D04.GUAN.03668A,multi-bole tree,11.2,130,8.5
1aec3483-a088-44b5-837a-69ced9f1f6ab,GUAN_045.basePlot.vst,2016-11-21,vst_GUAN_2016,D04,GUAN,GUAN_045,NEON.PLA.D04.GUAN.03668B,multi-bole tree,8.5,130,8.5
186ac018-ffbc-4c29-9048-078937a01225,GUAN_045.basePlot.vst,2016-11-21,vst_GUAN_2016,D04,GUAN,GUAN_045,NEON.PLA.D04.GUAN.03678,multi-bole tree,13.4,130,10.1
cd04b77e-b46c-45e4-8b03-bc14b8f003eb,GUAN_045.basePlot.vst,2016-11-21,vst_GUAN_2016,D04,GUAN,GUAN_045,NEON.PLA.D04.GUAN.03681,multi-bole tree,33.9,150,8.0
cb459781-b1e8-4bc0-921d-858c08bb63e7,GUAN_045.basePlot.vst,2016-11-21,vst_GUAN_2016,D04,GUAN,GUAN_045,NEON.PLA.D04.GUAN.03700,single bole tree,12.2,130,5.6
9a932eda-038f-450a-b771-efd8e46f0ae7,GUAN_045.basePlot.vst,2016-11-21,vst_GUAN_2016,D04,GUAN,GUAN_045,NEON.PLA.D04.GUAN.03666A,multi-bole tree,7.3,140,7.8
bf99ce7f-8059-4974-a49a-6d95ebf15007,GUAN_045.basePlot.vst,2016-11-21,vst_GUAN_2016,D04,GUAN,GUAN_045,NEON.PLA.D04.GUAN.03697D,multi-bole tree,6.8,130,5.5
57a0250a-a56e-49f2-b300-e7584cef84ef,GUAN_045.basePlot.vst,2016-11-21,vst_GUAN_2016,D04,GUAN,GUAN_045,NEON.PLA.D04.GUAN.03668D,multi-bole tree,7.2,130,8.5
6186d03d-8ce5-48cb-9672-dbd1a59bf64f,GUAN_045.basePlot.vst,2016-11-21,vst_GUAN_2016,D04,GUAN,GUAN_045,NEON.PLA.D04.GUAN.03681B,multi-bole tree,28.9,150,8.0
8a9a3cba-9c21-45c4-9b19-5cfdc40c7968,GUAN_045.basePlot.vst,2016-11-21,vst_GUAN_2016,D04,GUAN,GUAN_045,NEON.PLA.D04.GUAN.03679,multi-bole tree,16.0,130,8.6
eadc2406-eb2a-42d3-ab39-a7ebdfba1628,GUAN_045.basePlot.vst,2016-11-21,vst_GUAN_2016,D04,GUAN,GUAN_045,NEON.PLA.D04.GUAN.03692,single bole tree,14.5,130,5.4
dd81897c-093c-47c6-b4cb-e4c564f811f5,GUAN_045.basePlot.vst,2016-11-21,vst_GUAN_2016,D04,GUAN,GUAN_045,NEON.PLA.D04.GUAN.03668,multi-bole tree,13.1,130,8.5
b5851e9f-e9bd-40e7-9ff3-8d7fe7327efa,GUAN_045.basePlot.vst,2016-11-21,vst_GUAN_2016,D04,GUAN,GUAN_045,NEON.PLA.D04.GUAN.03697,multi-bole tree,14.0,130,5.5
9948933f-5593-4ce8-894c-4546dcb84874,GUAN_045.basePlot.vst,2016-11-21,vst_GUAN_2016,D04,GUAN,GUAN_045,NEON.PLA.D04.GUAN.03681B,NA,28.9,150,8.0
ba8cb510-550e-4eeb-a9e8-20691c211b4a,GUAN_045.basePlot.vst,2016-11-21,vst_GUAN_2016,D04,GUAN,GUAN_045,NEON.PLA.D04.GUAN.03678A,NA,7.9,130,10.1
96f1fd98-bcee-44de-a03f-55f4a2e79cd1,GUAN_045.basePlot.vst,2016-11-21,vst_GUAN_2016,D04,GUAN,GUAN_045,NEON.PLA.D04.GUAN.03668,NA,13.1,130,8.5
9c029d5a-db60-4331-bfe9-9a6fea1629df,GUAN_045.basePlot.vst,2016-11-21,vst_GUAN_2016,D04,GUAN,GUAN_045,NEON.PLA.D04.GUAN.03667,NA,12.5,130,9.1
bcfa2cfc-f2e9-4dd8-8d95-3d3d42aa204e,GUAN_045.basePlot.vst,2016-11-21,vst_GUAN_2016,D04,GUAN,GUAN_045,NEON.PLA.D04.GUAN.03678,NA,13.4,130,10.1
bfa95dd4-3352-467e-8699-31db8f466a54,GUAN_045.basePlot.vst,2016-11-21,vst_GUAN_2016,D04,GUAN,GUAN_045,NEON.PLA.D04.GUAN.03687A,NA,11.8,160,8.7
6f1005fc-089c-408d-a09d-d63a33becea5,GUAN_045.basePlot.vst,2016-11-21,vst_GUAN_2016,D04,GUAN,GUAN_045,NEON.PLA.D04.GUAN.03681,NA,33.9,150,8.0
f9c27650-f46e-4449-8c9f-c584e37b4f35,GUAN_045.basePlot.vst,2016-11-21,vst_GUAN_2016,D04,GUAN,GUAN_045,NEON.PLA.D04.GUAN.03682,NA,NA,NA,8.1
db2eacbe-4492-4f0f-b56d-157c711f7bb6,GUAN_045.basePlot.vst,2016-11-21,vst_GUAN_2016,D04,GUAN,GUAN_045,NEON.PLA.D04.GUAN.03668A,NA,11.2,130,8.5
54bdc8db-8478-497f-98d9-37ae311651b9,GUAN_045.basePlot.vst,2016-11-21,vst_GUAN_2016,D04,GUAN,GUAN_045,NEON.PLA.D04.GUAN.03697,NA,14.0,130,5.5
43db26e2-b14d-492d-a779-6992541668bb,GUAN_045.basePlot.vst,2016-11-21,vst_GUAN_2016,D04,GUAN,GUAN_045,NEON.PLA.D04.GUAN.03697A,NA,13.6,130,5.5
27a53b1f-ca34-4d32-be9f-a600b4dc4a7e,GUAN_045.basePlot.vst,2016-11-21,vst_GUAN_2016,D04,GUAN,GUAN_045,NEON.PLA.D04.GUAN.03680,NA,10.5,130,6.9
aa14ae64-9fd8-4f73-a241-094092b1a5a2,GUAN_045.basePlot.vst,2016-11-21,vst_GUAN_2016,D04,GUAN,GUAN_045,NEON.PLA.D04.GUAN.03697B,NA,13.2,130,5.5
24124a42-afef-4731-823f-e6a426f7ee6c,GUAN_045.basePlot.vst,2016-11-21,vst_GUAN_2016,D04,GUAN,GUAN_045,NEON.PLA.D04.GUAN.03679C,NA,12.5,130,8.6
3a1028b6-be92-49ec-bd47-382f9e43ce88,GUAN_045.basePlot.vst,2016-11-21,vst_GUAN_2016,D04,GUAN,GUAN_045,NEON.PLA.D04.GUAN.03668D,NA,7.2,130,8.5
749b7e29-2040-4987-bb7b-df6ec00d79e4,GUAN_045.basePlot.vst,2016-11-21,vst_GUAN_2016,D04,GUAN,GUAN_045,NEON.PLA.D04.GUAN.03666A,NA,7.3,140,7.8
a186280f-5dd8-42e0-b34a-f1dd366cd4ac,GUAN_045.basePlot.vst,2016-11-21,vst_GUAN_2016,D04,GUAN,GUAN_045,NEON.PLA.D04.GUAN.03687C,NA,9.4,130,8.7
f510faf4-5e72-455a-9c1f-12ac22e6ae9e,GUAN_045.basePlot.vst,2016-11-21,vst_GUAN_2016,D04,GUAN,GUAN_045,NEON.PLA.D04.GUAN.09466,single bole tree,11.5,130,7.6
c260d260-1a13-4ea9-8486-bb8010f06021,GUAN_045.basePlot.vst,2016-11-21,vst_GUAN_2016,D04,GUAN,GUAN_045,NEON.PLA.D04.GUAN.03687A,multi-bole tree,11.8,160,8.7
da87f5eb-1988-4dd4-a200-4e942f016f78,GUAN_045.basePlot.vst,2016-11-21,vst_GUAN_2016,D04,GUAN,GUAN_045,NEON.PLA.D04.GUAN.03682,multi-bole tree,NA,NA,8.1
cba1e39d-aa06-4d66-9306-40fcbbd1c1ee,GUAN_045.basePlot.vst,2016-11-21,vst_GUAN_2016,D04,GUAN,GUAN_045,NEON.PLA.D04.GUAN.03697C,multi-bole tree,10.2,130,5.5
25a08b71-c862-45d4-a37e-fc5e9bec7a13,GUAN_045.basePlot.vst,2016-11-21,vst_GUAN_2016,D04,GUAN,GUAN_045,NEON.PLA.D04.GUAN.03698,single bole tree,12.1,130,5.1
f827eb1c-4f5e-401e-a55a-d37e2d0cb4c1,GUAN_045.basePlot.vst,2016-11-21,vst_GUAN_2016,D04,GUAN,GUAN_045,NEON.PLA.D04.GUAN.03666,multi-bole tree,10.6,140,7.8
682793c4-ef30-4bfd-ae5d-9ecb65ba90d3,GUAN_045.basePlot.vst,2016-11-21,vst_GUAN_2016,D04,GUAN,GUAN_045,NEON.PLA.D04.GUAN.03678A,multi-bole tree,7.9,130,10.1
f7d58107-4a8f-4e59-9369-1a5faec2d203,GUAN_045.basePlot.vst,2016-11-22,vst_GUAN_2016,D04,GUAN,GUAN_045,NEON.PLA.D04.GUAN.03690F,NA,7.1,130,6.8
e9cd0f21-fb42-49b0-b112-f29a33f62bed,GUAN_045.basePlot.vst,2016-11-22,vst_GUAN_2016,D04,GUAN,GUAN_045,NEON.PLA.D04.GUAN.03690C,NA,10.8,130,6.8
7b3e0258-f49a-4989-8754-b56717a8aedd,GUAN_045.basePlot.vst,2016-11-22,vst_GUAN_2016,D04,GUAN,GUAN_045,NEON.PLA.D04.GUAN.03691B,NA,8.3,130,5.0
9371bd42-586d-4539-bd56-cd4900ba26ec,GUAN_045.basePlot.vst,2016-11-22,vst_GUAN_2016,D04,GUAN,GUAN_045,NEON.PLA.D04.GUAN.03691F,NA,6.4,130,5.0
978a3041-7998-4669-b08f-7f16ccaf859d,GUAN_045.basePlot.vst,2016-11-22,vst_GUAN_2016,D04,GUAN,GUAN_045,NEON.PLA.D04.GUAN.03695,NA,19.3,130,6.7
911cbeee-347e-4cc9-91a3-15764177597d,GUAN_045.basePlot.vst,2016-11-22,vst_GUAN_2016,D04,GUAN,GUAN_045,NEON.PLA.D04.GUAN.03693,NA,10.5,130,5.9
688849b0-bb65-4dde-8ed0-99dbd7ddc936,GUAN_045.basePlot.vst,2016-11-22,vst_GUAN_2016,D04,GUAN,GUAN_045,NEON.PLA.D04.GUAN.03690D,NA,9.5,130,6.8
29d2ca4f-e2f3-4a15-84cb-7b44b8a9c6f6,GUAN_045.basePlot.vst,2016-11-22,vst_GUAN_2016,D04,GUAN,GUAN_045,NEON.PLA.D04.GUAN.03691,NA,17.3,130,5.0
6cb3f3e8-7a26-469b-bc39-b4c080c26b60,GUAN_045.basePlot.vst,2016-11-22,vst_GUAN_2016,D04,GUAN,GUAN_045,NEON.PLA.D04.GUAN.03691H,NA,5.2,130,5.0
88df5200-12ff-4707-9823-0001afd6d9e9,GUAN_045.basePlot.vst,2016-11-22,vst_GUAN_2016,D04,GUAN,GUAN_045,NEON.PLA.D04.GUAN.03690A,NA,14.1,130,6.8
281c95f0-023e-4dbb-bf45-03cf113e9b6e,GUAN_045.basePlot.vst,2016-11-22,vst_GUAN_2016,D04,GUAN,GUAN_045,NEON.PLA.D04.GUAN.03690B,NA,11.0,130,6.8
d24201c2-4c3e-4c81-8243-64a127bb4a64,GUAN_045.basePlot.vst,2016-11-22,vst_GUAN_2016,D04,GUAN,GUAN_045,NEON.PLA.D04.GUAN.03690E,NA,8.2,130,6.8
046eec9d-597a-4855-9340-b2536ba6d756,GUAN_045.basePlot.vst,2016-11-22,vst_GUAN_2016,D04,GUAN,GUAN_045,NEON.PLA.D04.GUAN.03691D,NA,7.4,130,5.0
8912d99e-7480-4c3a-8551-42788f0abbc6,GUAN_045.basePlot.vst,2016-11-22,vst_GUAN_2016,D04,GUAN,GUAN_045,NEON.PLA.D04.GUAN.03690G,NA,5.3,130,6.8
0e7ab906-8a28-4253-938e-183d8974d3a6,GUAN_045.basePlot.vst,2016-11-22,vst_GUAN_2016,D04,GUAN,GUAN_045,NEON.PLA.D04.GUAN.03690F,multi-bole tree,7.1,130,6.8
229451cb-f497-4eb6-820f-74dab56e39ee,GUAN_045.basePlot.vst,2016-11-22,vst_GUAN_2016,D04,GUAN,GUAN_045,NEON.PLA.D04.GUAN.03690C,multi-bole tree,10.8,130,6.8
e8615e62-cf7b-4bf1-a7e6-c2d167982eb7,GUAN_045.basePlot.vst,2016-11-22,vst_GUAN_2016,D04,GUAN,GUAN_045,NEON.PLA.D04.GUAN.03695,single bole tree,19.3,130,6.7
443e75bd-a6d0-4dd6-b3b0-86c17aa7de3f,GUAN_045.basePlot.vst,2016-11-22,vst_GUAN_2016,D04,GUAN,GUAN_045,NEON.PLA.D04.GUAN.03691B,multi-bole tree,8.3,130,5.0
c69f7e7c-f97b-43b0-8ec1-8f7af99045a7,GUAN_045.basePlot.vst,2016-11-22,vst_GUAN_2016,D04,GUAN,GUAN_045,NEON.PLA.D04.GUAN.03690A,multi-bole tree,14.1,130,6.8
9e092832-fa1d-47ba-9e6e-3ae4e4092599,GUAN_045.basePlot.vst,2016-11-22,vst_GUAN_2016,D04,GUAN,GUAN_045,NEON.PLA.D04.GUAN.03691H,multi-bole tree,5.2,130,5.0
3bdc817b-b6a8-4398-9556-f94003b71e56,GUAN_045.basePlot.vst,2016-11-22,vst_GUAN_2016,D04,GUAN,GUAN_045,NEON.PLA.D04.GUAN.03691F,multi-bole tree,6.4,130,5.0
ca26e36b-e5c1-4056-a542-48989450a694,GUAN_045.basePlot.vst,2016-11-22,vst_GUAN_2016,D04,GUAN,GUAN_045,NEON.PLA.D04.GUAN.03693,single bole tree,10.5,130,5.9
f0e5a469-ca15-4097-9b3a-89e2aff713d3,GUAN_045.basePlot.vst,2016-11-22,vst_GUAN_2016,D04,GUAN,GUAN_045,NEON.PLA.D04.GUAN.03691D,multi-bole tree,7.4,130,5.0
6782961e-4925-47dd-8631-0b62378e0ba9,GUAN_045.basePlot.vst,2016-11-22,vst_GUAN_2016,D04,GUAN,GUAN_045,NEON.PLA.D04.GUAN.03690B,multi-bole tree,11.0,130,6.8
1713f663-6094-4599-8a2e-442775602988,GUAN_045.basePlot.vst,2016-11-22,vst_GUAN_2016,D04,GUAN,GUAN_045,NEON.PLA.D04.GUAN.03691A,multi-bole tree,9.3,130,5.0
4c9481a5-04b7-4567-b68c-71b580f33c8d,GUAN_045.basePlot.vst,2016-11-22,vst_GUAN_2016,D04,GUAN,GUAN_045,NEON.PLA.D04.GUAN.03690E,multi-bole tree,8.2,130,6.8
ed93d8c1-aa5d-4991-b684-fd5929335e2c,GUAN_045.basePlot.vst,2016-11-22,vst_GUAN_2016,D04,GUAN,GUAN_045,NEON.PLA.D04.GUAN.03690D,multi-bole tree,9.5,130,6.8
ce3a2ffe-56fe-438d-bdd0-97663a42f96c,GUAN_045.basePlot.vst,2016-11-22,vst_GUAN_2016,D04,GUAN,GUAN_045,NEON.PLA.D04.GUAN.03690G,multi-bole tree,5.3,130,6.8
a13a5666-045f-4535-bb0f-2bdfdddf4461,GUAN_045.basePlot.vst,2016-11-22,vst_GUAN_2016,D04,GUAN,GUAN_045,NEON.PLA.D04.GUAN.03691,multi-bole tree,17.3,130,5.0
7732c581-d4cb-4abe-92b0-e62153bee7ab,GUAN_045.basePlot.vst,2016-11-22,vst_GUAN_2016,D04,GUAN,GUAN_045,NEON.PLA.D04.GUAN.03691A,NA,9.3,130,5.0
