uid,namedLocation,date,eventID,domainID,siteID,plotID,individualID,growthForm,stemDiameter,measurementHeight,height
cf04d235-db64-456f-a05a-0f5ea3df3f36,BART_041.basePlot.vst,2017-07-10,vst_BART_2017,D01,BART,BART_041,NEON.PLA.D01.BART.00368,single bole tree,49.3,130,21.6
39ffefd5-18dd-4529-858f-29329af26344,BART_034.basePlot.vst,2017-07-10,vst_BART_2017,D01,BART,BART_034,NEON.PLA.D01.BART.02808,single bole tree,29.3,130,16.0
20bb75d3-9b31-499b-adcb-0d871dc2a404,BART_034.basePlot.vst,2017-07-10,vst_BART_2017,D01,BART,BART_034,NEON.PLA.D01.BART.02807,multi-bole tree,53.5,130,26.0
4cea4789-85b8-49b7-ac41-cd6e75e92b37,BART_041.basePlot.vst,2017-07-10,vst_BART_2017,D01,BART,BART_041,NEON.PLA.D01.BART.00311,single bole tree,17.9,130,14.0
76103b9f-9901-4cb8-b6f5-1b3a8ca1e104,BART_034.basePlot.vst,2017-07-10,vst_BART_2017,D01,BART,BART_034,NEON.PLA.D01.BART.06022,single bole tree,20.6,130,15.6
d428296c-54f4-4c69-a02d-306a33610231,BART_034.basePlot.vst,2017-07-10,vst_BART_2017,D01,BART,BART_034,NEON.PLA.D01.BART.00803,single bole tree,39.1,130,14.3
68ea43ce-5da7-445c-bbbe-f9fee04de616,BART_041.basePlot.vst,2017-07-10,vst_BART_2017,D01,BART,BART_041,NEON.PLA.D01.BART.00302,single bole tree,31.9,130,19.5
16738a35-36ad-4645-9a9b-0f0631ffd7d8,BART_041.basePlot.vst,2017-07-10,vst_BART_2017,D01,BART,BART_041,NEON.PLA.D01.BART.02836,single bole tree,27.6,130,4.1
6a1db0a6-b6c5-4da5-aa6d-6040e4d1ab86,BART_041.basePlot.vst,2017-07-10,vst_BART_2017,D01,BART,BART_041,NEON.PLA.D01.BART.00304,single bole tree,NA,NA,NA
d5c323ca-03c0-473a-b481-ac34018d023b,BART_041.basePlot.vst,2017-07-10,vst_BART_2017,D01,BART,BART_041,NEON.PLA.D01.BART.00809,multi-bole tree,43.6,130,24.4
3a35d72d-546a-4464-9d3a-e7590d87aeca,BART_034.basePlot.vst,2017-07-10,vst_BART_2017,D01,BART,BART_034,NEON.PLA.D01.BART.00804,single bole tree,35.2,130,18.5
2ca07869-8d8f-4fdf-b6a7-489cc49895e9,BART_041.basePlot.vst,2017-07-10,vst_BART_2017,D01,BART,BART_041,NEON.PLA.D01.BART.00330,single bole tree,21.9,130,20.0
31000266-0799-40c8-96a8-51407c9bc704,BART_034.basePlot.vst,2017-07-10,vst_BART_2017,D01,BART,BART_034,NEON.PLA.D01.BART.00371,NA,NA,NA,NA
65a729db-5bc5-4ebc-bd0f-1a50c0da1bed,BART_034.basePlot.vst,2017-07-10,vst_BART_2017,D01,BART,BART_034,NEON.PLA.D01.BART.02772,single bole tree,16.9,130,14.0
8c8a615c-41f9-47d4-8a41-7a4e34ec5734,BART_034.basePlot.vst,2017-07-10,vst_BART_2017,D01,BART,BART_034,NEON.PLA.D01.BART.02776,single bole tree,39.0,130,22.3
58d06687-ba86-4315-8de0-027a24a16083,BART_041.basePlot.vst,2017-07-10,vst_BART_2017,D01,BART,BART_041,NEON.PLA.D01.BART.00306,single bole tree,26.8,130,2.7
b3a19b31-02eb-485d-9ecc-537e0d4b6355,BART_034.basePlot.vst,2017-07-10,vst_BART_2017,D01,BART,BART_034,NEON.PLA.D01.BART.02960,single bole tree,14.5,130,10.0
13d6a083-0f63-4fdc-9303-84a2a5f68715,BART_041.basePlot.vst,2017-07-10,vst_BART_2017,D01,BART,BART_041,NEON.PLA.D01.BART.00313,single bole tree,30.9,130,21.8
5e7b6a0c-5d80-45c8-af43-b571ba33fe4d,BART_034.basePlot.vst,2017-07-10,vst_BART_2017,D01,BART,BART_034,NEON.PLA.D01.BART.06024,single bole tree,17.2,130,13.7
6e751fb8-4ec2-46ce-a8a1-1216705c6205,BART_041.basePlot.vst,2017-07-10,vst_BART_2017,D01,BART,BART_041,NEON.PLA.D01.BART.00810,single bole tree,14.7,130,14.2
5b0d62a9-bba2-4176-97eb-5bb4c707c270,BART_041.basePlot.vst,2017-07-10,vst_BART_2017,D01,BART,BART_041,NEON.PLA.D01.BART.02857,single bole tree,20.0,130,13.1
35367509-a265-4227-bf3c-87c671658d76,BART_041.basePlot.vst,2017-07-10,vst_BART_2017,D01,BART,BART_041,NEON.PLA.D01.BART.00312,single bole tree,38.0,130,21.0
3bab97b4-bf5e-452f-90c6-9e47dda6679e,BART_041.basePlot.vst,2017-07-10,vst_BART_2017,D01,BART,BART_041,NEON.PLA.D01.BART.00327,single bole tree,13.0,130,15.5
28387cbd-aec3-41c7-be0a-4bc00e06c0ff,BART_041.basePlot.vst,2017-07-10,vst_BART_2017,D01,BART,BART_041,NEON.PLA.D01.BART.02792,single bole tree,23.2,130,18.0
1ffb7802-b72e-4212-93b9-f805cd95de81,BART_034.basePlot.vst,2017-07-10,vst_BART_2017,D01,BART,BART_034,NEON.PLA.D01.BART.00808,single bole tree,19.4,130,18.9
d49fdea0-49aa-4b3d-86da-17c5d3a2353e,BART_041.basePlot.vst,2017-07-10,vst_BART_2017,D01,BART,BART_041,NEON.PLA.D01.BART.00324,single bole tree,19.2,130,12.1
76de467f-99f5-47b2-a86f-6d88d7b35da7,BART_041.basePlot.vst,2017-07-10,vst_BART_2017,D01,BART,BART_041,NEON.PLA.D01.BART.02830,single bole tree,27.3,130,17.1
f07ccc2b-52a7-4091-9cb6-546c735404c6,BART_041.basePlot.vst,2017-07-10,vst_BART_2017,D01,BART,BART_041,NEON.PLA.D01.BART.02829,single bole tree,12.9,130,11.0
442e914a-13c8-43ca-9b32-bc33b179ba62,BART_041.basePlot.vst,2017-07-10,vst_BART_2017,D01,BART,BART_041,NEON.PLA.D01.BART.00329,single bole tree,55.0,130,23.2
95840924-2eae-4b5d-977b-6b1671739786,BART_034.basePlot.vst,2017-07-10,vst_BART_2017,D01,BART,BART_034,NEON.PLA.D01.BART.02069,single bole tree,16.2,130,7.8
6b6c20e4-8487-444f-b2ab-af7eb38ab310,BART_041.basePlot.vst,2017-07-10,vst_BART_2017,D01,BART,BART_041,NEON.PLA.D01.BART.02854,multi-bole tree,42.5,130,28.0
7505cc90-f9b5-4208-8647-5bd9f15aed32,BART_034.basePlot.vst,2017-07-10,vst_BART_2017,D01,BART,BART_034,NEON.PLA.D01.BART.06052,single bole tree,10.2,130,7.1
b6154bdc-dd41-40a3-b30e-8af0c88b6cdd,BART_041.basePlot.vst,2017-07-10,vst_BART_2017,D01,BART,BART_041,NEON.PLA.D01.BART.02838,single bole tree,21.9,130,21.9
cfdf107b-e7bc-4d3d-a357-270358a68888,BART_034.basePlot.vst,2017-07-10,vst_BART_2017,D01,BART,BART_034,NEON.PLA.D01.BART.00876,single bole tree,35.4,130,16.6
0d34c251-facc-49f2-91a4-c5ec8a61cac0,BART_041.basePlot.vst,2017-07-10,vst_BART_2017,D01,BART,BART_041,NEON.PLA.D01.BART.00369,single bole tree,50.5,130,24.4
b8775fdc-0869-4387-9f04-1363efad1cd0,BART_041.basePlot.vst,2017-07-10,vst_BART_2017,D01,BART,BART_041,NEON.PLA.D01.BART.00321,single bole tree,12.1,130,12.5
869a440e-b9c1-4cad-8f70-6c38c76d7fd8,BART_034.basePlot.vst,2017-07-10,vst_BART_2017,D01,BART,BART_034,NEON.PLA.D01.BART.01007,single bole tree,52.0,130,17.4
7ccec52d-f6a0-4e51-b961-4bf8e0f823c7,BART_041.basePlot.vst,2017-07-10,vst_BART_2017,D01,BART,BART_041,NEON.PLA.D01.BART.02837,single bole tree,13.3,130,11.6
c9db81dd-a162-46a2-9b87-1d984a95ab02,BART_034.basePlot.vst,2017-07-10,vst_BART_2017,D01,BART,BART_034,NEON.PLA.D01.BART.02777,single bole tree,160.0,130,17.2
99773c21-183e-458f-83d7-1fccb37881a2,BART_034.basePlot.vst,2017-07-10,vst_BART_2017,D01,BART,BART_034,NEON.PLA.D01.BART.06050,single bole tree,12.3,130,8.3
2c3a7cda-3734-40ba-aae6-a8cecf22a5ca,BART_041.basePlot.vst,2017-07-10,vst_BART_2017,D01,BART,BART_041,NEON.PLA.D01.BART.02855,single bole tree,10.6,130,9.8
ec28d44c-9ada-443c-ac98-185935c8c5c6,BART_034.basePlot.vst,2017-07-10,vst_BART_2017,D01,BART,BART_034,NEON.PLA.D01.BART.02961,single bole tree,21.4,130,16.8
bef67148-a56e-46f3-9f0f-b967733783d4,BART_041.basePlot.vst,2017-07-10,vst_BART_2017,D01,BART,BART_041,NEON.PLA.D01.BART.00317,single bole tree,14.1,130,13.4
2d6ec6b3-f94a-4ee3-a8e9-abd78086356a,BART_041.basePlot.vst,2017-07-10,vst_BART_2017,D01,BART,BART_041,NEON.PLA.D01.BART.02741,single bole tree,12.6,130,10.5
327b5cc9-392b-4d0b-b947-54c3d42e3cea,BART_034.basePlot.vst,2017-07-10,vst_BART_2017,D01,BART,BART_034,NEON.PLA.D01.BART.06051,single bole tree,12.0,130,13.7
a782497b-0acf-4c01-a879-21a527e976ee,BART_034.basePlot.vst,2017-07-10,vst_BART_2017,D01,BART,BART_034,NEON.PLA.D01.BART.02957,single bole tree,20.0,130,12.0
738f1f72-7dd4-41c9-94db-3c93b58687d6,BART_041.basePlot.vst,2017-07-10,vst_BART_2017,D01,BART,BART_041,NEON.PLA.D01.BART.02746,multi-bole tree,13.6,130,12.2
5fbb8201-a080-4e94-81ac-2f8ad896e925,BART_041.basePlot.vst,2017-07-10,vst_BART_2017,D01,BART,BART_041,NEON.PLA.D01.BART.04772,single bole tree,10.4,130,7.5
c815b815-35cb-41fa-a751-a080d9c82539,BART_034.basePlot.vst,2017-07-10,vst_BART_2017,D01,BART,BART_034,NEON.PLA.D01.BART.02968,single bole tree,18.3,130,13.4
c2745f99-e041-4005-a5cb-99027e2b40ea,BART_041.basePlot.vst,2017-07-10,vst_BART_2017,D01,BART,BART_041,NEON.PLA.D01.BART.00305,single bole tree,42.5,130,19.7
48c0c4b7-46a3-49e2-a999-a701919d39f7,BART_041.basePlot.vst,2017-07-10,vst_BART_2017,D01,BART,BART_041,NEON.PLA.D01.BART.00325,single bole tree,24.0,130,22.4
7dc1c6c2-672c-4561-beeb-7e9cf283f36d,BART_034.basePlot.vst,2017-07-10,vst_BART_2017,D01,BART,BART_034,NEON.PLA.D01.BART.00801,single bole tree,14.1,130,10.4
48af19d9-ead0-44c2-86f5-2dec15b00057,BART_041.basePlot.vst,2017-07-10,vst_BART_2017,D01,BART,BART_041,NEON.PLA.D01.BART.00308,single bole tree,42.4,130,17.9
91e03a25-fccf-417a-99e5-3e24c926212e,BART_041.basePlot.vst,2017-07-10,vst_BART_2017,D01,BART,BART_041,NEON.PLA.D01.BART.00332,small tree,NA,NA,NA
37c949c6-ed7e-4dbb-bf09-41c9afac9cbc,BART_034.basePlot.vst,2017-07-10,vst_BART_2017,D01,BART,BART_034,NEON.PLA.D01.BART.02806,single bole tree,39.2,130,13.4
d5e60377-a370-4c39-bf95-0beb672a7932,BART_034.basePlot.vst,2017-07-10,vst_BART_2017,D01,BART,BART_034,NEON.PLA.D01.BART.02972,single bole tree,43.9,130,18.9
8e15c3d6-5d72-4168-bcee-8cda1d63b41e,BART_041.basePlot.vst,2017-07-10,vst_BART_2017,D01,BART,BART_041,NEON.PLA.D01.BART.02859,single bole tree,41.6,130,18.4
f1415773-0463-4957-a56c-800a89e5e03f,BART_041.basePlot.vst,2017-07-10,vst_BART_2017,D01,BART,BART_041,NEON.PLA.D01.BART.00315,single bole tree,11.2,130,2.7
834845cf-3397-4139-bca5-ae2eb76e640a,BART_041.basePlot.vst,2017-07-10,vst_BART_2017,D01,BART,BART_041,NEON.PLA.D01.BART.00323,single bole tree,31.8,130,19.1
5f6567b3-8048-435b-a118-d79ed14efc12,BART_041.basePlot.vst,2017-07-10,vst_BART_2017,D01,BART,BART_041,NEON.PLA.D01.BART.00331,single bole tree,24.6,130,21.0
1ce616ae-534c-48be-9ef8-8b2d9461fbba,BART_041.basePlot.vst,2017-07-10,vst_BART_2017,D01,BART,BART_041,NEON.PLA.D01.BART.00316,single bole tree,17.1,130,9.6
7f8dbe86-c021-42fd-ad5c-d9879b1dd433,BART_034.basePlot.vst,2017-07-10,vst_BART_2017,D01,BART,BART_034,NEON.PLA.D01.BART.02958,single bole tree,35.1,130,19.1
011bdf31-31d2-4ba5-9ad3-62bac6555652,BART_041.basePlot.vst,2017-07-10,vst_BART_2017,D01,BART,BART_041,NEON.PLA.D01.BART.00303,single bole tree,14.9,130,14.5
48466daa-ddd3-4a98-bdd5-75caa68d994f,BART_034.basePlot.vst,2017-07-10,vst_BART_2017,D01,BART,BART_034,NEON.PLA.D01.BART.02805,single bole tree,11.5,130,10.8
0cfe0896-1d94-4fd1-9511-cfd891b60e47,BART_041.basePlot.vst,2017-07-10,vst_BART_2017,D01,BART,BART_041,NEON.PLA.D01.BART.02856,single bole tree,13.0,130,8.7
41b40324-4a10-4fcc-b1f6-ca0cbd95af9f,BART_041.basePlot.vst,2017-07-10,vst_BART_2017,D01,BART,BART_041,NEON.PLA.D01.BART.00326,single bole tree,11.7,130,9.0
5b303fa0-fdbc-46ae-a553-737eadcb507c,BART_041.basePlot.vst,2017-07-10,vst_BART_2017,D01,BART,BART_041,NEON.PLA.D01.BART.02793,single bole tree,31.3,130,17.8
e98399a4-bc3f-4772-bb18-1b56ead144da,BART_034.basePlot.vst,2017-07-10,vst_BART_2017,D01,BART,BART_034,NEON.PLA.D01.BART.00806,single bole tree,24.5,130,19.5
3aa566e6-d8bf-42e5-8f67-76f7235c02fc,BART_034.basePlot.vst,2017-07-10,vst_BART_2017,D01,BART,BART_034,NEON.PLA.D01.BART.00802,single bole tree,38.3,130,21.7
ad793af7-5f45-41b1-b3b5-41066d2a43aa,BART_041.basePlot.vst,2017-07-10,vst_BART_2017,D01,BART,BART_041,NEON.PLA.D01.BART.00319,single bole tree,42.9,130,19.8
eb962b1b-24d3-4f27-8f85-c45372012406,BART_034.basePlot.vst,2017-07-10,vst_BART_2017,D01,BART,BART_034,NEON.PLA.D01.BART.02781A,multi-bole tree,NA,NA,NA
af13da9b-a7fc-4bc1-a245-c88a3536fd7c,BART_041.basePlot.vst,2017-07-10,vst_BART_2017,D01,BART,BART_041,NEON.PLA.D01.BART.00809A,multi-bole tree,38.4,130,NA
d8d8590f-8044-4e94-93ee-9bddc2187c8b,BART_034.basePlot.vst,2017-07-10,vst_BART_2017,D01,BART,BART_034,NEON.PLA.D01.BART.00807,single bole tree,11.5,130,6.3
59086814-bdd6-4e02-8d30-dc140f8647a5,BART_041.basePlot.vst,2017-07-10,vst_BART_2017,D01,BART,BART_041,NEON.PLA.D01.BART.00322,single bole tree,11.8,130,7.6
75474d82-39d0-4638-a1d5-aee2ae807143,BART_034.basePlot.vst,2017-07-10,vst_BART_2017,D01,BART,BART_034,NEON.PLA.D01.BART.02779,single bole tree,12.0,130,12.9
1136c186-a1ff-4fbc-ae24-7ab03b3d071d,BART_034.basePlot.vst,2017-07-10,vst_BART_2017,D01,BART,BART_034,NEON.PLA.D01.BART.00944,single bole tree,28.4,130,21.4
0562097b-a8dc-4186-880f-337e876c979a,BART_034.basePlot.vst,2017-07-10,vst_BART_2017,D01,BART,BART_034,NEON.PLA.D01.BART.02965,single bole tree,13.9,130,10.1
8d91c5ee-68d4-44d5-a44d-e2129ee14229,BART_041.basePlot.vst,2017-07-10,vst_BART_2017,D01,BART,BART_041,NEON.PLA.D01.BART.04409,single bole tree,10.5,130,13.4
e7011043-7e5f-4e3b-aa84-61d30ba5440e,BART_041.basePlot.vst,2017-07-10,vst_BART_2017,D01,BART,BART_041,NEON.PLA.D01.BART.00333,single bole tree,15.1,130,1.5
68783b79-40fb-4919-a307-698e69e78ef1,BART_041.basePlot.vst,2017-07-10,vst_BART_2017,D01,BART,BART_041,NEON.PLA.D01.BART.00310,multi-bole tree,16.1,200,20.4
f099fdea-3a76-415c-b293-28e4887f4a91,BART_041.basePlot.vst,2017-07-10,vst_BART_2017,D01,BART,BART_041,NEON.PLA.D01.BART.00309,single bole tree,10.5,130,6.0
863edc06-d5b3-45fb-b18c-f7572521f180,BART_034.basePlot.vst,2017-07-10,vst_BART_2017,D01,BART,BART_034,NEON.PLA.D01.BART.02970,single bole tree,18.4,130,12.6
b9f6ba1c-9301-4ba7-929f-cb19a8087606,BART_034.basePlot.vst,2017-07-10,vst_BART_2017,D01,BART,BART_034,NEON.PLA.D01.BART.00367,single bole tree,18.1,130,14.6
af85ca06-225d-4443-9034-398222f2923b,BART_041.basePlot.vst,2017-07-10,vst_BART_2017,D01,BART,BART_041,NEON.PLA.D01.BART.02858,single bole tree,18.5,130,13.4
86a8a643-496d-437a-a362-244121882a44,BART_041.basePlot.vst,2017-07-10,vst_BART_2017,D01,BART,BART_041,NEON.PLA.D01.BART.02738,single bole tree,17.1,130,9.0
2da8e900-7444-4fe7-bf42-a67e868b1e9b,BART_034.basePlot.vst,2017-07-10,vst_BART_2017,D01,BART,BART_034,NEON.PLA.D01.BART.01863,single bole tree,47.1,130,17.2
b96d1f32-2e61-4e04-8d1c-f1bc56dc27aa,BART_034.basePlot.vst,2017-07-10,vst_BART_2017,D01,BART,BART_034,NEON.PLA.D01.BART.02959,single bole tree,NA,NA,NA
5886fc75-93ed-4bfc-a31c-32ebfde05786,BART_034.basePlot.vst,2017-07-10,vst_BART_2017,D01,BART,BART_034,NEON.PLA.D01.BART.02962,single bole tree,15.3,130,10.7
5573ac3a-d149-425a-9cfb-1b5ea4956192,BART_041.basePlot.vst,2017-07-10,vst_BART_2017,D01,BART,BART_041,NEON.PLA.D01.BART.02791A,multi-bole tree,32.5,130,NA
b27870c3-84ce-4350-89ef-2b9f1b254184,BART_041.basePlot.vst,2017-07-10,vst_BART_2017,D01,BART,BART_041,NEON.PLA.D01.BART.00301,single bole tree,16.0,130,13.1
102cf3cd-2d79-4738-9081-8996fe02ffa7,BART_041.basePlot.vst,2017-07-10,vst_BART_2017,D01,BART,BART_041,NEON.PLA.D01.BART.00334,single bole tree,19.5,130,11.1
87fdef9e-1db8-478e-b90d-d887e43607c5,BART_034.basePlot.vst,2017-07-10,vst_BART_2017,D01,BART,BART_034,NEON.PLA.D01.BART.02780,NA,NA,NA,NA
d12ba69f-3644-4aef-a6b1-2d8a486d526f,BART_034.basePlot.vst,2017-07-10,vst_BART_2017,D01,BART,BART_034,NEON.PLA.D01.BART.02781,multi-bole tree,33.7,130,23.8
92a71c51-d018-4213-855c-b0a4adfcf95f,BART_034.basePlot.vst,2017-07-10,vst_BART_2017,D01,BART,BART_034,NEON.PLA.D01.BART.00877,single bole tree,41.4,130,17.9
201d9562-89fd-47f9-b3e3-5a7601eb9ae3,BART_041.basePlot.vst,2017-07-10,vst_BART_2017,D01,BART,BART_041,NEON.PLA.D01.BART.02973,single bole tree,10.9,130,10.5
7a83c019-d58e-4d69-bc35-78e5d4aa1a9e,BART_034.basePlot.vst,2017-07-10,vst_BART_2017,D01,BART,BART_034,NEON.PLA.D01.BART.02967,single bole tree,40.4,130,16.5
9563df3a-e9ec-40b8-9ae9-8abee46a2dc5,BART_041.basePlot.vst,2017-07-10,vst_BART_2017,D01,BART,BART_041,NEON.PLA.D01.BART.00875,single bole tree,19.5,130,10.7
66fa468a-3bf6-46a3-9d33-b06b7fcaeb9b,BART_041.basePlot.vst,2017-07-10,vst_BART_2017,D01,BART,BART_041,NEON.PLA.D01.BART.00328,single bole tree,26.1,130,17.7
5d87f51a-712a-4fbc-b0d1-9aa2e145a126,BART_034.basePlot.vst,2017-07-10,vst_BART_2017,D01,BART,BART_034,NEON.PLA.D01.BART.02966,small tree,29.2,130,18.3
b61dc829-d77b-485c-96f0-d877c4f5ada7,BART_034.basePlot.vst,2017-07-10,vst_BART_2017,D01,BART,BART_034,NEON.PLA.D01.BART.02963,single bole tree,40.6,130,20.5
a121e1e3-7c06-4591-9f0e-7137700f99e4,BART_034.basePlot.vst,2017-07-10,vst_BART_2017,D01,BART,BART_034,NEON.PLA.D01.BART.00805,multi-bole tree,41.2,190,23.8
5174cdd7-fe0a-4e32-bdb0-8c146877a59e,BART_034.basePlot.vst,2017-07-10,vst_BART_2017,D01,BART,BART_034,NEON.PLA.D01.BART.02955,multi-bole tree,25.4,130,22.4
a6c39f8f-6b77-4838-bb8b-034b29c83d5a,BART_041.basePlot.vst,2017-07-10,vst_BART_2017,D01,BART,BART_041,NEON.PLA.D01.BART.00314,single bole tree,17.3,130,9.5
dbb3d1c6-8c9d-4464-8840-2f9e5eed1144,BART_041.basePlot.vst,2017-07-10,vst_BART_2017,D01,BART,BART_041,NEON.PLA.D01.BART.00996,single bole tree,29.1,130,13.0
9670499d-4554-4025-bbf8-abec2323c1b0,BART_034.basePlot.vst,2017-07-10,vst_BART_2017,D01,BART,BART_034,NEON.PLA.D01.BART.02971,single bole tree,NA,NA,NA
42234f99-39c0-466e-87fc-1de4c01e35b1,BART_034.basePlot.vst,2017-07-10,vst_BART_2017,D01,BART,BART_034,NEON.PLA.D01.BART.04955,single bole tree,17.6,130,16.4
daa69200-0d82-4acd-abbc-b26e3307158b,BART_034.basePlot.vst,2017-07-10,vst_BART_2017,D01,BART,BART_034,NEON.PLA.D01.BART.06023,single bole tree,20.6,130,17.6
2e245f79-5a4a-482a-b1ee-1da455c7553d,BART_034.basePlot.vst,2017-07-10,vst_BART_2017,D01,BART,BART_034,NEON.PLA.D01.BART.02775,single bole tree,11.6,130,2.4
1fe501db-4253-442e-9239-752007463782,BART_041.basePlot.vst,2017-07-10,vst_BART_2017,D01,BART,BART_041,NEON.PLA.D01.BART.00811,single bole tree,26.9,130,18.6
bc8ac5d9-16aa-4132-a300-3ddb77a217ef,BART_034.basePlot.vst,2017-07-10,vst_BART_2017,D01,BART,BART_034,NEON.PLA.D01.BART.02969,single bole tree,15.6,130,15.5
41b73407-f4cc-4163-9d4d-759244575862,BART_034.basePlot.vst,2017-07-10,vst_BART_2017,D01,BART,BART_034,NEON.PLA.D01.BART.02964,single bole tree,NA,NA,NA
8b6b57ad-f7ab-4a47-baf6-4855eef7d877,BART_041.basePlot.vst,2017-07-10,vst_BART_2017,D01,BART,BART_041,NEON.PLA.D01.BART.00318,single bole tree,26.1,130,19.5
780105df-643a-4411-a922-62c807189b0e,BART_041.basePlot.vst,2017-07-10,vst_BART_2017,D01,BART,BART_041,NEON.PLA.D01.BART.02791,multi-bole tree,39.5,130,24.7
b13d85cb-64cb-4351-9e31-c9fa64691598,BART_039.basePlot.vst,2017-07-10,vst_BART_2017,D01,BART,BART_039,NEON.PLA.D01.BART.03823,single bole tree,15.9,130,13.0
9690ee98-5e7b-48b0-a641-40df49e44e2b,BART_039.basePlot.vst,2017-07-10,vst_BART_2017,D01,BART,BART_039,NEON.PLA.D01.BART.03870,single bole tree,12.7,130,8.7
94c03095-109f-4872-9be2-8e6b24e872f2,BART_039.basePlot.vst,2017-07-10,vst_BART_2017,D01,BART,BART_039,NEON.PLA.D01.BART.03711,single bole tree,48.6,130,19.5
de87988c-219b-401c-9907-0acd0b1ccb9f,BART_039.basePlot.vst,2017-07-10,vst_BART_2017,D01,BART,BART_039,NEON.PLA.D01.BART.03821,single bole tree,39.2,130,18.2
1f8f163b-7bb3-4758-9ec2-b5b7987dbf64,BART_039.basePlot.vst,2017-07-10,vst_BART_2017,D01,BART,BART_039,NEON.PLA.D01.BART.02901,single bole tree,21.1,130,13.5
0ddb08df-0329-44dc-85cd-d45f58d7351d,BART_039.basePlot.vst,2017-07-10,vst_BART_2017,D01,BART,BART_039,NEON.PLA.D01.BART.03884,single bole tree,18.6,130,4.0
8e316fdd-1aa8-4e64-924e-5ef544aef9de,BART_039.basePlot.vst,2017-07-10,vst_BART_2017,D01,BART,BART_039,NEON.PLA.D01.BART.02904,multi-bole tree,23.7,130,14.3
209b8482-9ff8-46c6-a6be-803f19e7d30f,BART_039.basePlot.vst,2017-07-10,vst_BART_2017,D01,BART,BART_039,NEON.PLA.D01.BART.03964,single bole tree,NA,NA,NA
3dc62220-67e5-4173-9a8b-58f24cb45660,BART_039.basePlot.vst,2017-07-10,vst_BART_2017,D01,BART,BART_039,NEON.PLA.D01.BART.03703,single bole tree,24.0,130,15.3
d59c04ef-83d6-4deb-8e45-5e0bb4e93827,BART_039.basePlot.vst,2017-07-10,vst_BART_2017,D01,BART,BART_039,NEON.PLA.D01.BART.02909,single bole tree,23.3,130,13.6
30d2fa7a-9cf4-4ad2-b707-f7fd3793372e,BART_039.basePlot.vst,2017-07-10,vst_BART_2017,D01,BART,BART_039,NEON.PLA.D01.BART.02906,single bole tree,19.1,130,17.7
c1840f2b-caf9-48db-afd6-15f1fe72c02d,BART_039.basePlot.vst,2017-07-10,vst_BART_2017,D01,BART,BART_039,NEON.PLA.D01.BART.03715,single bole tree,26.1,130,15.3
c53935e9-8da5-4e43-88d0-4dd4aa2b4baa,BART_039.basePlot.vst,2017-07-10,vst_BART_2017,D01,BART,BART_039,NEON.PLA.D01.BART.03862,single bole tree,13.1,130,2.4
8f389da4-4d43-46d0-a94d-cc730baa079e,BART_039.basePlot.vst,2017-07-10,vst_BART_2017,D01,BART,BART_039,NEON.PLA.D01.BART.03975,single bole tree,13.7,130,10.1
463af6c1-59b4-468b-9f7f-e08794e576c6,BART_039.basePlot.vst,2017-07-10,vst_BART_2017,D01,BART,BART_039,NEON.PLA.D01.BART.03979,single bole tree,13.6,130,14.2
2e2544f3-8fa2-4410-adf7-d1cc59df2312,BART_039.basePlot.vst,2017-07-10,vst_BART_2017,D01,BART,BART_039,NEON.PLA.D01.BART.03864,single bole tree,21.3,130,16.8
9c435409-cbdd-4a3f-a7c5-76dbd40cb87e,BART_039.basePlot.vst,2017-07-10,vst_BART_2017,D01,BART,BART_039,NEON.PLA.D01.BART.03885,single bole tree,35.8,130,23.6
c558e2ac-93fa-43b5-b6b8-7d47e939957f,BART_039.basePlot.vst,2017-07-10,vst_BART_2017,D01,BART,BART_039,NEON.PLA.D01.BART.03826,single bole tree,35.4,130,11.1
2a42920f-a90f-4c80-962f-9e5a2570a56d,BART_039.basePlot.vst,2017-07-10,vst_BART_2017,D01,BART,BART_039,NEON.PLA.D01.BART.03701,multi-bole tree,26.7,160,16.4
8dbafaff-9c47-491c-a4f4-6da16746720e,BART_039.basePlot.vst,2017-07-10,vst_BART_2017,D01,BART,BART_039,NEON.PLA.D01.BART.03773,single bole tree,11.9,130,8.6
fb7525a3-7fd4-4db1-9f12-30bec87fe20c,BART_039.basePlot.vst,2017-07-10,vst_BART_2017,D01,BART,BART_039,NEON.PLA.D01.BART.03966,single bole tree,13.4,130,14.5
fa5013ef-a012-4d2d-b5bb-3675abc3351d,BART_039.basePlot.vst,2017-07-10,vst_BART_2017,D01,BART,BART_039,NEON.PLA.D01.BART.03866,single bole tree,25.4,130,16.9
71fa24bd-f9bd-4d02-953a-78e9ead06f73,BART_039.basePlot.vst,2017-07-10,vst_BART_2017,D01,BART,BART_039,NEON.PLA.D01.BART.03867,single bole tree,42.7,130,20.6
7a789573-3240-4bfb-81cc-2d0effb49fc3,BART_039.basePlot.vst,2017-07-10,vst_BART_2017,D01,BART,BART_039,NEON.PLA.D01.BART.03807,single bole tree,25.0,130,15.2
88b75da3-2b15-4f1d-bd7f-fce53b0e6244,BART_039.basePlot.vst,2017-07-10,vst_BART_2017,D01,BART,BART_039,NEON.PLA.D01.BART.03814,single bole tree,22.5,130,13.2
70fd7406-197c-46a1-8d71-44c81658c014,BART_039.basePlot.vst,2017-07-10,vst_BART_2017,D01,BART,BART_039,NEON.PLA.D01.BART.03810,single bole tree,29.1,130,12.8
03bbfa9a-06da-404b-b669-a4fddccc7b82,BART_039.basePlot.vst,2017-07-10,vst_BART_2017,D01,BART,BART_039,NEON.PLA.D01.BART.03874,single bole tree,36.7,130,4.2
41506abf-da38-468b-88d2-203dddaaa707,BART_039.basePlot.vst,2017-07-10,vst_BART_2017,D01,BART,BART_039,NEON.PLA.D01.BART.03882,single bole tree,24.1,130,15.5
bb7d1353-9f4c-4e01-a61e-96d19302b550,BART_039.basePlot.vst,2017-07-10,vst_BART_2017,D01,BART,BART_039,NEON.PLA.D01.BART.03706,single bole tree,30.0,130,17.7
bd9caf72-8f42-40c7-94c5-d6b0cb209973,BART_039.basePlot.vst,2017-07-10,vst_BART_2017,D01,BART,BART_039,NEON.PLA.D01.BART.03611,single bole tree,41.1,130,18.8
49c7f0e5-ca9a-4c38-b1a4-2a1f2ffe9d08,BART_039.basePlot.vst,2017-07-10,vst_BART_2017,D01,BART,BART_039,NEON.PLA.D01.BART.04169,single bole tree,10.0,130,12.0
670a97b4-8776-441c-abee-d67d2d1bd14e,BART_039.basePlot.vst,2017-07-10,vst_BART_2017,D01,BART,BART_039,NEON.PLA.D01.BART.03969,single bole tree,10.4,130,11.3
5dd33d9c-df51-420d-a994-2b7eaef0cdc3,BART_039.basePlot.vst,2017-07-10,vst_BART_2017,D01,BART,BART_039,NEON.PLA.D01.BART.02907,single bole tree,15.8,130,2.2
a7edcd6e-50cb-47e3-9390-7c00aec43e23,BART_039.basePlot.vst,2017-07-10,vst_BART_2017,D01,BART,BART_039,NEON.PLA.D01.BART.03968,single bole tree,20.6,130,11.2
bc329847-4063-4327-90c9-c5c45141e497,BART_039.basePlot.vst,2017-07-10,vst_BART_2017,D01,BART,BART_039,NEON.PLA.D01.BART.03825,single bole tree,20.7,130,12.6
3cf5fd3e-f9a3-4dd2-973f-7e7bb736debb,BART_039.basePlot.vst,2017-07-10,vst_BART_2017,D01,BART,BART_039,NEON.PLA.D01.BART.02908,single bole tree,10.0,150,9.3
c2520e84-d969-4cd9-8f6f-e6e0c750b820,BART_039.basePlot.vst,2017-07-10,vst_BART_2017,D01,BART,BART_039,NEON.PLA.D01.BART.02905,single bole tree,29.4,130,19.4
099eb61a-d73e-46f9-bc96-3fdcb4390a3e,BART_039.basePlot.vst,2017-07-10,vst_BART_2017,D01,BART,BART_039,NEON.PLA.D01.BART.04753,single bole tree,20.9,130,14.6
f656b64f-f685-4d7d-b41d-e30ed9ec8f9a,BART_039.basePlot.vst,2017-07-10,vst_BART_2017,D01,BART,BART_039,NEON.PLA.D01.BART.03705,single bole tree,27.9,130,15.8
55252a98-39c4-44e6-939f-4f942335d98d,BART_039.basePlot.vst,2017-07-10,vst_BART_2017,D01,BART,BART_039,NEON.PLA.D01.BART.03824,single bole tree,NA,NA,NA
78af56af-cca8-401c-8097-4ebd29996fad,BART_039.basePlot.vst,2017-07-10,vst_BART_2017,D01,BART,BART_039,NEON.PLA.D01.BART.02902,single bole tree,27.9,130,12.7
e318aab0-e417-4040-aed7-d119df4b4695,BART_039.basePlot.vst,2017-07-10,vst_BART_2017,D01,BART,BART_039,NEON.PLA.D01.BART.03994,single bole tree,17.7,130,5.5
bffddd65-19ad-4830-af78-d080ea0328f4,BART_039.basePlot.vst,2017-07-10,vst_BART_2017,D01,BART,BART_039,NEON.PLA.D01.BART.03865,single bole tree,38.2,130,21.4
c9e6b312-e2cd-4651-91ba-2974313ff210,BART_039.basePlot.vst,2017-07-10,vst_BART_2017,D01,BART,BART_039,NEON.PLA.D01.BART.03704,single bole tree,13.5,130,10.7
1d730820-9136-45f2-b6b0-47433be2acdb,BART_039.basePlot.vst,2017-07-10,vst_BART_2017,D01,BART,BART_039,NEON.PLA.D01.BART.03809,multi-bole tree,25.7,130,13.9
3d70854a-dda3-4e85-b4c1-b82032fd03bf,BART_039.basePlot.vst,2017-07-10,vst_BART_2017,D01,BART,BART_039,NEON.PLA.D01.BART.03621,single bole tree,28.3,130,13.6
27331133-3e73-41c4-8657-755604682bcd,BART_039.basePlot.vst,2017-07-10,vst_BART_2017,D01,BART,BART_039,NEON.PLA.D01.BART.03770,multi-bole tree,21.1,130,18.0
1847a1fd-1264-47cc-8c63-b6f7a850de6c,BART_039.basePlot.vst,2017-07-10,vst_BART_2017,D01,BART,BART_039,NEON.PLA.D01.BART.02903,single bole tree,48.9,130,21.5
e69361c4-7519-4206-a860-76762dd0481a,BART_039.basePlot.vst,2017-07-10,vst_BART_2017,D01,BART,BART_039,NEON.PLA.D01.BART.03879,single bole tree,23.7,130,12.4
c56cd413-8a0b-4eeb-856d-8c35966e70f5,BART_039.basePlot.vst,2017-07-10,vst_BART_2017,D01,BART,BART_039,NEON.PLA.D01.BART.03883,single bole tree,13.9,130,12.8
b18e7b02-d2c6-4047-9b1e-d716202cedee,BART_039.basePlot.vst,2017-07-10,vst_BART_2017,D01,BART,BART_039,NEON.PLA.D01.BART.03822,single bole tree,28.8,130,18.7
50d71464-b033-4f0e-883a-4b8cea6323a4,BART_074.basePlot.vst,2017-07-10,vst_BART_2017,D01,BART,BART_074,NEON.PLA.D01.BART.05215,single bole tree,14.0,130,10.1
91c02643-1902-4b92-830d-38d94e2094f2,BART_074.basePlot.vst,2017-07-10,vst_BART_2017,D01,BART,BART_074,NEON.PLA.D01.BART.05142,single bole tree,41.4,130,19.0
de1bcb82-777d-45dc-829c-21333aa5c1ae,BART_074.basePlot.vst,2017-07-10,vst_BART_2017,D01,BART,BART_074,NEON.PLA.D01.BART.05201,single bole tree,19.5,130,15.5
1c87efc3-1dbc-4b8a-9140-c32a909013af,BART_074.basePlot.vst,2017-07-10,vst_BART_2017,D01,BART,BART_074,NEON.PLA.D01.BART.05216,single bole tree,26.0,130,16.5
673bd445-91ac-40bf-b399-9cca523f4c1c,BART_074.basePlot.vst,2017-07-10,vst_BART_2017,D01,BART,BART_074,NEON.PLA.D01.BART.05221,single bole tree,29.8,130,19.3
72837b48-fafe-4953-a737-95f631737ca9,BART_074.basePlot.vst,2017-07-10,vst_BART_2017,D01,BART,BART_074,NEON.PLA.D01.BART.05139,single bole tree,12.5,130,8.3
ec8224f7-fe02-43a6-9650-676632d5f346,BART_074.basePlot.vst,2017-07-10,vst_BART_2017,D01,BART,BART_074,NEON.PLA.D01.BART.05121,single bole tree,12.9,130,14.1
05660110-a663-4813-93a7-ef720ded64ab,BART_074.basePlot.vst,2017-07-10,vst_BART_2017,D01,BART,BART_074,NEON.PLA.D01.BART.05120,single bole tree,17.5,130,16.6
c293b4c0-b199-4d5f-8b73-67231d686595,BART_074.basePlot.vst,2017-07-10,vst_BART_2017,D01,BART,BART_074,NEON.PLA.D01.BART.05220,single bole tree,18.7,130,10.6
9717797b-bdec-46a2-976c-a21bba7b9011,BART_074.basePlot.vst,2017-07-10,vst_BART_2017,D01,BART,BART_074,NEON.PLA.D01.BART.05207,single bole tree,32.6,130,16.5
189b99b9-de42-46e6-83c0-60023e40df85,BART_074.basePlot.vst,2017-07-10,vst_BART_2017,D01,BART,BART_074,NEON.PLA.D01.BART.05133,single bole tree,16.8,130,9.3
31e483ca-2175-41db-8272-c8bea9fbe06f,BART_074.basePlot.vst,2017-07-10,vst_BART_2017,D01,BART,BART_074,NEON.PLA.D01.BART.05211,single bole tree,33.4,130,18.1
575b42e5-0fcd-443e-9189-2b914a90a1e9,BART_074.basePlot.vst,2017-07-10,vst_BART_2017,D01,BART,BART_074,NEON.PLA.D01.BART.05214,single bole tree,11.7,130,5.2
34ea2fa5-2c0b-4bad-bcab-346b51e31d15,BART_074.basePlot.vst,2017-07-10,vst_BART_2017,D01,BART,BART_074,NEON.PLA.D01.BART.05132,single bole tree,34.0,130,20.5
a16b4ff9-b21b-45c7-a340-935d569b0011,BART_074.basePlot.vst,2017-07-10,vst_BART_2017,D01,BART,BART_074,NEON.PLA.D01.BART.05146,single bole tree,34.7,130,14.7
95dd024d-f676-4b2a-8025-4b2948481f04,BART_074.basePlot.vst,2017-07-10,vst_BART_2017,D01,BART,BART_074,NEON.PLA.D01.BART.05208,single bole tree,36.4,130,16.3
e83aa3a4-254c-4c44-b9cf-e819107097a7,BART_074.basePlot.vst,2017-07-10,vst_BART_2017,D01,BART,BART_074,NEON.PLA.D01.BART.05206,single bole tree,54.9,130,21.6
f07997e8-fe43-42f2-adce-40fbbd9d2d79,BART_074.basePlot.vst,2017-07-10,vst_BART_2017,D01,BART,BART_074,NEON.PLA.D01.BART.05135,single bole tree,35.3,130,17.1
f556b68d-2460-4e42-b193-ab04301effd9,BART_074.basePlot.vst,2017-07-10,vst_BART_2017,D01,BART,BART_074,NEON.PLA.D01.BART.05144,single bole tree,29.1,130,17.5
fc593fe0-ccf7-4c97-8702-105ddf46a1b0,BART_074.basePlot.vst,2017-07-10,vst_BART_2017,D01,BART,BART_074,NEON.PLA.D01.BART.05149,single bole tree,35.1,130,18.7
b2bfa2b8-20bf-47c0-8bfc-40de0babe720,BART_074.basePlot.vst,2017-07-10,vst_BART_2017,D01,BART,BART_074,NEON.PLA.D01.BART.05145,single bole tree,47.5,130,18.7
f7f76aa3-8059-4524-912f-96c3d51b4de0,BART_074.basePlot.vst,2017-07-10,vst_BART_2017,D01,BART,BART_074,NEON.PLA.D01.BART.05217,single bole tree,16.6,130,16.2
ac8867aa-1d22-4561-a5bb-72d0f173b76a,BART_074.basePlot.vst,2017-07-10,vst_BART_2017,D01,BART,BART_074,NEON.PLA.D01.BART.05222,single bole tree,15.9,130,14.9
833eaf7e-e91e-470a-b445-f6e6a6cdddd1,BART_074.basePlot.vst,2017-07-10,vst_BART_2017,D01,BART,BART_074,NEON.PLA.D01.BART.05203,single bole tree,11.5,130,12.3
4d42c2ee-95fe-4b51-9a2e-e55bcfece867,BART_074.basePlot.vst,2017-07-10,vst_BART_2017,D01,BART,BART_074,NEON.PLA.D01.BART.05696,single bole tree,19.4,130,19.0
ea95f74c-0802-4448-9bac-4b55a02570aa,BART_074.basePlot.vst,2017-07-10,vst_BART_2017,D01,BART,BART_074,NEON.PLA.D01.BART.05140,single bole tree,30.9,130,18.1
ba50b156-6477-4a12-8c0b-08b42340de7a,BART_074.basePlot.vst,2017-07-10,vst_BART_2017,D01,BART,BART_074,NEON.PLA.D01.BART.05212,single bole tree,23.0,130,15.7
68acd341-80f9-4be5-9a73-df86fe3f03f0,BART_074.basePlot.vst,2017-07-10,vst_BART_2017,D01,BART,BART_074,NEON.PLA.D01.BART.05209,single bole tree,24.1,130,14.1
1a3b63a1-efbb-47c4-b9a8-4120a7f64542,BART_074.basePlot.vst,2017-07-10,vst_BART_2017,D01,BART,BART_074,NEON.PLA.D01.BART.05136,single bole tree,40.9,130,17.3
554f7ff0-8c6c-4bde-8ced-869cbfc5cb90,BART_074.basePlot.vst,2017-07-10,vst_BART_2017,D01,BART,BART_074,NEON.PLA.D01.BART.05210,single bole tree,47.5,130,18.4
e5e994c0-be2e-4c7c-861b-49041bf4f2bb,BART_074.basePlot.vst,2017-07-10,vst_BART_2017,D01,BART,BART_074,NEON.PLA.D01.BART.05219,single bole tree,26.9,130,13.3
9f31d0eb-4c3c-425d-8466-1940f57981e6,BART_074.basePlot.vst,2017-07-10,vst_BART_2017,D01,BART,BART_074,NEON.PLA.D01.BART.05137,single bole tree,13.5,130,12.0
ad5b14f9-9bf3-4cf8-868f-4533aba5ad6a,BART_074.basePlot.vst,2017-07-10,vst_BART_2017,D01,BART,BART_074,NEON.PLA.D01.BART.05122,single bole tree,17.4,130,16.3
4c94c3d2-753e-40de-8c12-66fcee787327,BART_074.basePlot.vst,2017-07-10,vst_BART_2017,D01,BART,BART_074,NEON.PLA.D01.BART.05204,single bole tree,15.3,130,10.1
f4262603-4504-4100-a479-f605a42d9a90,BART_074.basePlot.vst,2017-07-10,vst_BART_2017,D01,BART,BART_074,NEON.PLA.D01.BART.05205,single bole tree,10.5,130,10.6
54bab7db-41da-4c57-bb9b-7665623f797f,BART_074.basePlot.vst,2017-07-10,vst_BART_2017,D01,BART,BART_074,NEON.PLA.D01.BART.05131,single bole tree,34.4,130,20.1
ef5d07a5-f4b2-4be3-8bc9-75a6bb1b5b6d,BART_074.basePlot.vst,2017-07-10,vst_BART_2017,D01,BART,BART_074,NEON.PLA.D01.BART.05148,single bole tree,38.1,130,19.7
c1f75543-f1ce-4a13-a17e-7580f665a36b,BART_074.basePlot.vst,2017-07-10,vst_BART_2017,D01,BART,BART_074,NEON.PLA.D01.BART.05138,single bole tree,18.8,130,11.1
c4032e5d-41f1-422c-b072-b8950bbfb035,BART_074.basePlot.vst,2017-07-10,vst_BART_2017,D01,BART,BART_074,NEON.PLA.D01.BART.05141,single bole tree,28.1,130,20.4
69914cb8-2410-4952-9444-50bdc0178f15,BART_074.basePlot.vst,2017-07-10,vst_BART_2017,D01,BART,BART_074,NEON.PLA.D01.BART.05218,single bole tree,13.8,130,7.7
fda39ec5-a350-41e5-94ed-c0463995885f,BART_074.basePlot.vst,2017-07-10,vst_BART_2017,D01,BART,BART_074,NEON.PLA.D01.BART.05134,single bole tree,19.0,130,8.4
c57d6421-8516-4944-9d49-7329d0802624,BART_074.basePlot.vst,2017-07-10,vst_BART_2017,D01,BART,BART_074,NEON.PLA.D01.BART.05202,single bole tree,33.3,130,18.6
206ae60d-2b9a-4430-90fa-49879b3c8e63,BART_074.basePlot.vst,2017-07-10,vst_BART_2017,D01,BART,BART_074,NEON.PLA.D01.BART.05213,single bole tree,17.6,130,11.5
91d090dc-0de1-48ae-9593-33fe7a44142e,BART_074.basePlot.vst,2017-07-10,vst_BART_2017,D01,BART,BART_074,NEON.PLA.D01.BART.05119,single bole tree,36.7,130,19.2
55f01685-7663-4816-ac3f-243057e63ed0,BART_074.basePlot.vst,2017-07-10,vst_BART_2017,D01,BART,BART_074,NEON.PLA.D01.BART.05143,single bole tree,17.9,130,10.3
d3f4fef7-4341-4a3a-953c-64cb6567ddd8,BART_074.basePlot.vst,2017-07-10,vst_BART_2017,D01,BART,BART_074,NEON.PLA.D01.BART.05223,single bole tree,17.0,150,17.0
e07f5df9-a54e-40a5-a00d-ab04e8eb36c8,BART_074.basePlot.vst,2017-07-10,vst_BART_2017,D01,BART,BART_074,NEON.PLA.D01.BART.05150,single bole tree,22.8,130,18.3
2f7cb981-fd26-4880-aae8-b903eb388369,BART_033.basePlot.vst,2017-07-10,vst_BART_2017,D01,BART,BART_033,NEON.PLA.D01.BART.02311,single bole tree,10.3,130,11.5
0f50e81e-2d00-479b-8810-76d431b40672,BART_033.basePlot.vst,2017-07-10,vst_BART_2017,D01,BART,BART_033,NEON.PLA.D01.BART.02314,single bole tree,15.1,130,13.7
fa82079f-ba11-4da5-9437-b3764e41f054,BART_033.basePlot.vst,2017-07-10,vst_BART_2017,D01,BART,BART_033,NEON.PLA.D01.BART.06106,single bole tree,23.9,130,18.4
a8ac2fa2-7fe7-4f7f-8e7d-1eff6e937df1,BART_033.basePlot.vst,2017-07-10,vst_BART_2017,D01,BART,BART_033,NEON.PLA.D01.BART.06110,single bole tree,21.9,130,19.3
a44a3662-6983-49bf-ba6a-5e16ae8fd7d5,BART_033.basePlot.vst,2017-07-10,vst_BART_2017,D01,BART,BART_033,NEON.PLA.D01.BART.02802,single bole tree,10.4,130,9.1
4a2e8aaa-7215-4de9-a6e5-2b307554551d,BART_033.basePlot.vst,2017-07-10,vst_BART_2017,D01,BART,BART_033,NEON.PLA.D01.BART.02927,single bole tree,21.6,130,16.2
9af075a0-6f2e-40d2-bf13-30ab7ceae6f8,BART_033.basePlot.vst,2017-07-10,vst_BART_2017,D01,BART,BART_033,NEON.PLA.D01.BART.02783,single bole tree,19.0,130,15.7
56910250-623d-460d-804b-fa748b8bd2b0,BART_033.basePlot.vst,2017-07-10,vst_BART_2017,D01,BART,BART_033,NEON.PLA.D01.BART.06119,single bole tree,43.5,130,23.7
192c4d3b-109a-4b88-8dc9-bde24505c248,BART_033.basePlot.vst,2017-07-10,vst_BART_2017,D01,BART,BART_033,NEON.PLA.D01.BART.02926,single bole tree,30.9,130,17.4
b792b484-a48c-478b-baad-2faf0a717fa3,BART_033.basePlot.vst,2017-07-10,vst_BART_2017,D01,BART,BART_033,NEON.PLA.D01.BART.02317,single bole tree,19.8,130,12.1
7e157ff3-d745-46a3-8bb5-e585a784afff,BART_033.basePlot.vst,2017-07-10,vst_BART_2017,D01,BART,BART_033,NEON.PLA.D01.BART.02932,single bole tree,23.8,130,19.0
1e811a23-0269-40cf-850c-7e122db17997,BART_033.basePlot.vst,2017-07-10,vst_BART_2017,D01,BART,BART_033,NEON.PLA.D01.BART.04529,single bole tree,16.6,130,15.0
46a1c3d8-4752-41e3-b8d1-c62694c36c71,BART_033.basePlot.vst,2017-07-10,vst_BART_2017,D01,BART,BART_033,NEON.PLA.D01.BART.02322,single bole tree,21.6,130,17.7
b461d431-17bd-46e8-a01d-2e0268638695,BART_033.basePlot.vst,2017-07-10,vst_BART_2017,D01,BART,BART_033,NEON.PLA.D01.BART.02925,single bole tree,21.6,130,16.8
7118cbe3-3da2-4524-8b59-14f55679e6c5,BART_033.basePlot.vst,2017-07-10,vst_BART_2017,D01,BART,BART_033,NEON.PLA.D01.BART.02313,single bole tree,16.8,130,13.0
def1eb6e-6938-41a0-804c-c6ab8617606d,BART_033.basePlot.vst,2017-07-10,vst_BART_2017,D01,BART,BART_033,NEON.PLA.D01.BART.06123,single bole tree,29.5,130,21.3
89a74722-f51d-463d-b8af-a336b96f57f8,BART_033.basePlot.vst,2017-07-10,vst_BART_2017,D01,BART,BART_033,NEON.PLA.D01.BART.06300,single bole tree,33.0,130,20.5
ae0fc363-0cb1-41e4-8770-b3f9e6e9e763,BART_033.basePlot.vst,2017-07-10,vst_BART_2017,D01,BART,BART_033,NEON.PLA.D01.BART.02319,single bole tree,28.3,130,16.8
efef90d7-bfc4-4a36-91a1-96f0d0fdedaa,BART_033.basePlot.vst,2017-07-10,vst_BART_2017,D01,BART,BART_033,NEON.PLA.D01.BART.02935,single bole tree,21.6,130,19.5
706b8c0c-7234-4f5d-8a5e-c2b72c5eb90a,BART_033.basePlot.vst,2017-07-10,vst_BART_2017,D01,BART,BART_033,NEON.PLA.D01.BART.02323,single bole tree,35.9,130,19.8
af02b13f-9aca-4a86-a4ce-8e52a4af8d15,BART_033.basePlot.vst,2017-07-10,vst_BART_2017,D01,BART,BART_033,NEON.PLA.D01.BART.06019,single bole tree,13.4,130,10.3
c4c19893-e692-48c5-a7fc-4dcc12d7274c,BART_033.basePlot.vst,2017-07-10,vst_BART_2017,D01,BART,BART_033,NEON.PLA.D01.BART.02308,NA,NA,NA,NA
ffffb644-0ecb-4762-a0b9-f9cc3b1f65b1,BART_033.basePlot.vst,2017-07-10,vst_BART_2017,D01,BART,BART_033,NEON.PLA.D01.BART.06102,multi-bole tree,16.1,130,15.4
2ad81e7e-ca5a-42c9-8ff5-d83ef12d657b,BART_033.basePlot.vst,2017-07-10,vst_BART_2017,D01,BART,BART_033,NEON.PLA.D01.BART.06109,single bole tree,41.1,130,21.3
a0b6509b-539a-4919-9554-b85b24afc6cb,BART_033.basePlot.vst,2017-07-10,vst_BART_2017,D01,BART,BART_033,NEON.PLA.D01.BART.06117,single bole tree,18.8,130,15.5
729ad68c-ea89-4032-afe1-ef9ea9d2195f,BART_033.basePlot.vst,2017-07-10,vst_BART_2017,D01,BART,BART_033,NEON.PLA.D01.BART.02953,single bole tree,11.3,130,11.5
8343b541-76a6-415e-8226-3b3aa7386732,BART_033.basePlot.vst,2017-07-10,vst_BART_2017,D01,BART,BART_033,NEON.PLA.D01.BART.06063,single bole tree,10.0,130,9.2
048d360e-a82e-46ba-aa17-b4f7b103dd8c,BART_033.basePlot.vst,2017-07-10,vst_BART_2017,D01,BART,BART_033,NEON.PLA.D01.BART.06299,single bole tree,19.8,130,19.3
46cbaf05-7065-4b2c-b778-7a68885ceb3b,BART_033.basePlot.vst,2017-07-10,vst_BART_2017,D01,BART,BART_033,NEON.PLA.D01.BART.02930,single bole tree,17.1,130,15.3
388f5666-484c-4d34-8e19-0f4db3023ce5,BART_033.basePlot.vst,2017-07-10,vst_BART_2017,D01,BART,BART_033,NEON.PLA.D01.BART.06108,single bole tree,16.1,130,12.7
e0fd2ffa-bc2a-4c69-b047-63c98343e1d3,BART_033.basePlot.vst,2017-07-10,vst_BART_2017,D01,BART,BART_033,NEON.PLA.D01.BART.06103,multi-bole tree,12.0,130,10.5
987b97a8-08af-4cce-b865-c91f9b14c841,BART_033.basePlot.vst,2017-07-10,vst_BART_2017,D01,BART,BART_033,NEON.PLA.D01.BART.02321,single bole tree,23.1,110,17.1
d09b8688-f51e-4182-a87a-291a10e8d97d,BART_033.basePlot.vst,2017-07-10,vst_BART_2017,D01,BART,BART_033,NEON.PLA.D01.BART.04514,single bole tree,49.2,130,23.0
c9eb49ee-aeb8-42cf-8ca6-310bd6ebbc40,BART_033.basePlot.vst,2017-07-10,vst_BART_2017,D01,BART,BART_033,NEON.PLA.D01.BART.04515,single bole tree,36.2,130,19.8
b3290b6f-0440-449f-bb99-836fab691f52,BART_033.basePlot.vst,2017-07-10,vst_BART_2017,D01,BART,BART_033,NEON.PLA.D01.BART.02309,NA,NA,NA,NA
26d32611-622b-4206-8421-bd590befef84,BART_033.basePlot.vst,2017-07-10,vst_BART_2017,D01,BART,BART_033,NEON.PLA.D01.BART.02933,single bole tree,22.5,130,16.3
dcca28a0-b319-43b7-a364-72cc1cc27e2a,BART_033.basePlot.vst,2017-07-10,vst_BART_2017,D01,BART,BART_033,NEON.PLA.D01.BART.06105,single bole tree,18.6,130,18.7
a062564c-7a83-4e71-adee-f873eec1fa22,BART_033.basePlot.vst,2017-07-10,vst_BART_2017,D01,BART,BART_033,NEON.PLA.D01.BART.02316,single bole tree,20.7,130,15.9
f17f1e58-1f72-45fd-93f3-57662c481c71,BART_033.basePlot.vst,2017-07-10,vst_BART_2017,D01,BART,BART_033,NEON.PLA.D01.BART.02931,single bole tree,11.8,130,11.4
455dbf18-2136-4182-a9c7-5a8fc4c1dc38,BART_033.basePlot.vst,2017-07-10,vst_BART_2017,D01,BART,BART_033,NEON.PLA.D01.BART.02312,single bole tree,21.6,130,14.9
bf6c4fc3-4200-41b0-aef7-e392f37ab565,BART_033.basePlot.vst,2017-07-10,vst_BART_2017,D01,BART,BART_033,NEON.PLA.D01.BART.02320,single bole tree,10.2,130,9.1
aa724977-d4e6-4401-9ea9-06629c57e095,BART_033.basePlot.vst,2017-07-10,vst_BART_2017,D01,BART,BART_033,NEON.PLA.D01.BART.06101,single bole tree,40.8,130,21.2
8bf6a741-51d0-4e31-b80f-c7ef25746a33,BART_033.basePlot.vst,2017-07-10,vst_BART_2017,D01,BART,BART_033,NEON.PLA.D01.BART.06126,single bole tree,15.8,130,13.8
45ef00b8-5b73-4f82-8ed6-744c35a84831,BART_033.basePlot.vst,2017-07-10,vst_BART_2017,D01,BART,BART_033,NEON.PLA.D01.BART.02928,single bole tree,13.8,130,15.5
b5f8eb62-0885-4f83-8a82-2ec6cd8333e7,BART_033.basePlot.vst,2017-07-10,vst_BART_2017,D01,BART,BART_033,NEON.PLA.D01.BART.02315,single bole tree,15.3,130,11.6
4e964b28-b2eb-4fc5-84d6-11706fded57b,BART_033.basePlot.vst,2017-07-10,vst_BART_2017,D01,BART,BART_033,NEON.PLA.D01.BART.02934,single bole tree,28.4,130,16.2
2c7416ce-0e70-4f5d-a0ee-f6a8042d5df5,BART_033.basePlot.vst,2017-07-10,vst_BART_2017,D01,BART,BART_033,NEON.PLA.D01.BART.02318,single bole tree,18.5,130,9.3
3954b826-0d93-4857-8ecb-2bb347057575,BART_033.basePlot.vst,2017-07-10,vst_BART_2017,D01,BART,BART_033,NEON.PLA.D01.BART.06020,NA,9.9,130,5.2
9b3b1928-a1be-46e2-b882-ebe7f902dab0,BART_033.basePlot.vst,2017-07-10,vst_BART_2017,D01,BART,BART_033,NEON.PLA.D01.BART.06107,single bole tree,16.9,130,20.2
