uid,namedLocation,date,eventID,domainID,siteID,plotID,individualID,growthForm,stemDiameter,measurementHeight,height
99be1510-86ac-41c3-8760-b984564859c3,BART_075.basePlot.vst,2018-09-12,vst_BART_2018,D01,BART,BART_075,NEON.PLA.D01.BART.03230,single bole tree,28.0,130,17.5
f091842f-6758-4153-869f-6240839292fc,BART_075.basePlot.vst,2018-09-12,vst_BART_2018,D01,BART,BART_075,NEON.PLA.D01.BART.03242,single bole tree,23.4,130,17.4
1761912e-be9e-44a3-965e-324a8602a232,BART_036.basePlot.vst,2018-09-12,vst_BART_2018,D01,BART,BART_036,NEON.PLA.D01.BART.04980,single bole tree,19.0,130,18.3
b4a2f5e1-3471-4203-a13b-f29b025eed2e,BART_036.basePlot.vst,2018-09-12,vst_BART_2018,D01,BART,BART_036,NEON.PLA.D01.BART.04990,single bole tree,23.1,130,16.5
24244e90-acd7-4b3f-b3c6-69216787ac56,BART_036.basePlot.vst,2018-09-12,vst_BART_2018,D01,BART,BART_036,NEON.PLA.D01.BART.04555,single bole tree,31.0,130,20.0
3a7ad4f1-94e3-4027-8bae-12f1ec33328c,BART_075.basePlot.vst,2018-09-12,vst_BART_2018,D01,BART,BART_075,NEON.PLA.D01.BART.03226,single bole tree,13.7,130,12.9
ae1cf762-0f34-4a86-9322-fb09124e913b,BART_036.basePlot.vst,2018-09-12,vst_BART_2018,D01,BART,BART_036,NEON.PLA.D01.BART.04537,single bole tree,31.3,130,20.1
ec74380c-42a1-4e98-9854-2e8887463f9f,BART_075.basePlot.vst,2018-09-12,vst_BART_2018,D01,BART,BART_075,NEON.PLA.D01.BART.03286,single bole tree,12.0,130,13.9
73b3125e-c8dd-4ded-b6a4-512d83c17f2d,BART_075.basePlot.vst,2018-09-12,vst_BART_2018,D01,BART,BART_075,NEON.PLA.D01.BART.03224,single bole tree,14.2,130,15.0
326e7eba-3454-4f41-b803-a23cd8663dcd,BART_075.basePlot.vst,2018-09-12,vst_BART_2018,D01,BART,BART_075,NEON.PLA.D01.BART.04499,single bole tree,27.7,130,20.1
da8a3b04-f322-4f16-8eb7-205377d6f79f,BART_036.basePlot.vst,2018-09-12,vst_BART_2018,D01,BART,BART_036,NEON.PLA.D01.BART.04560,single bole tree,15.1,130,16.3
ac2f48d6-a800-4107-96c5-871ae740c364,BART_075.basePlot.vst,2018-09-12,vst_BART_2018,D01,BART,BART_075,NEON.PLA.D01.BART.03278,single bole tree,12.1,130,9.2
5a12bf96-78f8-4dac-bf9f-b76c38614d84,BART_036.basePlot.vst,2018-09-12,vst_BART_2018,D01,BART,BART_036,NEON.PLA.D01.BART.04546,single bole tree,17.0,130,19.7
a36d3f8b-75e6-4d22-b405-273f8745c2e1,BART_075.basePlot.vst,2018-09-12,vst_BART_2018,D01,BART,BART_075,NEON.PLA.D01.BART.03268,single bole tree,28.8,130,20.9
6086be1b-aa41-4c09-a3c6-00dc3ab76d2b,BART_075.basePlot.vst,2018-09-12,vst_BART_2018,D01,BART,BART_075,NEON.PLA.D01.BART.03111,single bole tree,33.7,130,12.9
3cd88297-eaed-46ca-a953-26b68c7b722d,BART_075.basePlot.vst,2018-09-12,vst_BART_2018,D01,BART,BART_075,NEON.PLA.D01.BART.03241,single bole tree,29.9,130,22.9
98139a77-0700-4986-97bd-5b24a1bfeeb1,BART_075.basePlot.vst,2018-09-12,vst_BART_2018,D01,BART,BART_075,NEON.PLA.D01.BART.03229,single bole tree,21.9,130,13.7
c1d92c13-42e9-4fc4-bdd0-9440dbdcfae4,BART_036.basePlot.vst,2018-09-12,vst_BART_2018,D01,BART,BART_036,NEON.PLA.D01.BART.04974,multi-bole tree,43.5,155,20.6
aa4a1683-8938-4b41-9100-ca614f07f4b0,BART_036.basePlot.vst,2018-09-12,vst_BART_2018,D01,BART,BART_036,NEON.PLA.D01.BART.04557,multi-bole tree,22.2,130,13.7
f3919a27-bac3-4956-aec4-42f655503b46,BART_075.basePlot.vst,2018-09-12,vst_BART_2018,D01,BART,BART_075,NEON.PLA.D01.BART.03110,single bole tree,23.9,130,16.3
c6e95461-6ea8-44cf-b90f-74932fdd447c,BART_036.basePlot.vst,2018-09-12,vst_BART_2018,D01,BART,BART_036,NEON.PLA.D01.BART.04989,single bole tree,15.4,130,16.0
c4ac164f-850d-4b62-b3a3-863d07e030b1,BART_075.basePlot.vst,2018-09-12,vst_BART_2018,D01,BART,BART_075,NEON.PLA.D01.BART.03232,single bole tree,36.5,130,22.9
8cd6b8c5-32f8-432b-a240-9cb504ba2928,BART_036.basePlot.vst,2018-09-12,vst_BART_2018,D01,BART,BART_036,NEON.PLA.D01.BART.04562,single bole tree,23.2,130,17.0
286c9ca9-3152-45f3-a490-265bab9271b9,BART_075.basePlot.vst,2018-09-12,vst_BART_2018,D01,BART,BART_075,NEON.PLA.D01.BART.03287,NA,NA,NA,NA
f63747c7-da03-4cfb-9c8a-8c6a993646a7,BART_075.basePlot.vst,2018-09-12,vst_BART_2018,D01,BART,BART_075,NEON.PLA.D01.BART.04494,single bole tree,11.5,130,5.5
bddaf319-c92e-4973-a166-1ad97bb19b80,BART_075.basePlot.vst,2018-09-12,vst_BART_2018,D01,BART,BART_075,NEON.PLA.D01.BART.03233,single bole tree,26.7,130,20.5
c3ee69d5-2dc2-42e3-9e77-186d20433aac,BART_075.basePlot.vst,2018-09-12,vst_BART_2018,D01,BART,BART_075,NEON.PLA.D01.BART.03234,single bole tree,20.7,130,18.7
f1a08580-8096-43e1-9d49-4153eb9772e6,BART_075.basePlot.vst,2018-09-12,vst_BART_2018,D01,BART,BART_075,NEON.PLA.D01.BART.03225,single bole tree,11.6,130,14.5
4bdf392e-fc1f-4399-9f06-e047f3e537f1,BART_036.basePlot.vst,2018-09-12,vst_BART_2018,D01,BART,BART_036,NEON.PLA.D01.BART.04965,single bole tree,18.9,130,7.5
2daa9b88-6b4a-4c89-b245-e5492d980809,BART_036.basePlot.vst,2018-09-12,vst_BART_2018,D01,BART,BART_036,NEON.PLA.D01.BART.04552,single bole tree,29.9,130,17.5
331a6567-6351-43f7-9df5-c0b970564b1d,BART_075.basePlot.vst,2018-09-12,vst_BART_2018,D01,BART,BART_075,NEON.PLA.D01.BART.03156,single bole tree,16.0,130,9.7
e16df1c4-c239-4a21-85f7-207b2dd4f093,BART_036.basePlot.vst,2018-09-12,vst_BART_2018,D01,BART,BART_036,NEON.PLA.D01.BART.04976,single bole tree,43.8,130,20.5
97ce1d20-7704-46c7-bb99-3e025244e368,BART_036.basePlot.vst,2018-09-12,vst_BART_2018,D01,BART,BART_036,NEON.PLA.D01.BART.04545,single bole tree,17.9,130,15.9
2be601f5-858c-4c9e-9757-41bf7a7291fe,BART_036.basePlot.vst,2018-09-12,vst_BART_2018,D01,BART,BART_036,NEON.PLA.D01.BART.04549,single bole tree,30.8,130,11.4
aa068f5c-83e6-4aba-973b-083bd762e1cb,BART_075.basePlot.vst,2018-09-12,vst_BART_2018,D01,BART,BART_075,NEON.PLA.D01.BART.03109,single bole tree,16.4,130,14.8
4381f880-1c14-4578-b810-c57ac935a9f2,BART_075.basePlot.vst,2018-09-12,vst_BART_2018,D01,BART,BART_075,NEON.PLA.D01.BART.04001,single bole tree,52.0,130,19.8
9addfbde-9e68-438d-9b92-33e2f971cf81,BART_036.basePlot.vst,2018-09-12,vst_BART_2018,D01,BART,BART_036,NEON.PLA.D01.BART.04993,single bole tree,14.3,130,13.7
21149b98-a238-43da-80b1-71c503ee1834,BART_036.basePlot.vst,2018-09-12,vst_BART_2018,D01,BART,BART_036,NEON.PLA.D01.BART.04971,single bole tree,11.2,130,12.8
12d570ed-d71c-4d88-8730-97218eb2c8a1,BART_075.basePlot.vst,2018-09-12,vst_BART_2018,D01,BART,BART_075,NEON.PLA.D01.BART.03158,single bole tree,17.8,130,9.9
8f68ee84-b4d5-49e9-b353-493b06633987,BART_036.basePlot.vst,2018-09-12,vst_BART_2018,D01,BART,BART_036,NEON.PLA.D01.BART.04981,single bole tree,11.3,130,18.1
b053932b-57d9-4c9e-b5dd-2c0bd52cd414,BART_036.basePlot.vst,2018-09-12,vst_BART_2018,D01,BART,BART_036,NEON.PLA.D01.BART.04534,single bole tree,31.9,130,14.2
1b51a5fa-477d-4989-bcbe-5cea23b51e6b,BART_036.basePlot.vst,2018-09-12,vst_BART_2018,D01,BART,BART_036,NEON.PLA.D01.BART.04999,single bole tree,16.0,130,9.3
b06839f0-3638-41cf-8f50-10d56b5602a4,BART_075.basePlot.vst,2018-09-12,vst_BART_2018,D01,BART,BART_075,NEON.PLA.D01.BART.03281,single bole tree,13.3,130,10.0
d05c4e5c-6694-4b27-8075-4bb070ba9c5e,BART_075.basePlot.vst,2018-09-12,vst_BART_2018,D01,BART,BART_075,NEON.PLA.D01.BART.03298,multi-bole tree,43.8,130,22.4
e5753044-a449-4f79-900b-a62caeddce68,BART_036.basePlot.vst,2018-09-12,vst_BART_2018,D01,BART,BART_036,NEON.PLA.D01.BART.04986,single bole tree,28.8,130,16.3
05dfda0c-2b61-4a73-bcab-75706ec2ce53,BART_075.basePlot.vst,2018-09-12,vst_BART_2018,D01,BART,BART_075,NEON.PLA.D01.BART.03155,single bole tree,11.1,130,8.2
ec99c37c-dd6b-45e0-885e-7de5f72dc011,BART_036.basePlot.vst,2018-09-12,vst_BART_2018,D01,BART,BART_036,NEON.PLA.D01.BART.05000,single bole tree,31.3,130,15.5
07e69175-a386-41ab-8964-e6191f15013e,BART_075.basePlot.vst,2018-09-12,vst_BART_2018,D01,BART,BART_075,NEON.PLA.D01.BART.04078,single bole tree,67.1,130,19.9
a0b5ad46-56c2-4903-8df5-7f5a8757ac70,BART_036.basePlot.vst,2018-09-12,vst_BART_2018,D01,BART,BART_036,NEON.PLA.D01.BART.04539,single bole tree,10.6,130,12.4
753d6993-de2b-4a6a-854e-c9ef81c15911,BART_036.basePlot.vst,2018-09-12,vst_BART_2018,D01,BART,BART_036,NEON.PLA.D01.BART.06041,single bole tree,10.6,130,15.0
e994945d-acb6-4e2f-be20-c8d54ebfcf14,BART_036.basePlot.vst,2018-09-12,vst_BART_2018,D01,BART,BART_036,NEON.PLA.D01.BART.04542,single bole tree,19.0,130,12.0
ecf06b34-bc86-4c60-bd7d-64907211a724,BART_075.basePlot.vst,2018-09-12,vst_BART_2018,D01,BART,BART_075,NEON.PLA.D01.BART.03237,single bole tree,37.3,130,24.9
8188703f-3adc-4213-a089-0dd668cb2788,BART_075.basePlot.vst,2018-09-12,vst_BART_2018,D01,BART,BART_075,NEON.PLA.D01.BART.03240,single bole tree,10.4,130,10.4
1183f6d4-611c-4434-ad63-e3275a2342ac,BART_036.basePlot.vst,2018-09-12,vst_BART_2018,D01,BART,BART_036,NEON.PLA.D01.BART.04970,single bole tree,28.5,130,20.8
b8e07587-e214-4ea6-a3b0-cb8e418a27b2,BART_075.basePlot.vst,2018-09-12,vst_BART_2018,D01,BART,BART_075,NEON.PLA.D01.BART.04498,single bole tree,32.2,130,19.6
b10e9bc6-82c4-4072-b7cf-dedf33ff7b45,BART_036.basePlot.vst,2018-09-12,vst_BART_2018,D01,BART,BART_036,NEON.PLA.D01.BART.04540,single bole tree,12.6,130,12.6
3c75d923-13fc-45c2-8271-19c80879bec3,BART_036.basePlot.vst,2018-09-12,vst_BART_2018,D01,BART,BART_036,NEON.PLA.D01.BART.04988,single bole tree,19.0,130,14.9
0dd4403f-ce12-42e7-b533-1a52931ecb45,BART_075.basePlot.vst,2018-09-12,vst_BART_2018,D01,BART,BART_075,NEON.PLA.D01.BART.03265,single bole tree,11.0,130,11.1
75f8abfb-e457-4adb-8695-35418860e401,BART_075.basePlot.vst,2018-09-12,vst_BART_2018,D01,BART,BART_075,NEON.PLA.D01.BART.04500,single bole tree,15.8,130,12.7
6770e788-7b91-4f8d-8ae2-d5cf8aba051a,BART_075.basePlot.vst,2018-09-12,vst_BART_2018,D01,BART,BART_075,NEON.PLA.D01.BART.03294,single bole tree,24.0,130,19.3
0e5c26b3-e0da-4502-bf0d-465a213075c1,BART_036.basePlot.vst,2018-09-12,vst_BART_2018,D01,BART,BART_036,NEON.PLA.D01.BART.04563,multi-bole tree,22.8,130,15.7
a8e3bda9-6ad9-45c6-9204-854e0b087729,BART_036.basePlot.vst,2018-09-12,vst_BART_2018,D01,BART,BART_036,NEON.PLA.D01.BART.04547,single bole tree,23.5,130,14.8
eb63c2a9-f4bc-4c4d-8e9a-c64e6c7e4348,BART_036.basePlot.vst,2018-09-12,vst_BART_2018,D01,BART,BART_036,NEON.PLA.D01.BART.04982,multi-bole tree,11.9,130,2.3
56efd2ae-9f9b-40c8-9460-962057c1544a,BART_036.basePlot.vst,2018-09-12,vst_BART_2018,D01,BART,BART_036,NEON.PLA.D01.BART.04565,single bole tree,17.7,130,14.5
c24fba9c-f3ea-440f-a997-edde3ca1c67b,BART_036.basePlot.vst,2018-09-12,vst_BART_2018,D01,BART,BART_036,NEON.PLA.D01.BART.04558,single bole tree,15.6,130,12.2
c97cf8ba-f627-4876-b9fd-611615658565,BART_075.basePlot.vst,2018-09-12,vst_BART_2018,D01,BART,BART_075,NEON.PLA.D01.BART.03157,single bole tree,15.9,130,12.9
0b62bb4a-28f4-4f93-b8f2-6f1e0afa4c5f,BART_036.basePlot.vst,2018-09-12,vst_BART_2018,D01,BART,BART_036,NEON.PLA.D01.BART.04553,single bole tree,12.1,130,7.8
bf34b661-924b-47d2-889c-c6c42149f26f,BART_036.basePlot.vst,2018-09-12,vst_BART_2018,D01,BART,BART_036,NEON.PLA.D01.BART.04968,single bole tree,10.6,130,11.7
cd9149a1-be44-49a5-ad3e-8594ccf08845,BART_075.basePlot.vst,2018-09-12,vst_BART_2018,D01,BART,BART_075,NEON.PLA.D01.BART.04700,single bole tree,10.5,130,1.5
438e978b-86ca-4c70-849a-eb9fefed8d38,BART_036.basePlot.vst,2018-09-12,vst_BART_2018,D01,BART,BART_036,NEON.PLA.D01.BART.04967,multi-bole tree,19.5,130,21.1
9625c9c9-53fd-4389-b882-e546ed989fca,BART_075.basePlot.vst,2018-09-12,vst_BART_2018,D01,BART,BART_075,NEON.PLA.D01.BART.03283,single bole tree,26.7,130,17.9
4ce05aa6-cdde-4406-83a1-38f77f791b0d,BART_036.basePlot.vst,2018-09-12,vst_BART_2018,D01,BART,BART_036,NEON.PLA.D01.BART.04559,single bole tree,13.4,130,13.4
f1c2c4eb-9ba1-4a27-8156-984d85da0120,BART_075.basePlot.vst,2018-09-12,vst_BART_2018,D01,BART,BART_075,NEON.PLA.D01.BART.03238,single bole tree,49.7,130,16.7
d23b1e49-2fe0-4fbb-8973-8221fa258a10,BART_075.basePlot.vst,2018-09-12,vst_BART_2018,D01,BART,BART_075,NEON.PLA.D01.BART.03285,single bole tree,26.8,130,15.6
fb439463-6a09-42b1-a6d7-f74bfd10e112,BART_036.basePlot.vst,2018-09-12,vst_BART_2018,D01,BART,BART_036,NEON.PLA.D01.BART.04991,single bole tree,14.3,130,9.5
b7cbeac0-18a8-41cf-94c6-3833235cdb17,BART_036.basePlot.vst,2018-09-12,vst_BART_2018,D01,BART,BART_036,NEON.PLA.D01.BART.04538,single bole tree,23.2,130,18.6
885c334a-1ca0-4633-8295-638e3f6671df,BART_075.basePlot.vst,2018-09-12,vst_BART_2018,D01,BART,BART_075,NEON.PLA.D01.BART.04496,multi-bole tree,33.6,130,17.5
dff812cb-e24f-4bc1-a4c6-5516c0176005,BART_036.basePlot.vst,2018-09-12,vst_BART_2018,D01,BART,BART_036,NEON.PLA.D01.BART.04979,single bole tree,22.7,155,18.7
6032cbf8-1f54-40f7-b4de-bed663044231,BART_036.basePlot.vst,2018-09-12,vst_BART_2018,D01,BART,BART_036,NEON.PLA.D01.BART.04983,single bole tree,28.4,130,18.2
9b5c58f8-0f88-48c1-87fb-c7cc042ed52d,BART_075.basePlot.vst,2018-09-12,vst_BART_2018,D01,BART,BART_075,NEON.PLA.D01.BART.03280,single bole tree,34.0,130,18.2
d2d94650-a65b-45ea-bbda-c6cfe4e961b3,BART_075.basePlot.vst,2018-09-12,vst_BART_2018,D01,BART,BART_075,NEON.PLA.D01.BART.03267,single bole tree,17.8,130,17.7
424d47f3-0bc8-423b-9738-dd09b4489d9e,BART_036.basePlot.vst,2018-09-12,vst_BART_2018,D01,BART,BART_036,NEON.PLA.D01.BART.04998,single bole tree,13.3,130,11.0
5b3d7eef-fb94-4af6-874b-7409bb8a7e63,BART_075.basePlot.vst,2018-09-12,vst_BART_2018,D01,BART,BART_075,NEON.PLA.D01.BART.03284,single bole tree,20.7,130,12.8
bd32d18f-f9bd-4c43-a282-ae5951318add,BART_075.basePlot.vst,2018-09-12,vst_BART_2018,D01,BART,BART_075,NEON.PLA.D01.BART.03264,single bole tree,45.3,130,21.2
52b5f2be-8462-4838-bb02-b1e6ceb0ab5c,BART_075.basePlot.vst,2018-09-12,vst_BART_2018,D01,BART,BART_075,NEON.PLA.D01.BART.03239,single bole tree,14.0,130,11.6
2fe011a4-91f4-40c7-ae1b-a15570654414,BART_036.basePlot.vst,2018-09-12,vst_BART_2018,D01,BART,BART_036,NEON.PLA.D01.BART.04984,single bole tree,16.9,130,14.7
71f9ec3b-6ae6-4e95-b646-e98d0cc1bcce,BART_036.basePlot.vst,2018-09-12,vst_BART_2018,D01,BART,BART_036,NEON.PLA.D01.BART.04536,single bole tree,13.4,130,15.9
464b8449-ab27-472f-901d-cb78fd881286,BART_075.basePlot.vst,2018-09-12,vst_BART_2018,D01,BART,BART_075,NEON.PLA.D01.BART.03282,single bole tree,18.2,130,11.7
21d2cca2-9806-4b93-86d3-08aa076527ad,BART_036.basePlot.vst,2018-09-12,vst_BART_2018,D01,BART,BART_036,NEON.PLA.D01.BART.04995,single bole tree,27.6,130,15.3
fe409391-bf7a-4254-a901-9bf47cfadcb7,BART_036.basePlot.vst,2018-09-12,vst_BART_2018,D01,BART,BART_036,NEON.PLA.D01.BART.04977,multi-bole tree,13.9,130,14.7
eec77e00-54b0-47f0-88fd-7ba377232a9d,BART_075.basePlot.vst,2018-09-12,vst_BART_2018,D01,BART,BART_075,NEON.PLA.D01.BART.03279,single bole tree,20.2,130,10.2
5758fbdf-56f1-411c-a611-39c7834d7ce4,BART_075.basePlot.vst,2018-09-12,vst_BART_2018,D01,BART,BART_075,NEON.PLA.D01.BART.03228,single bole tree,34.3,130,16.9
fac4103c-aee4-44c1-9028-e8e3d82589a7,BART_036.basePlot.vst,2018-09-12,vst_BART_2018,D01,BART,BART_036,NEON.PLA.D01.BART.04548,single bole tree,21.3,130,15.9
06f8af84-c929-429d-a08a-1f280d9608cf,BART_036.basePlot.vst,2018-09-12,vst_BART_2018,D01,BART,BART_036,NEON.PLA.D01.BART.04966,single bole tree,15.6,130,13.8
a8953739-bc50-4043-8046-107ba1ac849e,BART_075.basePlot.vst,2018-09-12,vst_BART_2018,D01,BART,BART_075,NEON.PLA.D01.BART.03235,single bole tree,14.0,130,9.6
8d29a62a-5457-4639-8331-8d2410a0620d,BART_075.basePlot.vst,2018-09-12,vst_BART_2018,D01,BART,BART_075,NEON.PLA.D01.BART.03236,single bole tree,33.3,130,22.2
e453f79b-9763-49af-a0c0-19eb4d8ad7f5,BART_036.basePlot.vst,2018-09-12,vst_BART_2018,D01,BART,BART_036,NEON.PLA.D01.BART.04544,single bole tree,34.3,130,15.0
a07c30a7-3659-4dbf-99ba-96a0d46f40ef,BART_036.basePlot.vst,2018-09-12,vst_BART_2018,D01,BART,BART_036,NEON.PLA.D01.BART.04992,single bole tree,15.9,130,12.4
8f2a1c8b-5cab-43ad-8e6c-64145805ccf7,BART_036.basePlot.vst,2018-09-12,vst_BART_2018,D01,BART,BART_036,NEON.PLA.D01.BART.04535,single bole tree,26.8,130,20.9
8f2d5086-de93-4fc7-b96e-8e31f55f80b1,BART_036.basePlot.vst,2018-09-12,vst_BART_2018,D01,BART,BART_036,NEON.PLA.D01.BART.04987,single bole tree,22.9,200,18.2
da345fb5-848d-4f6c-a70b-958ce39aab27,BART_075.basePlot.vst,2018-09-12,vst_BART_2018,D01,BART,BART_075,NEON.PLA.D01.BART.03300,single bole tree,33.9,130,18.1
0dd53048-c423-4d9e-864e-cad8c16a954f,BART_036.basePlot.vst,2018-09-12,vst_BART_2018,D01,BART,BART_036,NEON.PLA.D01.BART.04554,single bole tree,14.9,130,16.8
a3b1e52f-7a3b-401c-8b7c-f82ca41c97c6,BART_075.basePlot.vst,2018-09-12,vst_BART_2018,D01,BART,BART_075,NEON.PLA.D01.BART.03159,single bole tree,35.5,130,17.6
00190382-fa13-4493-9945-cbb2fc1fa807,BART_036.basePlot.vst,2018-09-12,vst_BART_2018,D01,BART,BART_036,NEON.PLA.D01.BART.04996,single bole tree,13.2,130,7.7
58afe6e8-a641-4afa-bca6-dc9829d01942,BART_036.basePlot.vst,2018-09-12,vst_BART_2018,D01,BART,BART_036,NEON.PLA.D01.BART.04551,single bole tree,10.8,130,8.7
06e6651a-2f90-4875-b0ff-e72735049d3b,BART_036.basePlot.vst,2018-09-12,vst_BART_2018,D01,BART,BART_036,NEON.PLA.D01.BART.04972,single bole tree,26.0,130,20.0
0f091a78-16c7-43eb-a617-1726a5afbede,BART_036.basePlot.vst,2018-09-12,vst_BART_2018,D01,BART,BART_036,NEON.PLA.D01.BART.04564,single bole tree,24.0,130,16.5
506f925b-f283-4163-9e3b-f1b4f1947692,BART_075.basePlot.vst,2018-09-12,vst_BART_2018,D01,BART,BART_075,NEON.PLA.D01.BART.03266,single bole tree,10.7,130,10.2
5f83f4cb-fd6e-4b4c-9e02-f81dfb3a1e56,BART_036.basePlot.vst,2018-09-12,vst_BART_2018,D01,BART,BART_036,NEON.PLA.D01.BART.04985,single bole tree,11.5,130,6.7
9be473a8-552b-4c58-b8da-5185e48e3a71,BART_036.basePlot.vst,2018-09-12,vst_BART_2018,D01,BART,BART_036,NEON.PLA.D01.BART.04978,single bole tree,22.9,130,13.6
391c9a6a-7416-4a30-86ce-4e5d754b339f,BART_036.basePlot.vst,2018-09-12,vst_BART_2018,D01,BART,BART_036,NEON.PLA.D01.BART.04550,single bole tree,34.5,130,16.3
1ebd5cf8-7db9-41d7-b25a-6e4cffd704f4,BART_075.basePlot.vst,2018-09-12,vst_BART_2018,D01,BART,BART_075,NEON.PLA.D01.BART.03231,single bole tree,29.9,130,20.4
4835f4a3-ca20-4102-b117-3f25077db9a8,BART_046.basePlot.vst,2018-09-18,vst_BART_2018,D01,BART,BART_046,NEON.PLA.D01.BART.05700,single bole tree,18.1,130,11.3
2025b5fe-9236-47cc-b770-b8cff047b0b4,BART_046.basePlot.vst,2018-09-18,vst_BART_2018,D01,BART,BART_046,NEON.PLA.D01.BART.04313,single bole tree,12.3,130,15.0
2cfb2e1f-f507-49e4-97f0-5383ed29f946,BART_046.basePlot.vst,2018-09-18,vst_BART_2018,D01,BART,BART_046,NEON.PLA.D01.BART.04356,single bole tree,16.9,130,11.6
cf8184d9-7fe9-42d3-9e20-38a5bda73e70,BART_046.basePlot.vst,2018-09-18,vst_BART_2018,D01,BART,BART_046,NEON.PLA.D01.BART.04305,single bole tree,26.7,130,14.7
de6a3ce9-f5a4-4ae9-bf53-6f017dc15a6f,BART_046.basePlot.vst,2018-09-18,vst_BART_2018,D01,BART,BART_046,NEON.PLA.D01.BART.04340,multi-bole tree,17.7,130,9.2
f579e1e8-1922-4523-afc7-2946df741420,BART_046.basePlot.vst,2018-09-18,vst_BART_2018,D01,BART,BART_046,NEON.PLA.D01.BART.04325,single bole tree,16.5,130,16.9
5a24c234-f063-43ed-b323-f582f8d12c7c,BART_046.basePlot.vst,2018-09-18,vst_BART_2018,D01,BART,BART_046,NEON.PLA.D01.BART.04452,single bole tree,32.5,130,22.8
1b594b05-c934-4bbf-8823-d44ea7df01ff,BART_046.basePlot.vst,2018-09-18,vst_BART_2018,D01,BART,BART_046,NEON.PLA.D01.BART.04359,single bole tree,26.4,140,17.7
5f7d67e0-c091-40ae-ab0b-88644bd0ee36,BART_046.basePlot.vst,2018-09-18,vst_BART_2018,D01,BART,BART_046,NEON.PLA.D01.BART.04358,single bole tree,20.4,130,17.0
c8f582db-7556-48d3-bb1f-4e432ab63b1b,BART_046.basePlot.vst,2018-09-18,vst_BART_2018,D01,BART,BART_046,NEON.PLA.D01.BART.04354,single bole tree,18.5,130,16.9
049d0c4e-2547-4da2-9937-ed96c0d11947,BART_046.basePlot.vst,2018-09-18,vst_BART_2018,D01,BART,BART_046,NEON.PLA.D01.BART.04320,single bole tree,28.2,130,22.2
9bf920b9-7420-4db3-9fd0-ec5d9ee77cee,BART_046.basePlot.vst,2018-09-18,vst_BART_2018,D01,BART,BART_046,NEON.PLA.D01.BART.05013,single bole tree,13.3,130,7.0
1c84d42b-81c4-48f1-b450-99cc8830ab3f,BART_046.basePlot.vst,2018-09-18,vst_BART_2018,D01,BART,BART_046,NEON.PLA.D01.BART.04353,single bole tree,59.7,130,26.3
eced47b4-f76f-49b8-baf8-ba660544977f,BART_046.basePlot.vst,2018-09-18,vst_BART_2018,D01,BART,BART_046,NEON.PLA.D01.BART.04344,single bole tree,17.7,130,17.8
3601b76d-75a5-44ad-89cf-cb4b49efe819,BART_046.basePlot.vst,2018-09-18,vst_BART_2018,D01,BART,BART_046,NEON.PLA.D01.BART.04321,single bole tree,23.4,130,16.0
6e69e4ff-b2f4-49df-a8fa-7483fafb540a,BART_046.basePlot.vst,2018-09-18,vst_BART_2018,D01,BART,BART_046,NEON.PLA.D01.BART.04326,single bole tree,12.7,130,9.9
29f88adc-3791-4aa7-bd82-7dc61d0bd125,BART_046.basePlot.vst,2018-09-18,vst_BART_2018,D01,BART,BART_046,NEON.PLA.D01.BART.04330,single bole tree,49.9,130,25.4
170c8f78-90df-4d25-a1ac-bbe67dae54ef,BART_046.basePlot.vst,2018-09-18,vst_BART_2018,D01,BART,BART_046,NEON.PLA.D01.BART.04323,single bole tree,39.0,130,19.9
92fc0693-7404-49c5-b110-f08e6ecceacf,BART_046.basePlot.vst,2018-09-18,vst_BART_2018,D01,BART,BART_046,NEON.PLA.D01.BART.04446,single bole tree,10.4,130,14.2
0ef6874a-280d-4211-b9db-3fe82ed02a85,BART_046.basePlot.vst,2018-09-18,vst_BART_2018,D01,BART,BART_046,NEON.PLA.D01.BART.04349,single bole tree,40.2,130,24.7
e01aa1eb-7ae1-4688-a2ff-d1bb61b7025c,BART_046.basePlot.vst,2018-09-18,vst_BART_2018,D01,BART,BART_046,NEON.PLA.D01.BART.04329,single bole tree,12.3,130,10.9
a5fcd3d2-3b66-411e-9276-7b2ae69afd29,BART_046.basePlot.vst,2018-09-18,vst_BART_2018,D01,BART,BART_046,NEON.PLA.D01.BART.04340A,multi-bole tree,5.3,130,NA
3f7a925c-570c-4fa1-822e-25c27f75fda2,BART_046.basePlot.vst,2018-09-18,vst_BART_2018,D01,BART,BART_046,NEON.PLA.D01.BART.04355,NA,NA,NA,NA
39690e45-39f5-4482-b0a6-1538c04cce31,BART_046.basePlot.vst,2018-09-18,vst_BART_2018,D01,BART,BART_046,NEON.PLA.D01.BART.04302,NA,NA,NA,NA
f9ab4743-55d2-494b-8e15-1cd76e5408c6,BART_046.basePlot.vst,2018-09-18,vst_BART_2018,D01,BART,BART_046,NEON.PLA.D01.BART.04335,single bole tree,33.0,130,19.7
30b439ec-1740-4147-b3dc-33b313e6a50c,BART_046.basePlot.vst,2018-09-18,vst_BART_2018,D01,BART,BART_046,NEON.PLA.D01.BART.04333,single bole tree,11.3,130,11.3
4f000ac0-2931-4736-ad26-8e429fa3ef4e,BART_046.basePlot.vst,2018-09-18,vst_BART_2018,D01,BART,BART_046,NEON.PLA.D01.BART.04450,single bole tree,13.6,130,12.6
f62a894e-7352-41de-a597-513adc5df9e5,BART_046.basePlot.vst,2018-09-18,vst_BART_2018,D01,BART,BART_046,NEON.PLA.D01.BART.04322,single bole tree,24.3,130,12.3
30abdb8d-8d98-45b1-8bb0-1d610e92e274,BART_046.basePlot.vst,2018-09-18,vst_BART_2018,D01,BART,BART_046,NEON.PLA.D01.BART.04304,single bole tree,10.1,130,14.9
af2e0a54-7e9b-44ef-add7-88b835ce9e65,BART_046.basePlot.vst,2018-09-18,vst_BART_2018,D01,BART,BART_046,NEON.PLA.D01.BART.04448,single bole tree,33.9,130,20.9
b53f5dd9-109a-41b6-bc84-d7f4470a93e0,BART_046.basePlot.vst,2018-09-18,vst_BART_2018,D01,BART,BART_046,NEON.PLA.D01.BART.04314,single bole tree,22.8,180,18.0
31ae3ae7-814e-4c7d-bfc0-a8dc49047e3b,BART_046.basePlot.vst,2018-09-18,vst_BART_2018,D01,BART,BART_046,NEON.PLA.D01.BART.04346,single bole tree,13.2,130,14.0
cdd5a4c1-77a4-4d97-a338-82225756b14f,BART_046.basePlot.vst,2018-09-18,vst_BART_2018,D01,BART,BART_046,NEON.PLA.D01.BART.05015,small tree,9.7,130,9.7
ae2fdf14-4dcb-4940-b70f-58d58ad29242,BART_046.basePlot.vst,2018-09-18,vst_BART_2018,D01,BART,BART_046,NEON.PLA.D01.BART.04350,multi-bole tree,27.5,130,19.5
aeb58675-3667-4135-9882-4d6970c3dde3,BART_046.basePlot.vst,2018-09-18,vst_BART_2018,D01,BART,BART_046,NEON.PLA.D01.BART.04331,single bole tree,24.6,130,20.2
a7b107f3-d0f3-481f-bbc6-d7ad64a26f33,BART_046.basePlot.vst,2018-09-18,vst_BART_2018,D01,BART,BART_046,NEON.PLA.D01.BART.04342,single bole tree,29.8,130,22.1
c7e0489f-3d39-4a54-b821-a9a723957b14,BART_046.basePlot.vst,2018-09-18,vst_BART_2018,D01,BART,BART_046,NEON.PLA.D01.BART.04357,single bole tree,27.7,130,7.8
beecf492-adc0-4518-985f-a6513f3a2a40,BART_046.basePlot.vst,2018-09-18,vst_BART_2018,D01,BART,BART_046,NEON.PLA.D01.BART.04348,single bole tree,36.9,130,26.3
9ae9d086-5c24-4301-99b6-f6c832863120,BART_046.basePlot.vst,2018-09-18,vst_BART_2018,D01,BART,BART_046,NEON.PLA.D01.BART.04316,single bole tree,23.5,130,11.8
de06bc80-17d8-4827-94b9-92abc2db2651,BART_046.basePlot.vst,2018-09-18,vst_BART_2018,D01,BART,BART_046,NEON.PLA.D01.BART.04319,single bole tree,11.4,130,12.8
c677b57b-9c4d-4f93-8ea2-bb2f2a2a9296,BART_046.basePlot.vst,2018-09-18,vst_BART_2018,D01,BART,BART_046,NEON.PLA.D01.BART.04318,single bole tree,24.9,130,20.9
9cd50e40-0249-416a-9a4e-f3f1b794df98,BART_046.basePlot.vst,2018-09-18,vst_BART_2018,D01,BART,BART_046,NEON.PLA.D01.BART.04303,single bole tree,18.5,130,16.4
d31f16e6-20d4-4b17-b4f7-b6bee78db3a4,BART_046.basePlot.vst,2018-09-18,vst_BART_2018,D01,BART,BART_046,NEON.PLA.D01.BART.04444,single bole tree,13.8,130,13.1
4fe39024-0285-40cc-a456-17dba0698642,BART_046.basePlot.vst,2018-09-18,vst_BART_2018,D01,BART,BART_046,NEON.PLA.D01.BART.04301,single bole tree,21.6,130,19.9
b0066d2e-6ef1-4502-87d8-85461b217b9b,BART_046.basePlot.vst,2018-09-18,vst_BART_2018,D01,BART,BART_046,NEON.PLA.D01.BART.04310,single bole tree,20.6,130,21.5
bd1a89d8-d293-42a7-bb72-bf23fa1a594c,BART_046.basePlot.vst,2018-09-18,vst_BART_2018,D01,BART,BART_046,NEON.PLA.D01.BART.04350A,multi-bole tree,19.7,130,NA
6acd77f3-6a76-4222-b293-1502ae22567e,BART_046.basePlot.vst,2018-09-18,vst_BART_2018,D01,BART,BART_046,NEON.PLA.D01.BART.04351,single bole tree,51.5,130,21.6
b436a154-5058-4b74-8a7a-a2fd1d421738,BART_046.basePlot.vst,2018-09-18,vst_BART_2018,D01,BART,BART_046,NEON.PLA.D01.BART.04343,single bole tree,29.5,130,22.2
3cafacf4-56ad-4219-8de8-b43600737994,BART_046.basePlot.vst,2018-09-18,vst_BART_2018,D01,BART,BART_046,NEON.PLA.D01.BART.04341,single bole tree,10.1,130,9.8
274a5574-84ee-40fe-9c1b-ec8ef25da0b2,BART_046.basePlot.vst,2018-09-18,vst_BART_2018,D01,BART,BART_046,NEON.PLA.D01.BART.04493,single bole tree,26.2,130,18.9
18e45e05-c84d-4123-bcbf-af31e5802997,BART_046.basePlot.vst,2018-09-18,vst_BART_2018,D01,BART,BART_046,NEON.PLA.D01.BART.04492,single bole tree,10.7,130,11.4
35346bab-341f-4de8-9da4-847fbd6d9fec,BART_046.basePlot.vst,2018-09-18,vst_BART_2018,D01,BART,BART_046,NEON.PLA.D01.BART.04334,single bole tree,14.3,130,16.0
33a2f15c-a154-4f58-ac5a-234c0d34f9d7,BART_046.basePlot.vst,2018-09-18,vst_BART_2018,D01,BART,BART_046,NEON.PLA.D01.BART.04317,single bole tree,12.6,130,12.8
16cb96de-a3fe-4253-92e3-607fefb19603,BART_046.basePlot.vst,2018-09-18,vst_BART_2018,D01,BART,BART_046,NEON.PLA.D01.BART.04328,single bole tree,31.1,130,23.3
b197f19a-72b0-405c-a63d-ef87e1cbc06d,BART_046.basePlot.vst,2018-09-18,vst_BART_2018,D01,BART,BART_046,NEON.PLA.D01.BART.04451,single bole tree,24.7,130,17.9
fbc150cc-a98e-4f74-a420-a9436f6124f0,BART_046.basePlot.vst,2018-09-18,vst_BART_2018,D01,BART,BART_046,NEON.PLA.D01.BART.04307,single bole tree,16.5,130,3.9
d727c017-dbef-4379-8c8c-337abbafd2c4,BART_046.basePlot.vst,2018-09-18,vst_BART_2018,D01,BART,BART_046,NEON.PLA.D01.BART.04339,single bole tree,27.8,130,20.6
9d4944dc-0153-4a0a-9495-6f747405c071,BART_046.basePlot.vst,2018-09-18,vst_BART_2018,D01,BART,BART_046,NEON.PLA.D01.BART.04449,single bole tree,36.6,130,22.0
4313a0df-6357-4e0c-aed9-215441caf173,BART_046.basePlot.vst,2018-09-18,vst_BART_2018,D01,BART,BART_046,NEON.PLA.D01.BART.04336,single bole tree,20.5,130,14.7
9a73502d-df66-49b8-9028-a415eb819cff,BART_046.basePlot.vst,2018-09-18,vst_BART_2018,D01,BART,BART_046,NEON.PLA.D01.BART.04338,single bole tree,10.2,130,12.8
061d3c91-7a09-4a1c-8f9e-e9a7e6133ff3,BART_046.basePlot.vst,2018-09-18,vst_BART_2018,D01,BART,BART_046,NEON.PLA.D01.BART.04345,single bole tree,22.8,130,10.2
77d550ff-f781-4225-8aed-ae08fbee6149,BART_046.basePlot.vst,2018-09-18,vst_BART_2018,D01,BART,BART_046,NEON.PLA.D01.BART.04337,single bole tree,14.7,130,9.4
d79f0f82-cb28-4ab0-bfa6-b679a22e81d7,BART_046.basePlot.vst,2018-09-18,vst_BART_2018,D01,BART,BART_046,NEON.PLA.D01.BART.04315,single bole tree,29.1,130,18.4
b1a9d560-3b37-4d1b-a8f1-7799777651c8,BART_046.basePlot.vst,2018-09-18,vst_BART_2018,D01,BART,BART_046,NEON.PLA.D01.BART.04324,single bole tree,14.4,130,12.9
ad8e1d38-ecd3-49d1-8ac8-b27d0b3bd548,BART_046.basePlot.vst,2018-09-18,vst_BART_2018,D01,BART,BART_046,NEON.PLA.D01.BART.04306,single bole tree,33.6,130,22.2
929ea03e-5877-4399-8e05-1edc95e925eb,BART_046.basePlot.vst,2018-09-18,vst_BART_2018,D01,BART,BART_046,NEON.PLA.D01.BART.04352,single bole tree,14.5,130,9.2
00421741-d741-452d-a606-7df5a89ad31c,BART_046.basePlot.vst,2018-09-18,vst_BART_2018,D01,BART,BART_046,NEON.PLA.D01.BART.04312,single bole tree,12.0,130,7.4
f60a909a-8bd0-40e2-88c4-be16e39b5995,BART_046.basePlot.vst,2018-09-18,vst_BART_2018,D01,BART,BART_046,NEON.PLA.D01.BART.04445,single bole tree,19.6,130,15.6
59e2e269-a39f-488f-a207-23270f57fdb1,BART_074.basePlot.vst,2018-09-19,vst_BART_2018,D01,BART,BART_074,NEON.PLA.D01.BART.05206,single bole tree,55.4,130,22.2
36c00015-c1cb-4157-9e40-c70e686f3851,BART_074.basePlot.vst,2018-09-19,vst_BART_2018,D01,BART,BART_074,NEON.PLA.D01.BART.05143,single bole tree,18.1,130,10.7
e86ee961-f732-4636-a9ae-ef4ef04f4ae7,BART_074.basePlot.vst,2018-09-19,vst_BART_2018,D01,BART,BART_074,NEON.PLA.D01.BART.05141,single bole tree,29.2,130,19.7
d824c511-aaa3-4c3e-8560-2cc1ed5ae54d,BART_074.basePlot.vst,2018-09-19,vst_BART_2018,D01,BART,BART_074,NEON.PLA.D01.BART.05120,single bole tree,17.8,130,16.5
b4932ae3-25b3-4bac-969b-1b02b89dd06f,BART_074.basePlot.vst,2018-09-19,vst_BART_2018,D01,BART,BART_074,NEON.PLA.D01.BART.05215,single bole tree,14.0,130,9.9
685d5809-6721-4f27-8225-767143c2901e,BART_074.basePlot.vst,2018-09-19,vst_BART_2018,D01,BART,BART_074,NEON.PLA.D01.BART.05119,single bole tree,36.5,130,18.7
2076d03e-7e33-4da8-a4a3-9f0f68c9a188,BART_074.basePlot.vst,2018-09-19,vst_BART_2018,D01,BART,BART_074,NEON.PLA.D01.BART.05146,single bole tree,34.8,130,15.3
ff35adc7-cf03-4515-a252-43472ab9d8dd,BART_074.basePlot.vst,2018-09-19,vst_BART_2018,D01,BART,BART_074,NEON.PLA.D01.BART.05149,single bole tree,35.1,130,17.3
ff0fabc5-fa33-42a5-92c9-656dc847b11a,BART_074.basePlot.vst,2018-09-19,vst_BART_2018,D01,BART,BART_074,NEON.PLA.D01.BART.05121,single bole tree,12.8,130,13.8
2782f3de-21f2-4609-a602-222704563c7e,BART_074.basePlot.vst,2018-09-19,vst_BART_2018,D01,BART,BART_074,NEON.PLA.D01.BART.05220,single bole tree,18.9,130,10.8
16c56ec5-5b58-4f33-a31b-8103d87c89ce,BART_074.basePlot.vst,2018-09-19,vst_BART_2018,D01,BART,BART_074,NEON.PLA.D01.BART.05145,single bole tree,47.6,130,17.5
2437d941-2bd3-4d27-a3d2-753e2ac9aa77,BART_074.basePlot.vst,2018-09-19,vst_BART_2018,D01,BART,BART_074,NEON.PLA.D01.BART.05203,single bole tree,11.7,130,12.0
ffeed51e-71a9-4ad7-89e6-420073bd57ae,BART_074.basePlot.vst,2018-09-19,vst_BART_2018,D01,BART,BART_074,NEON.PLA.D01.BART.05210,single bole tree,47.6,130,19.4
2b9eaf75-ed0e-4002-b6b5-ec0c71c4c93f,BART_074.basePlot.vst,2018-09-19,vst_BART_2018,D01,BART,BART_074,NEON.PLA.D01.BART.05223,single bole tree,17.2,150,17.9
719a0848-dfa7-44ef-8b2a-6af97d89f568,BART_074.basePlot.vst,2018-09-19,vst_BART_2018,D01,BART,BART_074,NEON.PLA.D01.BART.05218,single bole tree,14.0,130,8.0
456596c4-d83a-4044-9fb6-3961b14927a0,BART_074.basePlot.vst,2018-09-19,vst_BART_2018,D01,BART,BART_074,NEON.PLA.D01.BART.05205,single bole tree,10.4,130,10.6
3daaedf2-d0c8-4147-aeef-6361d816740c,BART_074.basePlot.vst,2018-09-19,vst_BART_2018,D01,BART,BART_074,NEON.PLA.D01.BART.05696,single bole tree,19.4,130,18.8
89d9afe0-947b-4ce8-bb9e-06f9f07f7038,BART_074.basePlot.vst,2018-09-19,vst_BART_2018,D01,BART,BART_074,NEON.PLA.D01.BART.05137,single bole tree,13.5,130,12.4
846812fe-79cd-47c3-90b2-8a3f0b36625e,BART_074.basePlot.vst,2018-09-19,vst_BART_2018,D01,BART,BART_074,NEON.PLA.D01.BART.05204,single bole tree,15.6,130,9.7
ca74aae6-2f53-4d3a-935d-f8446ff6409f,BART_074.basePlot.vst,2018-09-19,vst_BART_2018,D01,BART,BART_074,NEON.PLA.D01.BART.05212,single bole tree,23.1,130,15.4
1eb4732e-1fc6-4672-b8cc-c1bddea8efb4,BART_074.basePlot.vst,2018-09-19,vst_BART_2018,D01,BART,BART_074,NEON.PLA.D01.BART.05202,single bole tree,33.6,130,18.4
9195b8ec-a61a-471f-99b1-089f2a9d13af,BART_074.basePlot.vst,2018-09-19,vst_BART_2018,D01,BART,BART_074,NEON.PLA.D01.BART.05135,single bole tree,35.9,130,16.2
a825d052-e3b2-4a27-84db-9c3c460335e5,BART_074.basePlot.vst,2018-09-19,vst_BART_2018,D01,BART,BART_074,NEON.PLA.D01.BART.05211,single bole tree,33.6,130,18.0
1e9bfe33-7f79-4b42-b1f5-d84bb39c5dcf,BART_074.basePlot.vst,2018-09-19,vst_BART_2018,D01,BART,BART_074,NEON.PLA.D01.BART.05138,single bole tree,19.0,130,9.9
5b22e29f-7a24-4cc8-90d0-1d1142c0a35a,BART_074.basePlot.vst,2018-09-19,vst_BART_2018,D01,BART,BART_074,NEON.PLA.D01.BART.05139,single bole tree,12.5,130,8.2
806f4304-2b5f-4f39-a473-09d0701f67d0,BART_074.basePlot.vst,2018-09-19,vst_BART_2018,D01,BART,BART_074,NEON.PLA.D01.BART.05219,single bole tree,27.3,130,18.0
1b1a2aff-c126-4979-826c-a14fe521ab32,BART_074.basePlot.vst,2018-09-19,vst_BART_2018,D01,BART,BART_074,NEON.PLA.D01.BART.05208,single bole tree,36.5,130,15.1
fd9f8b2c-ab85-4166-8f57-6ce4a8f9bc2f,BART_074.basePlot.vst,2018-09-19,vst_BART_2018,D01,BART,BART_074,NEON.PLA.D01.BART.05122,single bole tree,17.3,130,16.0
c57c438c-8558-468b-a911-0e00af2365d8,BART_074.basePlot.vst,2018-09-19,vst_BART_2018,D01,BART,BART_074,NEON.PLA.D01.BART.05214,single bole tree,11.6,130,5.5
3bbc0781-4ccb-45b1-b208-453d6d8d7935,BART_074.basePlot.vst,2018-09-19,vst_BART_2018,D01,BART,BART_074,NEON.PLA.D01.BART.05133,single bole tree,17.0,130,9.0
670fb80d-4d6f-4469-880d-e3551bde852d,BART_074.basePlot.vst,2018-09-19,vst_BART_2018,D01,BART,BART_074,NEON.PLA.D01.BART.05134,single bole tree,19.0,130,9.0
516e5ab2-9c42-4150-87a0-1e1087977ee2,BART_074.basePlot.vst,2018-09-19,vst_BART_2018,D01,BART,BART_074,NEON.PLA.D01.BART.05201,single bole tree,19.1,130,16.4
6e41393c-5808-490d-9767-be280e68aed6,BART_074.basePlot.vst,2018-09-19,vst_BART_2018,D01,BART,BART_074,NEON.PLA.D01.BART.05144,single bole tree,29.3,130,17.4
64d6a784-b912-4ee6-88d8-739ad4ff8308,BART_074.basePlot.vst,2018-09-19,vst_BART_2018,D01,BART,BART_074,NEON.PLA.D01.BART.05131,single bole tree,34.5,130,19.9
1782127a-fa11-431d-9d83-9e860d0e578c,BART_074.basePlot.vst,2018-09-19,vst_BART_2018,D01,BART,BART_074,NEON.PLA.D01.BART.05148,single bole tree,38.5,130,20.0
21a73402-d44e-4545-8889-0428e659619f,BART_074.basePlot.vst,2018-09-19,vst_BART_2018,D01,BART,BART_074,NEON.PLA.D01.BART.05221,single bole tree,30.0,130,19.4
d92fde93-aa73-4821-b8ce-fcde7b5e9ad4,BART_074.basePlot.vst,2018-09-19,vst_BART_2018,D01,BART,BART_074,NEON.PLA.D01.BART.05140,single bole tree,31.5,130,17.8
d8e3d95d-1d5d-4305-a0d8-53955b6fa136,BART_074.basePlot.vst,2018-09-19,vst_BART_2018,D01,BART,BART_074,NEON.PLA.D01.BART.05142,single bole tree,41.6,130,17.0
c921086a-851a-4f56-8bb5-5bb83b4c4313,BART_074.basePlot.vst,2018-09-19,vst_BART_2018,D01,BART,BART_074,NEON.PLA.D01.BART.05222,single bole tree,16.2,130,15.1
0c396eff-6548-4de9-80e2-1474c9b7d565,BART_074.basePlot.vst,2018-09-19,vst_BART_2018,D01,BART,BART_074,NEON.PLA.D01.BART.05217,single bole tree,16.7,130,14.4
66bbcfb3-91e8-4848-9380-fd8cc7b4acae,BART_074.basePlot.vst,2018-09-19,vst_BART_2018,D01,BART,BART_074,NEON.PLA.D01.BART.05213,single bole tree,17.8,130,11.3
99881bef-65f4-4493-85ae-5d69daff601b,BART_074.basePlot.vst,2018-09-19,vst_BART_2018,D01,BART,BART_074,NEON.PLA.D01.BART.05132,single bole tree,34.2,130,19.5
ea8e4772-c985-49ad-b914-9e45a592dd25,BART_074.basePlot.vst,2018-09-19,vst_BART_2018,D01,BART,BART_074,NEON.PLA.D01.BART.05136,single bole tree,41.3,130,18.4
f755a27e-b48e-4a4f-ba9c-5cfdf06acbe5,BART_074.basePlot.vst,2018-09-19,vst_BART_2018,D01,BART,BART_074,NEON.PLA.D01.BART.05209,single bole tree,24.6,130,18.7
b4e45b7d-bb77-41a1-be5c-0738a30b5808,BART_074.basePlot.vst,2018-09-19,vst_BART_2018,D01,BART,BART_074,NEON.PLA.D01.BART.05216,single bole tree,26.2,130,17.1
ced6527c-4925-410a-9f94-3771c118e9d4,BART_074.basePlot.vst,2018-09-19,vst_BART_2018,D01,BART,BART_074,NEON.PLA.D01.BART.05150,single bole tree,23.1,130,18.3
576b7c84-3770-4906-a465-95844ebef26e,BART_074.basePlot.vst,2018-09-19,vst_BART_2018,D01,BART,BART_074,NEON.PLA.D01.BART.05207,single bole tree,33.1,130,17.5
f688821a-5e23-4fa3-9a76-4efc2cc143ae,BART_044.basePlot.vst,2018-09-25,vst_BART_2018,D01,BART,BART_044,NEON.PLA.D01.BART.05416,single bole tree,54.1,130,19.2
c50454fd-b01e-46c1-9931-6825c85d45ed,BART_044.basePlot.vst,2018-09-25,vst_BART_2018,D01,BART,BART_044,NEON.PLA.D01.BART.05098,single bole tree,21.4,130,11.8
801f8621-210e-4627-9183-b9f971ef532b,BART_044.basePlot.vst,2018-09-25,vst_BART_2018,D01,BART,BART_044,NEON.PLA.D01.BART.05300,single bole tree,17.7,130,18.2
689ff3d1-55f0-409d-ad26-98e904c13852,BART_044.basePlot.vst,2018-09-25,vst_BART_2018,D01,BART,BART_044,NEON.PLA.D01.BART.05097,single bole tree,14.7,130,14.2
dd39d059-b3bd-4ed8-9e16-945396a78bb4,BART_044.basePlot.vst,2018-09-25,vst_BART_2018,D01,BART,BART_044,NEON.PLA.D01.BART.05095,single bole tree,12.8,130,2.6
6e9d410b-648a-4cb5-8303-9c4af9d8a5c4,BART_044.basePlot.vst,2018-09-25,vst_BART_2018,D01,BART,BART_044,NEON.PLA.D01.BART.05406,single bole tree,12.0,130,12.9
8ea5feaa-6ef2-4f82-b074-d0e58136c543,BART_044.basePlot.vst,2018-09-25,vst_BART_2018,D01,BART,BART_044,NEON.PLA.D01.BART.05429,single bole tree,22.2,130,10.5
22a59d9d-66f8-4d31-b725-baf9159d7270,BART_044.basePlot.vst,2018-09-25,vst_BART_2018,D01,BART,BART_044,NEON.PLA.D01.BART.05404,single bole tree,11.0,130,9.2
375c0bd9-d703-47b8-983c-bad59ddb78b0,BART_044.basePlot.vst,2018-09-25,vst_BART_2018,D01,BART,BART_044,NEON.PLA.D01.BART.05430,single bole tree,19.7,130,12.4
481b04d2-6d23-4ccf-9294-d38ecaf9164d,BART_044.basePlot.vst,2018-09-25,vst_BART_2018,D01,BART,BART_044,NEON.PLA.D01.BART.05096,single bole tree,26.7,130,18.3
7658333e-970c-48ac-a961-725a1f7a0406,BART_044.basePlot.vst,2018-09-25,vst_BART_2018,D01,BART,BART_044,NEON.PLA.D01.BART.05293,single bole tree,24.2,130,16.8
535ee8bb-e71d-4535-a1a5-b238f71bc4b6,BART_044.basePlot.vst,2018-09-25,vst_BART_2018,D01,BART,BART_044,NEON.PLA.D01.BART.05094,single bole tree,16.4,130,10.3
1510951c-31b8-4ba5-b92e-50238904dd89,BART_044.basePlot.vst,2018-09-25,vst_BART_2018,D01,BART,BART_044,NEON.PLA.D01.BART.05412,single bole tree,13.9,130,20.2
395d14eb-be89-4766-b7e2-ed4024a2c37a,BART_044.basePlot.vst,2018-09-25,vst_BART_2018,D01,BART,BART_044,NEON.PLA.D01.BART.05415,single bole tree,11.7,130,9.1
35786c13-0b5d-4612-ad3a-f77896d965f9,BART_044.basePlot.vst,2018-09-25,vst_BART_2018,D01,BART,BART_044,NEON.PLA.D01.BART.05289,single bole tree,37.0,130,20.5
ebe8f8a3-44c7-45b5-b066-78a70cd4446e,BART_044.basePlot.vst,2018-09-25,vst_BART_2018,D01,BART,BART_044,NEON.PLA.D01.BART.05296,single bole tree,17.0,130,15.2
8aaf98d6-645d-4446-8cf8-0a57904bb637,BART_044.basePlot.vst,2018-09-25,vst_BART_2018,D01,BART,BART_044,NEON.PLA.D01.BART.05089,single bole tree,30.7,130,19.6
343b3599-4e80-4dc1-a0c7-f8e7357e6995,BART_044.basePlot.vst,2018-09-25,vst_BART_2018,D01,BART,BART_044,NEON.PLA.D01.BART.05407,single bole tree,10.9,130,13.0
d8990d27-ec50-4ac5-a1b5-e370f2a95fe0,BART_044.basePlot.vst,2018-09-25,vst_BART_2018,D01,BART,BART_044,NEON.PLA.D01.BART.05439,single bole tree,25.3,130,18.3
d3845d72-23dc-4a34-bfd9-60e4459bc3da,BART_044.basePlot.vst,2018-09-25,vst_BART_2018,D01,BART,BART_044,NEON.PLA.D01.BART.05422,single bole tree,13.5,130,8.4
f1ca4eb0-d370-424a-a226-fc645ddc7740,BART_044.basePlot.vst,2018-09-25,vst_BART_2018,D01,BART,BART_044,NEON.PLA.D01.BART.05441,multi-bole tree,25.4,130,16.2
98279d22-3625-4f70-9a17-103b7554ce44,BART_044.basePlot.vst,2018-09-25,vst_BART_2018,D01,BART,BART_044,NEON.PLA.D01.BART.05292,single bole tree,11.5,130,9.0
b5f654fa-a906-44e0-b513-2d18ac6e4f54,BART_044.basePlot.vst,2018-09-25,vst_BART_2018,D01,BART,BART_044,NEON.PLA.D01.BART.05438,single bole tree,12.3,130,4.1
274efafb-6764-444e-8fe1-0c3f8ab8a837,BART_044.basePlot.vst,2018-09-25,vst_BART_2018,D01,BART,BART_044,NEON.PLA.D01.BART.05442,single bole tree,13.2,130,13.1
c87dd175-91be-47cc-8074-974430955165,BART_044.basePlot.vst,2018-09-25,vst_BART_2018,D01,BART,BART_044,NEON.PLA.D01.BART.05294,multi-bole tree,12.1,130,7.6
3e2086d7-71d7-4b77-a407-61fbb47c3c75,BART_044.basePlot.vst,2018-09-25,vst_BART_2018,D01,BART,BART_044,NEON.PLA.D01.BART.05091,single bole tree,26.6,130,15.3
0e1adff3-ea5a-4ae1-bc9d-44ec72e722fc,BART_044.basePlot.vst,2018-09-25,vst_BART_2018,D01,BART,BART_044,NEON.PLA.D01.BART.05433,single bole tree,10.4,130,14.1
5ca467d5-2bea-443a-9f7b-1fff5d0e61cf,BART_044.basePlot.vst,2018-09-25,vst_BART_2018,D01,BART,BART_044,NEON.PLA.D01.BART.05419,multi-bole tree,12.1,130,10.1
8f2ea181-8edd-489e-a3fd-ec062e0cdcc4,BART_044.basePlot.vst,2018-09-25,vst_BART_2018,D01,BART,BART_044,NEON.PLA.D01.BART.05411,single bole tree,40.9,130,22.1
251a288a-e1b8-4c43-a69e-82ca65da4b38,BART_044.basePlot.vst,2018-09-25,vst_BART_2018,D01,BART,BART_044,NEON.PLA.D01.BART.05402,single bole tree,10.2,130,6.0
52e9de8d-26b1-4e66-9241-5c238f0d624d,BART_044.basePlot.vst,2018-09-25,vst_BART_2018,D01,BART,BART_044,NEON.PLA.D01.BART.05414,multi-bole tree,22.6,130,18.8
c0573dfe-c8ac-437a-a183-42ae94f760bb,BART_044.basePlot.vst,2018-09-25,vst_BART_2018,D01,BART,BART_044,NEON.PLA.D01.BART.05093,single bole tree,20.0,130,10.6
b88d741a-a7cb-49ec-a571-2e290f581cf9,BART_044.basePlot.vst,2018-09-25,vst_BART_2018,D01,BART,BART_044,NEON.PLA.D01.BART.05295,single bole tree,27.8,130,17.1
51736756-23c3-4d5b-942a-6c1aeef08ee6,BART_044.basePlot.vst,2018-09-25,vst_BART_2018,D01,BART,BART_044,NEON.PLA.D01.BART.05297,single bole tree,33.9,130,14.0
f8065b60-c88f-4d02-9bc3-14db6b6e5f7d,BART_044.basePlot.vst,2018-09-25,vst_BART_2018,D01,BART,BART_044,NEON.PLA.D01.BART.05409,single bole tree,37.4,130,18.5
a7804eea-5893-40f7-b93f-2f0e4283d488,BART_044.basePlot.vst,2018-09-25,vst_BART_2018,D01,BART,BART_044,NEON.PLA.D01.BART.05417,single bole tree,16.8,130,13.6
bfd5f3be-b9f5-4fe2-8c8c-06544d4c3a50,BART_044.basePlot.vst,2018-09-25,vst_BART_2018,D01,BART,BART_044,NEON.PLA.D01.BART.05299,single bole tree,14.3,130,11.2
3ad24d05-07ab-449c-a5ad-5f757c122489,BART_044.basePlot.vst,2018-09-25,vst_BART_2018,D01,BART,BART_044,NEON.PLA.D01.BART.05099,single bole tree,22.6,130,17.4
4aedecef-c533-4961-8761-2cc6f34b8150,BART_044.basePlot.vst,2018-09-25,vst_BART_2018,D01,BART,BART_044,NEON.PLA.D01.BART.05421,single bole tree,12.1,130,15.3
746c2f8b-d069-488a-86f2-c2d76c939ef5,BART_044.basePlot.vst,2018-09-25,vst_BART_2018,D01,BART,BART_044,NEON.PLA.D01.BART.05298,single bole tree,16.9,130,8.7
05915ffc-216c-4871-9311-9c820c906adb,BART_044.basePlot.vst,2018-09-25,vst_BART_2018,D01,BART,BART_044,NEON.PLA.D01.BART.05088,single bole tree,12.9,130,10.1
bf3777e4-1408-4ed7-84e6-e36741e69ce4,BART_044.basePlot.vst,2018-09-25,vst_BART_2018,D01,BART,BART_044,NEON.PLA.D01.BART.05418,single bole tree,28.5,130,14.6
0fb5d1ca-2bd6-4916-a31b-d35c05286e86,BART_044.basePlot.vst,2018-09-25,vst_BART_2018,D01,BART,BART_044,NEON.PLA.D01.BART.05435,single bole tree,25.7,130,18.2
2c252625-d885-4c72-87c8-e16d6564f197,BART_044.basePlot.vst,2018-09-25,vst_BART_2018,D01,BART,BART_044,NEON.PLA.D01.BART.05431,single bole tree,21.1,130,14.2
23311039-2c51-452b-985e-5849f74da13e,BART_044.basePlot.vst,2018-09-25,vst_BART_2018,D01,BART,BART_044,NEON.PLA.D01.BART.05090,single bole tree,14.6,130,11.6
9a83edb4-e1e3-456e-91a2-ac990f51df9a,BART_044.basePlot.vst,2018-09-25,vst_BART_2018,D01,BART,BART_044,NEON.PLA.D01.BART.05405,single bole tree,22.0,130,15.4
399f0d75-e394-47c8-b554-7cbaad7011a1,BART_044.basePlot.vst,2018-09-25,vst_BART_2018,D01,BART,BART_044,NEON.PLA.D01.BART.05408,multi-bole tree,31.5,180,19.0
98b2c157-2ef3-4673-9722-146785f9c06f,BART_044.basePlot.vst,2018-09-25,vst_BART_2018,D01,BART,BART_044,NEON.PLA.D01.BART.05577,single bole tree,10.6,130,8.1
7d1aa318-4b60-4d67-889f-52320fe5ec19,BART_044.basePlot.vst,2018-09-25,vst_BART_2018,D01,BART,BART_044,NEON.PLA.D01.BART.05428,single bole tree,17.3,130,11.2
14b7549b-41de-4518-8686-639870abada5,BART_044.basePlot.vst,2018-09-25,vst_BART_2018,D01,BART,BART_044,NEON.PLA.D01.BART.05420,single bole tree,29.5,130,17.8
58077845-5415-45b5-b946-7f4d2f3ba6ed,BART_044.basePlot.vst,2018-09-25,vst_BART_2018,D01,BART,BART_044,NEON.PLA.D01.BART.05413,single bole tree,13.9,130,14.4
5ecbf8dd-e8ac-419a-a1df-0f1827000919,BART_044.basePlot.vst,2018-09-25,vst_BART_2018,D01,BART,BART_044,NEON.PLA.D01.BART.05423,single bole tree,37.0,130,18.7
5b3a89bd-ab1e-43e7-8055-4fb955664be7,BART_044.basePlot.vst,2018-09-25,vst_BART_2018,D01,BART,BART_044,NEON.PLA.D01.BART.05410,single bole tree,21.6,130,15.0
4b9d88fc-8a9f-4d46-aa09-e96861c04b3b,BART_044.basePlot.vst,2018-09-25,vst_BART_2018,D01,BART,BART_044,NEON.PLA.D01.BART.05440,single bole tree,25.3,130,14.6
f7c3b1fa-2f9f-40d7-83f3-3452020a6e59,BART_044.basePlot.vst,2018-09-25,vst_BART_2018,D01,BART,BART_044,NEON.PLA.D01.BART.05576,single bole tree,11.9,130,10.4
8c96bb9e-1ab7-48c8-8e2a-f2aac0764bdd,BART_044.basePlot.vst,2018-09-25,vst_BART_2018,D01,BART,BART_044,NEON.PLA.D01.BART.05401,single bole tree,12.7,130,13.0
286f30e9-f10c-4542-aba4-ca3a317be2fc,BART_044.basePlot.vst,2018-09-25,vst_BART_2018,D01,BART,BART_044,NEON.PLA.D01.BART.05291,single bole tree,21.1,130,16.6
af1eeade-3d00-48e5-b17b-b26b905d433a,BART_044.basePlot.vst,2018-09-25,vst_BART_2018,D01,BART,BART_044,NEON.PLA.D01.BART.05436,single bole tree,20.7,130,15.3
253e6835-93f4-4bc8-8717-f2af47fefbe3,BART_044.basePlot.vst,2018-09-25,vst_BART_2018,D01,BART,BART_044,NEON.PLA.D01.BART.05100,single bole tree,10.2,130,6.3
619c9640-aaed-4f28-8d5a-5078ee2f6b48,BART_044.basePlot.vst,2018-09-25,vst_BART_2018,D01,BART,BART_044,NEON.PLA.D01.BART.05403,single bole tree,19.7,130,14.8
ab4bf8d3-1aa6-4a60-bdee-6485610f0962,BART_044.basePlot.vst,2018-09-25,vst_BART_2018,D01,BART,BART_044,NEON.PLA.D01.BART.05443,single bole tree,29.5,130,18.1
22a03309-405a-44ed-813e-87d9550ee6bc,BART_044.basePlot.vst,2018-09-25,vst_BART_2018,D01,BART,BART_044,NEON.PLA.D01.BART.05437,single bole tree,25.3,130,18.1
b462071f-5698-4695-bcd6-24e1905d70bb,BART_044.basePlot.vst,2018-09-25,vst_BART_2018,D01,BART,BART_044,NEON.PLA.D01.BART.05432,single bole tree,12.5,130,10.7
281699c5-7767-495d-b8c6-ed89a853746a,BART_044.basePlot.vst,2018-09-25,vst_BART_2018,D01,BART,BART_044,NEON.PLA.D01.BART.05290,single bole tree,10.2,130,5.0
c2770817-f4c4-46fa-9242-220e82c5633c,BART_037.basePlot.vst,2018-09-26,vst_BART_2018,D01,BART,BART_037,NEON.PLA.D01.BART.05074,single bole tree,14.2,130,15.1
f19c8cb3-3770-4317-aeae-bde111aac6e8,BART_037.basePlot.vst,2018-09-26,vst_BART_2018,D01,BART,BART_037,NEON.PLA.D01.BART.05273,single bole tree,10.3,130,11.5
758563e2-98dd-416f-a92f-a805f565748a,BART_037.basePlot.vst,2018-09-26,vst_BART_2018,D01,BART,BART_037,NEON.PLA.D01.BART.05280,single bole tree,31.0,130,18.0
58f8adcb-f1a1-4416-aaab-112eead69247,BART_037.basePlot.vst,2018-09-26,vst_BART_2018,D01,BART,BART_037,NEON.PLA.D01.BART.05066,single bole tree,25.1,130,18.8
4fd51d41-e14f-4147-8965-1a499b06c4da,BART_037.basePlot.vst,2018-09-26,vst_BART_2018,D01,BART,BART_037,NEON.PLA.D01.BART.05087,single bole tree,33.2,130,21.2
38bacb77-3666-43f5-a693-e5c917b87cc1,BART_037.basePlot.vst,2018-09-26,vst_BART_2018,D01,BART,BART_037,NEON.PLA.D01.BART.05269,single bole tree,39.9,130,20.3
d264a562-9769-40c7-b879-6c130556144d,BART_037.basePlot.vst,2018-09-26,vst_BART_2018,D01,BART,BART_037,NEON.PLA.D01.BART.05276,single bole tree,15.4,130,17.4
39560421-b9ca-4ff8-8a44-ac4e517b4197,BART_037.basePlot.vst,2018-09-26,vst_BART_2018,D01,BART,BART_037,NEON.PLA.D01.BART.05064,single bole tree,28.2,130,19.1
6d7dd2d8-ce96-4e05-9f76-97d4cfd6feb1,BART_037.basePlot.vst,2018-09-26,vst_BART_2018,D01,BART,BART_037,NEON.PLA.D01.BART.05061,single bole tree,15.9,130,16.4
e8caa174-8ced-4a2c-baa3-c1fc9ad52fc3,BART_037.basePlot.vst,2018-09-26,vst_BART_2018,D01,BART,BART_037,NEON.PLA.D01.BART.05278,single bole tree,17.5,130,9.8
380d3bd4-973f-4f3a-8f79-d8b2ad3fb2ee,BART_037.basePlot.vst,2018-09-26,vst_BART_2018,D01,BART,BART_037,NEON.PLA.D01.BART.05073,single bole tree,45.1,130,20.6
32db7128-b023-46f6-ba4d-d9f93592d2b9,BART_037.basePlot.vst,2018-09-26,vst_BART_2018,D01,BART,BART_037,NEON.PLA.D01.BART.05070,single bole tree,16.1,130,16.0
7c3f22fb-bd87-41e7-b2ca-6553a74df925,BART_037.basePlot.vst,2018-09-26,vst_BART_2018,D01,BART,BART_037,NEON.PLA.D01.BART.05268,single bole tree,39.6,130,22.2
84902e95-b0f4-4071-8dbf-0f828489e8d6,BART_037.basePlot.vst,2018-09-26,vst_BART_2018,D01,BART,BART_037,NEON.PLA.D01.BART.05065,single bole tree,21.3,130,15.1
31b16201-2908-47a4-b663-ef6f044ef267,BART_037.basePlot.vst,2018-09-26,vst_BART_2018,D01,BART,BART_037,NEON.PLA.D01.BART.05069,single bole tree,17.1,130,19.8
9fa5f411-4649-4100-8488-07e0747eb760,BART_037.basePlot.vst,2018-09-26,vst_BART_2018,D01,BART,BART_037,NEON.PLA.D01.BART.05282,single bole tree,12.3,130,13.4
7ff57c12-4132-4903-aa31-8d6847a8e5ef,BART_037.basePlot.vst,2018-09-26,vst_BART_2018,D01,BART,BART_037,NEON.PLA.D01.BART.05283,single bole tree,10.6,130,13.0
0989a38e-0273-4a5c-8b72-0fefed8db397,BART_037.basePlot.vst,2018-09-26,vst_BART_2018,D01,BART,BART_037,NEON.PLA.D01.BART.05080,single bole tree,14.8,130,17.1
c6ce1a7e-f401-446b-820c-c7eb4dfa4794,BART_037.basePlot.vst,2018-09-26,vst_BART_2018,D01,BART,BART_037,NEON.PLA.D01.BART.05062,single bole tree,11.9,130,6.7
cc832863-0c13-4393-b9da-153aa56a3bad,BART_037.basePlot.vst,2018-09-26,vst_BART_2018,D01,BART,BART_037,NEON.PLA.D01.BART.05084,single bole tree,23.5,130,18.8
d8804728-b378-4a8d-835e-3e5929c2b2d8,BART_037.basePlot.vst,2018-09-26,vst_BART_2018,D01,BART,BART_037,NEON.PLA.D01.BART.05072,single bole tree,41.1,130,20.0
cdc8ad53-f236-48bc-b5c6-f5d9b0f98f18,BART_037.basePlot.vst,2018-09-26,vst_BART_2018,D01,BART,BART_037,NEON.PLA.D01.BART.05079,single bole tree,22.4,130,12.7
1b3c7b97-ae75-4fb3-9842-fcdf56d3c9f2,BART_037.basePlot.vst,2018-09-26,vst_BART_2018,D01,BART,BART_037,NEON.PLA.D01.BART.05287,single bole tree,12.1,130,13.9
29d42847-fe41-4ce3-a182-229f188e2656,BART_037.basePlot.vst,2018-09-26,vst_BART_2018,D01,BART,BART_037,NEON.PLA.D01.BART.05278,single bole tree,16.0,130,14.8
33d4aa63-756b-4e05-a275-a818bcc08ea7,BART_037.basePlot.vst,2018-09-26,vst_BART_2018,D01,BART,BART_037,NEON.PLA.D01.BART.05284,single bole tree,29.6,145,18.0
5c1909f2-ccae-420e-84cd-64cb65569eaa,BART_037.basePlot.vst,2018-09-26,vst_BART_2018,D01,BART,BART_037,NEON.PLA.D01.BART.05071,single bole tree,59.1,130,22.6
293a5531-46fe-47b0-b23f-af942a06efd3,BART_037.basePlot.vst,2018-09-26,vst_BART_2018,D01,BART,BART_037,NEON.PLA.D01.BART.05277,single bole tree,25.5,130,19.1
30913680-50b5-4994-b8b4-6147c6d7ba0a,BART_037.basePlot.vst,2018-09-26,vst_BART_2018,D01,BART,BART_037,NEON.PLA.D01.BART.05083,single bole tree,31.8,130,16.5
451ee59b-2719-4bc3-933e-3b1b47f884ca,BART_037.basePlot.vst,2018-09-26,vst_BART_2018,D01,BART,BART_037,NEON.PLA.D01.BART.05281,single bole tree,48.5,130,22.8
9a21eaaf-c1b4-4bcf-add6-ee3b364162b4,BART_037.basePlot.vst,2018-09-26,vst_BART_2018,D01,BART,BART_037,NEON.PLA.D01.BART.05689,single bole tree,45.4,130,22.3
a69584c9-b54e-425c-9d9c-48bced605886,BART_037.basePlot.vst,2018-09-26,vst_BART_2018,D01,BART,BART_037,NEON.PLA.D01.BART.05270,single bole tree,22.9,130,17.6
ed263793-7cb2-490f-ad45-957870153ffe,BART_037.basePlot.vst,2018-09-26,vst_BART_2018,D01,BART,BART_037,NEON.PLA.D01.BART.05285,single bole tree,17.2,130,14.5
02d79f20-917b-4d2c-a7c0-721d4db13bd6,BART_037.basePlot.vst,2018-09-26,vst_BART_2018,D01,BART,BART_037,NEON.PLA.D01.BART.05272,single bole tree,59.8,130,25.5
00ed0a77-3ae9-407a-bc65-d14c183df530,BART_037.basePlot.vst,2018-09-26,vst_BART_2018,D01,BART,BART_037,NEON.PLA.D01.BART.05076,single bole tree,10.5,130,12.4
50aaad97-dfbb-4845-b4ef-e54ca5509580,BART_037.basePlot.vst,2018-09-26,vst_BART_2018,D01,BART,BART_037,NEON.PLA.D01.BART.05081,single bole tree,20.0,130,17.2
a6522de1-75eb-4e1a-a833-5e1a9da51a6a,BART_037.basePlot.vst,2018-09-26,vst_BART_2018,D01,BART,BART_037,NEON.PLA.D01.BART.05060,single bole tree,11.9,130,8.7
14a90e06-ca14-4a1b-be17-8ee6d8ca2ef3,BART_037.basePlot.vst,2018-09-26,vst_BART_2018,D01,BART,BART_037,NEON.PLA.D01.BART.05086,single bole tree,10.7,130,6.5
c2243934-34cb-47e2-9e88-7b1ee57723a0,BART_037.basePlot.vst,2018-09-26,vst_BART_2018,D01,BART,BART_037,NEON.PLA.D01.BART.05082,single bole tree,12.2,130,12.8
20c536a7-2ece-4e61-bb6b-76ad7df93090,BART_037.basePlot.vst,2018-09-26,vst_BART_2018,D01,BART,BART_037,NEON.PLA.D01.BART.05068,single bole tree,21.6,130,16.5
3213515c-022b-49d7-bcaf-140c0976d5ed,BART_037.basePlot.vst,2018-09-26,vst_BART_2018,D01,BART,BART_037,NEON.PLA.D01.BART.05063,single bole tree,39.5,130,23.6
4fce31f3-6017-4280-b396-1e5a434c0b3b,BART_037.basePlot.vst,2018-09-26,vst_BART_2018,D01,BART,BART_037,NEON.PLA.D01.BART.05067,single bole tree,27.9,130,19.3
33c218d5-4c70-4370-bff2-29e760e4dd0e,BART_037.basePlot.vst,2018-09-26,vst_BART_2018,D01,BART,BART_037,NEON.PLA.D01.BART.05085,single bole tree,31.2,130,15.3
0d34bcb5-21ff-45a8-9855-4f351bda8f72,BART_037.basePlot.vst,2018-09-26,vst_BART_2018,D01,BART,BART_037,NEON.PLA.D01.BART.05075,single bole tree,33.5,130,15.2
8997b15b-8437-4bba-9248-1fbd60a34bb2,BART_037.basePlot.vst,2018-09-26,vst_BART_2018,D01,BART,BART_037,NEON.PLA.D01.BART.05274,single bole tree,12.4,130,16.5
40e6dd4c-2a49-49e9-927d-f41d5c6cee34,BART_037.basePlot.vst,2018-09-26,vst_BART_2018,D01,BART,BART_037,NEON.PLA.D01.BART.05267,single bole tree,25.9,130,14.5
2ca8f8a4-e262-4da7-bb90-d671bbfa43ed,BART_037.basePlot.vst,2018-09-26,vst_BART_2018,D01,BART,BART_037,NEON.PLA.D01.BART.05279,single bole tree,13.5,130,11.3
86b2a873-03d3-48c5-a0e9-3aa155aa58bf,BART_037.basePlot.vst,2018-09-26,vst_BART_2018,D01,BART,BART_037,NEON.PLA.D01.BART.05059,single bole tree,13.5,130,15.0
462cb55d-695b-4434-b7b5-e6a9b29cf388,BART_037.basePlot.vst,2018-09-26,vst_BART_2018,D01,BART,BART_037,NEON.PLA.D01.BART.05288,single bole tree,18.2,130,15.2
17b9690e-7efe-4d5e-ac1f-f40ed1340538,BART_033.basePlot.vst,2018-09-27,vst_BART_2018,D01,BART,BART_033,NEON.PLA.D01.BART.06110,single bole tree,22.4,130,15.6
cb2b63be-a727-4ed6-b414-4f1c236e6ef4,BART_033.basePlot.vst,2018-09-27,vst_BART_2018,D01,BART,BART_033,NEON.PLA.D01.BART.06106,single bole tree,24.2,130,12.9
bbfd503e-62ff-483e-8ed1-26eeea750416,BART_033.basePlot.vst,2018-09-27,vst_BART_2018,D01,BART,BART_033,NEON.PLA.D01.BART.02315,single bole tree,15.0,130,10.0
7471cfc8-7fe9-4afd-86a8-20f06cd768ab,BART_033.basePlot.vst,2018-09-27,vst_BART_2018,D01,BART,BART_033,NEON.PLA.D01.BART.06108,single bole tree,16.4,130,14.7
d544d9dc-8070-47e7-8949-cb4836d0e3fb,BART_033.basePlot.vst,2018-09-27,vst_BART_2018,D01,BART,BART_033,NEON.PLA.D01.BART.06109,single bole tree,41.3,130,24.3
a88cfd24-4929-4bc3-8a4a-35264253e2b6,BART_033.basePlot.vst,2018-09-27,vst_BART_2018,D01,BART,BART_033,NEON.PLA.D01.BART.02311,single bole tree,10.5,130,12.2
f83749c5-b129-4889-a2a9-b556543c2e55,BART_033.basePlot.vst,2018-09-27,vst_BART_2018,D01,BART,BART_033,NEON.PLA.D01.BART.02321,single bole tree,23.9,110,18.0
45227620-0f90-4bc6-a0b7-3d2c314610f7,BART_033.basePlot.vst,2018-09-27,vst_BART_2018,D01,BART,BART_033,NEON.PLA.D01.BART.02925,single bole tree,21.7,130,15.0
5930aa87-8d2d-4f50-9e44-d15d9628d968,BART_033.basePlot.vst,2018-09-27,vst_BART_2018,D01,BART,BART_033,NEON.PLA.D01.BART.02322,single bole tree,22.0,130,15.9
8e8f34c1-dd5c-4cc5-a538-82c1b237bcad,BART_033.basePlot.vst,2018-09-27,vst_BART_2018,D01,BART,BART_033,NEON.PLA.D01.BART.06063,small tree,9.6,130,8.2
6c3cf3ad-9eb2-419d-bbd0-8c88ef67f4a3,BART_033.basePlot.vst,2018-09-27,vst_BART_2018,D01,BART,BART_033,NEON.PLA.D01.BART.06300,single bole tree,32.9,130,19.2
395bab80-e74c-4d73-a749-cb43f815dd28,BART_033.basePlot.vst,2018-09-27,vst_BART_2018,D01,BART,BART_033,NEON.PLA.D01.BART.06105,single bole tree,18.8,130,15.7
6182cd57-428e-4ac2-83d5-720cd49d6d7a,BART_033.basePlot.vst,2018-09-27,vst_BART_2018,D01,BART,BART_033,NEON.PLA.D01.BART.06123,single bole tree,29.3,130,17.9
c093e149-59df-41ab-939a-54b0273f9292,BART_033.basePlot.vst,2018-09-27,vst_BART_2018,D01,BART,BART_033,NEON.PLA.D01.BART.06126,single bole tree,15.9,130,12.2
39c888ab-f8eb-4a41-ac2c-94f1f0e89883,BART_033.basePlot.vst,2018-09-27,vst_BART_2018,D01,BART,BART_033,NEON.PLA.D01.BART.06020,single bole tree,10.0,130,5.6
b82d53b2-4b16-49b6-8f05-c59500c0d076,BART_033.basePlot.vst,2018-09-27,vst_BART_2018,D01,BART,BART_033,NEON.PLA.D01.BART.02953,single bole tree,10.5,130,9.5
fa5c8c0b-6832-4cb0-a6e4-5c02518c398f,BART_033.basePlot.vst,2018-09-27,vst_BART_2018,D01,BART,BART_033,NEON.PLA.D01.BART.02318,single bole tree,18.8,130,11.1
4f964cb3-38cf-408d-80e7-bb50b9467156,BART_033.basePlot.vst,2018-09-27,vst_BART_2018,D01,BART,BART_033,NEON.PLA.D01.BART.02319,single bole tree,28.9,130,18.2
6058f311-ef6c-4534-ba9b-7b8772859d62,BART_033.basePlot.vst,2018-09-27,vst_BART_2018,D01,BART,BART_033,NEON.PLA.D01.BART.02802,single bole tree,11.4,130,14.1
90d79650-9cca-4370-a3d6-957da2b40041,BART_033.basePlot.vst,2018-09-27,vst_BART_2018,D01,BART,BART_033,NEON.PLA.D01.BART.02935,single bole tree,22.3,130,19.2
efd9c5d0-54af-45b9-9393-a31fd7f0db31,BART_033.basePlot.vst,2018-09-27,vst_BART_2018,D01,BART,BART_033,NEON.PLA.D01.BART.02312,single bole tree,21.8,130,16.4
e9a57d0a-8b62-4f3c-804e-fe09baf25fa1,BART_033.basePlot.vst,2018-09-27,vst_BART_2018,D01,BART,BART_033,NEON.PLA.D01.BART.02313,single bole tree,17.3,130,16.8
ed222361-8cb5-4308-a205-3587fe1d7de8,BART_033.basePlot.vst,2018-09-27,vst_BART_2018,D01,BART,BART_033,NEON.PLA.D01.BART.02314,single bole tree,15.7,130,13.3
8c7b03c5-2fe4-4671-8020-33ec83f30cd8,BART_033.basePlot.vst,2018-09-27,vst_BART_2018,D01,BART,BART_033,NEON.PLA.D01.BART.03885,NA,NA,NA,NA
355fc29d-e003-4050-9a56-45d80db8680b,BART_033.basePlot.vst,2018-09-27,vst_BART_2018,D01,BART,BART_033,NEON.PLA.D01.BART.02317,single bole tree,19.8,130,14.4
0b45db42-e182-4fb3-ac48-16d737620423,BART_033.basePlot.vst,2018-09-27,vst_BART_2018,D01,BART,BART_033,NEON.PLA.D01.BART.02783,single bole tree,19.5,130,15.9
cb9bfd46-877b-4100-8e30-b3d579b3a17f,BART_033.basePlot.vst,2018-09-27,vst_BART_2018,D01,BART,BART_033,NEON.PLA.D01.BART.06107,single bole tree,16.9,130,15.9
ecc6d0cc-4641-46e9-b4c2-ab28e97cc213,BART_033.basePlot.vst,2018-09-27,vst_BART_2018,D01,BART,BART_033,NEON.PLA.D01.BART.02316,single bole tree,20.8,130,15.0
82054204-5c2a-436d-a942-410cdf4748fa,BART_033.basePlot.vst,2018-09-27,vst_BART_2018,D01,BART,BART_033,NEON.PLA.D01.BART.02933,single bole tree,23.6,130,14.9
9d34122d-ffa8-4a3a-9bed-5c8ba036e8c1,BART_033.basePlot.vst,2018-09-27,vst_BART_2018,D01,BART,BART_033,NEON.PLA.D01.BART.02927,single bole tree,22.1,130,16.5
dea964e1-dbeb-4f76-8df9-4e98b66679f1,BART_033.basePlot.vst,2018-09-27,vst_BART_2018,D01,BART,BART_033,NEON.PLA.D01.BART.02932,single bole tree,23.8,130,19.3
4570f30d-ba4d-419b-aa3a-8a5c9d919bb1,BART_033.basePlot.vst,2018-09-27,vst_BART_2018,D01,BART,BART_033,NEON.PLA.D01.BART.02930,single bole tree,17.7,130,14.5
b7d0ced8-1094-449a-b4db-3ef98f7f0e28,BART_033.basePlot.vst,2018-09-27,vst_BART_2018,D01,BART,BART_033,NEON.PLA.D01.BART.06117,single bole tree,19.2,130,16.2
7cebf67c-c87e-4654-80ee-ab4122c3c8a3,BART_033.basePlot.vst,2018-09-27,vst_BART_2018,D01,BART,BART_033,NEON.PLA.D01.BART.02934,single bole tree,28.4,130,17.8
8eb207e2-7463-4352-9dd9-0567808d36ce,BART_033.basePlot.vst,2018-09-27,vst_BART_2018,D01,BART,BART_033,NEON.PLA.D01.BART.06019,single bole tree,13.5,130,12.1
e4f9702c-ece4-4410-9f2f-1a4c85d49f8b,BART_033.basePlot.vst,2018-09-27,vst_BART_2018,D01,BART,BART_033,NEON.PLA.D01.BART.06103,multi-bole tree,12.2,130,11.5
9c04b99c-3bc7-4fbf-bd4d-1fa5a118c2a7,BART_033.basePlot.vst,2018-09-27,vst_BART_2018,D01,BART,BART_033,NEON.PLA.D01.BART.06119,single bole tree,43.4,130,20.4
6f95ad7c-ad30-4073-9e49-f2b723c239a0,BART_033.basePlot.vst,2018-09-27,vst_BART_2018,D01,BART,BART_033,NEON.PLA.D01.BART.03883,NA,NA,NA,NA
cb40e817-029d-466e-a831-fe08e6ada72b,BART_033.basePlot.vst,2018-09-27,vst_BART_2018,D01,BART,BART_033,NEON.PLA.D01.BART.06102,multi-bole tree,15.2,130,12.0
c99082c6-06e4-4945-a3ee-ec14899ba7ef,BART_033.basePlot.vst,2018-09-27,vst_BART_2018,D01,BART,BART_033,NEON.PLA.D01.BART.02323,single bole tree,36.1,130,21.4
d70e22e6-3047-4150-91f9-109c842a7a36,BART_033.basePlot.vst,2018-09-27,vst_BART_2018,D01,BART,BART_033,NEON.PLA.D01.BART.06101,single bole tree,41.1,130,21.0
bd576f07-1a40-4f12-adb1-b0de30f497a0,BART_033.basePlot.vst,2018-09-27,vst_BART_2018,D01,BART,BART_033,NEON.PLA.D01.BART.02320,single bole tree,10.5,130,13.5
c11c4e84-911d-4e54-8d63-08df34c8fbd9,BART_033.basePlot.vst,2018-09-27,vst_BART_2018,D01,BART,BART_033,NEON.PLA.D01.BART.06299,single bole tree,20.6,130,18.7
94d08cdb-2d30-4ee5-8512-244871ebd8fd,BART_033.basePlot.vst,2018-09-27,vst_BART_2018,D01,BART,BART_033,NEON.PLA.D01.BART.03979,NA,NA,NA,NA
957703d3-f506-4472-8c9c-faf2f185b9ea,BART_033.basePlot.vst,2018-09-27,vst_BART_2018,D01,BART,BART_033,NEON.PLA.D01.BART.02928,single bole tree,14.3,130,14.4
d4c64054-740b-4c3a-bb09-fdb2b6b951e2,BART_033.basePlot.vst,2018-09-27,vst_BART_2018,D01,BART,BART_033,NEON.PLA.D01.BART.02926,single bole tree,31.1,130,19.6
efa61517-1a73-48a4-95ae-c2521e5e2756,BART_033.basePlot.vst,2018-09-27,vst_BART_2018,D01,BART,BART_033,NEON.PLA.D01.BART.02931,single bole tree,12.0,130,14.0
