uid,namedLocation,date,eventID,domainID,siteID,plotID,individualID,growthForm,stemDiameter,measurementHeight,height
72f5ea57-8e6e-4af2-a6eb-57eea00bb473,DSNY_017.basePlot.vst,2018-01-02,vst_DSNY_2017,D03,DSNY,DSNY_017,NEON.PLA.D03.DSNY.02122,small shrub,NA,NA,0.9
3d9622fb-eae3-43b0-80c1-8ce379bc5e1e,DSNY_017.basePlot.vst,2018-01-02,vst_DSNY_2017,D03,DSNY,DSNY_017,NEON.PLA.D03.DSNY.01498,small shrub,NA,NA,0.8
2f6ad6f2-bf7a-4c8a-b82a-2170041d8323,DSNY_017.basePlot.vst,2018-01-02,vst_DSNY_2017,D03,DSNY,DSNY_017,NEON.PLA.D03.DSNY.00724,small shrub,NA,NA,1.2
fba33df2-8635-4d08-a5d8-669995ffdb29,DSNY_017.basePlot.vst,2018-01-02,vst_DSNY_2017,D03,DSNY,DSNY_017,NEON.PLA.D03.DSNY.00977,small shrub,NA,NA,0.7
dfef2c3b-180a-4877-9daf-e1f3c0be6e23,DSNY_017.basePlot.vst,2018-01-02,vst_DSNY_2017,D03,DSNY,DSNY_017,NEON.PLA.D03.DSNY.02117,small shrub,NA,NA,0.9
5a6ed0e0-28f8-4e3a-9c30-9f18e84446c6,DSNY_017.basePlot.vst,2018-01-02,vst_DSNY_2017,D03,DSNY,DSNY_017,NEON.PLA.D03.DSNY.00703,small shrub,NA,NA,1.0
013e2080-7fcf-4339-98a1-a98cec3b7353,DSNY_017.basePlot.vst,2018-01-02,vst_DSNY_2017,D03,DSNY,DSNY_017,NEON.PLA.D03.DSNY.00867,small shrub,NA,NA,1.1
eb890bec-3eab-41dc-b1b4-60d7b1936573,DSNY_017.basePlot.vst,2018-01-02,vst_DSNY_2017,D03,DSNY,DSNY_017,NEON.PLA.D03.DSNY.00722,small shrub,NA,NA,0.9
e66cdb33-6470-4ea6-8451-e6b00f4abc04,DSNY_017.basePlot.vst,2018-01-02,vst_DSNY_2017,D03,DSNY,DSNY_017,NEON.PLA.D03.DSNY.00720,small shrub,NA,NA,0.6
393c5bec-8e1a-4d79-8cb6-58e79ae46b96,DSNY_017.basePlot.vst,2018-01-02,vst_DSNY_2017,D03,DSNY,DSNY_017,NEON.PLA.D03.DSNY.02101,small shrub,NA,NA,1.1
43ee8db6-1893-4e1f-8f26-151182496cde,DSNY_017.basePlot.vst,2018-01-02,vst_DSNY_2017,D03,DSNY,DSNY_017,NEON.PLA.D03.DSNY.00715,small shrub,NA,NA,0.7
487a6524-31f9-4af6-84e9-8e861028d97e,DSNY_017.basePlot.vst,2018-01-02,vst_DSNY_2017,D03,DSNY,DSNY_017,NEON.PLA.D03.DSNY.02128,small shrub,NA,NA,1.0
de3ac7b5-119b-4492-8aff-ad9aa3023624,DSNY_017.basePlot.vst,2018-01-02,vst_DSNY_2017,D03,DSNY,DSNY_017,NEON.PLA.D03.DSNY.00640,small shrub,NA,NA,1.0
f62a1767-72fe-49ed-8967-1b6122c5e571,DSNY_017.basePlot.vst,2018-01-02,vst_DSNY_2017,D03,DSNY,DSNY_017,NEON.PLA.D03.DSNY.00723,small shrub,NA,NA,0.9
666e30c2-a570-4861-90e0-d0e8980cdf91,DSNY_017.basePlot.vst,2018-01-02,vst_DSNY_2017,D03,DSNY,DSNY_017,NEON.PLA.D03.DSNY.02121,small shrub,NA,NA,1.0
5d42a066-0188-4fbe-aa50-1cea923b245e,DSNY_017.basePlot.vst,2018-01-02,vst_DSNY_2017,D03,DSNY,DSNY_017,NEON.PLA.D03.DSNY.02131,small shrub,NA,NA,0.8
5bad957d-aabf-4c26-8196-a9f2d667d80b,DSNY_017.basePlot.vst,2018-01-02,vst_DSNY_2017,D03,DSNY,DSNY_017,NEON.PLA.D03.DSNY.02113,small shrub,NA,NA,0.9
c166a7a4-8c74-4f75-b784-1f76b574ad1e,DSNY_017.basePlot.vst,2018-01-02,vst_DSNY_2017,D03,DSNY,DSNY_017,NEON.PLA.D03.DSNY.00584,small shrub,NA,NA,NA
74a25b1a-cc2d-4f80-8d5c-f50c99f07217,DSNY_017.basePlot.vst,2018-01-02,vst_DSNY_2017,D03,DSNY,DSNY_017,NEON.PLA.D03.DSNY.00939,small shrub,NA,NA,0.9
cbd46a03-8dea-4f60-addc-b0f7b57f6e8f,DSNY_017.basePlot.vst,2018-01-02,vst_DSNY_2017,D03,DSNY,DSNY_017,NEON.PLA.D03.DSNY.02109,small shrub,NA,NA,0.9
f7b9466d-bb84-4bb1-b1ca-534c50164a32,DSNY_017.basePlot.vst,2018-01-02,vst_DSNY_2017,D03,DSNY,DSNY_017,NEON.PLA.D03.DSNY.01492,small shrub,NA,NA,1.2
c36618e8-f8ba-42d8-ba70-59bc1a3c3ab6,DSNY_017.basePlot.vst,2018-01-02,vst_DSNY_2017,D03,DSNY,DSNY_017,NEON.PLA.D03.DSNY.02104,small shrub,NA,NA,0.9
82eb59b4-a896-4045-a666-bb80798c30ff,DSNY_017.basePlot.vst,2018-01-02,vst_DSNY_2017,D03,DSNY,DSNY_017,NEON.PLA.D03.DSNY.02126,small shrub,NA,NA,0.8
dd82439e-0b73-49df-968d-f346b687b65c,DSNY_017.basePlot.vst,2018-01-02,vst_DSNY_2017,D03,DSNY,DSNY_017,NEON.PLA.D03.DSNY.01481,small shrub,NA,NA,NA
3839a09b-09c6-4a4d-921b-29c4455ac969,DSNY_017.basePlot.vst,2018-01-02,vst_DSNY_2017,D03,DSNY,DSNY_017,NEON.PLA.D03.DSNY.00866,small shrub,NA,NA,1.0
6ae84734-373a-408f-9aea-2013f446ce1c,DSNY_017.basePlot.vst,2018-01-02,vst_DSNY_2017,D03,DSNY,DSNY_017,NEON.PLA.D03.DSNY.00710,small shrub,NA,NA,1.0
1b2a8089-3fa2-4d20-b1f8-7a35c2445b0a,DSNY_017.basePlot.vst,2018-01-02,vst_DSNY_2017,D03,DSNY,DSNY_017,NEON.PLA.D03.DSNY.00978,small shrub,NA,NA,0.8
bfe59939-7acc-48f0-8c65-9b844d1e4a2f,DSNY_017.basePlot.vst,2018-01-02,vst_DSNY_2017,D03,DSNY,DSNY_017,NEON.PLA.D03.DSNY.02133,small shrub,NA,NA,1.1
22127ffb-0fa8-444b-81f4-1d192ca8fc6c,DSNY_017.basePlot.vst,2018-01-02,vst_DSNY_2017,D03,DSNY,DSNY_017,NEON.PLA.D03.DSNY.00719,small shrub,NA,NA,0.9
e5f1b761-7739-4cca-99b5-dff8952dc8da,DSNY_017.basePlot.vst,2018-01-02,vst_DSNY_2017,D03,DSNY,DSNY_017,NEON.PLA.D03.DSNY.02106,small shrub,NA,NA,1.0
867314f4-b628-42e2-9786-110e83ed851d,DSNY_017.basePlot.vst,2018-01-02,vst_DSNY_2017,D03,DSNY,DSNY_017,NEON.PLA.D03.DSNY.00705,small shrub,NA,NA,1.1
b40942a0-a58a-4157-8c33-11db29a343e2,DSNY_017.basePlot.vst,2018-01-02,vst_DSNY_2017,D03,DSNY,DSNY_017,NEON.PLA.D03.DSNY.02115,small shrub,NA,NA,1.0
996c474e-4fde-4006-93fa-5b6a82f5c1d6,DSNY_017.basePlot.vst,2018-01-02,vst_DSNY_2017,D03,DSNY,DSNY_017,NEON.PLA.D03.DSNY.00725,small shrub,NA,NA,1.2
e3b149df-521f-442d-9adb-e4b52f024532,DSNY_017.basePlot.vst,2018-01-02,vst_DSNY_2017,D03,DSNY,DSNY_017,NEON.PLA.D03.DSNY.00962,small shrub,NA,NA,0.8
ee682786-fdaa-4895-b85f-f612c4e9e423,DSNY_017.basePlot.vst,2018-01-02,vst_DSNY_2017,D03,DSNY,DSNY_017,NEON.PLA.D03.DSNY.02112,small shrub,NA,NA,0.9
45e9ae98-cb88-41ae-ac49-3b7bb17067e1,DSNY_017.basePlot.vst,2018-01-02,vst_DSNY_2017,D03,DSNY,DSNY_017,NEON.PLA.D03.DSNY.00941,small shrub,NA,NA,1.1
2e63039a-3aac-4282-a919-7baf3b80e5ef,DSNY_017.basePlot.vst,2018-01-02,vst_DSNY_2017,D03,DSNY,DSNY_017,NEON.PLA.D03.DSNY.00721,small shrub,NA,NA,0.8
6299f2bf-e5d3-47d5-a397-03330bb8815f,DSNY_017.basePlot.vst,2018-01-02,vst_DSNY_2017,D03,DSNY,DSNY_017,NEON.PLA.D03.DSNY.02124,small shrub,NA,NA,1.0
4946f9f3-992c-499a-aea9-8ddc07cb6129,DSNY_017.basePlot.vst,2018-01-02,vst_DSNY_2017,D03,DSNY,DSNY_017,NEON.PLA.D03.DSNY.02132,small shrub,NA,NA,0.9
5c2c413c-3c26-4188-9aeb-b7b7667b4958,DSNY_017.basePlot.vst,2018-01-02,vst_DSNY_2017,D03,DSNY,DSNY_017,NEON.PLA.D03.DSNY.00878,small shrub,NA,NA,1.2
02a21da5-7d61-4277-af9d-43697214b256,DSNY_017.basePlot.vst,2018-01-02,vst_DSNY_2017,D03,DSNY,DSNY_017,NEON.PLA.D03.DSNY.00584,small shrub,NA,NA,1.1
4f1428ae-ddb5-4a9e-8a1f-3993bf4d0dac,DSNY_017.basePlot.vst,2018-01-02,vst_DSNY_2017,D03,DSNY,DSNY_017,NEON.PLA.D03.DSNY.00977,small shrub,NA,NA,NA
f4eb0ebc-214b-48b9-b99f-1fe00c041b8f,DSNY_017.basePlot.vst,2018-01-02,vst_DSNY_2017,D03,DSNY,DSNY_017,NEON.PLA.D03.DSNY.00571,small shrub,NA,NA,1.1
fbcbdcc1-7749-42cd-93f3-63ba55159ab6,DSNY_017.basePlot.vst,2018-01-02,vst_DSNY_2017,D03,DSNY,DSNY_017,NEON.PLA.D03.DSNY.02111,small shrub,NA,NA,0.9
0460eb80-e8be-4082-bb41-6afe184bf40a,DSNY_017.basePlot.vst,2018-01-02,vst_DSNY_2017,D03,DSNY,DSNY_017,NEON.PLA.D03.DSNY.02120,small shrub,NA,NA,1.1
96f10db1-9185-4a94-9fd9-cda2d8588ddd,DSNY_017.basePlot.vst,2018-01-02,vst_DSNY_2017,D03,DSNY,DSNY_017,NEON.PLA.D03.DSNY.02123,small shrub,NA,NA,0.9
3ac62a9b-349a-4acc-9ad8-e756f3131034,DSNY_017.basePlot.vst,2018-01-02,vst_DSNY_2017,D03,DSNY,DSNY_017,NEON.PLA.D03.DSNY.02108,small shrub,NA,NA,0.8
5f4de094-669f-4b23-a032-68ed65557951,DSNY_017.basePlot.vst,2018-01-02,vst_DSNY_2017,D03,DSNY,DSNY_017,NEON.PLA.D03.DSNY.00708,small shrub,NA,NA,0.8
c290a285-6301-4ea6-bfb2-ce283b431213,DSNY_017.basePlot.vst,2018-01-02,vst_DSNY_2017,D03,DSNY,DSNY_017,NEON.PLA.D03.DSNY.00709,small shrub,NA,NA,0.8
7282bdc5-963b-4cf6-99e9-42f89cc6d953,DSNY_017.basePlot.vst,2018-01-02,vst_DSNY_2017,D03,DSNY,DSNY_017,NEON.PLA.D03.DSNY.02137,small shrub,NA,NA,0.8
26b0b29c-c4ac-4e23-a386-6227198ad8bf,DSNY_017.basePlot.vst,2018-01-02,vst_DSNY_2017,D03,DSNY,DSNY_017,NEON.PLA.D03.DSNY.02116,small shrub,NA,NA,0.7
25599783-0ce3-48ca-8a52-9db2cb2d2ec2,DSNY_017.basePlot.vst,2018-01-02,vst_DSNY_2017,D03,DSNY,DSNY_017,NEON.PLA.D03.DSNY.00713,small shrub,NA,NA,1.1
86cc025e-3d0e-4038-92b4-74858492fdcf,DSNY_017.basePlot.vst,2018-01-02,vst_DSNY_2017,D03,DSNY,DSNY_017,NEON.PLA.D03.DSNY.02129,small shrub,NA,NA,1.1
945ac5f5-3a24-4aab-93bc-1f1d6ab46737,DSNY_017.basePlot.vst,2018-01-02,vst_DSNY_2017,D03,DSNY,DSNY_017,NEON.PLA.D03.DSNY.00712,small shrub,NA,NA,0.9
10e0f033-a818-4b2c-9801-678a8726b4e0,DSNY_017.basePlot.vst,2018-01-02,vst_DSNY_2017,D03,DSNY,DSNY_017,NEON.PLA.D03.DSNY.02127,small shrub,NA,NA,0.9
1fd27b3b-6e7a-4d3a-a70d-b3753ef1aea5,DSNY_017.basePlot.vst,2018-01-02,vst_DSNY_2017,D03,DSNY,DSNY_017,NEON.PLA.D03.DSNY.01481,small shrub,NA,NA,0.7
149c03e5-79f5-4173-b8b7-69c556f981fc,DSNY_017.basePlot.vst,2018-01-02,vst_DSNY_2017,D03,DSNY,DSNY_017,NEON.PLA.D03.DSNY.02136,small shrub,NA,NA,0.6
7ccc60f0-8156-4364-8fd7-d818cd43c24c,DSNY_017.basePlot.vst,2018-01-02,vst_DSNY_2017,D03,DSNY,DSNY_017,NEON.PLA.D03.DSNY.00792,small shrub,NA,NA,1.1
b5ec7c11-714c-4d85-a285-f59870a0b180,DSNY_017.basePlot.vst,2018-01-02,vst_DSNY_2017,D03,DSNY,DSNY_017,NEON.PLA.D03.DSNY.02134,small shrub,NA,NA,0.8
bd06a4d9-1308-4c66-8c2c-ea57a751bad8,DSNY_017.basePlot.vst,2018-01-02,vst_DSNY_2017,D03,DSNY,DSNY_017,NEON.PLA.D03.DSNY.02109,small shrub,NA,NA,0.9
7943da06-945c-445a-8d94-61015632bf18,DSNY_017.basePlot.vst,2018-01-02,vst_DSNY_2017,D03,DSNY,DSNY_017,NEON.PLA.D03.DSNY.00702,small shrub,NA,NA,1.0
dbad54fd-929c-42e2-8a61-e4b9bceebaaf,DSNY_017.basePlot.vst,2018-01-02,vst_DSNY_2017,D03,DSNY,DSNY_017,NEON.PLA.D03.DSNY.02105,small shrub,NA,NA,0.7
038642cd-0f5b-4fb0-b179-f1d553b032f7,DSNY_017.basePlot.vst,2018-01-02,vst_DSNY_2017,D03,DSNY,DSNY_017,NEON.PLA.D03.DSNY.02130,small shrub,NA,NA,0.9
f44b7b7d-5be1-4073-bb6e-ab04b15538b5,DSNY_017.basePlot.vst,2018-01-02,vst_DSNY_2017,D03,DSNY,DSNY_017,NEON.PLA.D03.DSNY.00728,small shrub,NA,NA,1.1
dfbee382-cc76-4a72-9c79-f6705a45078e,DSNY_017.basePlot.vst,2018-01-02,vst_DSNY_2017,D03,DSNY,DSNY_017,NEON.PLA.D03.DSNY.02102,small shrub,NA,NA,1.1
9d52472b-9f76-4e32-a03c-cb559439846d,DSNY_017.basePlot.vst,2018-01-02,vst_DSNY_2017,D03,DSNY,DSNY_017,NEON.PLA.D03.DSNY.01488,small shrub,NA,NA,NA
cfe47a99-009c-4605-9d8d-e24607fcdc02,DSNY_017.basePlot.vst,2018-01-02,vst_DSNY_2017,D03,DSNY,DSNY_017,NEON.PLA.D03.DSNY.00711,small shrub,NA,NA,1.3
ec0dece5-a831-4387-9a67-61c025eef2c7,DSNY_017.basePlot.vst,2018-01-02,vst_DSNY_2017,D03,DSNY,DSNY_017,NEON.PLA.D03.DSNY.01497,small shrub,NA,NA,1.0
bce7e303-77b2-479f-93b8-f00e41f1638e,DSNY_017.basePlot.vst,2018-01-02,vst_DSNY_2017,D03,DSNY,DSNY_017,NEON.PLA.D03.DSNY.01473,small shrub,NA,NA,0.9
51626f3b-235b-40ea-b7a7-37739e29ffcc,DSNY_017.basePlot.vst,2018-01-02,vst_DSNY_2017,D03,DSNY,DSNY_017,NEON.PLA.D03.DSNY.00701,small shrub,NA,NA,0.9
3ffa3aa7-8738-434e-90f5-1b970206e06c,DSNY_017.basePlot.vst,2018-01-02,vst_DSNY_2017,D03,DSNY,DSNY_017,NEON.PLA.D03.DSNY.02137,small shrub,NA,NA,0.8
8b7ddb46-4554-4d5b-9d6f-314b1c989034,DSNY_017.basePlot.vst,2018-01-02,vst_DSNY_2017,D03,DSNY,DSNY_017,NEON.PLA.D03.DSNY.00704,small shrub,NA,NA,0.9
d68eba36-2c6d-4b18-bbb7-005b87ca5297,DSNY_017.basePlot.vst,2018-01-02,vst_DSNY_2017,D03,DSNY,DSNY_017,NEON.PLA.D03.DSNY.02110,small shrub,NA,NA,1.0
b966ae83-dc06-4225-951f-32ae06ddc72f,DSNY_017.basePlot.vst,2018-01-02,vst_DSNY_2017,D03,DSNY,DSNY_017,NEON.PLA.D03.DSNY.00793,small shrub,NA,NA,0.9
b1b07a47-eb43-4328-a093-be51d9b2de7e,DSNY_017.basePlot.vst,2018-01-02,vst_DSNY_2017,D03,DSNY,DSNY_017,NEON.PLA.D03.DSNY.00724,small shrub,NA,NA,1.2
9dd6d335-4454-49aa-8448-3e136c28596b,DSNY_017.basePlot.vst,2018-01-02,vst_DSNY_2017,D03,DSNY,DSNY_017,NEON.PLA.D03.DSNY.00729,small shrub,NA,NA,1.0
109314ab-64b9-40cf-843a-07617226b25c,DSNY_017.basePlot.vst,2018-01-02,vst_DSNY_2017,D03,DSNY,DSNY_017,NEON.PLA.D03.DSNY.02118,small shrub,NA,NA,0.6
1e511409-6012-4011-9888-decaadf6cfac,DSNY_017.basePlot.vst,2018-01-02,vst_DSNY_2017,D03,DSNY,DSNY_017,NEON.PLA.D03.DSNY.00718,small shrub,NA,NA,1.0
860bc8ea-5872-4b98-bb9e-2b0cffb95084,DSNY_017.basePlot.vst,2018-01-02,vst_DSNY_2017,D03,DSNY,DSNY_017,NEON.PLA.D03.DSNY.00571,small shrub,NA,NA,1.1
6e5b63ff-7aec-427d-b302-7796e3497ec8,DSNY_017.basePlot.vst,2018-01-02,vst_DSNY_2017,D03,DSNY,DSNY_017,NEON.PLA.D03.DSNY.00716,small shrub,NA,NA,0.6
982aee0a-6114-4fab-ad92-a72710e2841c,DSNY_017.basePlot.vst,2018-01-02,vst_DSNY_2017,D03,DSNY,DSNY_017,NEON.PLA.D03.DSNY.02119,small shrub,NA,NA,0.8
6fc877f8-ff2a-4687-ab2a-775e3e30f444,DSNY_017.basePlot.vst,2018-01-02,vst_DSNY_2017,D03,DSNY,DSNY_017,NEON.PLA.D03.DSNY.01492,small shrub,NA,NA,NA
8cea7e9b-f67a-4359-8d41-37fd8804102a,DSNY_017.basePlot.vst,2018-01-02,vst_DSNY_2017,D03,DSNY,DSNY_017,NEON.PLA.D03.DSNY.00717,small shrub,NA,NA,0.8
9aa7bef3-c259-4954-8f22-f1d019e45e6b,DSNY_017.basePlot.vst,2018-01-02,vst_DSNY_2017,D03,DSNY,DSNY_017,NEON.PLA.D03.DSNY.02107,small shrub,NA,NA,0.9
66ed8156-0bf7-48df-b2b3-8fb647d8d664,DSNY_017.basePlot.vst,2018-01-02,vst_DSNY_2017,D03,DSNY,DSNY_017,NEON.PLA.D03.DSNY.00707,small shrub,NA,NA,0.8
257af6ea-665a-446d-afe9-f7db57cb0560,DSNY_017.basePlot.vst,2018-01-02,vst_DSNY_2017,D03,DSNY,DSNY_017,NEON.PLA.D03.DSNY.02103,small shrub,NA,NA,0.9
33990611-e23d-43f2-ba63-e30cb42248e5,DSNY_017.basePlot.vst,2018-01-02,vst_DSNY_2017,D03,DSNY,DSNY_017,NEON.PLA.D03.DSNY.00727,small shrub,NA,NA,1.0
899ad4a1-1758-432f-9c11-d1cd465b2d3c,DSNY_017.basePlot.vst,2018-01-02,vst_DSNY_2017,D03,DSNY,DSNY_017,NEON.PLA.D03.DSNY.02135,small shrub,NA,NA,9.0
6d2fd6d0-8537-433f-a35f-f083be913520,DSNY_017.basePlot.vst,2018-01-02,vst_DSNY_2017,D03,DSNY,DSNY_017,NEON.PLA.D03.DSNY.01488,small shrub,NA,NA,0.6
bfe6f32c-aecd-4f93-a701-a65d99486c9f,DSNY_017.basePlot.vst,2018-01-02,vst_DSNY_2017,D03,DSNY,DSNY_017,NEON.PLA.D03.DSNY.00706,small shrub,NA,NA,0.9
a308da5a-3611-43d1-9c34-c47f3c7a4597,DSNY_004.basePlot.vst,2018-01-04,vst_DSNY_2017,D03,DSNY,DSNY_004,NEON.PLA.D03.DSNY.00500,small shrub,NA,NA,1.7
c7426a34-38e3-409b-8f86-b00899a72a1c,DSNY_004.basePlot.vst,2018-01-04,vst_DSNY_2017,D03,DSNY,DSNY_004,NEON.PLA.D03.DSNY.02491,small shrub,NA,NA,0.9
54966e35-ab3d-40f6-8aea-2d79c6c1dde1,DSNY_004.basePlot.vst,2018-01-04,vst_DSNY_2017,D03,DSNY,DSNY_004,NEON.PLA.D03.DSNY.02006,small shrub,NA,NA,1.6
3d462237-5472-4c96-ac74-5bf3b9b9b991,DSNY_004.basePlot.vst,2018-01-04,vst_DSNY_2017,D03,DSNY,DSNY_004,NEON.PLA.D03.DSNY.02429,small shrub,NA,NA,1.5
667d4a12-ce02-4119-8622-38832ee7e73f,DSNY_004.basePlot.vst,2018-01-04,vst_DSNY_2017,D03,DSNY,DSNY_004,NEON.PLA.D03.DSNY.00489,small shrub,NA,NA,2.1
fb6a1e2a-fb31-468a-9d06-5ea448fd2c7f,DSNY_004.basePlot.vst,2018-01-04,vst_DSNY_2017,D03,DSNY,DSNY_004,NEON.PLA.D03.DSNY.02043,small shrub,NA,NA,1.5
b259face-7d4b-42fc-89dd-3d4a58fa5c96,DSNY_004.basePlot.vst,2018-01-04,vst_DSNY_2017,D03,DSNY,DSNY_004,NEON.PLA.D03.DSNY.02470,small shrub,NA,NA,1.6
3e2ca5e3-7588-46ff-a445-12ea8cf07110,DSNY_004.basePlot.vst,2018-01-04,vst_DSNY_2017,D03,DSNY,DSNY_004,NEON.PLA.D03.DSNY.02035,small shrub,NA,NA,1.4
73d948e6-9fa0-469f-9e16-a65e8d02b272,DSNY_004.basePlot.vst,2018-01-04,vst_DSNY_2017,D03,DSNY,DSNY_004,NEON.PLA.D03.DSNY.02494,small shrub,NA,NA,1.6
f48bf214-a88d-47ae-a915-7f9fe9bc304a,DSNY_004.basePlot.vst,2018-01-04,vst_DSNY_2017,D03,DSNY,DSNY_004,NEON.PLA.D03.DSNY.02423,small shrub,NA,NA,1.7
27ae4951-337c-4ee2-82bb-c80f4ab1d3df,DSNY_004.basePlot.vst,2018-01-04,vst_DSNY_2017,D03,DSNY,DSNY_004,NEON.PLA.D03.DSNY.00482,small shrub,NA,NA,1.5
6d44dd24-6f19-4808-9557-0fb8020c9f32,DSNY_004.basePlot.vst,2018-01-04,vst_DSNY_2017,D03,DSNY,DSNY_004,NEON.PLA.D03.DSNY.00475,small shrub,NA,NA,1.4
d381cb55-bd04-4f83-ba24-363b79520be2,DSNY_004.basePlot.vst,2018-01-04,vst_DSNY_2017,D03,DSNY,DSNY_004,NEON.PLA.D03.DSNY.02480,small shrub,NA,NA,1.1
57822b34-a51c-4067-8408-bc19c783b470,DSNY_004.basePlot.vst,2018-01-04,vst_DSNY_2017,D03,DSNY,DSNY_004,NEON.PLA.D03.DSNY.02403,small shrub,NA,NA,2.1
462fc1cb-991f-46b4-8979-b354ded8f2e1,DSNY_004.basePlot.vst,2018-01-04,vst_DSNY_2017,D03,DSNY,DSNY_004,NEON.PLA.D03.DSNY.02402,small shrub,NA,NA,1.8
029727c9-bce8-4f9f-aa43-71a969d8da42,DSNY_004.basePlot.vst,2018-01-04,vst_DSNY_2017,D03,DSNY,DSNY_004,NEON.PLA.D03.DSNY.00474,small shrub,NA,NA,1.4
ac2e104b-be74-4846-9bce-0f1ddb3f69d5,DSNY_004.basePlot.vst,2018-01-04,vst_DSNY_2017,D03,DSNY,DSNY_004,NEON.PLA.D03.DSNY.02018,small shrub,NA,NA,1.3
f33d6c33-3450-4e87-8dc8-caac23a9aaa0,DSNY_004.basePlot.vst,2018-01-04,vst_DSNY_2017,D03,DSNY,DSNY_004,NEON.PLA.D03.DSNY.00483,small shrub,NA,NA,1.3
3a3dc4db-30a9-44c7-b3c5-4c82e70e5584,DSNY_004.basePlot.vst,2018-01-04,vst_DSNY_2017,D03,DSNY,DSNY_004,NEON.PLA.D03.DSNY.02431,small shrub,NA,NA,1.9
0d60e781-80bd-44e0-9060-acf7ff7fdc51,DSNY_004.basePlot.vst,2018-01-04,vst_DSNY_2017,D03,DSNY,DSNY_004,NEON.PLA.D03.DSNY.00471,small shrub,NA,NA,1.7
af3c5aa5-945e-49db-8473-39d33dccacae,DSNY_004.basePlot.vst,2018-01-04,vst_DSNY_2017,D03,DSNY,DSNY_004,NEON.PLA.D03.DSNY.00466,small shrub,NA,NA,1.9
e96790dc-adc8-45f9-ba64-01034927f4bf,DSNY_004.basePlot.vst,2018-01-04,vst_DSNY_2017,D03,DSNY,DSNY_004,NEON.PLA.D03.DSNY.02037,small shrub,NA,NA,1.6
880a6226-6443-42af-9429-f094244a5ef4,DSNY_004.basePlot.vst,2018-01-04,vst_DSNY_2017,D03,DSNY,DSNY_004,NEON.PLA.D03.DSNY.02404,small shrub,NA,NA,1.8
1497ab19-cbb1-43ec-a472-d81af9ca08c9,DSNY_004.basePlot.vst,2018-01-04,vst_DSNY_2017,D03,DSNY,DSNY_004,NEON.PLA.D03.DSNY.02404,small shrub,NA,NA,1.8
6729849b-82d6-4abb-8283-b0e3e30b3ace,DSNY_004.basePlot.vst,2018-01-04,vst_DSNY_2017,D03,DSNY,DSNY_004,NEON.PLA.D03.DSNY.02457,small shrub,NA,NA,1.5
4817c340-430b-4dff-bb51-cd5b12a895cc,DSNY_004.basePlot.vst,2018-01-04,vst_DSNY_2017,D03,DSNY,DSNY_004,NEON.PLA.D03.DSNY.02440,small shrub,NA,NA,1.6
4a38f5fc-c471-4626-a314-ef86006e4ae3,DSNY_004.basePlot.vst,2018-01-04,vst_DSNY_2017,D03,DSNY,DSNY_004,NEON.PLA.D03.DSNY.02428,small shrub,NA,NA,1.7
74d79d7e-f7a5-434c-86b2-c491fa2173c8,DSNY_004.basePlot.vst,2018-01-04,vst_DSNY_2017,D03,DSNY,DSNY_004,NEON.PLA.D03.DSNY.02444,small shrub,NA,NA,1.7
c056954f-d6e7-43ef-9f1d-23542bee7d4d,DSNY_004.basePlot.vst,2018-01-04,vst_DSNY_2017,D03,DSNY,DSNY_004,NEON.PLA.D03.DSNY.02025,small shrub,NA,NA,1.6
eeb39dee-1b9c-4fbc-acc6-f48fa06326e7,DSNY_004.basePlot.vst,2018-01-04,vst_DSNY_2017,D03,DSNY,DSNY_004,NEON.PLA.D03.DSNY.00497,small shrub,NA,NA,1.4
c1d01838-a9a4-4d17-aeb2-933f6e2e4f2a,DSNY_004.basePlot.vst,2018-01-04,vst_DSNY_2017,D03,DSNY,DSNY_004,NEON.PLA.D03.DSNY.02489,small shrub,NA,NA,1.3
b151f84c-5fe4-46c2-beec-7f32f6dc938f,DSNY_004.basePlot.vst,2018-01-04,vst_DSNY_2017,D03,DSNY,DSNY_004,NEON.PLA.D03.DSNY.00486,small shrub,NA,NA,1.8
5203732e-d00e-4315-9673-2a851fa430ea,DSNY_004.basePlot.vst,2018-01-04,vst_DSNY_2017,D03,DSNY,DSNY_004,NEON.PLA.D03.DSNY.02439,small shrub,NA,NA,1.8
5c4046bd-64c8-4ab3-802c-e473e9646e59,DSNY_004.basePlot.vst,2018-01-04,vst_DSNY_2017,D03,DSNY,DSNY_004,NEON.PLA.D03.DSNY.02445,small shrub,NA,NA,1.4
0d3d72ec-363d-4875-baea-973feac77fef,DSNY_004.basePlot.vst,2018-01-04,vst_DSNY_2017,D03,DSNY,DSNY_004,NEON.PLA.D03.DSNY.02420,small shrub,NA,NA,1.7
753e68d9-1323-4ba3-8c15-9e84678af57d,DSNY_004.basePlot.vst,2018-01-04,vst_DSNY_2017,D03,DSNY,DSNY_004,NEON.PLA.D03.DSNY.02049,small shrub,NA,NA,1.3
f7713eaf-5371-410a-80c3-bd0814951883,DSNY_004.basePlot.vst,2018-01-04,vst_DSNY_2017,D03,DSNY,DSNY_004,NEON.PLA.D03.DSNY.00480,small shrub,NA,NA,1.3
dd333ff1-ab24-47d5-90fa-352dd269c958,DSNY_004.basePlot.vst,2018-01-04,vst_DSNY_2017,D03,DSNY,DSNY_004,NEON.PLA.D03.DSNY.02471,small shrub,NA,NA,1.2
7d686d2f-0e18-4d61-8510-e200c1fce2b6,DSNY_004.basePlot.vst,2018-01-04,vst_DSNY_2017,D03,DSNY,DSNY_004,NEON.PLA.D03.DSNY.02478,small shrub,NA,NA,1.0
2470d507-9d24-4933-bfb5-68bfe74e0fe0,DSNY_004.basePlot.vst,2018-01-04,vst_DSNY_2017,D03,DSNY,DSNY_004,NEON.PLA.D03.DSNY.00467,small shrub,NA,NA,2.1
070d1624-9c91-47b6-bed2-beb0446fa00c,DSNY_004.basePlot.vst,2018-01-04,vst_DSNY_2017,D03,DSNY,DSNY_004,NEON.PLA.D03.DSNY.02033,small shrub,NA,NA,1.5
f9356c24-f7e7-4702-a1b5-d85406a560a8,DSNY_004.basePlot.vst,2018-01-04,vst_DSNY_2017,D03,DSNY,DSNY_004,NEON.PLA.D03.DSNY.02467,small shrub,NA,NA,1.7
45e6685c-16d5-46e0-b5dd-25747b87dec2,DSNY_004.basePlot.vst,2018-01-04,vst_DSNY_2017,D03,DSNY,DSNY_004,NEON.PLA.D03.DSNY.00476,small shrub,NA,NA,1.4
6d325c52-649f-433f-b65f-0653c21a9ac0,DSNY_004.basePlot.vst,2018-01-04,vst_DSNY_2017,D03,DSNY,DSNY_004,NEON.PLA.D03.DSNY.00485,small shrub,NA,NA,1.5
1461c045-b7e2-46ce-a591-e6ef79f8bf1f,DSNY_004.basePlot.vst,2018-01-04,vst_DSNY_2017,D03,DSNY,DSNY_004,NEON.PLA.D03.DSNY.02437,small shrub,NA,NA,1.4
7aab7dcf-9b61-4670-afba-83cb674543fd,DSNY_004.basePlot.vst,2018-01-04,vst_DSNY_2017,D03,DSNY,DSNY_004,NEON.PLA.D03.DSNY.02466,small shrub,NA,NA,1.3
4446a757-caea-40d6-823f-562964f46683,DSNY_004.basePlot.vst,2018-01-04,vst_DSNY_2017,D03,DSNY,DSNY_004,NEON.PLA.D03.DSNY.02301,small shrub,NA,NA,1.5
d2d96748-82b7-42e2-89dc-7f5526aa6f82,DSNY_004.basePlot.vst,2018-01-04,vst_DSNY_2017,D03,DSNY,DSNY_004,NEON.PLA.D03.DSNY.02407,small shrub,NA,NA,2.0
881364b6-9727-49b1-bf7c-51027d2fd8bd,DSNY_004.basePlot.vst,2018-01-04,vst_DSNY_2017,D03,DSNY,DSNY_004,NEON.PLA.D03.DSNY.02427,small shrub,NA,NA,1.7
62a1516b-1870-41d4-9000-7712c99d4f6b,DSNY_004.basePlot.vst,2018-01-04,vst_DSNY_2017,D03,DSNY,DSNY_004,NEON.PLA.D03.DSNY.02046,small shrub,NA,NA,1.4
9f08a517-e54f-4e82-b373-5593e65a5a78,DSNY_004.basePlot.vst,2018-01-04,vst_DSNY_2017,D03,DSNY,DSNY_004,NEON.PLA.D03.DSNY.02019,small shrub,NA,NA,1.4
d9e98eac-403f-4154-b361-dc8820221a82,DSNY_004.basePlot.vst,2018-01-04,vst_DSNY_2017,D03,DSNY,DSNY_004,NEON.PLA.D03.DSNY.02023,small shrub,NA,NA,1.2
e1214736-024d-4fce-b429-5b6e91d0d950,DSNY_004.basePlot.vst,2018-01-04,vst_DSNY_2017,D03,DSNY,DSNY_004,NEON.PLA.D03.DSNY.00473,small shrub,NA,NA,1.4
88e2f6b8-2af8-4b6d-a775-46f682c953bf,DSNY_004.basePlot.vst,2018-01-04,vst_DSNY_2017,D03,DSNY,DSNY_004,NEON.PLA.D03.DSNY.02492,small shrub,NA,NA,1.4
c8c6f216-f8d5-4ff2-ad31-df1543336994,DSNY_004.basePlot.vst,2018-01-04,vst_DSNY_2017,D03,DSNY,DSNY_004,NEON.PLA.D03.DSNY.02024,small shrub,NA,NA,1.2
99f392cd-d46f-4dc8-baa6-00fad646c9f9,DSNY_004.basePlot.vst,2018-01-04,vst_DSNY_2017,D03,DSNY,DSNY_004,NEON.PLA.D03.DSNY.02488,small shrub,NA,NA,0.8
4270052f-1a22-441a-afda-0b5b29c90b74,DSNY_004.basePlot.vst,2018-01-04,vst_DSNY_2017,D03,DSNY,DSNY_004,NEON.PLA.D03.DSNY.00033,small shrub,NA,NA,1.8
5f309c50-89ef-4c62-af27-4c14221be2b8,DSNY_004.basePlot.vst,2018-01-04,vst_DSNY_2017,D03,DSNY,DSNY_004,NEON.PLA.D03.DSNY.02416,small shrub,NA,NA,1.5
6726b54e-1353-45e2-9f27-09db60f32ba7,DSNY_004.basePlot.vst,2018-01-04,vst_DSNY_2017,D03,DSNY,DSNY_004,NEON.PLA.D03.DSNY.00466,small shrub,NA,NA,1.9
00f87cd2-a02e-4424-a723-215493694e99,DSNY_004.basePlot.vst,2018-01-04,vst_DSNY_2017,D03,DSNY,DSNY_004,NEON.PLA.D03.DSNY.02487,small shrub,NA,NA,0.8
bd65a34d-0146-44c2-88a7-4e57ec9e204e,DSNY_004.basePlot.vst,2018-01-04,vst_DSNY_2017,D03,DSNY,DSNY_004,NEON.PLA.D03.DSNY.00472,small shrub,NA,NA,1.8
c42b1dbc-6a09-44be-a549-276b1130ac21,DSNY_004.basePlot.vst,2018-01-04,vst_DSNY_2017,D03,DSNY,DSNY_004,NEON.PLA.D03.DSNY.02465,small shrub,NA,NA,1.4
1328b7ab-bcc9-4b2a-be8e-3ea1b04974a8,DSNY_004.basePlot.vst,2018-01-04,vst_DSNY_2017,D03,DSNY,DSNY_004,NEON.PLA.D03.DSNY.02451,small shrub,NA,NA,1.7
011124d1-1067-4359-87c4-03c99cc34600,DSNY_004.basePlot.vst,2018-01-04,vst_DSNY_2017,D03,DSNY,DSNY_004,NEON.PLA.D03.DSNY.02015,single shrub,3.2,130,2.7
51101276-4c90-491d-a6fb-3b83a8f14fe2,DSNY_004.basePlot.vst,2018-01-04,vst_DSNY_2017,D03,DSNY,DSNY_004,NEON.PLA.D03.DSNY.02424,small shrub,NA,NA,1.7
d0b96355-3463-45fe-a839-9a3facaa8286,DSNY_004.basePlot.vst,2018-01-04,vst_DSNY_2017,D03,DSNY,DSNY_004,NEON.PLA.D03.DSNY.00489,small shrub,NA,NA,2.1
b855e4cc-7996-40fd-9423-11248158d72d,DSNY_004.basePlot.vst,2018-01-04,vst_DSNY_2017,D03,DSNY,DSNY_004,NEON.PLA.D03.DSNY.02452,small shrub,NA,NA,1.6
50b338aa-c19c-466d-ae99-1155504fac95,DSNY_004.basePlot.vst,2018-01-04,vst_DSNY_2017,D03,DSNY,DSNY_004,NEON.PLA.D03.DSNY.02406,small shrub,NA,NA,1.7
a03d4c41-7e60-4e14-9c96-9ac3d8d79aa3,DSNY_004.basePlot.vst,2018-01-04,vst_DSNY_2017,D03,DSNY,DSNY_004,NEON.PLA.D03.DSNY.02039,small shrub,NA,NA,1.2
f296bb83-75e1-4e61-8d82-602267b1792c,DSNY_004.basePlot.vst,2018-01-04,vst_DSNY_2017,D03,DSNY,DSNY_004,NEON.PLA.D03.DSNY.02469,small shrub,NA,NA,1.7
0423b112-cdb7-4248-be9c-6931f03e12dd,DSNY_004.basePlot.vst,2018-01-04,vst_DSNY_2017,D03,DSNY,DSNY_004,NEON.PLA.D03.DSNY.02472,small shrub,NA,NA,1.7
6d483611-7de9-4d62-ba5a-e7a39ce503f2,DSNY_004.basePlot.vst,2018-01-04,vst_DSNY_2017,D03,DSNY,DSNY_004,NEON.PLA.D03.DSNY.02407,small shrub,NA,NA,2.0
ab490446-4fc5-4475-be5b-881c79a348a7,DSNY_004.basePlot.vst,2018-01-04,vst_DSNY_2017,D03,DSNY,DSNY_004,NEON.PLA.D03.DSNY.00029,small shrub,NA,NA,1.6
d5a668d1-feca-43d8-9824-eb4e49878054,DSNY_004.basePlot.vst,2018-01-04,vst_DSNY_2017,D03,DSNY,DSNY_004,NEON.PLA.D03.DSNY.02418,small shrub,NA,NA,1.4
924de0ad-c630-4849-bc01-42d190af9b24,DSNY_004.basePlot.vst,2018-01-04,vst_DSNY_2017,D03,DSNY,DSNY_004,NEON.PLA.D03.DSNY.00499,small shrub,NA,NA,1.7
d7813cbb-b2b0-48b2-957d-2e8d6df24246,DSNY_004.basePlot.vst,2018-01-04,vst_DSNY_2017,D03,DSNY,DSNY_004,NEON.PLA.D03.DSNY.00499,small shrub,NA,NA,1.7
9deebc5a-e614-456b-9e65-beb360ed90b9,DSNY_004.basePlot.vst,2018-01-04,vst_DSNY_2017,D03,DSNY,DSNY_004,NEON.PLA.D03.DSNY.02461,small shrub,NA,NA,1.8
823e9b9f-7671-4cc9-bd6d-c6f1502317e7,DSNY_004.basePlot.vst,2018-01-04,vst_DSNY_2017,D03,DSNY,DSNY_004,NEON.PLA.D03.DSNY.02005,small shrub,NA,NA,1.8
7c7fd3c9-430a-4da5-b776-cdb8ad8deb45,DSNY_004.basePlot.vst,2018-01-04,vst_DSNY_2017,D03,DSNY,DSNY_004,NEON.PLA.D03.DSNY.02443,small shrub,NA,NA,1.8
df3914fd-af84-4d22-9027-e33213fe78c4,DSNY_004.basePlot.vst,2018-01-04,vst_DSNY_2017,D03,DSNY,DSNY_004,NEON.PLA.D03.DSNY.02474,small shrub,NA,NA,1.3
7d954849-cb0c-435f-8d0c-026416291096,DSNY_004.basePlot.vst,2018-01-04,vst_DSNY_2017,D03,DSNY,DSNY_004,NEON.PLA.D03.DSNY.02500,small shrub,NA,NA,1.4
b2fc5d1f-35d2-4683-8407-700accf7f92e,DSNY_004.basePlot.vst,2018-01-04,vst_DSNY_2017,D03,DSNY,DSNY_004,NEON.PLA.D03.DSNY.00482,small shrub,NA,NA,1.5
848dea00-b7f1-462a-9fd1-7f3e47af5592,DSNY_004.basePlot.vst,2018-01-04,vst_DSNY_2017,D03,DSNY,DSNY_004,NEON.PLA.D03.DSNY.00491,small shrub,NA,NA,1.5
4a9ef0e9-1930-458d-96f6-7eea9e55ee91,DSNY_004.basePlot.vst,2018-01-04,vst_DSNY_2017,D03,DSNY,DSNY_004,NEON.PLA.D03.DSNY.00037,small shrub,NA,NA,1.1
2adcfc04-e125-414d-a835-2390c8f98ea7,DSNY_004.basePlot.vst,2018-01-04,vst_DSNY_2017,D03,DSNY,DSNY_004,NEON.PLA.D03.DSNY.02458,small shrub,NA,NA,1.5
de9348fd-a773-44f3-b20a-9b430dc8e220,DSNY_004.basePlot.vst,2018-01-04,vst_DSNY_2017,D03,DSNY,DSNY_004,NEON.PLA.D03.DSNY.02473,small shrub,NA,NA,1.5
0f8fca08-14e4-4b81-838f-137d0cb5481c,DSNY_004.basePlot.vst,2018-01-04,vst_DSNY_2017,D03,DSNY,DSNY_004,NEON.PLA.D03.DSNY.02040,small shrub,NA,NA,1.7
2e33f9aa-3b14-478e-a479-a582a52a0774,DSNY_004.basePlot.vst,2018-01-04,vst_DSNY_2017,D03,DSNY,DSNY_004,NEON.PLA.D03.DSNY.00487,small shrub,NA,NA,1.6
875bc521-e028-4820-b6e5-42c22d0c605c,DSNY_004.basePlot.vst,2018-01-04,vst_DSNY_2017,D03,DSNY,DSNY_004,NEON.PLA.D03.DSNY.02421,small shrub,NA,NA,1.9
3e6de2dd-4536-441f-9af1-9c71617be36b,DSNY_004.basePlot.vst,2018-01-04,vst_DSNY_2017,D03,DSNY,DSNY_004,NEON.PLA.D03.DSNY.02413,small shrub,NA,NA,1.6
a6a03f42-c1bb-44bb-bb15-9fc4e499ffd8,DSNY_004.basePlot.vst,2018-01-04,vst_DSNY_2017,D03,DSNY,DSNY_004,NEON.PLA.D03.DSNY.02022,small shrub,NA,NA,1.2
ad0191dd-dd3e-49e4-b18d-b1468dc50412,DSNY_004.basePlot.vst,2018-01-04,vst_DSNY_2017,D03,DSNY,DSNY_004,NEON.PLA.D03.DSNY.02436,small shrub,NA,NA,1.6
65a7abfc-766a-438a-a2a3-950be14f2c45,DSNY_004.basePlot.vst,2018-01-04,vst_DSNY_2017,D03,DSNY,DSNY_004,NEON.PLA.D03.DSNY.02482,small shrub,NA,NA,1.2
c6d91b71-1a3c-4407-a19b-a9808bd65381,DSNY_004.basePlot.vst,2018-01-04,vst_DSNY_2017,D03,DSNY,DSNY_004,NEON.PLA.D03.DSNY.02464,small shrub,NA,NA,1.6
21ba829e-c119-4096-9e5a-983cba251179,DSNY_004.basePlot.vst,2018-01-04,vst_DSNY_2017,D03,DSNY,DSNY_004,NEON.PLA.D03.DSNY.02034,small shrub,NA,NA,1.4
d9b24b8a-643b-4b9b-a053-535050c1d238,DSNY_004.basePlot.vst,2018-01-04,vst_DSNY_2017,D03,DSNY,DSNY_004,NEON.PLA.D03.DSNY.02415,small shrub,NA,NA,1.3
6c8c7f78-ae4d-436d-87a2-91ade420cc64,DSNY_004.basePlot.vst,2018-01-04,vst_DSNY_2017,D03,DSNY,DSNY_004,NEON.PLA.D03.DSNY.02495,small shrub,NA,NA,1.4
3ffcbb31-d292-432b-9e38-6c2386365714,DSNY_004.basePlot.vst,2018-01-04,vst_DSNY_2017,D03,DSNY,DSNY_004,NEON.PLA.D03.DSNY.02010,small shrub,NA,NA,1.8
8b8df387-3e6c-4f18-bfef-4520d47f045a,DSNY_004.basePlot.vst,2018-01-04,vst_DSNY_2017,D03,DSNY,DSNY_004,NEON.PLA.D03.DSNY.02468,small shrub,NA,NA,1.5
fb880f77-20d5-46e1-88e9-15cda8b4896a,DSNY_004.basePlot.vst,2018-01-04,vst_DSNY_2017,D03,DSNY,DSNY_004,NEON.PLA.D03.DSNY.02490,small shrub,NA,NA,1.0
f5d896a3-e125-4aa7-8b93-fd31ff6b767b,DSNY_004.basePlot.vst,2018-01-04,vst_DSNY_2017,D03,DSNY,DSNY_004,NEON.PLA.D03.DSNY.02479,small shrub,NA,NA,0.9
5fbb5148-bfda-43a4-8647-323b3ecc8a84,DSNY_004.basePlot.vst,2018-01-04,vst_DSNY_2017,D03,DSNY,DSNY_004,NEON.PLA.D03.DSNY.02431,small shrub,NA,NA,1.9
8d2f8152-8177-483f-bae4-00979f6b1216,DSNY_004.basePlot.vst,2018-01-04,vst_DSNY_2017,D03,DSNY,DSNY_004,NEON.PLA.D03.DSNY.00470,small shrub,NA,NA,1.7
1e5c4149-5c93-480b-a867-5bd1586ddc4e,DSNY_004.basePlot.vst,2018-01-04,vst_DSNY_2017,D03,DSNY,DSNY_004,NEON.PLA.D03.DSNY.02425,small shrub,NA,NA,1.2
72293674-3c1d-4575-a040-c16e3c367af7,DSNY_004.basePlot.vst,2018-01-04,vst_DSNY_2017,D03,DSNY,DSNY_004,NEON.PLA.D03.DSNY.02477,small shrub,NA,NA,1.3
6d1bd3cd-9b06-415c-b00e-43e1bdccf5ff,DSNY_004.basePlot.vst,2018-01-04,vst_DSNY_2017,D03,DSNY,DSNY_004,NEON.PLA.D03.DSNY.02484,small shrub,NA,NA,0.9
945e5872-c1f0-4acb-a1af-910509a05a50,DSNY_004.basePlot.vst,2018-01-04,vst_DSNY_2017,D03,DSNY,DSNY_004,NEON.PLA.D03.DSNY.02407,small shrub,NA,NA,2.0
e2a32417-83ed-4b14-a797-1f57ade9b142,DSNY_004.basePlot.vst,2018-01-04,vst_DSNY_2017,D03,DSNY,DSNY_004,NEON.PLA.D03.DSNY.02422,small shrub,NA,NA,1.9
e770c931-00de-408d-97a4-5a65020ee403,DSNY_004.basePlot.vst,2018-01-04,vst_DSNY_2017,D03,DSNY,DSNY_004,NEON.PLA.D03.DSNY.00477,small shrub,NA,NA,1.9
4cbc9171-cb10-4366-b3ff-213e7e9d74ad,DSNY_004.basePlot.vst,2018-01-04,vst_DSNY_2017,D03,DSNY,DSNY_004,NEON.PLA.D03.DSNY.02021,small shrub,NA,NA,1.3
2295c610-8cd6-47ed-93f8-53a1838b1256,DSNY_004.basePlot.vst,2018-01-04,vst_DSNY_2017,D03,DSNY,DSNY_004,NEON.PLA.D03.DSNY.02017,small shrub,NA,NA,1.8
afa184cd-2558-401b-96a7-44459842de2e,DSNY_004.basePlot.vst,2018-01-04,vst_DSNY_2017,D03,DSNY,DSNY_004,NEON.PLA.D03.DSNY.02419,small shrub,NA,NA,1.4
3d5fc91b-64dc-4c6e-ab11-0f2ea63ead89,DSNY_004.basePlot.vst,2018-01-04,vst_DSNY_2017,D03,DSNY,DSNY_004,NEON.PLA.D03.DSNY.02030,small shrub,NA,NA,1.5
a2aeebff-1057-40ab-9875-9901046d4523,DSNY_004.basePlot.vst,2018-01-04,vst_DSNY_2017,D03,DSNY,DSNY_004,NEON.PLA.D03.DSNY.02004,small shrub,NA,NA,1.3
e433c279-d8f4-466b-a0f7-9c25aa62dcea,DSNY_004.basePlot.vst,2018-01-04,vst_DSNY_2017,D03,DSNY,DSNY_004,NEON.PLA.D03.DSNY.02013,small shrub,NA,NA,1.6
19b31b78-f7b7-4494-a3ac-8b04e7cea2ea,DSNY_004.basePlot.vst,2018-01-04,vst_DSNY_2017,D03,DSNY,DSNY_004,NEON.PLA.D03.DSNY.02447,small shrub,NA,NA,1.7
64b25ddf-7ee2-490e-a70f-dda295bf7ffe,DSNY_004.basePlot.vst,2018-01-04,vst_DSNY_2017,D03,DSNY,DSNY_004,NEON.PLA.D03.DSNY.02002,small shrub,NA,NA,2.0
df801ee4-9238-4a81-997a-258e45838f1b,DSNY_004.basePlot.vst,2018-01-04,vst_DSNY_2017,D03,DSNY,DSNY_004,NEON.PLA.D03.DSNY.02453,small shrub,NA,NA,1.7
7ade7420-aacb-4d66-9f1b-4eb86228e3f6,DSNY_004.basePlot.vst,2018-01-04,vst_DSNY_2017,D03,DSNY,DSNY_004,NEON.PLA.D03.DSNY.02020,small shrub,NA,NA,1.2
26c37673-dc4d-43bb-b50e-28335743a227,DSNY_004.basePlot.vst,2018-01-04,vst_DSNY_2017,D03,DSNY,DSNY_004,NEON.PLA.D03.DSNY.02459,small shrub,NA,NA,1.3
e6fa6b10-c679-4330-bb26-4994641636f8,DSNY_004.basePlot.vst,2018-01-04,vst_DSNY_2017,D03,DSNY,DSNY_004,NEON.PLA.D03.DSNY.00482,small shrub,NA,NA,1.5
a84d0ff9-6f0e-4ef7-9977-0c7651ad0cb2,DSNY_004.basePlot.vst,2018-01-04,vst_DSNY_2017,D03,DSNY,DSNY_004,NEON.PLA.D03.DSNY.02409,small shrub,NA,NA,2.0
0d549dab-c211-48dd-89d6-1069b50298cb,DSNY_004.basePlot.vst,2018-01-04,vst_DSNY_2017,D03,DSNY,DSNY_004,NEON.PLA.D03.DSNY.02455,small shrub,NA,NA,1.9
fc4ac3d7-59a9-4741-bea2-87e98ff570d5,DSNY_004.basePlot.vst,2018-01-04,vst_DSNY_2017,D03,DSNY,DSNY_004,NEON.PLA.D03.DSNY.02408,small shrub,NA,NA,1.9
a521d004-3010-455a-951b-bb296d540986,DSNY_004.basePlot.vst,2018-01-04,vst_DSNY_2017,D03,DSNY,DSNY_004,NEON.PLA.D03.DSNY.02449,small shrub,NA,NA,1.9
30af4370-dd89-432a-999f-2fb782e24ef6,DSNY_004.basePlot.vst,2018-01-04,vst_DSNY_2017,D03,DSNY,DSNY_004,NEON.PLA.D03.DSNY.02481,small shrub,NA,NA,1.2
528be664-6f16-4cfb-aef0-592ede0b4b83,DSNY_004.basePlot.vst,2018-01-04,vst_DSNY_2017,D03,DSNY,DSNY_004,NEON.PLA.D03.DSNY.02482,small shrub,NA,NA,1.2
47e73fac-ad9c-49f3-b21d-f1a783c3b475,DSNY_004.basePlot.vst,2018-01-04,vst_DSNY_2017,D03,DSNY,DSNY_004,NEON.PLA.D03.DSNY.00472,small shrub,NA,NA,1.8
ae08fd9e-cc2c-4580-b214-8e66b2e2323d,DSNY_004.basePlot.vst,2018-01-04,vst_DSNY_2017,D03,DSNY,DSNY_004,NEON.PLA.D03.DSNY.02450,small shrub,NA,NA,2.0
b624f95b-483f-455f-82fc-04c3367802d6,DSNY_004.basePlot.vst,2018-01-04,vst_DSNY_2017,D03,DSNY,DSNY_004,NEON.PLA.D03.DSNY.02032,small shrub,NA,NA,1.8
27149d65-1bb0-4574-86a9-94ad26b56fe4,DSNY_004.basePlot.vst,2018-01-04,vst_DSNY_2017,D03,DSNY,DSNY_004,NEON.PLA.D03.DSNY.00468,small shrub,NA,NA,1.9
adb9d063-a8eb-4734-91ed-33e635ac5157,DSNY_004.basePlot.vst,2018-01-04,vst_DSNY_2017,D03,DSNY,DSNY_004,NEON.PLA.D03.DSNY.00032,small shrub,NA,NA,1.5
2d528455-0e88-4153-8039-fd4d9f4f4670,DSNY_004.basePlot.vst,2018-01-04,vst_DSNY_2017,D03,DSNY,DSNY_004,NEON.PLA.D03.DSNY.02476,small shrub,NA,NA,1.1
99adc000-53e5-4485-a167-82849c503fc9,DSNY_004.basePlot.vst,2018-01-04,vst_DSNY_2017,D03,DSNY,DSNY_004,NEON.PLA.D03.DSNY.02432,small shrub,NA,NA,1.2
ed122ab3-0f89-418b-9b45-7e772b75975b,DSNY_004.basePlot.vst,2018-01-04,vst_DSNY_2017,D03,DSNY,DSNY_004,NEON.PLA.D03.DSNY.02433,small shrub,NA,NA,1.4
51d2a5b0-b178-487e-8d84-0a14e49c8bca,DSNY_004.basePlot.vst,2018-01-04,vst_DSNY_2017,D03,DSNY,DSNY_004,NEON.PLA.D03.DSNY.02448,small shrub,NA,NA,1.7
4186f01e-426b-41e5-bb56-74fe1bcf1d12,DSNY_004.basePlot.vst,2018-01-04,vst_DSNY_2017,D03,DSNY,DSNY_004,NEON.PLA.D03.DSNY.02446,small shrub,NA,NA,1.8
78d33fa2-f11d-4402-9d37-4ff855aa8c5f,DSNY_004.basePlot.vst,2018-01-04,vst_DSNY_2017,D03,DSNY,DSNY_004,NEON.PLA.D03.DSNY.02041,small shrub,NA,NA,1.5
3d8dc971-ad40-4077-a4c6-2024f9548eca,DSNY_004.basePlot.vst,2018-01-04,vst_DSNY_2017,D03,DSNY,DSNY_004,NEON.PLA.D03.DSNY.02048,small shrub,NA,NA,1.2
54a3530b-e616-4007-bd58-166eac4452d3,DSNY_004.basePlot.vst,2018-01-04,vst_DSNY_2017,D03,DSNY,DSNY_004,NEON.PLA.D03.DSNY.00031,small shrub,NA,NA,1.7
4a71306a-a379-4786-b031-c0a64308b9bf,DSNY_004.basePlot.vst,2018-01-04,vst_DSNY_2017,D03,DSNY,DSNY_004,NEON.PLA.D03.DSNY.00481,small shrub,NA,NA,1.6
00e9b95d-2c27-41dd-97e8-5c8f9a25222c,DSNY_004.basePlot.vst,2018-01-04,vst_DSNY_2017,D03,DSNY,DSNY_004,NEON.PLA.D03.DSNY.02015,single shrub,2.1,130,NA
c0c82473-d91e-4625-8760-4ad209142655,DSNY_004.basePlot.vst,2018-01-04,vst_DSNY_2017,D03,DSNY,DSNY_004,NEON.PLA.D03.DSNY.02014,small shrub,NA,NA,1.8
f5c9d2c3-91bf-4ae2-ae72-9f9588f38802,DSNY_004.basePlot.vst,2018-01-04,vst_DSNY_2017,D03,DSNY,DSNY_004,NEON.PLA.D03.DSNY.02003,small shrub,NA,NA,1.2
b6eee06a-50ed-41be-994f-b191a5e29f5d,DSNY_004.basePlot.vst,2018-01-04,vst_DSNY_2017,D03,DSNY,DSNY_004,NEON.PLA.D03.DSNY.02421,small shrub,NA,NA,1.9
6f545907-3b2e-4ecf-b23d-73938d39ea22,DSNY_004.basePlot.vst,2018-01-04,vst_DSNY_2017,D03,DSNY,DSNY_004,NEON.PLA.D03.DSNY.02028,small shrub,NA,NA,1.3
c6ed1814-9ab8-483f-821b-3128b7833243,DSNY_004.basePlot.vst,2018-01-04,vst_DSNY_2017,D03,DSNY,DSNY_004,NEON.PLA.D03.DSNY.02485,small shrub,NA,NA,1.2
b3139ede-47c9-4d52-9f0b-7152ce2f5755,DSNY_004.basePlot.vst,2018-01-04,vst_DSNY_2017,D03,DSNY,DSNY_004,NEON.PLA.D03.DSNY.02476,small shrub,NA,NA,1.1
a09718c5-7612-4e36-9dfd-86f132729c23,DSNY_004.basePlot.vst,2018-01-04,vst_DSNY_2017,D03,DSNY,DSNY_004,NEON.PLA.D03.DSNY.02480,small shrub,NA,NA,1.1
e8bdf5e5-016f-4a91-9a36-346c4b9bddca,DSNY_004.basePlot.vst,2018-01-04,vst_DSNY_2017,D03,DSNY,DSNY_004,NEON.PLA.D03.DSNY.02430,small shrub,NA,NA,1.3
2825d7cd-5241-4422-804e-20cfe9725109,DSNY_004.basePlot.vst,2018-01-04,vst_DSNY_2017,D03,DSNY,DSNY_004,NEON.PLA.D03.DSNY.02454,small shrub,NA,NA,1.8
baab9c00-d11a-442a-ab7b-5a4e825b38a0,DSNY_004.basePlot.vst,2018-01-04,vst_DSNY_2017,D03,DSNY,DSNY_004,NEON.PLA.D03.DSNY.00030,small shrub,NA,NA,1.7
abc55d83-4e85-42e2-a6b5-4c86883a2252,DSNY_004.basePlot.vst,2018-01-04,vst_DSNY_2017,D03,DSNY,DSNY_004,NEON.PLA.D03.DSNY.02475,small shrub,NA,NA,0.9
68d549c1-6edd-45c4-91ad-6eab4406dacd,DSNY_004.basePlot.vst,2018-01-04,vst_DSNY_2017,D03,DSNY,DSNY_004,NEON.PLA.D03.DSNY.02045,small shrub,NA,NA,1.6
1b897d80-e857-44d0-b822-839cbd86602d,DSNY_004.basePlot.vst,2018-01-04,vst_DSNY_2017,D03,DSNY,DSNY_004,NEON.PLA.D03.DSNY.02410,small shrub,NA,NA,2.1
f417ffe7-cf7f-4fbc-9644-8d2087f8e29b,DSNY_004.basePlot.vst,2018-01-04,vst_DSNY_2017,D03,DSNY,DSNY_004,NEON.PLA.D03.DSNY.02463,small shrub,NA,NA,1.5
9313f8f0-e499-4fcf-96a6-44cb3811a6c1,DSNY_004.basePlot.vst,2018-01-04,vst_DSNY_2017,D03,DSNY,DSNY_004,NEON.PLA.D03.DSNY.02435,small shrub,NA,NA,1.1
6ba5bcc5-acfb-422a-bf36-18f6588fce06,DSNY_004.basePlot.vst,2018-01-04,vst_DSNY_2017,D03,DSNY,DSNY_004,NEON.PLA.D03.DSNY.02026,small shrub,NA,NA,1.3
9dc876ea-cd48-4df4-8d38-3fc2dfc1a499,DSNY_004.basePlot.vst,2018-01-04,vst_DSNY_2017,D03,DSNY,DSNY_004,NEON.PLA.D03.DSNY.02411,small shrub,NA,NA,1.4
ba05de90-6866-478f-bc74-3dbd379441f4,DSNY_004.basePlot.vst,2018-01-04,vst_DSNY_2017,D03,DSNY,DSNY_004,NEON.PLA.D03.DSNY.02027,small shrub,NA,NA,1.5
44a18312-255a-4585-9a75-447cae1975d7,DSNY_004.basePlot.vst,2018-01-04,vst_DSNY_2017,D03,DSNY,DSNY_004,NEON.PLA.D03.DSNY.02012,small shrub,NA,NA,1.2
40c851dc-8a95-45c8-9165-cd1113819b27,DSNY_004.basePlot.vst,2018-01-04,vst_DSNY_2017,D03,DSNY,DSNY_004,NEON.PLA.D03.DSNY.02499,small shrub,NA,NA,1.6
8e76745e-f3a6-4b94-b000-574beed11430,DSNY_004.basePlot.vst,2018-01-04,vst_DSNY_2017,D03,DSNY,DSNY_004,NEON.PLA.D03.DSNY.02024,small shrub,NA,NA,1.2
7819a801-47c7-44e2-b3ed-f55b27f1e26c,DSNY_004.basePlot.vst,2018-01-04,vst_DSNY_2017,D03,DSNY,DSNY_004,NEON.PLA.D03.DSNY.00493,small shrub,NA,NA,1.6
ebbfa690-206a-4cbd-8e06-edc46dc4ff3a,DSNY_004.basePlot.vst,2018-01-04,vst_DSNY_2017,D03,DSNY,DSNY_004,NEON.PLA.D03.DSNY.02414,small shrub,NA,NA,1.6
d59403de-82ec-4626-a65c-0959b8a7941c,DSNY_004.basePlot.vst,2018-01-04,vst_DSNY_2017,D03,DSNY,DSNY_004,NEON.PLA.D03.DSNY.02405,small shrub,NA,NA,2.0
2a6535fc-91ed-4ea9-ab55-4fa13525a7eb,DSNY_004.basePlot.vst,2018-01-04,vst_DSNY_2017,D03,DSNY,DSNY_004,NEON.PLA.D03.DSNY.02434,small shrub,NA,NA,1.6
ea12de05-cca2-4e5c-858a-0ce37c735b51,DSNY_004.basePlot.vst,2018-01-04,vst_DSNY_2017,D03,DSNY,DSNY_004,NEON.PLA.D03.DSNY.02441,small shrub,NA,NA,1.6
2deae620-f879-4037-b9a1-be0e1504820e,DSNY_004.basePlot.vst,2018-01-04,vst_DSNY_2017,D03,DSNY,DSNY_004,NEON.PLA.D03.DSNY.02497,small shrub,NA,NA,1.5
f8dc5ceb-9c11-470e-b902-ffd43eeb3ab0,DSNY_004.basePlot.vst,2018-01-04,vst_DSNY_2017,D03,DSNY,DSNY_004,NEON.PLA.D03.DSNY.02407,small shrub,NA,NA,2.0
2c73938c-a185-4273-b2d5-9ac950363c00,DSNY_004.basePlot.vst,2018-01-04,vst_DSNY_2017,D03,DSNY,DSNY_004,NEON.PLA.D03.DSNY.00496,small shrub,NA,NA,1.8
c88e41dd-99f5-4301-ae6c-75d19e5fc869,DSNY_004.basePlot.vst,2018-01-04,vst_DSNY_2017,D03,DSNY,DSNY_004,NEON.PLA.D03.DSNY.02017,small shrub,NA,NA,1.8
bcd75c0a-fe09-4ce1-bc5e-8ecf4a3f8962,DSNY_004.basePlot.vst,2018-01-04,vst_DSNY_2017,D03,DSNY,DSNY_004,NEON.PLA.D03.DSNY.02496,small shrub,NA,NA,1.7
4a44b29b-2cfb-40a6-b96f-5ada7a2ffb56,DSNY_004.basePlot.vst,2018-01-04,vst_DSNY_2017,D03,DSNY,DSNY_004,NEON.PLA.D03.DSNY.02456,small shrub,NA,NA,1.9
56da86cf-daa6-4405-b179-2e01413979b4,DSNY_004.basePlot.vst,2018-01-04,vst_DSNY_2017,D03,DSNY,DSNY_004,NEON.PLA.D03.DSNY.02016,small shrub,NA,NA,1.4
026af66d-6dfe-48fb-86ef-38aad0cc6d16,DSNY_004.basePlot.vst,2018-01-04,vst_DSNY_2017,D03,DSNY,DSNY_004,NEON.PLA.D03.DSNY.02043,small shrub,NA,NA,1.5
6dcb3263-8f3c-4078-a4a4-4603382dea9c,DSNY_004.basePlot.vst,2018-01-04,vst_DSNY_2017,D03,DSNY,DSNY_004,NEON.PLA.D03.DSNY.02047,small shrub,NA,NA,1.2
811a3426-4f4d-4256-aa68-a2cccd2b09ff,DSNY_004.basePlot.vst,2018-01-04,vst_DSNY_2017,D03,DSNY,DSNY_004,NEON.PLA.D03.DSNY.00488,small shrub,NA,NA,2.0
086f69fb-42ae-4888-a13c-e108e263a3c7,DSNY_004.basePlot.vst,2018-01-04,vst_DSNY_2017,D03,DSNY,DSNY_004,NEON.PLA.D03.DSNY.02031,small shrub,NA,NA,1.4
5b57dbc1-e05e-4a77-935b-57c5eb913e13,DSNY_004.basePlot.vst,2018-01-04,vst_DSNY_2017,D03,DSNY,DSNY_004,NEON.PLA.D03.DSNY.02029,small shrub,NA,NA,1.6
f4bada72-75f1-472e-aa5d-b8e16137c8ed,DSNY_004.basePlot.vst,2018-01-04,vst_DSNY_2017,D03,DSNY,DSNY_004,NEON.PLA.D03.DSNY.02417,small shrub,NA,NA,1.9
c0751b7f-36f3-4424-9f64-f58aaaaedb9f,DSNY_004.basePlot.vst,2018-01-04,vst_DSNY_2017,D03,DSNY,DSNY_004,NEON.PLA.D03.DSNY.02009,small shrub,NA,NA,1.4
a67bff2c-9046-485a-b5ad-e25132897a46,DSNY_004.basePlot.vst,2018-01-04,vst_DSNY_2017,D03,DSNY,DSNY_004,NEON.PLA.D03.DSNY.02493,small shrub,NA,NA,1.6
f5f5a77d-b1c7-4448-bc94-25f08b3dd25d,DSNY_004.basePlot.vst,2018-01-04,vst_DSNY_2017,D03,DSNY,DSNY_004,NEON.PLA.D03.DSNY.02036,small shrub,NA,NA,1.6
93c1feda-4f82-43b7-a23d-ea5a1e8e4cfc,DSNY_004.basePlot.vst,2018-01-04,vst_DSNY_2017,D03,DSNY,DSNY_004,NEON.PLA.D03.DSNY.00490,small shrub,NA,NA,1.8
ad4036aa-8ce6-4ca7-8b2c-a367c55e44fc,DSNY_004.basePlot.vst,2018-01-04,vst_DSNY_2017,D03,DSNY,DSNY_004,NEON.PLA.D03.DSNY.00468,small shrub,NA,NA,1.9
bf4fc010-680d-429f-85c2-5a73ebebc707,DSNY_004.basePlot.vst,2018-01-04,vst_DSNY_2017,D03,DSNY,DSNY_004,NEON.PLA.D03.DSNY.02483,small shrub,NA,NA,1.1
dcb4ab71-5f92-4ab3-b2af-128323eca5eb,DSNY_004.basePlot.vst,2018-01-04,vst_DSNY_2017,D03,DSNY,DSNY_004,NEON.PLA.D03.DSNY.00475,small shrub,NA,NA,1.4
a9fe4d27-95bd-4db3-9886-1835425134f8,DSNY_004.basePlot.vst,2018-01-04,vst_DSNY_2017,D03,DSNY,DSNY_004,NEON.PLA.D03.DSNY.02486,small shrub,NA,NA,1.1
a0fde94a-4901-4036-a3ab-d3452d989127,DSNY_004.basePlot.vst,2018-01-04,vst_DSNY_2017,D03,DSNY,DSNY_004,NEON.PLA.D03.DSNY.02460,small shrub,NA,NA,2.0
29675e0d-a366-4c34-9d15-aa2e577e9cf8,DSNY_004.basePlot.vst,2018-01-04,vst_DSNY_2017,D03,DSNY,DSNY_004,NEON.PLA.D03.DSNY.02007,small shrub,NA,NA,1.9
cb8b7f69-6067-4607-bcbf-ea2883efd404,DSNY_004.basePlot.vst,2018-01-04,vst_DSNY_2017,D03,DSNY,DSNY_004,NEON.PLA.D03.DSNY.02038,small shrub,NA,NA,1.7
e8c24b47-89c7-4992-9a15-73cd0db9cfd3,DSNY_004.basePlot.vst,2018-01-04,vst_DSNY_2017,D03,DSNY,DSNY_004,NEON.PLA.D03.DSNY.00498,small shrub,NA,NA,1.4
675254a7-c702-4c9c-8e74-776f0413f249,DSNY_004.basePlot.vst,2018-01-04,vst_DSNY_2017,D03,DSNY,DSNY_004,NEON.PLA.D03.DSNY.02426,small shrub,NA,NA,1.7
7886274d-ca87-4bf5-90bb-71ae47d0e0a6,DSNY_004.basePlot.vst,2018-01-04,vst_DSNY_2017,D03,DSNY,DSNY_004,NEON.PLA.D03.DSNY.02412,small shrub,NA,NA,1.6
5c9c9da4-fe71-4d22-954a-bdde5906361e,DSNY_004.basePlot.vst,2018-01-04,vst_DSNY_2017,D03,DSNY,DSNY_004,NEON.PLA.D03.DSNY.00468,small shrub,NA,NA,1.9
bee7e8c8-9449-4c93-98e0-855cad56354e,DSNY_004.basePlot.vst,2018-01-04,vst_DSNY_2017,D03,DSNY,DSNY_004,NEON.PLA.D03.DSNY.02401,small shrub,NA,NA,2.0
64a8875b-cd3a-415a-afb6-cdd661005bf2,DSNY_004.basePlot.vst,2018-01-04,vst_DSNY_2017,D03,DSNY,DSNY_004,NEON.PLA.D03.DSNY.02442,small shrub,NA,NA,1.6
29e10f8c-3510-499f-b669-cb859ce48510,DSNY_004.basePlot.vst,2018-01-04,vst_DSNY_2017,D03,DSNY,DSNY_004,NEON.PLA.D03.DSNY.02008,small shrub,NA,NA,1.7
4c0d09ac-53d1-437e-8781-45da11cb11fc,DSNY_004.basePlot.vst,2018-01-04,vst_DSNY_2017,D03,DSNY,DSNY_004,NEON.PLA.D03.DSNY.02011,small shrub,NA,NA,1.6
99ac46fc-1b9f-4690-a619-86df62fb4f23,DSNY_004.basePlot.vst,2018-01-04,vst_DSNY_2017,D03,DSNY,DSNY_004,NEON.PLA.D03.DSNY.02044,small shrub,NA,NA,1.3
855bfacb-16d4-4941-a82d-8a81af5fc42c,DSNY_004.basePlot.vst,2018-01-04,vst_DSNY_2017,D03,DSNY,DSNY_004,NEON.PLA.D03.DSNY.00479,small shrub,NA,NA,1.6
989512f1-ec5f-4a02-8b6c-d16496c140bf,DSNY_004.basePlot.vst,2018-01-04,vst_DSNY_2017,D03,DSNY,DSNY_004,NEON.PLA.D03.DSNY.02042,small shrub,NA,NA,1.6
246bbd9e-31a8-446d-b5a3-1179a01da619,DSNY_001.basePlot.vst,2018-01-05,vst_DSNY_2017,D03,DSNY,DSNY_001,NEON.PLA.D03.DSNY.02214,small shrub,NA,NA,1.0
e16276d4-7009-4250-9cf3-1d9adcad75dd,DSNY_001.basePlot.vst,2018-01-05,vst_DSNY_2017,D03,DSNY,DSNY_001,NEON.PLA.D03.DSNY.02201,small shrub,NA,NA,1.0
ae1969db-c72e-4cb8-969f-406b1fd0ba90,DSNY_001.basePlot.vst,2018-01-05,vst_DSNY_2017,D03,DSNY,DSNY_001,NEON.PLA.D03.DSNY.02147,small shrub,NA,NA,1.1
04442daf-942a-4232-bb03-0e5b806164a7,DSNY_001.basePlot.vst,2018-01-05,vst_DSNY_2017,D03,DSNY,DSNY_001,NEON.PLA.D03.DSNY.02212,small shrub,NA,NA,1.0
c5d7120e-46a4-4eca-857d-bef9cfebd6f1,DSNY_001.basePlot.vst,2018-01-05,vst_DSNY_2017,D03,DSNY,DSNY_001,NEON.PLA.D03.DSNY.02148,small shrub,NA,NA,1.2
be8d8456-1d08-4539-8b1a-609e357078bd,DSNY_001.basePlot.vst,2018-01-05,vst_DSNY_2017,D03,DSNY,DSNY_001,NEON.PLA.D03.DSNY.02140,small shrub,NA,NA,1.1
976d3803-caff-4390-94bb-87a8ea9cd0c5,DSNY_001.basePlot.vst,2018-01-05,vst_DSNY_2017,D03,DSNY,DSNY_001,NEON.PLA.D03.DSNY.02207,small shrub,NA,NA,1.0
037d3eaa-64c5-4141-a1d9-fd399d7cf4b5,DSNY_001.basePlot.vst,2018-01-05,vst_DSNY_2017,D03,DSNY,DSNY_001,NEON.PLA.D03.DSNY.02138,small shrub,NA,NA,0.6
f4f38e9e-344d-4fed-9f5a-fa4d7c82f96a,DSNY_001.basePlot.vst,2018-01-05,vst_DSNY_2017,D03,DSNY,DSNY_001,NEON.PLA.D03.DSNY.02209,small shrub,NA,NA,1.2
1e755cfc-e0ac-4a41-a05f-e94ac2cf7787,DSNY_001.basePlot.vst,2018-01-05,vst_DSNY_2017,D03,DSNY,DSNY_001,NEON.PLA.D03.DSNY.02148,small shrub,NA,NA,1.2
407d6225-c9c1-4251-bfa4-d85739fa6210,DSNY_001.basePlot.vst,2018-01-05,vst_DSNY_2017,D03,DSNY,DSNY_001,NEON.PLA.D03.DSNY.02217,small shrub,NA,NA,1.0
d77eb5a5-8267-4ac2-b474-0f769f1c50f3,DSNY_001.basePlot.vst,2018-01-05,vst_DSNY_2017,D03,DSNY,DSNY_001,NEON.PLA.D03.DSNY.02216,small shrub,NA,NA,0.9
f7a00f61-d7b3-4103-b723-a2afeeec0717,DSNY_001.basePlot.vst,2018-01-05,vst_DSNY_2017,D03,DSNY,DSNY_001,NEON.PLA.D03.DSNY.02216,small shrub,NA,NA,0.9
0a554990-f686-42f0-af3c-2bb0b04bfd44,DSNY_001.basePlot.vst,2018-01-05,vst_DSNY_2017,D03,DSNY,DSNY_001,NEON.PLA.D03.DSNY.02215,small shrub,NA,NA,1.1
383a92bd-e575-4113-beb6-4916c4d32a73,DSNY_001.basePlot.vst,2018-01-05,vst_DSNY_2017,D03,DSNY,DSNY_001,NEON.PLA.D03.DSNY.02141,small shrub,NA,NA,0.9
8b880766-44d8-4cac-90e0-7518fc22729a,DSNY_001.basePlot.vst,2018-01-05,vst_DSNY_2017,D03,DSNY,DSNY_001,NEON.PLA.D03.DSNY.02141,small shrub,NA,NA,0.9
2058091b-6815-4662-b96f-14c444459cf4,DSNY_001.basePlot.vst,2018-01-05,vst_DSNY_2017,D03,DSNY,DSNY_001,NEON.PLA.D03.DSNY.02204,small shrub,NA,NA,1.2
dda0a0eb-338b-415f-8e51-346c5bda1798,DSNY_001.basePlot.vst,2018-01-05,vst_DSNY_2017,D03,DSNY,DSNY_001,NEON.PLA.D03.DSNY.02206,small shrub,NA,NA,1.0
6719c72a-4559-49b6-9163-803352e9f210,DSNY_001.basePlot.vst,2018-01-05,vst_DSNY_2017,D03,DSNY,DSNY_001,NEON.PLA.D03.DSNY.02204,small shrub,NA,NA,1.2
b17ea4aa-3e8d-44e5-8bab-83f167e8bd25,DSNY_001.basePlot.vst,2018-01-05,vst_DSNY_2017,D03,DSNY,DSNY_001,NEON.PLA.D03.DSNY.02142,small shrub,NA,NA,1.0
42da72ea-0803-4520-9313-4203685f8c3a,DSNY_001.basePlot.vst,2018-01-05,vst_DSNY_2017,D03,DSNY,DSNY_001,NEON.PLA.D03.DSNY.02214,small shrub,NA,NA,1.0
4417f118-fe3b-41aa-ad71-faa2d43485a4,DSNY_001.basePlot.vst,2018-01-05,vst_DSNY_2017,D03,DSNY,DSNY_001,NEON.PLA.D03.DSNY.02202,small shrub,NA,NA,1.0
5df4c4f9-4fbb-4071-95e4-da2168b224ff,DSNY_001.basePlot.vst,2018-01-05,vst_DSNY_2017,D03,DSNY,DSNY_001,NEON.PLA.D03.DSNY.02147,small shrub,NA,NA,1.1
a6a39576-a9c3-4bc5-bdc0-2e7d91f32363,DSNY_001.basePlot.vst,2018-01-05,vst_DSNY_2017,D03,DSNY,DSNY_001,NEON.PLA.D03.DSNY.02219,small shrub,NA,NA,0.8
f6d0ddbb-3123-466d-94bc-00743a9ebda0,DSNY_001.basePlot.vst,2018-01-05,vst_DSNY_2017,D03,DSNY,DSNY_001,NEON.PLA.D03.DSNY.02206,small shrub,NA,NA,1.0
93b8ac94-7186-47b8-9f42-c0e6aabfadc1,DSNY_001.basePlot.vst,2018-01-05,vst_DSNY_2017,D03,DSNY,DSNY_001,NEON.PLA.D03.DSNY.02203,small shrub,NA,NA,1.0
5c9dcfe5-ccaf-4c32-8c10-49057072c52b,DSNY_001.basePlot.vst,2018-01-05,vst_DSNY_2017,D03,DSNY,DSNY_001,NEON.PLA.D03.DSNY.02218,small shrub,NA,NA,1.2
ca24cbbb-30fc-40a3-87e5-4a6824506a36,DSNY_001.basePlot.vst,2018-01-05,vst_DSNY_2017,D03,DSNY,DSNY_001,NEON.PLA.D03.DSNY.02213,small shrub,NA,NA,0.9
97314883-e19f-43de-ae96-9c8de49382a9,DSNY_001.basePlot.vst,2018-01-05,vst_DSNY_2017,D03,DSNY,DSNY_001,NEON.PLA.D03.DSNY.02213,small shrub,NA,NA,0.9
c7ef4e98-e7f2-4f96-bbd0-9d2229920fc5,DSNY_001.basePlot.vst,2018-01-05,vst_DSNY_2017,D03,DSNY,DSNY_001,NEON.PLA.D03.DSNY.02218,small shrub,NA,NA,1.2
886d2a85-26a1-4c0a-92f6-65fea515e200,DSNY_001.basePlot.vst,2018-01-05,vst_DSNY_2017,D03,DSNY,DSNY_001,NEON.PLA.D03.DSNY.02146,small shrub,NA,NA,0.8
31b14aa4-9de2-4b05-bf34-4489c4184b48,DSNY_001.basePlot.vst,2018-01-05,vst_DSNY_2017,D03,DSNY,DSNY_001,NEON.PLA.D03.DSNY.02217,small shrub,NA,NA,1.0
e07bf0ec-1073-4ec7-bc7f-8aee959aabf8,DSNY_001.basePlot.vst,2018-01-05,vst_DSNY_2017,D03,DSNY,DSNY_001,NEON.PLA.D03.DSNY.02208,small shrub,NA,NA,0.9
ece85c16-6459-4e62-ad90-4b5ec64e0bc2,DSNY_001.basePlot.vst,2018-01-05,vst_DSNY_2017,D03,DSNY,DSNY_001,NEON.PLA.D03.DSNY.02149,small shrub,NA,NA,1.2
07d268b7-6c54-40a4-af15-2dd5d0791d6f,DSNY_001.basePlot.vst,2018-01-05,vst_DSNY_2017,D03,DSNY,DSNY_001,NEON.PLA.D03.DSNY.02142,small shrub,NA,NA,1.0
eb27fc15-0897-4967-ad74-54316e43ac7a,DSNY_001.basePlot.vst,2018-01-05,vst_DSNY_2017,D03,DSNY,DSNY_001,NEON.PLA.D03.DSNY.02140,small shrub,NA,NA,1.1
a589f3c2-549c-4029-9753-eba8a29a162d,DSNY_001.basePlot.vst,2018-01-05,vst_DSNY_2017,D03,DSNY,DSNY_001,NEON.PLA.D03.DSNY.02212,small shrub,NA,NA,1.0
95c0fb1d-bca6-46eb-ab57-d5f5653c2004,DSNY_001.basePlot.vst,2018-01-05,vst_DSNY_2017,D03,DSNY,DSNY_001,NEON.PLA.D03.DSNY.02209,small shrub,NA,NA,1.2
0b4eb94d-f225-436e-b72f-abe9e6046b11,DSNY_001.basePlot.vst,2018-01-05,vst_DSNY_2017,D03,DSNY,DSNY_001,NEON.PLA.D03.DSNY.02211,small shrub,NA,NA,1.2
783cf43e-3972-4b94-85f6-961112619b7c,DSNY_001.basePlot.vst,2018-01-05,vst_DSNY_2017,D03,DSNY,DSNY_001,NEON.PLA.D03.DSNY.02146,small shrub,NA,NA,0.8
0ba74b5d-b6ad-46d9-a54c-a74f71702e4d,DSNY_001.basePlot.vst,2018-01-05,vst_DSNY_2017,D03,DSNY,DSNY_001,NEON.PLA.D03.DSNY.02145,small shrub,NA,NA,1.1
2bebf998-87d4-43e8-81b1-2c4920da6b35,DSNY_001.basePlot.vst,2018-01-05,vst_DSNY_2017,D03,DSNY,DSNY_001,NEON.PLA.D03.DSNY.02210,small shrub,NA,NA,0.9
005f0326-b186-4a0e-aa71-36ae0d799a82,DSNY_001.basePlot.vst,2018-01-05,vst_DSNY_2017,D03,DSNY,DSNY_001,NEON.PLA.D03.DSNY.02205,small shrub,NA,NA,1.0
3cfd7f35-67a3-43cc-b54b-6fee8ce80aca,DSNY_001.basePlot.vst,2018-01-05,vst_DSNY_2017,D03,DSNY,DSNY_001,NEON.PLA.D03.DSNY.02219,small shrub,NA,NA,0.8
c43a8198-71c4-4655-9a65-5d9ebc830c2b,DSNY_001.basePlot.vst,2018-01-05,vst_DSNY_2017,D03,DSNY,DSNY_001,NEON.PLA.D03.DSNY.02149,small shrub,NA,NA,1.2
038eceac-0d04-424f-8237-15335f2c2f11,DSNY_001.basePlot.vst,2018-01-05,vst_DSNY_2017,D03,DSNY,DSNY_001,NEON.PLA.D03.DSNY.02207,small shrub,NA,NA,1.0
d753b4a7-8290-477e-86d6-5d46465c5563,DSNY_001.basePlot.vst,2018-01-05,vst_DSNY_2017,D03,DSNY,DSNY_001,NEON.PLA.D03.DSNY.02202,small shrub,NA,NA,1.0
068b69d3-ee4f-4e30-b543-48ed2cb855cb,DSNY_001.basePlot.vst,2018-01-05,vst_DSNY_2017,D03,DSNY,DSNY_001,NEON.PLA.D03.DSNY.02210,small shrub,NA,NA,0.9
da6e3263-c663-4f9a-a8bc-6cae775f5386,DSNY_001.basePlot.vst,2018-01-05,vst_DSNY_2017,D03,DSNY,DSNY_001,NEON.PLA.D03.DSNY.02205,small shrub,NA,NA,1.0
a4b0bbfa-0388-4d6a-9d6d-a79707657b5c,DSNY_001.basePlot.vst,2018-01-05,vst_DSNY_2017,D03,DSNY,DSNY_001,NEON.PLA.D03.DSNY.02208,small shrub,NA,NA,0.9
b91c9935-4fbf-4334-9e36-8958c2ed8285,DSNY_001.basePlot.vst,2018-01-05,vst_DSNY_2017,D03,DSNY,DSNY_001,NEON.PLA.D03.DSNY.02211,small shrub,NA,NA,1.2
68732002-731a-4d3e-ae62-6849b9b9277e,DSNY_001.basePlot.vst,2018-01-05,vst_DSNY_2017,D03,DSNY,DSNY_001,NEON.PLA.D03.DSNY.02201,small shrub,NA,NA,1.0
fe69cf08-a914-48b9-a0e0-c5a9d8363318,DSNY_001.basePlot.vst,2018-01-05,vst_DSNY_2017,D03,DSNY,DSNY_001,NEON.PLA.D03.DSNY.02145,small shrub,NA,NA,1.1
f606b7e5-b637-4662-a53d-034e1b78a08a,DSNY_001.basePlot.vst,2018-01-05,vst_DSNY_2017,D03,DSNY,DSNY_001,NEON.PLA.D03.DSNY.02215,small shrub,NA,NA,1.1
1734e0d0-87a9-4406-a92d-9a1faaf8db6b,DSNY_001.basePlot.vst,2018-01-05,vst_DSNY_2017,D03,DSNY,DSNY_001,NEON.PLA.D03.DSNY.02203,small shrub,NA,NA,1.0
aed881e5-6740-4cc5-aff7-2b5b4df918b4,DSNY_005.basePlot.vst,2018-01-09,vst_DSNY_2017,D03,DSNY,DSNY_005,NEON.PLA.D03.DSNY.02232,sapling,NA,NA,0.8
fb5bd4ab-ba53-427a-bc7a-fa0485348c3a,DSNY_005.basePlot.vst,2018-01-09,vst_DSNY_2017,D03,DSNY,DSNY_005,NEON.PLA.D03.DSNY.02238,small shrub,NA,NA,1.4
a63ea569-4008-444b-b10d-56fd1c4c904d,DSNY_005.basePlot.vst,2018-01-09,vst_DSNY_2017,D03,DSNY,DSNY_005,NEON.PLA.D03.DSNY.02230,small shrub,NA,NA,1.0
8c109c64-3196-426b-9f5e-396e0cc7492f,DSNY_005.basePlot.vst,2018-01-09,vst_DSNY_2017,D03,DSNY,DSNY_005,NEON.PLA.D03.DSNY.02220,small shrub,NA,NA,0.9
7af259ed-7419-41cd-8aba-a641bec6271e,DSNY_005.basePlot.vst,2018-01-09,vst_DSNY_2017,D03,DSNY,DSNY_005,NEON.PLA.D03.DSNY.02229,small shrub,NA,NA,1.0
037f699d-4a68-44b8-b88f-a78647158d39,DSNY_005.basePlot.vst,2018-01-09,vst_DSNY_2017,D03,DSNY,DSNY_005,NEON.PLA.D03.DSNY.02249,small shrub,NA,NA,0.9
5721d41e-7252-43ae-b19a-382009b30d92,DSNY_005.basePlot.vst,2018-01-09,vst_DSNY_2017,D03,DSNY,DSNY_005,NEON.PLA.D03.DSNY.02233,sapling,NA,NA,1.4
24bc94b1-d90d-4b92-b546-65e4f1235557,DSNY_005.basePlot.vst,2018-01-09,vst_DSNY_2017,D03,DSNY,DSNY_005,NEON.PLA.D03.DSNY.02236,small shrub,NA,NA,1.1
c641e22e-3ad5-4902-8e7b-fb529ae064c0,DSNY_005.basePlot.vst,2018-01-09,vst_DSNY_2017,D03,DSNY,DSNY_005,NEON.PLA.D03.DSNY.02230,small shrub,NA,NA,1.0
7a2e4b93-4896-47f5-b3b6-d6cff29cdbf6,DSNY_005.basePlot.vst,2018-01-09,vst_DSNY_2017,D03,DSNY,DSNY_005,NEON.PLA.D03.DSNY.02227,small shrub,NA,NA,1.0
fe5b0c8d-8a98-4a6c-ab98-9bb88e6cc4a4,DSNY_005.basePlot.vst,2018-01-09,vst_DSNY_2017,D03,DSNY,DSNY_005,NEON.PLA.D03.DSNY.02247,small shrub,NA,NA,1.0
142c2059-b674-4b12-b059-b768cf059a2d,DSNY_005.basePlot.vst,2018-01-09,vst_DSNY_2017,D03,DSNY,DSNY_005,NEON.PLA.D03.DSNY.02223,small shrub,NA,NA,1.2
6db911d5-a57c-48db-9245-9f4e0eb1c9ae,DSNY_005.basePlot.vst,2018-01-09,vst_DSNY_2017,D03,DSNY,DSNY_005,NEON.PLA.D03.DSNY.02250,small shrub,NA,NA,1.0
d825e622-0220-4ee9-abf0-9d5c18afc2c2,DSNY_005.basePlot.vst,2018-01-09,vst_DSNY_2017,D03,DSNY,DSNY_005,NEON.PLA.D03.DSNY.02244,small shrub,NA,NA,0.9
8d99f073-ed7a-4b0d-b2f1-1cb04555c326,DSNY_005.basePlot.vst,2018-01-09,vst_DSNY_2017,D03,DSNY,DSNY_005,NEON.PLA.D03.DSNY.02238,small shrub,NA,NA,1.4
5249c47c-b60f-4ac8-ad40-bec91db64cd2,DSNY_005.basePlot.vst,2018-01-09,vst_DSNY_2017,D03,DSNY,DSNY_005,NEON.PLA.D03.DSNY.02235,small shrub,NA,NA,1.1
015e145a-e9ba-4531-859f-ef9394c85bab,DSNY_005.basePlot.vst,2018-01-09,vst_DSNY_2017,D03,DSNY,DSNY_005,NEON.PLA.D03.DSNY.02248,small shrub,NA,NA,0.8
87eb2625-87a3-45c1-8cf6-b5cd5b3d8fb1,DSNY_005.basePlot.vst,2018-01-09,vst_DSNY_2017,D03,DSNY,DSNY_005,NEON.PLA.D03.DSNY.02239,small shrub,NA,NA,1.4
932bb7fb-d7cf-44ca-a635-5f0253fd75d1,DSNY_005.basePlot.vst,2018-01-09,vst_DSNY_2017,D03,DSNY,DSNY_005,NEON.PLA.D03.DSNY.02224,small shrub,NA,NA,1.2
c39e27ad-d629-4377-ada0-8c47543c84c3,DSNY_005.basePlot.vst,2018-01-09,vst_DSNY_2017,D03,DSNY,DSNY_005,NEON.PLA.D03.DSNY.02243,small shrub,NA,NA,1.4
987c39c1-5798-45d7-941a-56e1b1907bb2,DSNY_005.basePlot.vst,2018-01-09,vst_DSNY_2017,D03,DSNY,DSNY_005,NEON.PLA.D03.DSNY.02225,small shrub,NA,NA,1.3
0dea374e-353f-4834-be22-53cd1a1ab325,DSNY_005.basePlot.vst,2018-01-09,vst_DSNY_2017,D03,DSNY,DSNY_005,NEON.PLA.D03.DSNY.02235,small shrub,NA,NA,1.1
67098ad0-6b49-4764-ae20-dd608071cf1f,DSNY_005.basePlot.vst,2018-01-09,vst_DSNY_2017,D03,DSNY,DSNY_005,NEON.PLA.D03.DSNY.02230,small shrub,NA,NA,1.0
80937a44-b0f5-41fe-9aa0-9de8f5864d64,DSNY_005.basePlot.vst,2018-01-09,vst_DSNY_2017,D03,DSNY,DSNY_005,NEON.PLA.D03.DSNY.02250,small shrub,NA,NA,1.0
cb9c4f16-a5dd-4c8f-b3a9-bb6b332342ff,DSNY_005.basePlot.vst,2018-01-09,vst_DSNY_2017,D03,DSNY,DSNY_005,NEON.PLA.D03.DSNY.02222,small shrub,NA,NA,0.9
83a124bb-ec72-4161-8c06-723045ae74ec,DSNY_005.basePlot.vst,2018-01-09,vst_DSNY_2017,D03,DSNY,DSNY_005,NEON.PLA.D03.DSNY.02226,small shrub,NA,NA,1.4
df9f8577-268f-4457-b99a-e38195b53eb5,DSNY_005.basePlot.vst,2018-01-09,vst_DSNY_2017,D03,DSNY,DSNY_005,NEON.PLA.D03.DSNY.02246,small shrub,NA,NA,0.8
bb94bc2e-32be-4e78-83eb-f40366c46718,DSNY_005.basePlot.vst,2018-01-09,vst_DSNY_2017,D03,DSNY,DSNY_005,NEON.PLA.D03.DSNY.02236,small shrub,NA,NA,1.1
f2d3181d-fc0e-4a1d-877b-ac0bb5a52550,DSNY_005.basePlot.vst,2018-01-09,vst_DSNY_2017,D03,DSNY,DSNY_005,NEON.PLA.D03.DSNY.02228,sapling,NA,NA,1.4
73acb425-d893-4629-ab47-f6f4ae61a76c,DSNY_005.basePlot.vst,2018-01-09,vst_DSNY_2017,D03,DSNY,DSNY_005,NEON.PLA.D03.DSNY.02247,small shrub,NA,NA,1.0
41e1a395-a5fc-43d6-bdc8-3bfcab0b6211,DSNY_005.basePlot.vst,2018-01-09,vst_DSNY_2017,D03,DSNY,DSNY_005,NEON.PLA.D03.DSNY.02231,sapling,NA,NA,0.9
5fa4f946-7103-4178-81e4-1ea7d4eb01cb,DSNY_005.basePlot.vst,2018-01-09,vst_DSNY_2017,D03,DSNY,DSNY_005,NEON.PLA.D03.DSNY.02240,small shrub,NA,NA,1.2
3bbbbc84-d6bb-4dbd-bcf6-340c0b489ec9,DSNY_005.basePlot.vst,2018-01-09,vst_DSNY_2017,D03,DSNY,DSNY_005,NEON.PLA.D03.DSNY.02221,small shrub,NA,NA,1.1
88855fde-bd75-45c5-91e3-0448b1132237,DSNY_005.basePlot.vst,2018-01-09,vst_DSNY_2017,D03,DSNY,DSNY_005,NEON.PLA.D03.DSNY.02245,small shrub,NA,NA,0.8
aa9f079a-7217-4e50-957d-b3f11b93a130,DSNY_005.basePlot.vst,2018-01-09,vst_DSNY_2017,D03,DSNY,DSNY_005,NEON.PLA.D03.DSNY.02250,small shrub,NA,NA,1.0
9445439e-9cb2-444a-9856-c5babaf0e640,DSNY_005.basePlot.vst,2018-01-09,vst_DSNY_2017,D03,DSNY,DSNY_005,NEON.PLA.D03.DSNY.02237,small shrub,NA,NA,1.1
3b75b5e4-3534-419c-a9ba-e950f2a9e298,DSNY_005.basePlot.vst,2018-01-09,vst_DSNY_2017,D03,DSNY,DSNY_005,NEON.PLA.D03.DSNY.02241,small shrub,NA,NA,0.9
a5f4ed72-7679-4c59-ba79-1623c3288cc2,DSNY_005.basePlot.vst,2018-01-09,vst_DSNY_2017,D03,DSNY,DSNY_005,NEON.PLA.D03.DSNY.02229,small shrub,NA,NA,1.0
96f3ee79-a153-459b-99d0-537f776658a7,DSNY_016.basePlot.vst,2018-01-11,vst_DSNY_2017,D03,DSNY,DSNY_016,NEON.PLA.D03.DSNY.02252,sapling,NA,NA,0.5
dff27ce4-437d-48ca-b411-b8480b735e8f,DSNY_016.basePlot.vst,2018-01-11,vst_DSNY_2017,D03,DSNY,DSNY_016,NEON.PLA.D03.DSNY.02256,sapling,NA,NA,1.3
e73a1522-18ca-42fb-ad76-4d232a5a7e70,DSNY_016.basePlot.vst,2018-01-11,vst_DSNY_2017,D03,DSNY,DSNY_016,NEON.PLA.D03.DSNY.02255,sapling,NA,NA,0.6
b056c1b9-be6f-45ec-9aa4-f63f36457eee,DSNY_016.basePlot.vst,2018-01-11,vst_DSNY_2017,D03,DSNY,DSNY_016,NEON.PLA.D03.DSNY.02256,sapling,NA,NA,1.3
9b8949d8-e92e-4c9c-af9a-2180e42cc481,DSNY_016.basePlot.vst,2018-01-11,vst_DSNY_2017,D03,DSNY,DSNY_016,NEON.PLA.D03.DSNY.02256,sapling,NA,NA,1.3
114240da-5e18-46e6-89c4-118b46ea6dfa,DSNY_016.basePlot.vst,2018-01-11,vst_DSNY_2017,D03,DSNY,DSNY_016,NEON.PLA.D03.DSNY.02254,sapling,NA,NA,0.8
382a4e3f-b73f-4916-bab1-10a8303d347e,DSNY_016.basePlot.vst,2018-01-11,vst_DSNY_2017,D03,DSNY,DSNY_016,NEON.PLA.D03.DSNY.02253,sapling,NA,NA,1.0
bae1ae81-75a7-4879-8e00-6909b70c5b2f,DSNY_011.basePlot.vst,2018-01-15,vst_DSNY_2017,D03,DSNY,DSNY_011,NEON.PLA.D03.DSNY.02260,single bole tree,21.0,125,4.8
8872b121-d448-4e5a-bfa4-0828c4f8cc2b,DSNY_015.basePlot.vst,2018-01-17,vst_DSNY_2017,D03,DSNY,DSNY_015,NEON.PLA.D03.DSNY.02508,small shrub,NA,NA,0.8
a51ce987-c6ca-449f-a058-42f824428f07,DSNY_015.basePlot.vst,2018-01-17,vst_DSNY_2017,D03,DSNY,DSNY_015,NEON.PLA.D03.DSNY.02504,small shrub,NA,NA,0.9
e992215f-b91f-4a38-90c4-2e2af406a2b9,DSNY_015.basePlot.vst,2018-01-17,vst_DSNY_2017,D03,DSNY,DSNY_015,NEON.PLA.D03.DSNY.02296,small shrub,NA,NA,1.1
6947ae25-4d66-483c-9fdd-35ba037a4694,DSNY_015.basePlot.vst,2018-01-17,vst_DSNY_2017,D03,DSNY,DSNY_015,NEON.PLA.D03.DSNY.02513,small shrub,NA,NA,1.0
15e0d9e9-8f4e-4dcd-9437-0478981ef994,DSNY_015.basePlot.vst,2018-01-17,vst_DSNY_2017,D03,DSNY,DSNY_015,NEON.PLA.D03.DSNY.02512,small shrub,NA,NA,NA
74d480af-4583-490a-8773-d1322f294457,DSNY_015.basePlot.vst,2018-01-17,vst_DSNY_2017,D03,DSNY,DSNY_015,NEON.PLA.D03.DSNY.02298,small shrub,NA,NA,0.8
2309d76b-486a-4aaf-9d31-01307f294da2,DSNY_015.basePlot.vst,2018-01-17,vst_DSNY_2017,D03,DSNY,DSNY_015,NEON.PLA.D03.DSNY.02286,small shrub,NA,NA,0.9
21054871-488d-4bc6-92f9-17803e4fc45a,DSNY_015.basePlot.vst,2018-01-17,vst_DSNY_2017,D03,DSNY,DSNY_015,NEON.PLA.D03.DSNY.02288,small shrub,NA,NA,NA
7d64744c-b1d5-469a-9249-f101894bb5d8,DSNY_015.basePlot.vst,2018-01-17,vst_DSNY_2017,D03,DSNY,DSNY_015,NEON.PLA.D03.DSNY.02511,small shrub,NA,NA,1.0
c078710d-c3a8-402e-b62e-61fcfcaa4a2e,DSNY_015.basePlot.vst,2018-01-17,vst_DSNY_2017,D03,DSNY,DSNY_015,NEON.PLA.D03.DSNY.02505,small shrub,NA,NA,NA
c5508cdb-d9f9-40ea-8b04-46813cde014f,DSNY_015.basePlot.vst,2018-01-17,vst_DSNY_2017,D03,DSNY,DSNY_015,NEON.PLA.D03.DSNY.02502,small shrub,NA,NA,0.8
e264b42e-0de0-435d-ac6f-73615b0d82ae,DSNY_015.basePlot.vst,2018-01-17,vst_DSNY_2017,D03,DSNY,DSNY_015,NEON.PLA.D03.DSNY.02298,small shrub,NA,NA,0.8
3d692c3a-6fd3-491f-b766-ceceaad5e99e,DSNY_015.basePlot.vst,2018-01-17,vst_DSNY_2017,D03,DSNY,DSNY_015,NEON.PLA.D03.DSNY.02511,small shrub,NA,NA,1.0
e0366f44-f7ee-4500-a4d9-0efd5b913d00,DSNY_015.basePlot.vst,2018-01-17,vst_DSNY_2017,D03,DSNY,DSNY_015,NEON.PLA.D03.DSNY.02513,small shrub,NA,NA,1.0
b4803a02-9835-4189-91c0-3ece7e6b1d31,DSNY_015.basePlot.vst,2018-01-17,vst_DSNY_2017,D03,DSNY,DSNY_015,NEON.PLA.D03.DSNY.02291,small shrub,NA,NA,NA
dea3a149-a442-45d9-b637-a15726360f14,DSNY_015.basePlot.vst,2018-01-17,vst_DSNY_2017,D03,DSNY,DSNY_015,NEON.PLA.D03.DSNY.02509,small shrub,NA,NA,0.8
f7262910-1349-4658-b8a5-c360cca1bbde,DSNY_015.basePlot.vst,2018-01-17,vst_DSNY_2017,D03,DSNY,DSNY_015,NEON.PLA.D03.DSNY.02510,small shrub,NA,NA,0.9
a847d08f-90db-479b-a279-7d90f5b90623,DSNY_015.basePlot.vst,2018-01-17,vst_DSNY_2017,D03,DSNY,DSNY_015,NEON.PLA.D03.DSNY.02506,small shrub,NA,NA,1.1
d73ad0d4-adb6-46af-8e70-83630bfe1eb2,DSNY_015.basePlot.vst,2018-01-17,vst_DSNY_2017,D03,DSNY,DSNY_015,NEON.PLA.D03.DSNY.02509,small shrub,NA,NA,0.8
2f69b51a-4a1f-4410-a945-b996759c0b36,DSNY_015.basePlot.vst,2018-01-17,vst_DSNY_2017,D03,DSNY,DSNY_015,NEON.PLA.D03.DSNY.02502,small shrub,NA,NA,0.8
503feb5c-bd5d-4053-9ec6-0d8ffb4a7d6f,DSNY_015.basePlot.vst,2018-01-17,vst_DSNY_2017,D03,DSNY,DSNY_015,NEON.PLA.D03.DSNY.02290,small shrub,NA,NA,1.0
c777655c-1d19-4fa8-baf6-9c4b99ab77be,DSNY_015.basePlot.vst,2018-01-17,vst_DSNY_2017,D03,DSNY,DSNY_015,NEON.PLA.D03.DSNY.02510,small shrub,NA,NA,0.9
c835eb03-4d5d-4265-b0f4-21bc936a7a26,DSNY_015.basePlot.vst,2018-01-17,vst_DSNY_2017,D03,DSNY,DSNY_015,NEON.PLA.D03.DSNY.02290,small shrub,NA,NA,NA
a9443e01-be34-40aa-88a3-0dcbd3eb1bd1,DSNY_015.basePlot.vst,2018-01-17,vst_DSNY_2017,D03,DSNY,DSNY_015,NEON.PLA.D03.DSNY.02293,small shrub,NA,NA,0.6
7835355d-b6da-4142-a738-ddf4cfec27c9,DSNY_015.basePlot.vst,2018-01-17,vst_DSNY_2017,D03,DSNY,DSNY_015,NEON.PLA.D03.DSNY.02503,small shrub,NA,NA,1.0
2d13322d-e53a-4ab1-a8b6-b48c9fe138fa,DSNY_015.basePlot.vst,2018-01-17,vst_DSNY_2017,D03,DSNY,DSNY_015,NEON.PLA.D03.DSNY.02292,small shrub,NA,NA,0.8
742966b0-6f2c-44cf-9411-38082844016e,DSNY_015.basePlot.vst,2018-01-17,vst_DSNY_2017,D03,DSNY,DSNY_015,NEON.PLA.D03.DSNY.02288,small shrub,NA,NA,NA
0aa263f2-6903-42d6-906d-00fd8daebc4e,DSNY_015.basePlot.vst,2018-01-17,vst_DSNY_2017,D03,DSNY,DSNY_015,NEON.PLA.D03.DSNY.02289,small shrub,NA,NA,1.2
2e2ecfba-5b52-448f-a312-13d8ececa946,DSNY_015.basePlot.vst,2018-01-17,vst_DSNY_2017,D03,DSNY,DSNY_015,NEON.PLA.D03.DSNY.02299,small shrub,NA,NA,NA
19c5ecff-84a4-4654-b2f5-b1c91a236e25,DSNY_015.basePlot.vst,2018-01-17,vst_DSNY_2017,D03,DSNY,DSNY_015,NEON.PLA.D03.DSNY.02293,small shrub,NA,NA,0.6
157dd42e-657a-482b-99e3-7c27d086556d,DSNY_015.basePlot.vst,2018-01-17,vst_DSNY_2017,D03,DSNY,DSNY_015,NEON.PLA.D03.DSNY.02514,small shrub,NA,NA,0.9
6d6291a8-a2df-400e-91aa-37dcdae30327,DSNY_015.basePlot.vst,2018-01-17,vst_DSNY_2017,D03,DSNY,DSNY_015,NEON.PLA.D03.DSNY.02297,small shrub,NA,NA,0.7
2758c2ae-f6c5-4fb1-ba26-186d47dad481,DSNY_015.basePlot.vst,2018-01-17,vst_DSNY_2017,D03,DSNY,DSNY_015,NEON.PLA.D03.DSNY.02501,small shrub,NA,NA,1.2
37e7db6f-b6b8-4562-8c52-75685ee1f7d0,DSNY_015.basePlot.vst,2018-01-17,vst_DSNY_2017,D03,DSNY,DSNY_015,NEON.PLA.D03.DSNY.02300,small shrub,NA,NA,0.9
22b60492-cab0-4964-bd21-05f673cdcd51,DSNY_015.basePlot.vst,2018-01-17,vst_DSNY_2017,D03,DSNY,DSNY_015,NEON.PLA.D03.DSNY.02297,small shrub,NA,NA,0.3
1d89e950-5c9d-47a4-a7b5-c11b328bae95,DSNY_015.basePlot.vst,2018-01-17,vst_DSNY_2017,D03,DSNY,DSNY_015,NEON.PLA.D03.DSNY.02286,small shrub,NA,NA,0.9
9c00cd36-e6a4-432d-81a5-3b432be8945a,DSNY_015.basePlot.vst,2018-01-17,vst_DSNY_2017,D03,DSNY,DSNY_015,NEON.PLA.D03.DSNY.02288,small shrub,NA,NA,1.2
7b83d4af-b2bc-4b52-b754-f0948ed2701f,DSNY_015.basePlot.vst,2018-01-17,vst_DSNY_2017,D03,DSNY,DSNY_015,NEON.PLA.D03.DSNY.02291,small shrub,NA,NA,1.2
c1dd61a5-1af5-4883-8b8a-0e90cf7a8213,DSNY_015.basePlot.vst,2018-01-17,vst_DSNY_2017,D03,DSNY,DSNY_015,NEON.PLA.D03.DSNY.02503,small shrub,NA,NA,1.0
2569be90-a92f-42b0-8265-0146031fe8dd,DSNY_015.basePlot.vst,2018-01-17,vst_DSNY_2017,D03,DSNY,DSNY_015,NEON.PLA.D03.DSNY.02295,small shrub,NA,NA,0.8
4f73f799-2a69-4db5-8a0e-84019f7841ca,DSNY_015.basePlot.vst,2018-01-17,vst_DSNY_2017,D03,DSNY,DSNY_015,NEON.PLA.D03.DSNY.02507,small shrub,NA,NA,0.8
ee92d4e1-dfd6-4c91-b86e-4cf02a3b1727,DSNY_015.basePlot.vst,2018-01-17,vst_DSNY_2017,D03,DSNY,DSNY_015,NEON.PLA.D03.DSNY.02289,small shrub,NA,NA,NA
2ce0d4ef-d257-4594-9fb7-2d062ff749b2,DSNY_015.basePlot.vst,2018-01-17,vst_DSNY_2017,D03,DSNY,DSNY_015,NEON.PLA.D03.DSNY.02514,small shrub,NA,NA,NA
48d29198-de03-4d4e-a54e-0fac2a36acd5,DSNY_009.basePlot.vst,2018-01-17,vst_DSNY_2017,D03,DSNY,DSNY_009,NEON.PLA.D03.DSNY.02702,single shrub,1.7,130,2.2
609b6f1c-d2a2-4c89-8eff-604dfb4ca783,DSNY_015.basePlot.vst,2018-01-17,vst_DSNY_2017,D03,DSNY,DSNY_015,NEON.PLA.D03.DSNY.02300,small shrub,NA,NA,0.9
7345eb26-8bb4-4576-8eea-a6043ad6cbb5,DSNY_015.basePlot.vst,2018-01-17,vst_DSNY_2017,D03,DSNY,DSNY_015,NEON.PLA.D03.DSNY.02508,small shrub,NA,NA,0.8
faae59b8-ea10-4727-902d-573f116f2c57,DSNY_015.basePlot.vst,2018-01-17,vst_DSNY_2017,D03,DSNY,DSNY_015,NEON.PLA.D03.DSNY.02294,small shrub,NA,NA,1.0
d47d859a-71c3-48fb-8725-2b5e195675bc,DSNY_015.basePlot.vst,2018-01-17,vst_DSNY_2017,D03,DSNY,DSNY_015,NEON.PLA.D03.DSNY.02501,small shrub,NA,NA,1.2
2e1436ff-ca8d-4d38-92e4-c3ddf8a7e302,DSNY_015.basePlot.vst,2018-01-17,vst_DSNY_2017,D03,DSNY,DSNY_015,NEON.PLA.D03.DSNY.02507,small shrub,NA,NA,NA
6576d149-0eeb-42d5-85f2-80df97494e96,DSNY_015.basePlot.vst,2018-01-17,vst_DSNY_2017,D03,DSNY,DSNY_015,NEON.PLA.D03.DSNY.02295,small shrub,NA,NA,NA
a5526fa5-4a72-4293-a58b-f31702659143,DSNY_015.basePlot.vst,2018-01-17,vst_DSNY_2017,D03,DSNY,DSNY_015,NEON.PLA.D03.DSNY.02296,small shrub,NA,NA,1.1
48a90acc-12ef-4632-a7e6-233fd9556ded,DSNY_009.basePlot.vst,2018-01-17,vst_DSNY_2017,D03,DSNY,DSNY_009,NEON.PLA.D03.DSNY.02703,small shrub,NA,NA,1.4
54d39ebe-86ac-4e82-ae08-0616976271b1,DSNY_015.basePlot.vst,2018-01-17,vst_DSNY_2017,D03,DSNY,DSNY_015,NEON.PLA.D03.DSNY.02290,small shrub,NA,NA,NA
37076e82-51fc-46a9-a8bd-9f8bc2ed8533,DSNY_015.basePlot.vst,2018-01-17,vst_DSNY_2017,D03,DSNY,DSNY_015,NEON.PLA.D03.DSNY.02287,small shrub,NA,NA,1.1
7ad1345b-6393-46c5-87c5-d7ada98b421b,DSNY_015.basePlot.vst,2018-01-17,vst_DSNY_2017,D03,DSNY,DSNY_015,NEON.PLA.D03.DSNY.02299,small shrub,NA,NA,1.1
8d3dada0-6e84-42af-bacb-80aa80f77ce3,DSNY_015.basePlot.vst,2018-01-17,vst_DSNY_2017,D03,DSNY,DSNY_015,NEON.PLA.D03.DSNY.02506,small shrub,NA,NA,1.1
2bb6e308-873d-4ae5-b094-b066dd38df4a,DSNY_015.basePlot.vst,2018-01-17,vst_DSNY_2017,D03,DSNY,DSNY_015,NEON.PLA.D03.DSNY.02504,small shrub,NA,NA,0.9
6c0f73e2-2fc8-4694-b045-0fe8b6901edb,DSNY_015.basePlot.vst,2018-01-17,vst_DSNY_2017,D03,DSNY,DSNY_015,NEON.PLA.D03.DSNY.02292,small shrub,NA,NA,0.8
b5079e69-fead-41fc-b4ed-dbac34630a88,DSNY_015.basePlot.vst,2018-01-17,vst_DSNY_2017,D03,DSNY,DSNY_015,NEON.PLA.D03.DSNY.02294,small shrub,NA,NA,1.0
8c35682c-fdca-45a1-8610-2055eff13224,DSNY_015.basePlot.vst,2018-01-17,vst_DSNY_2017,D03,DSNY,DSNY_015,NEON.PLA.D03.DSNY.02505,small shrub,NA,NA,1.1
2a20b473-d99c-4bef-bc2c-01f9c85a31fa,DSNY_015.basePlot.vst,2018-01-17,vst_DSNY_2017,D03,DSNY,DSNY_015,NEON.PLA.D03.DSNY.02287,small shrub,NA,NA,NA
5ff897e7-5c5e-4cc7-a98e-79a8d33174fa,DSNY_015.basePlot.vst,2018-01-17,vst_DSNY_2017,D03,DSNY,DSNY_015,NEON.PLA.D03.DSNY.02512,small shrub,NA,NA,1.0
2dc55733-e4f1-4bc8-b0e2-776a3a7cfea7,DSNY_002.basePlot.vst,2018-01-18,vst_DSNY_2017,D03,DSNY,DSNY_002,NEON.PLA.D03.DSNY.02788,small shrub,NA,NA,1.1
0793877f-1623-4240-ad9d-63c423209db2,DSNY_021.basePlot.vst,2018-01-18,vst_DSNY_2017,D03,DSNY,DSNY_021,NEON.PLA.D03.DSNY.02515,small shrub,NA,NA,1.6
e7294003-8a08-447b-a8bc-1bdeb6527bc9,DSNY_021.basePlot.vst,2018-01-18,vst_DSNY_2017,D03,DSNY,DSNY_021,NEON.PLA.D03.DSNY.02515,small shrub,NA,NA,1.6
6be4c4d8-336e-4e0c-885e-2a0e42dc27e4,DSNY_002.basePlot.vst,2018-01-18,vst_DSNY_2017,D03,DSNY,DSNY_002,NEON.PLA.D03.DSNY.02787,single bole tree,10.3,130,7.6
58b37307-9181-42b3-882c-017c6edbdd9b,DSNY_002.basePlot.vst,2018-01-18,vst_DSNY_2017,D03,DSNY,DSNY_002,NEON.PLA.D03.DSNY.02788,small shrub,NA,NA,1.1
b71f4f1e-4e00-4a6f-a34e-878578a6a669,DSNY_002.basePlot.vst,2018-01-18,vst_DSNY_2017,D03,DSNY,DSNY_002,NEON.PLA.D03.DSNY.02785,single bole tree,11.7,130,2.6
d83d60bb-a3bb-4d92-ad49-9e51d5f92dc0,DSNY_021.basePlot.vst,2018-01-18,vst_DSNY_2017,D03,DSNY,DSNY_021,NEON.PLA.D03.DSNY.02515,small shrub,NA,NA,1.6
4febe0f7-039b-47b1-8c35-d65e1dfefdeb,DSNY_002.basePlot.vst,2018-01-18,vst_DSNY_2017,D03,DSNY,DSNY_002,NEON.PLA.D03.DSNY.02784,small tree,9.5,130,2.8
ab622a14-ea19-48b2-b82f-5e5d1d0945a2,DSNY_021.basePlot.vst,2018-01-18,vst_DSNY_2017,D03,DSNY,DSNY_021,NEON.PLA.D03.DSNY.02518,small shrub,NA,NA,1.5
0eb96e8a-1de7-4a41-8e46-785a9db899b6,DSNY_021.basePlot.vst,2018-01-18,vst_DSNY_2017,D03,DSNY,DSNY_021,NEON.PLA.D03.DSNY.02515,small shrub,NA,NA,1.6
64573b59-bfd9-4a8a-bd84-27bb83dda3ef,DSNY_002.basePlot.vst,2018-01-18,vst_DSNY_2017,D03,DSNY,DSNY_002,NEON.PLA.D03.DSNY.02790,small shrub,NA,NA,1.0
880caf0b-1448-4fdd-aa04-62f7862cf829,DSNY_021.basePlot.vst,2018-01-18,vst_DSNY_2017,D03,DSNY,DSNY_021,NEON.PLA.D03.DSNY.02515,small shrub,NA,NA,1.6
5af09eb3-6615-4015-946a-f50b4ded7e44,DSNY_021.basePlot.vst,2018-01-18,vst_DSNY_2017,D03,DSNY,DSNY_021,NEON.PLA.D03.DSNY.02515,small shrub,NA,NA,1.6
07d4c930-c6d0-4cb8-aa06-f8ff8aca84e1,DSNY_021.basePlot.vst,2018-01-18,vst_DSNY_2017,D03,DSNY,DSNY_021,NEON.PLA.D03.DSNY.02515,small shrub,NA,NA,1.6
1c71e438-c168-41ed-bc1b-f1cf7e71758b,DSNY_021.basePlot.vst,2018-01-18,vst_DSNY_2017,D03,DSNY,DSNY_021,NEON.PLA.D03.DSNY.02515,small shrub,NA,NA,1.6
340238ec-e056-4827-b593-8275b0ae5d10,DSNY_021.basePlot.vst,2018-01-18,vst_DSNY_2017,D03,DSNY,DSNY_021,NEON.PLA.D03.DSNY.02515,small shrub,NA,NA,1.6
3bc9acee-757d-4ec1-8a11-84aa0309bf1a,DSNY_021.basePlot.vst,2018-01-18,vst_DSNY_2017,D03,DSNY,DSNY_021,NEON.PLA.D03.DSNY.02516,small shrub,NA,NA,1.4
baabe850-cb91-4b6a-b0d6-56ccaff1bce4,DSNY_002.basePlot.vst,2018-01-18,vst_DSNY_2017,D03,DSNY,DSNY_002,NEON.PLA.D03.DSNY.02791,small shrub,NA,NA,0.9
a66a3049-7dcb-4644-b18f-6f2032105631,DSNY_002.basePlot.vst,2018-01-18,vst_DSNY_2017,D03,DSNY,DSNY_002,NEON.PLA.D03.DSNY.02786,single bole tree,10.8,130,3.5
0a6369da-3650-4beb-a9f3-05d0d729f3f5,DSNY_002.basePlot.vst,2018-01-18,vst_DSNY_2017,D03,DSNY,DSNY_002,NEON.PLA.D03.DSNY.02789,small shrub,NA,NA,0.9
bd5ce086-078e-4dd1-b045-677f353c1619,DSNY_021.basePlot.vst,2018-01-18,vst_DSNY_2017,D03,DSNY,DSNY_021,NEON.PLA.D03.DSNY.02515,small shrub,NA,NA,1.6
8ec8a136-4202-415c-9d81-fb84c4cbfdb9,DSNY_021.basePlot.vst,2018-01-18,vst_DSNY_2017,D03,DSNY,DSNY_021,NEON.PLA.D03.DSNY.02515,small shrub,NA,NA,1.6
